0.2906636893749237,0.7318869829177856,0.32283058762550354,0.7020109295845032,0.3336964547634125,0.6465221643447876,0.30729833245277405,0.6044688820838928,0.2788318395614624,0.5779249668121338,0.34169164299964905,0.5787643790245056,0.34135931730270386,0.5172392725944519,0.33859995007514954,0.47864416241645813,0.334424763917923,0.4447628855705261,0.31544917821884155,0.5733280777931213,0.3152710795402527,0.508962869644165,0.31489482522010803,0.4701354503631592,0.3129445016384125,0.43701261281967163,0.2899186611175537,0.5838789343833923,0.2860557734966278,0.5270877480506897,0.2915824055671692,0.5581721067428589,0.293310284614563,0.5863816738128662,0.2657187879085541,0.6036564111709595,0.26677507162094116,0.5644586086273193,0.27427244186401367,0.587510347366333,0.2778221070766449,0.6119874715805054,U
0.2864498496055603,0.7332393527030945,0.31911081075668335,0.7031837105751038,0.32947874069213867,0.6461002826690674,0.30099231004714966,0.6050909161567688,0.2720685601234436,0.5793909430503845,0.3363438546657562,0.578888475894928,0.33531177043914795,0.5168583393096924,0.33182039856910706,0.4784717857837677,0.3270319998264313,0.4448190927505493,0.3098699450492859,0.5736481547355652,0.3095172941684723,0.5090700387954712,0.30886098742485046,0.47035232186317444,0.3066703677177429,0.4368745684623718,0.2844734787940979,0.5843120813369751,0.2810685634613037,0.5268436074256897,0.28691112995147705,0.5577829480171204,0.28853732347488403,0.5850794315338135,0.26062631607055664,0.6041688919067383,0.2635018825531006,0.5657832026481628,0.27200543880462646,0.5890950560569763,0.27593791484832764,0.6128393411636353,U
0.2831852436065674,0.7339156866073608,0.3154042065143585,0.7066034078598022,0.32735687494277954,0.6494203209877014,0.29979008436203003,0.607002317905426,0.27004340291023254,0.5800526142120361,0.3339208960533142,0.5800751447677612,0.3324083983898163,0.5176939368247986,0.32850533723831177,0.47919395565986633,0.32343339920043945,0.4453173875808716,0.30746400356292725,0.5743884444236755,0.3063490390777588,0.5094506740570068,0.3055737018585205,0.4709091782569885,0.3032410144805908,0.43752521276474,0.28219926357269287,0.5843239426612854,0.27851083874702454,0.5273829102516174,0.28522664308547974,0.5591315627098083,0.2874540686607361,0.5867633819580078,0.2585385739803314,0.6030564308166504,0.26158207654953003,0.5656055808067322,0.2697872817516327,0.5900444984436035,0.2731630504131317,0.6139249801635742,U
0.28434810042381287,0.7384364604949951,0.3174648582935333,0.7103983759880066,0.3292804956436157,0.6530269384384155,0.2985747456550598,0.6112594604492188,0.26811182498931885,0.5860554575920105,0.3344798684120178,0.5861077904701233,0.3333277106285095,0.5239112973213196,0.3299630880355835,0.48552948236465454,0.3248375356197357,0.4510536193847656,0.30797824263572693,0.5797365307807922,0.30752691626548767,0.5148865580558777,0.30684226751327515,0.47693562507629395,0.3042075037956238,0.4440341591835022,0.2823963761329651,0.5889756083488464,0.27799686789512634,0.5313838720321655,0.2849208414554596,0.5580154657363892,0.2871372103691101,0.5824671387672424,0.2592105269432068,0.6071708798408508,0.26204633712768555,0.5750792622566223,0.26920390129089355,0.598642885684967,0.2715163826942444,0.6208441853523254,U
0.29185977578163147,0.741112470626831,0.32456567883491516,0.7128002047538757,0.3374024033546448,0.6570942401885986,0.30845099687576294,0.614353358745575,0.27954280376434326,0.5894211530685425,0.3421561121940613,0.5901461839675903,0.34302136301994324,0.5283082127571106,0.34025782346725464,0.48943519592285156,0.335913747549057,0.45495766401290894,0.3157525658607483,0.584521472454071,0.3167339861392975,0.5197815895080566,0.3163938820362091,0.4806738495826721,0.3142833113670349,0.44756704568862915,0.2904171645641327,0.5944042205810547,0.2872006595134735,0.5410990715026855,0.29264917969703674,0.5683642625808716,0.29377231001853943,0.5939568281173706,0.266213983297348,0.6122758388519287,0.2664289176464081,0.576421320438385,0.2739076316356659,0.5978171229362488,0.27748146653175354,0.6209287643432617,U
0.30259954929351807,0.7457587122917175,0.33630678057670593,0.7150341868400574,0.34866851568222046,0.6582217216491699,0.3196786642074585,0.6141558289527893,0.2917513847351074,0.5887455940246582,0.3531745970249176,0.5924821496009827,0.35375168919563293,0.531396210193634,0.35207149386405945,0.49396300315856934,0.3497220277786255,0.4606008529663086,0.3259948492050171,0.5867559313774109,0.32704219222068787,0.5224990248680115,0.3280671238899231,0.48296135663986206,0.3281010389328003,0.44958317279815674,0.30031752586364746,0.5970592498779297,0.2971259653568268,0.5410140752792358,0.3033178746700287,0.5645259618759155,0.30555474758148193,0.5895909070968628,0.2761875092983246,0.615818977355957,0.2774685025215149,0.5774648189544678,0.285429447889328,0.5977460741996765,0.28931957483291626,0.6221031546592712,U
0.30993106961250305,0.7471951842308044,0.34376657009124756,0.7154410481452942,0.3558739721775055,0.658305823802948,0.3261364698410034,0.6141588091850281,0.2985467314720154,0.5861021280288696,0.36072421073913574,0.5937939882278442,0.36149829626083374,0.5320826172828674,0.35939228534698486,0.49372416734695435,0.3562695384025574,0.45938819646835327,0.33384355902671814,0.5885834693908691,0.33496731519699097,0.523434042930603,0.3350873589515686,0.48444026708602905,0.33403775095939636,0.4510335326194763,0.308482825756073,0.5990122556686401,0.30445024371147156,0.5448418855667114,0.3100561201572418,0.5717108249664307,0.3119613230228424,0.5970303416252136,0.28441911935806274,0.6175093054771423,0.2846546769142151,0.581104576587677,0.29256734251976013,0.60320645570755,0.29700618982315063,0.6267480850219727,U
0.3137313425540924,0.7387319803237915,0.34782466292381287,0.7109240293502808,0.36085113883018494,0.6538186073303223,0.3326716125011444,0.6096142530441284,0.30461880564689636,0.5813532471656799,0.36697155237197876,0.5887026786804199,0.36810874938964844,0.5266391634941101,0.3662656545639038,0.4881785213947296,0.36329859495162964,0.4537930190563202,0.34042665362358093,0.5825474262237549,0.3420812487602234,0.5167074203491211,0.34337809681892395,0.47764265537261963,0.3431553840637207,0.4440489411354065,0.31494957208633423,0.5920024514198303,0.3126564025878906,0.5390634536743164,0.31871962547302246,0.5675142407417297,0.3201289772987366,0.5922762155532837,0.29043978452682495,0.6093695759773254,0.2940937280654907,0.5724312663078308,0.3022530972957611,0.5951939225196838,0.3053733706474304,0.6179078221321106,U
0.3150007724761963,0.7352643013000488,0.3477729558944702,0.7065932154655457,0.3618794083595276,0.652428150177002,0.33759307861328125,0.6096277832984924,0.3098815381526947,0.5829513072967529,0.36852988600730896,0.5850712060928345,0.36903807520866394,0.525303065776825,0.36725229024887085,0.48736053705215454,0.3642042577266693,0.45366108417510986,0.342842161655426,0.5780906677246094,0.3436567187309265,0.5144246816635132,0.34416261315345764,0.47611477971076965,0.34373611211776733,0.44327181577682495,0.31778398156166077,0.5865923166275024,0.31550002098083496,0.5325819253921509,0.31974631547927856,0.5609261393547058,0.3206145167350769,0.5871433019638062,0.293841689825058,0.6039770245552063,0.296233594417572,0.5678496956825256,0.30369338393211365,0.5897766947746277,0.3071836531162262,0.613556981086731,U
0.3176126182079315,0.7387087345123291,0.3510156273841858,0.7112881541252136,0.36484262347221375,0.6571969389915466,0.3366839587688446,0.6147419214248657,0.3080141246318817,0.5874618887901306,0.36956408619880676,0.5886237621307373,0.3697390854358673,0.5285464525222778,0.36768200993537903,0.491042822599411,0.3643242120742798,0.45705074071884155,0.3433048129081726,0.5820368528366089,0.34366726875305176,0.5192892551422119,0.34387296438217163,0.482970654964447,0.34260493516921997,0.45120969414711,0.3179171085357666,0.5908700823783875,0.31519538164138794,0.5344730019569397,0.32177090644836426,0.5622121095657349,0.32381555438041687,0.5881764888763428,0.29420793056488037,0.6090459823608398,0.296509325504303,0.5763072371482849,0.3045368790626526,0.5995074510574341,0.30809617042541504,0.6227405071258545,U
0.3179188370704651,0.7403331995010376,0.35102978348731995,0.7146216034889221,0.3642788827419281,0.6600337624549866,0.3370891809463501,0.6181718111038208,0.307922899723053,0.5919525623321533,0.3699979782104492,0.5906804203987122,0.3696069121360779,0.530424177646637,0.36730343103408813,0.49270394444465637,0.36365047097206116,0.4591144919395447,0.3439311981201172,0.5844283103942871,0.3435174822807312,0.5214834213256836,0.3438464105129242,0.4844037890434265,0.3423944115638733,0.45213404297828674,0.31875789165496826,0.5937773585319519,0.31570005416870117,0.5373890995979309,0.3227170407772064,0.5665497779846191,0.3247327208518982,0.5932052135467529,0.294887512922287,0.6123138666152954,0.29887789487838745,0.5777908563613892,0.3074008524417877,0.6016079783439636,0.310624897480011,0.625469982624054,U
0.31796663999557495,0.7448921203613281,0.3517713248729706,0.7174994349479675,0.3629717230796814,0.6603968739509583,0.3338119685649872,0.6197285056114197,0.30507194995880127,0.5948550701141357,0.36750176548957825,0.5930776596069336,0.3678703308105469,0.5323364734649658,0.3655349016189575,0.4946242868900299,0.36156216263771057,0.4612605571746826,0.34060537815093994,0.5880138278007507,0.34129589796066284,0.5246570110321045,0.3415771722793579,0.48660245537757874,0.33964449167251587,0.45310503244400024,0.31465619802474976,0.5989457964897156,0.3125981390476227,0.5437179207801819,0.32005518674850464,0.5748022198677063,0.322073370218277,0.6021474003791809,0.2904391586780548,0.6196977496147156,0.2942211627960205,0.585992693901062,0.30270421504974365,0.6087849140167236,0.30582940578460693,0.630935788154602,U
0.3153373897075653,0.7472265958786011,0.3487083613872528,0.7205353379249573,0.3611101508140564,0.664084255695343,0.33265364170074463,0.6222371459007263,0.30364498496055603,0.594974935054779,0.36650675535202026,0.5961007475852966,0.36581119894981384,0.5354520678520203,0.36328649520874023,0.49787062406539917,0.3591751456260681,0.4640394151210785,0.3400222957134247,0.589896023273468,0.3398609459400177,0.5270830392837524,0.3401779234409332,0.4897986054420471,0.3385182023048401,0.4572846591472626,0.3143100142478943,0.5994731187820435,0.31247639656066895,0.5429596900939941,0.3190440833568573,0.5740534067153931,0.3202986419200897,0.6014797687530518,0.2901204228401184,0.6183431148529053,0.2943040132522583,0.5839430093765259,0.3020959794521332,0.6081869006156921,0.30435246229171753,0.6313749551773071,U
0.31290772557258606,0.7441834807395935,0.3457857370376587,0.716720461845398,0.3589901924133301,0.6631391048431396,0.3319505453109741,0.6214304566383362,0.3048795163631439,0.5926010608673096,0.36420947313308716,0.5946362614631653,0.36337214708328247,0.533799409866333,0.36049684882164,0.4958551526069641,0.35637179017066956,0.4620903432369232,0.3375706672668457,0.5896547436714172,0.3377157747745514,0.5265601277351379,0.3375546634197235,0.48819106817245483,0.3359874188899994,0.4551873207092285,0.31181031465530396,0.5997976660728455,0.30957064032554626,0.5444952249526978,0.31637609004974365,0.5726724863052368,0.3185980021953583,0.5993635058403015,0.2870676815509796,0.6188428997993469,0.2904598116874695,0.5829741358757019,0.2983268201351166,0.6048265695571899,0.30145859718322754,0.6279186010360718,U
0.3139802813529968,0.7483958601951599,0.34697264432907104,0.7205125093460083,0.3587256968021393,0.6652426719665527,0.3308822512626648,0.6247610449790955,0.3025705814361572,0.5977832078933716,0.36337751150131226,0.5962675213813782,0.36226052045822144,0.5363837480545044,0.3593193590641022,0.49835169315338135,0.3549608588218689,0.46465417742729187,0.3367750644683838,0.5912305116653442,0.3362065851688385,0.5284061431884766,0.3360222280025482,0.49045330286026,0.3340551555156708,0.4572279453277588,0.31108319759368896,0.6019948720932007,0.30831775069236755,0.5444831848144531,0.3159506022930145,0.5736843347549438,0.31838539242744446,0.6011910438537598,0.28690654039382935,0.6221904158592224,0.29132166504859924,0.5857185125350952,0.30084025859832764,0.6077122092247009,0.3050326406955719,0.6310104727745056,U
0.31121712923049927,0.7474168539047241,0.3440404236316681,0.7200632691383362,0.3569192886352539,0.6650983691215515,0.32921528816223145,0.6237632036209106,0.30109092593193054,0.5965610146522522,0.3625074326992035,0.5969637632369995,0.3609585464000702,0.5358470678329468,0.357768177986145,0.4978508949279785,0.3531501293182373,0.46396404504776,0.3359353542327881,0.5913474559783936,0.33519938588142395,0.5282607078552246,0.33452460169792175,0.49031829833984375,0.33238929510116577,0.4576417803764343,0.3104536831378937,0.6009516716003418,0.3075364828109741,0.5438961982727051,0.3134669363498688,0.5709151029586792,0.31473368406295776,0.5972723960876465,0.28650274872779846,0.6195159554481506,0.2903699278831482,0.5837913155555725,0.29857873916625977,0.6055614948272705,0.30171939730644226,0.6286546587944031,U
0.3102741837501526,0.7471760511398315,0.342955082654953,0.7203315496444702,0.35569310188293457,0.6649940013885498,0.3280758261680603,0.6226968765258789,0.29958418011665344,0.5955782532691956,0.3608529567718506,0.5977868437767029,0.3597128391265869,0.5364855527877808,0.3564540147781372,0.4982067346572876,0.3519843816757202,0.46423035860061646,0.334541916847229,0.5921370983123779,0.3337959349155426,0.5286505818367004,0.3329485356807709,0.49067312479019165,0.3307763636112213,0.457955002784729,0.3094222843647003,0.6016963720321655,0.3064853549003601,0.5454002618789673,0.3130151927471161,0.5730275511741638,0.3148542642593384,0.5992707014083862,0.28553277254104614,0.6198872923851013,0.2887071967124939,0.5828728079795837,0.29688388109207153,0.604987382888794,0.30026140809059143,0.6285719275474548,U
0.3062228560447693,0.7442471981048584,0.338524729013443,0.7182257175445557,0.3509300947189331,0.663571298122406,0.32212114334106445,0.6223341822624207,0.29385578632354736,0.5969240665435791,0.3559180498123169,0.5960836410522461,0.35461321473121643,0.535433828830719,0.3505553901195526,0.4980153441429138,0.3453623652458191,0.46426641941070557,0.32944872975349426,0.5900631546974182,0.3283312916755676,0.5267139673233032,0.3271764814853668,0.4892517924308777,0.3248544931411743,0.45704686641693115,0.3044772446155548,0.5990650057792664,0.3018065094947815,0.5433101058006287,0.3086094856262207,0.5713709592819214,0.31056317687034607,0.598508894443512,0.2812051475048065,0.6165462732315063,0.28440478444099426,0.5799089074134827,0.29250502586364746,0.6021549701690674,0.29586923122406006,0.6259376406669617,U
0.3030989170074463,0.7418277263641357,0.3346407413482666,0.7142032384872437,0.3461235761642456,0.6581147313117981,0.3183906078338623,0.6168520450592041,0.28947126865386963,0.5918211936950684,0.3524250090122223,0.5924153923988342,0.35144951939582825,0.5306723713874817,0.34837228059768677,0.4927975535392761,0.3440898060798645,0.459113210439682,0.3264421820640564,0.5870364308357239,0.32584550976753235,0.5234781503677368,0.32509371638298035,0.48501741886138916,0.32299962639808655,0.4523187577724457,0.3015875518321991,0.5968441367149353,0.2983679473400116,0.5416072607040405,0.303905725479126,0.5707975625991821,0.3053973615169525,0.5979146957397461,0.2780768573284149,0.6152903437614441,0.2798704504966736,0.5790625810623169,0.28701797127723694,0.602434515953064,0.28980228304862976,0.6268380880355835,U
0.30347689986228943,0.7384657859802246,0.3340480923652649,0.7098715305328369,0.34569042921066284,0.6556058526039124,0.31896543502807617,0.6154071688652039,0.29138338565826416,0.5879073143005371,0.35286077857017517,0.5886986255645752,0.35304078459739685,0.5281429886817932,0.35147789120674133,0.490104615688324,0.3482440114021301,0.4566507339477539,0.3270397484302521,0.5834057331085205,0.32784566283226013,0.5195192098617554,0.32821008563041687,0.4806499481201172,0.32709991931915283,0.44752037525177,0.30201205611228943,0.5935661792755127,0.2973965108394623,0.5403192639350891,0.30190664529800415,0.5693570375442505,0.30319517850875854,0.5946769118309021,0.2784334421157837,0.612463653087616,0.2809298038482666,0.5796312093734741,0.28760749101638794,0.6028902530670166,0.2898901700973511,0.6252003908157349,U
0.3028404116630554,0.7409510612487793,0.3350355923175812,0.7121474146842957,0.34494632482528687,0.655850887298584,0.31690582633018494,0.6159636378288269,0.28812962770462036,0.5914269089698792,0.3525957465171814,0.5912140607833862,0.35282522439956665,0.5292240977287292,0.3509342670440674,0.490658700466156,0.34702274203300476,0.4571593701839447,0.3269665241241455,0.5859730839729309,0.3276617228984833,0.5215685963630676,0.3279033899307251,0.4833167493343353,0.32615020871162415,0.45072224736213684,0.30228328704833984,0.5959604978561401,0.2964068353176117,0.5431548953056335,0.30296310782432556,0.5730094909667969,0.3057916462421417,0.5984800457954407,0.2795432209968567,0.6145814061164856,0.28125742077827454,0.5835364460945129,0.2887486517429352,0.6075029969215393,0.292219340801239,0.6296992897987366,U
0.2927002012729645,0.7363724708557129,0.32346460223197937,0.7087074518203735,0.3335815370082855,0.6562501788139343,0.3042164444923401,0.616616427898407,0.2756606936454773,0.5941978096961975,0.340107798576355,0.5897375345230103,0.340579628944397,0.5285025835037231,0.33734673261642456,0.49028605222702026,0.33287644386291504,0.4567737579345703,0.3143123686313629,0.5834633708000183,0.31515803933143616,0.5204214453697205,0.3140825033187866,0.481182336807251,0.3117714524269104,0.44731956720352173,0.2895984351634979,0.5931409597396851,0.2843169867992401,0.5441297888755798,0.2903451919555664,0.5731858015060425,0.2932087779045105,0.5999685525894165,0.26649045944213867,0.6115313172340393,0.26690924167633057,0.5804670453071594,0.27489396929740906,0.602228581905365,0.2796277105808258,0.6246322393417358,U
0.282983660697937,0.7314543128013611,0.31407442688941956,0.702966570854187,0.32281073927879333,0.6490826606750488,0.29277077317237854,0.6099994778633118,0.26553991436958313,0.5849906802177429,0.3271249234676361,0.5829038023948669,0.3269670009613037,0.5226858258247375,0.32372111082077026,0.48559463024139404,0.31913936138153076,0.4529835879802704,0.3013077676296234,0.5780377388000488,0.3018854558467865,0.5154534578323364,0.3012843430042267,0.4768850803375244,0.299224853515625,0.4428115785121918,0.2770967185497284,0.5889819264411926,0.2729080021381378,0.5361356735229492,0.2792617678642273,0.5659607648849487,0.28195616602897644,0.5931623578071594,0.25502240657806396,0.6092921495437622,0.25762757658958435,0.5769703388214111,0.26656660437583923,0.5989643335342407,0.2716803252696991,0.6211341619491577,U
0.2772694230079651,0.7262601852416992,0.3078725337982178,0.6960334777832031,0.3164002001285553,0.6429882645606995,0.28635644912719727,0.6040464639663696,0.2583409249782562,0.5813900828361511,0.3212795853614807,0.5769941210746765,0.3195601999759674,0.5159398913383484,0.31577157974243164,0.47795534133911133,0.3107643723487854,0.4452272057533264,0.29546311497688293,0.5732991695404053,0.2952423691749573,0.510515570640564,0.2935947775840759,0.4713423252105713,0.29089584946632385,0.43763649463653564,0.27140432596206665,0.5846824049949646,0.26637476682662964,0.530799150466919,0.2721068859100342,0.5614323616027832,0.2748472988605499,0.589600145816803,0.24846498668193817,0.6049253940582275,0.25038373470306396,0.5677682161331177,0.2603161036968231,0.5897147059440613,0.26632171869277954,0.6132754683494568,U
0.2728213369846344,0.7258006930351257,0.30370134115219116,0.696138322353363,0.3117605149745941,0.6425410509109497,0.2834532856941223,0.6051313281059265,0.25573715567588806,0.5816910862922668,0.3164770305156708,0.5759003758430481,0.3137408494949341,0.5152161717414856,0.3092336058616638,0.47722315788269043,0.3035954535007477,0.4448085427284241,0.2906063497066498,0.5728099942207336,0.28911450505256653,0.5098639726638794,0.2874360680580139,0.4709618091583252,0.28442972898483276,0.4373847246170044,0.26620402932167053,0.5847678780555725,0.2613617777824402,0.5309250354766846,0.26855120062828064,0.5621762871742249,0.27164483070373535,0.5901259183883667,0.24315929412841797,0.6054903268814087,0.2455115169286728,0.5681493282318115,0.2556011378765106,0.5897877216339111,0.2611561417579651,0.6129245162010193,U
0.26948970556259155,0.7255324125289917,0.2996938228607178,0.6959688663482666,0.30754122138023376,0.6429296135902405,0.2780146896839142,0.6063345670700073,0.2501504719257355,0.5824320316314697,0.3119809627532959,0.5767348408699036,0.3090762495994568,0.5164874792098999,0.30415162444114685,0.47884437441825867,0.2984206974506378,0.44633662700653076,0.2862585186958313,0.5732728242874146,0.28408315777778625,0.5110431909561157,0.2821107804775238,0.4726465344429016,0.2793508470058441,0.43850812315940857,0.261917382478714,0.5846896767616272,0.25729307532310486,0.5323300361633301,0.2638397812843323,0.5637796521186829,0.26649776101112366,0.5910142064094543,0.23921820521354675,0.6049120426177979,0.24123328924179077,0.5704510807991028,0.2501266896724701,0.5927572250366211,0.2544088363647461,0.6149256825447083,U
0.26875734329223633,0.7280493974685669,0.2995237112045288,0.6977731585502625,0.3072241544723511,0.643316388130188,0.27598437666893005,0.6063210964202881,0.24694113433361053,0.584688663482666,0.31228336691856384,0.5807002782821655,0.30939289927482605,0.5208083391189575,0.30492672324180603,0.4838058650493622,0.29892781376838684,0.45108920335769653,0.28632932901382446,0.5762107968330383,0.28423187136650085,0.5134566426277161,0.28211545944213867,0.4764383137226105,0.2787737250328064,0.4433249235153198,0.26160550117492676,0.5867705345153809,0.2556312084197998,0.5334753394126892,0.26238685846328735,0.5646476149559021,0.2653939723968506,0.5914607048034668,0.23875680565834045,0.6060295701026917,0.24155089259147644,0.5751870274543762,0.2507328987121582,0.598533570766449,0.2555333971977234,0.6203587651252747,U
0.26677799224853516,0.7283412218093872,0.29763346910476685,0.6982115507125854,0.306001216173172,0.6449648141860962,0.27619826793670654,0.607108473777771,0.24780361354351044,0.584022581577301,0.31103211641311646,0.580355703830719,0.30778828263282776,0.5205144882202148,0.30306002497673035,0.4830968976020813,0.29717516899108887,0.4503197968006134,0.285112202167511,0.575862467288971,0.2828357219696045,0.5133785605430603,0.28025221824645996,0.47604113817214966,0.27703091502189636,0.44305092096328735,0.2605022192001343,0.5865516066551208,0.2553548514842987,0.5321047306060791,0.26114770770072937,0.5632138848304749,0.2638236880302429,0.5906004905700684,0.23757906258106232,0.6061149835586548,0.24014705419540405,0.57248854637146,0.2485901415348053,0.5948947668075562,0.25307756662368774,0.6171572804450989,U
0.26798588037490845,0.7298893928527832,0.29905712604522705,0.6976547837257385,0.30606481432914734,0.6420894861221313,0.2764965891838074,0.6040641069412231,0.24831680953502655,0.5809134244918823,0.3126058578491211,0.5810947418212891,0.3090890645980835,0.5212081670761108,0.30445805191993713,0.4838123321533203,0.29866474866867065,0.4510408043861389,0.2866661250591278,0.577273428440094,0.2837705612182617,0.514613926410675,0.28168389201164246,0.4770156443119049,0.27882111072540283,0.44408848881721497,0.2617308497428894,0.5884498953819275,0.25586771965026855,0.5334932804107666,0.26225602626800537,0.5655027627944946,0.26511502265930176,0.5933085680007935,0.23841574788093567,0.6083283424377441,0.24109333753585815,0.5733554363250732,0.2500366270542145,0.5958588719367981,0.25453048944473267,0.618262529373169,U
0.2685539722442627,0.733709990978241,0.29908475279808044,0.7020000219345093,0.305776447057724,0.6463680267333984,0.27574798464775085,0.609442412853241,0.24728353321552277,0.5866056084632874,0.3108024597167969,0.582828164100647,0.3074674904346466,0.5222902894020081,0.3024854362010956,0.48478150367736816,0.29610809683799744,0.4520106315612793,0.2845289409160614,0.5786975622177124,0.28195586800575256,0.5161315202713013,0.27972328662872314,0.4789336323738098,0.27644214034080505,0.44611918926239014,0.25928887724876404,0.5895500779151917,0.2547265589237213,0.5342861413955688,0.26227235794067383,0.5636788606643677,0.26560619473457336,0.5906272530555725,0.2361045628786087,0.6093680262565613,0.23912836611270905,0.5773606300354004,0.2482290118932724,0.5988474488258362,0.2528213858604431,0.6202579736709595,U
0.2682207226753235,0.7309341430664062,0.2984543740749359,0.6984133124351501,0.30536630749702454,0.6450778245925903,0.27558305859565735,0.6060722470283508,0.24784323573112488,0.5812761783599854,0.3111690580844879,0.5825992822647095,0.30789950489997864,0.5224940180778503,0.3032154440879822,0.4851514399051666,0.29736119508743286,0.4521264433860779,0.28488689661026,0.578640341758728,0.2823772430419922,0.514694094657898,0.2802170515060425,0.47691118717193604,0.27721744775772095,0.44404035806655884,0.2599204480648041,0.5899861454963684,0.2531591057777405,0.5353521108627319,0.2596542239189148,0.5666884183883667,0.2628014385700226,0.594846248626709,0.23585140705108643,0.6103397011756897,0.2367524802684784,0.572202205657959,0.24563179910182953,0.5940736532211304,0.25029247999191284,0.6174750924110413,U
0.2686842381954193,0.7350935935974121,0.29953208565711975,0.701174259185791,0.30617669224739075,0.6458662748336792,0.2748278081417084,0.6081178784370422,0.24537579715251923,0.5851283073425293,0.3119087219238281,0.5862131118774414,0.3085617423057556,0.5260517001152039,0.30353108048439026,0.48904165625572205,0.29735052585601807,0.4561387002468109,0.2857266068458557,0.5825172066688538,0.2829526960849762,0.5198032259941101,0.2807198762893677,0.48233044147491455,0.277666300535202,0.44953155517578125,0.2606959640979767,0.5935339331626892,0.25457340478897095,0.53963702917099,0.26244843006134033,0.5691059827804565,0.26629671454429626,0.5954881906509399,0.23755933344364166,0.6124684810638428,0.23947130143642426,0.5783841013908386,0.24917106330394745,0.5995777249336243,0.25478658080101013,0.6210402250289917,U
0.26912111043930054,0.7402229309082031,0.29928964376449585,0.7078125476837158,0.3055604100227356,0.6501734256744385,0.274946004152298,0.6124066114425659,0.24525603652000427,0.5909825563430786,0.31194859743118286,0.5902199745178223,0.30831480026245117,0.5295180082321167,0.30343034863471985,0.49273353815078735,0.29730939865112305,0.46022483706474304,0.28601980209350586,0.586674690246582,0.28250831365585327,0.524370014667511,0.28013479709625244,0.4878082275390625,0.27667492628097534,0.4551944136619568,0.26102951169013977,0.5975213646888733,0.2555606961250305,0.5446506142616272,0.2637382745742798,0.576991081237793,0.26714810729026794,0.6045171618461609,0.2381068468093872,0.6161239147186279,0.24128979444503784,0.5831066966056824,0.2508701980113983,0.6058946251869202,0.25573188066482544,0.6278029680252075,U
0.27130836248397827,0.7474806308746338,0.30178549885749817,0.7138513326644897,0.3088811933994293,0.65801602602005,0.27776145935058594,0.6203951239585876,0.24913910031318665,0.5970197319984436,0.3150465190410614,0.5965724587440491,0.31161195039749146,0.5373004674911499,0.30631834268569946,0.5003988742828369,0.30008256435394287,0.4676063060760498,0.2891748249530792,0.592278778553009,0.28651905059814453,0.5311210751533508,0.2834332287311554,0.49391451478004456,0.28006190061569214,0.4611920416355133,0.26439914107322693,0.6026538014411926,0.25834134221076965,0.5516648888587952,0.26505473256111145,0.5812205076217651,0.2685004770755768,0.6072218418121338,0.24155306816101074,0.6207504868507385,0.2433912456035614,0.5879821181297302,0.25318846106529236,0.6097098588943481,0.2595791816711426,0.6310225129127502,U
0.27249380946159363,0.753090500831604,0.30320170521736145,0.7209054827690125,0.3110204339027405,0.6653817892074585,0.2813655734062195,0.6274871230125427,0.25243043899536133,0.6058089733123779,0.3164208233356476,0.6029749512672424,0.3127089738845825,0.5432825088500977,0.30751144886016846,0.5063133835792542,0.30128294229507446,0.47373396158218384,0.2906719148159027,0.5985375642776489,0.28704407811164856,0.5372278094291687,0.28421667218208313,0.5000629425048828,0.28080758452415466,0.46761301159858704,0.26612794399261475,0.6086333394050598,0.2597079873085022,0.5565779805183411,0.26644834876060486,0.5857118368148804,0.2695148289203644,0.6116078495979309,0.24370017647743225,0.6265547275543213,0.2451147437095642,0.5939139127731323,0.2543388605117798,0.6158440113067627,0.2596520781517029,0.6377159357070923,U
0.2769135534763336,0.7542703747749329,0.30705609917640686,0.7216985821723938,0.31569144129753113,0.6688807010650635,0.2857089340686798,0.631639838218689,0.2576936185359955,0.6093090176582336,0.3203076720237732,0.606807291507721,0.31700438261032104,0.5477389097213745,0.31185007095336914,0.5106663703918457,0.30593475699424744,0.4783429205417633,0.29459017515182495,0.6038771271705627,0.2909884452819824,0.5426742434501648,0.28814607858657837,0.5048272609710693,0.28513211011886597,0.4719811975955963,0.2703818380832672,0.6153885126113892,0.263161301612854,0.5644304156303406,0.2700470983982086,0.5927137732505798,0.27413445711135864,0.6182673573493958,0.24818134307861328,0.634269118309021,0.24930164217948914,0.6036022305488586,0.2586199939250946,0.6222750544548035,0.264814555644989,0.641271710395813,U
0.2812633216381073,0.7590106725692749,0.3118162155151367,0.7282165884971619,0.3203139007091522,0.6733124852180481,0.29000332951545715,0.6364420652389526,0.26101240515708923,0.6152768731117249,0.3231825530529022,0.6103041172027588,0.32010403275489807,0.551388680934906,0.3154177665710449,0.5141077041625977,0.309480220079422,0.4819599688053131,0.2969895005226135,0.6069537401199341,0.2943482995033264,0.5451743006706238,0.2918674647808075,0.5073420405387878,0.28859126567840576,0.474444717168808,0.27280786633491516,0.6190615296363831,0.26413848996162415,0.5680011510848999,0.270520955324173,0.5966660380363464,0.2744077444076538,0.621910572052002,0.2514297366142273,0.6396889686584473,0.2531645596027374,0.6124464869499207,0.2629874646663666,0.6328054070472717,0.2692311704158783,0.6520082354545593,U
0.2825879454612732,0.7616986632347107,0.312566876411438,0.7321928143501282,0.3199796676635742,0.676758348941803,0.29176390171051025,0.6395224928855896,0.263854056596756,0.6165498495101929,0.32276445627212524,0.6104382872581482,0.3194122314453125,0.5514073371887207,0.3150388300418854,0.5144547820091248,0.3088178336620331,0.482128381729126,0.2967163324356079,0.6071258187294006,0.2942117750644684,0.5454617142677307,0.2919924855232239,0.5083255171775818,0.2879980504512787,0.4761035144329071,0.27232083678245544,0.6195068359375,0.2651173174381256,0.5643374919891357,0.27245351672172546,0.5926619172096252,0.2760757505893707,0.6186168789863586,0.25040102005004883,0.6409159898757935,0.25217968225479126,0.6089350581169128,0.2614956498146057,0.6291851997375488,0.2664934992790222,0.6494550108909607,U
0.28318747878074646,0.7602917551994324,0.312142014503479,0.7310081124305725,0.3202221989631653,0.675554633140564,0.29221707582473755,0.6370499134063721,0.2641269266605377,0.6126362681388855,0.32525426149368286,0.60965895652771,0.3220796585083008,0.5493957996368408,0.31779059767723083,0.5120096802711487,0.3117152452468872,0.479769229888916,0.29909366369247437,0.6062107682228088,0.296448290348053,0.542573094367981,0.2941070795059204,0.5045444369316101,0.2906055450439453,0.4727392792701721,0.27487778663635254,0.6183049082756042,0.26666322350502014,0.5653949975967407,0.2726028561592102,0.5924234390258789,0.27592507004737854,0.6174632906913757,0.2530633807182312,0.638382077217102,0.2548298239707947,0.6089758276939392,0.26415908336639404,0.6275071501731873,0.2698257863521576,0.6455792784690857,U
0.2907372713088989,0.7573525309562683,0.31991133093833923,0.725447952747345,0.32927826046943665,0.6723606586456299,0.3005649149417877,0.633071780204773,0.2741202712059021,0.6078153252601624,0.33383908867836,0.6085519194602966,0.3321819007396698,0.5494669079780579,0.3284301161766052,0.5118511915206909,0.32354000210762024,0.47910115122795105,0.3076476454734802,0.6057326197624207,0.3065820336341858,0.5423083305358887,0.30442461371421814,0.5040062069892883,0.30172494053840637,0.4708278179168701,0.28327488899230957,0.6182764768600464,0.27457499504089355,0.5670294165611267,0.2814643681049347,0.5943934917449951,0.2863399088382721,0.6196516156196594,0.26118433475494385,0.6393018364906311,0.2611227035522461,0.6083033084869385,0.27093884348869324,0.6274152398109436,0.27798622846603394,0.6471536159515381,U
0.29871517419815063,0.7584617733955383,0.3292500674724579,0.7260167598724365,0.34032338857650757,0.6731627583503723,0.31137222051620483,0.6346848011016846,0.2836199402809143,0.614415168762207,0.3403743803501129,0.6098683476448059,0.3399205803871155,0.5503969788551331,0.33704614639282227,0.5125083327293396,0.332708477973938,0.4799867570400238,0.31425222754478455,0.6069908738136292,0.3137857913970947,0.5452840328216553,0.312446266412735,0.5062596201896667,0.30988988280296326,0.4729529321193695,0.2901059091091156,0.6195064783096313,0.28436315059661865,0.5680528283119202,0.29101693630218506,0.5935624241828918,0.2946726381778717,0.6186388731002808,0.26729464530944824,0.6409785151481628,0.267101526260376,0.6091644763946533,0.2757788300514221,0.626059889793396,0.2811681628227234,0.6453070640563965,U
0.30581316351890564,0.7610481977462769,0.33668243885040283,0.7295162081718445,0.3473389446735382,0.6747550368309021,0.31953415274620056,0.635532796382904,0.2926534414291382,0.6127973794937134,0.3488258719444275,0.6108312010765076,0.3472546637058258,0.5507409572601318,0.3441997468471527,0.5126708149909973,0.3400520980358124,0.4798520803451538,0.3226405382156372,0.6078202128410339,0.32160916924476624,0.5457062125205994,0.3204374313354492,0.5067264437675476,0.31854724884033203,0.4738022983074188,0.29835665225982666,0.6202329993247986,0.2920313775539398,0.5687440633773804,0.298223078250885,0.5946494340896606,0.30173659324645996,0.6196346282958984,0.2760127782821655,0.6413554549217224,0.2752218246459961,0.6106663942337036,0.2831842005252838,0.6292569637298584,0.2878442108631134,0.6492754220962524,U
0.31655070185661316,0.758903980255127,0.3487246036529541,0.7283418774604797,0.35971763730049133,0.67058926820755,0.3301268517971039,0.631551206111908,0.3009279668331146,0.6125810742378235,0.3584204316139221,0.6093353629112244,0.35844504833221436,0.5497603416442871,0.3561907112598419,0.511945366859436,0.35291627049446106,0.47949284315109253,0.3321840167045593,0.6063064932823181,0.3325924575328827,0.542523980140686,0.3334190845489502,0.5034953951835632,0.33229586482048035,0.4706813395023346,0.30795666575431824,0.6187669038772583,0.3028145432472229,0.5681286454200745,0.31138354539871216,0.5993822813034058,0.3153398334980011,0.6263217329978943,0.2851567268371582,0.640080451965332,0.28625476360321045,0.6055698990821838,0.2959658205509186,0.6278845071792603,0.3006599247455597,0.650965690612793,U
0.32371556758880615,0.7618876099586487,0.3554218113422394,0.730353832244873,0.36577165126800537,0.6733938455581665,0.33779415488243103,0.6341866254806519,0.30866068601608276,0.6136353015899658,0.3651227355003357,0.6096361875534058,0.36518365144729614,0.5498366355895996,0.3627360165119171,0.5111331939697266,0.35854095220565796,0.4777906835079193,0.33902400732040405,0.6066809296607971,0.33880338072776794,0.5431511998176575,0.3389493227005005,0.5037925839424133,0.33680015802383423,0.4703561067581177,0.3145481050014496,0.619442880153656,0.3088565468788147,0.5672819018363953,0.3181270658969879,0.5958014130592346,0.322477251291275,0.6222877502441406,0.2912355661392212,0.6412469744682312,0.2927793860435486,0.6059787273406982,0.3045409619808197,0.6257117986679077,0.31121912598609924,0.6479542851448059,U
0.3266695439815521,0.7634682059288025,0.35866519808769226,0.7320923805236816,0.3695323169231415,0.6757789850234985,0.34330153465270996,0.6353620290756226,0.3148249387741089,0.6122419834136963,0.3689231276512146,0.6102325916290283,0.36966872215270996,0.5502644181251526,0.3675782382488251,0.5111448168754578,0.3636033535003662,0.47735583782196045,0.3431200385093689,0.6069837808609009,0.3430597484111786,0.5426724553108215,0.3434343934059143,0.5036696195602417,0.3414195477962494,0.47080421447753906,0.3187153935432434,0.6195581555366516,0.313521146774292,0.567505419254303,0.32347068190574646,0.5982273817062378,0.3278587758541107,0.6261128783226013,0.2952439785003662,0.6416236758232117,0.2974998354911804,0.603413462638855,0.30980461835861206,0.6252602338790894,0.3165067732334137,0.6502768993377686,U
0.3304302990436554,0.7651075720787048,0.3631770610809326,0.7336592674255371,0.3741401135921478,0.6761227250099182,0.3484933376312256,0.6342506408691406,0.31888943910598755,0.6124465465545654,0.3734743595123291,0.6113757491111755,0.3743836581707001,0.5507363677024841,0.3723650872707367,0.5114619135856628,0.3686099648475647,0.47735804319381714,0.34743908047676086,0.6081151962280273,0.3474411070346832,0.5437139272689819,0.34806859493255615,0.5046923160552979,0.3463838994503021,0.4720901548862457,0.3224795162677765,0.6204594969749451,0.31795820593833923,0.568057119846344,0.32785141468048096,0.5989100337028503,0.3320581912994385,0.6275790333747864,0.29850175976753235,0.6421646475791931,0.30145028233528137,0.6044294238090515,0.31354498863220215,0.626506507396698,0.3197387456893921,0.6519225239753723,U
0.3313252329826355,0.7608214616775513,0.3649165630340576,0.7310529351234436,0.37545013427734375,0.6735747456550598,0.35018154978752136,0.6315516233444214,0.32052212953567505,0.6110165119171143,0.3744940161705017,0.6088382601737976,0.37538933753967285,0.5492348074913025,0.37371063232421875,0.5096421241760254,0.36972296237945557,0.47539544105529785,0.34888482093811035,0.6058788299560547,0.3496118485927582,0.5416672229766846,0.35081154108047485,0.5031032562255859,0.3491038382053375,0.4709520936012268,0.3242853879928589,0.6184287667274475,0.3195042610168457,0.5675192475318909,0.3294476568698883,0.598837673664093,0.3337337374687195,0.627090334892273,0.3000948429107666,0.6400420665740967,0.3033430278301239,0.6027917861938477,0.3154083490371704,0.6244555115699768,0.3215252161026001,0.6493947505950928,U
0.33196505904197693,0.7550939321517944,0.3654893636703491,0.7260786294937134,0.37750768661499023,0.6700958013534546,0.351813405752182,0.6302065849304199,0.3227267861366272,0.6069173812866211,0.3761889636516571,0.6037606596946716,0.37648364901542664,0.5445677638053894,0.37482205033302307,0.5059981346130371,0.3711053729057312,0.4728091359138489,0.35038986802101135,0.6014111042022705,0.35045376420021057,0.5369154214859009,0.3514888882637024,0.49894195795059204,0.3496682941913605,0.466357946395874,0.32600724697113037,0.6141487956047058,0.32093867659568787,0.564649224281311,0.3308890461921692,0.5980181097984314,0.33495208621025085,0.626246988773346,0.30217427015304565,0.6359615325927734,0.3056221008300781,0.5989130139350891,0.31787896156311035,0.6210874915122986,0.3238556385040283,0.6452991366386414,U
0.33482596278190613,0.7510064840316772,0.3681384325027466,0.7214779257774353,0.37858065962791443,0.664249837398529,0.35355067253112793,0.624177098274231,0.32529520988464355,0.6004202961921692,0.3781540095806122,0.5991255640983582,0.3791353404521942,0.5392050743103027,0.37797072529792786,0.5005953311920166,0.3744756579399109,0.46760356426239014,0.3525717556476593,0.596643328666687,0.35317277908325195,0.532011866569519,0.35446634888648987,0.4933483600616455,0.3528839945793152,0.46037763357162476,0.3283148407936096,0.6096120476722717,0.32296469807624817,0.5584197640419006,0.3324543833732605,0.5901273488998413,0.3366360068321228,0.6177957057952881,0.3050413727760315,0.6317339539527893,0.30872592329978943,0.5959571599960327,0.3203737735748291,0.6169777512550354,0.32612961530685425,0.6398220658302307,U
0.33458197116851807,0.7462924718856812,0.36844146251678467,0.715494692325592,0.3791831135749817,0.658835768699646,0.355526864528656,0.6189206838607788,0.32682010531425476,0.5941215753555298,0.37947195768356323,0.5942755341529846,0.3800819218158722,0.5344148278236389,0.3786793649196625,0.4959319829940796,0.37512674927711487,0.46259576082229614,0.35379546880722046,0.591671347618103,0.35413748025894165,0.5269870162010193,0.35530051589012146,0.48811227083206177,0.3534640371799469,0.4541386365890503,0.32935965061187744,0.6049075126647949,0.3237318992614746,0.5536475777626038,0.3338189423084259,0.5875301361083984,0.3382682204246521,0.6160003542900085,0.3058496415615082,0.6277462244033813,0.30921080708503723,0.5909165143966675,0.32117995619773865,0.6127875447273254,0.3270531892776489,0.6362712979316711,U
0.3332217037677765,0.739897608757019,0.3672865331172943,0.7085298895835876,0.3777012825012207,0.652353823184967,0.3532734811306,0.611702024936676,0.32449808716773987,0.5868268609046936,0.37840938568115234,0.5884160399436951,0.37828853726387024,0.5274420380592346,0.37638506293296814,0.488648384809494,0.37270140647888184,0.4550318121910095,0.35268154740333557,0.5864880084991455,0.352543443441391,0.5224211812019348,0.35273030400276184,0.48252058029174805,0.35054677724838257,0.44788405299186707,0.32831519842147827,0.5996925234794617,0.3236534297466278,0.5466264486312866,0.33214226365089417,0.5789448022842407,0.335690975189209,0.6074854135513306,0.30454719066619873,0.6222587823867798,0.3073243498802185,0.5832809805870056,0.3193175196647644,0.6042382717132568,0.3258253335952759,0.627852737903595,U
0.33180248737335205,0.7326804399490356,0.3662486970424652,0.7024195194244385,0.37833723425865173,0.6456503868103027,0.3527434766292572,0.6045267581939697,0.3230646252632141,0.5806757807731628,0.37854939699172974,0.5822339653968811,0.378787636756897,0.5213931202888489,0.3768996596336365,0.483150452375412,0.3732556402683258,0.4500179588794708,0.35286006331443787,0.5797103643417358,0.35305288434028625,0.5144822001457214,0.35367661714553833,0.47495120763778687,0.35188183188438416,0.4405822157859802,0.3285903334617615,0.5921448469161987,0.3243853747844696,0.53928542137146,0.33279040455818176,0.5720822215080261,0.33574342727661133,0.6000887155532837,0.3046676218509674,0.6137043833732605,0.3091408312320709,0.5740422606468201,0.32130610942840576,0.5957002639770508,0.327351838350296,0.6197062730789185,U
0.33168578147888184,0.7274288535118103,0.36536112427711487,0.6980893015861511,0.3769073486328125,0.6426783800125122,0.3524869978427887,0.6023352146148682,0.32394951581954956,0.5769578814506531,0.37724369764328003,0.5784032344818115,0.3773125410079956,0.5177999138832092,0.3751973807811737,0.47940102219581604,0.371511846780777,0.4458281993865967,0.35186767578125,0.5757471323013306,0.3518506586551666,0.511730432510376,0.352398544549942,0.47248566150665283,0.35035690665245056,0.4380151629447937,0.32758527994155884,0.5880900025367737,0.3230215311050415,0.5351854562759399,0.3314654529094696,0.5696620345115662,0.3346517086029053,0.5982319712638855,0.303886741399765,0.6098780035972595,0.3071819543838501,0.572273850440979,0.317631334066391,0.5955747961997986,0.32189902663230896,0.619385302066803,U
0.3300826847553253,0.7213504910469055,0.36340591311454773,0.6924368739128113,0.3762640357017517,0.6374412775039673,0.35107654333114624,0.5972829461097717,0.32221806049346924,0.5715827941894531,0.3760893940925598,0.5736576914787292,0.37614062428474426,0.5122262835502625,0.3738918602466583,0.47391945123672485,0.37048235535621643,0.44031620025634766,0.35038992762565613,0.5707803964614868,0.3503069281578064,0.505917489528656,0.35108232498168945,0.46655797958374023,0.34973421692848206,0.4324692487716675,0.32597315311431885,0.5825029611587524,0.32245731353759766,0.5296328067779541,0.33006930351257324,0.5661526918411255,0.33238017559051514,0.5956491231918335,0.30200666189193726,0.6035887002944946,0.3057560324668884,0.5638682842254639,0.31574884057044983,0.5896317958831787,0.31921353936195374,0.6154826283454895,U
0.32654833793640137,0.7190513014793396,0.3605637550354004,0.6896505951881409,0.3717130124568939,0.6341230869293213,0.34632977843284607,0.5937094688415527,0.3175196051597595,0.5707307457923889,0.3728891611099243,0.5711172819137573,0.3728168308734894,0.5082374215126038,0.37060287594795227,0.4697414040565491,0.36687493324279785,0.4362199306488037,0.34708142280578613,0.5681483745574951,0.34725144505500793,0.5030006170272827,0.34765008091926575,0.4631977081298828,0.345358669757843,0.429187536239624,0.3226698935031891,0.5800522565841675,0.3184618353843689,0.5254299640655518,0.3270246088504791,0.5584491491317749,0.33001410961151123,0.5870397090911865,0.2988090515136719,0.6012592315673828,0.3017032742500305,0.5610365867614746,0.3123944401741028,0.5834528803825378,0.31682607531547546,0.608026921749115,U
0.3236711323261261,0.7163453698158264,0.3569450378417969,0.6863523125648499,0.36846494674682617,0.6308495998382568,0.3437248766422272,0.5906672477722168,0.3150663375854492,0.566439151763916,0.36970412731170654,0.5671356916427612,0.36950165033340454,0.5058794021606445,0.3673551380634308,0.4678618907928467,0.363813579082489,0.4344581365585327,0.3445143401622772,0.5636096596717834,0.34459203481674194,0.4994591772556305,0.3451211750507355,0.46021825075149536,0.34315741062164307,0.426125168800354,0.3202044367790222,0.5751286745071411,0.31549376249313354,0.5213413834571838,0.32292670011520386,0.5572176575660706,0.32521650195121765,0.5865388512611389,0.29636064171791077,0.5964469313621521,0.29905784130096436,0.5565966367721558,0.308935284614563,0.5816906690597534,0.3125653564929962,0.6073514819145203,U
0.3198235034942627,0.71474289894104,0.35252559185028076,0.6866739392280579,0.3639921247959137,0.6320886611938477,0.33835268020629883,0.5913807153701782,0.3091411888599396,0.5678195357322693,0.36510559916496277,0.566476047039032,0.3650895357131958,0.5047152042388916,0.3624045252799988,0.46639469265937805,0.35826992988586426,0.4330415725708008,0.33964264392852783,0.5625540018081665,0.339502215385437,0.49897733330726624,0.3393273949623108,0.45990103483200073,0.3367977440357208,0.42685115337371826,0.3154214918613434,0.5737631916999817,0.31061822175979614,0.5203048586845398,0.3187626004219055,0.5535064339637756,0.3218778371810913,0.5818703770637512,0.2920439839363098,0.5942437052726746,0.29475024342536926,0.5555879473686218,0.30462825298309326,0.5792743563652039,0.3087301254272461,0.6039860844612122,U
0.3171594738960266,0.7162084579467773,0.34981223940849304,0.687433123588562,0.3603768050670624,0.6325061917304993,0.33391323685646057,0.592136561870575,0.3054896295070648,0.5686228275299072,0.36129701137542725,0.5683145523071289,0.36079540848731995,0.5059646368026733,0.3577516973018646,0.4673962891101837,0.3532428741455078,0.4340483844280243,0.3354716897010803,0.5648857355117798,0.3348948359489441,0.5006483793258667,0.3347078561782837,0.4613768756389618,0.3321681618690491,0.4281885623931885,0.3110504448413849,0.5768441557884216,0.3062075972557068,0.5214500427246094,0.31483232975006104,0.5547184944152832,0.3181159794330597,0.5834892392158508,0.28771865367889404,0.5984839200973511,0.29046735167503357,0.5588305592536926,0.3008122742176056,0.5818673968315125,0.3051627576351166,0.606139063835144,U
0.313741534948349,0.7168288230895996,0.34593263268470764,0.6870680451393127,0.3558930456638336,0.6319176554679871,0.3292711079120636,0.5916213989257812,0.30065497756004333,0.5692781805992126,0.3580619990825653,0.5678549408912659,0.356794536113739,0.5068764686584473,0.35339584946632385,0.46889010071754456,0.34873414039611816,0.43544602394104004,0.3324141800403595,0.5643539428710938,0.3312839865684509,0.5014183521270752,0.33034905791282654,0.46223974227905273,0.3275630474090576,0.42795899510383606,0.30814096331596375,0.5765179395675659,0.3025457262992859,0.5220382213592529,0.3104102611541748,0.5558194518089294,0.313640296459198,0.5845835208892822,0.2848970293998718,0.5985499620437622,0.28584781289100647,0.5591519474983215,0.29545852541923523,0.5820867419242859,0.2999058663845062,0.6061756610870361,U
0.3101081848144531,0.7181203961372375,0.34137091040611267,0.6889491677284241,0.35276830196380615,0.6340822577476501,0.32662904262542725,0.5940920114517212,0.2980220317840576,0.5713023543357849,0.35540226101875305,0.5688082575798035,0.35379716753959656,0.5082708597183228,0.35032638907432556,0.4701381325721741,0.34559085965156555,0.43706220388412476,0.3297651708126068,0.5650390982627869,0.32854750752449036,0.5025683045387268,0.3273513615131378,0.46336790919303894,0.32455289363861084,0.4298662543296814,0.30565375089645386,0.5763555765151978,0.2997204661369324,0.5225215554237366,0.3063405156135559,0.5547390580177307,0.30915671586990356,0.5827612280845642,0.2824173867702484,0.5967803597450256,0.28347253799438477,0.5598399639129639,0.2924194633960724,0.583325982093811,0.29670026898384094,0.6072656512260437,U
0.3074774742126465,0.7198731303215027,0.3393731415271759,0.6908014416694641,0.3509800434112549,0.6352355480194092,0.3245023190975189,0.5941654443740845,0.2947799563407898,0.57227623462677,0.3527093827724457,0.5702713131904602,0.3510567843914032,0.5087692141532898,0.3473288416862488,0.4702688455581665,0.3423951268196106,0.4369348883628845,0.32683253288269043,0.5665306448936462,0.32541438937187195,0.503593385219574,0.32440924644470215,0.4640311002731323,0.3214542269706726,0.43017494678497314,0.3025604784488678,0.57782381772995,0.2973930835723877,0.5238450169563293,0.3046758472919464,0.5565476417541504,0.30726197361946106,0.5853752493858337,0.27907711267471313,0.5981825590133667,0.2808183431625366,0.5597119331359863,0.2904593050479889,0.5827255249023438,0.29474014043807983,0.6071893572807312,U
0.30537787079811096,0.7220060229301453,0.335921049118042,0.6921963095664978,0.3466762602329254,0.6362107396125793,0.3200135827064514,0.595770001411438,0.2906663715839386,0.572725236415863,0.3492951989173889,0.5706099271774292,0.3476715087890625,0.5089782476425171,0.343838095664978,0.470859557390213,0.3391140401363373,0.4377728998661041,0.32331645488739014,0.5673105120658875,0.32152101397514343,0.5042691230773926,0.32024112343788147,0.4653148949146271,0.3174259662628174,0.43184447288513184,0.2989833652973175,0.5792851448059082,0.2932360768318176,0.5265507698059082,0.30041274428367615,0.5600572824478149,0.30324646830558777,0.5886082053184509,0.27574247121810913,0.600542426109314,0.2759926915168762,0.5636453032493591,0.28485947847366333,0.5876190066337585,0.28905433416366577,0.6116499900817871,U
0.3033416271209717,0.7231823205947876,0.33486461639404297,0.692975640296936,0.34605613350868225,0.6377812027931213,0.3184601664543152,0.5980945825576782,0.2889459431171417,0.5749525427818298,0.34818652272224426,0.572902262210846,0.3464488089084625,0.5130115747451782,0.34271174669265747,0.4753727614879608,0.33759182691574097,0.44248563051223755,0.32245856523513794,0.5690193772315979,0.3209211826324463,0.5069633722305298,0.31963416934013367,0.4694007635116577,0.316616415977478,0.4371682405471802,0.2981737554073334,0.579894483089447,0.29230502247810364,0.5270034670829773,0.29980993270874023,0.558087944984436,0.3029645085334778,0.5856404304504395,0.2752839922904968,0.5993906259536743,0.27684593200683594,0.5645233392715454,0.28618916869163513,0.5875563621520996,0.290645569562912,0.6111671924591064,U
0.3020031452178955,0.7246403694152832,0.3333611786365509,0.6946282982826233,0.34386298060417175,0.6411363482475281,0.3175250291824341,0.6025278568267822,0.2890193462371826,0.5806770324707031,0.3460450768470764,0.5749549865722656,0.34379515051841736,0.5141876935958862,0.33948880434036255,0.47610652446746826,0.33435148000717163,0.44289642572402954,0.3204236924648285,0.5714167356491089,0.3185737729072571,0.5089790225028992,0.316770076751709,0.47032487392425537,0.31363096833229065,0.43673408031463623,0.29630622267723083,0.5831884145736694,0.2903923988342285,0.5295946598052979,0.29728400707244873,0.5619542002677917,0.30037808418273926,0.5902274250984192,0.27317285537719727,0.6045013070106506,0.27314671874046326,0.5670236945152283,0.2816651165485382,0.5897859930992126,0.2859519422054291,0.6135706305503845,U
0.3011660873889923,0.7265583276748657,0.33203038573265076,0.6963070631027222,0.3419606387615204,0.6425204277038574,0.3146020472049713,0.6041197776794434,0.2860349714756012,0.5808207988739014,0.34425273537635803,0.5762550830841064,0.34199678897857666,0.515540361404419,0.33787500858306885,0.47727862000465393,0.33260729908943176,0.44425541162490845,0.318462997674942,0.5731840133666992,0.31661415100097656,0.5101413130760193,0.31486910581588745,0.47142812609672546,0.3115427792072296,0.4385824203491211,0.29440951347351074,0.5849263668060303,0.28873568773269653,0.5310441255569458,0.29612529277801514,0.5613133311271667,0.29910755157470703,0.5886507034301758,0.2714751362800598,0.6056245565414429,0.2722090184688568,0.5674130320549011,0.2818266749382019,0.589867353439331,0.2866968810558319,0.6141940951347351,U
0.29875272512435913,0.728919267654419,0.32895427942276,0.698425829410553,0.33825579285621643,0.6437387466430664,0.3102922737598419,0.6052017211914062,0.28110429644584656,0.5823439359664917,0.3410022258758545,0.5777945518493652,0.33859559893608093,0.5176848769187927,0.3339666426181793,0.480186402797699,0.3283928632736206,0.44748908281326294,0.3150201439857483,0.5747985243797302,0.3129277527332306,0.5124964714050293,0.3108556866645813,0.47477540373802185,0.3074358403682709,0.4419613480567932,0.2907320261001587,0.5869060158729553,0.2840835154056549,0.5326740145683289,0.2925530672073364,0.5630056858062744,0.2967369854450226,0.5906456708908081,0.26791882514953613,0.608127236366272,0.26875612139701843,0.5707842707633972,0.2789055109024048,0.5933255553245544,0.2844032049179077,0.6174681186676025,U
0.2972899079322815,0.7303904294967651,0.3279959559440613,0.6993695497512817,0.3373669385910034,0.6456248164176941,0.3095740079879761,0.6073023080825806,0.2805170714855194,0.5852125287055969,0.33999884128570557,0.5810278058052063,0.33822575211524963,0.5209782719612122,0.3342050313949585,0.4832864999771118,0.32867035269737244,0.45021116733551025,0.31407883763313293,0.5770522356033325,0.312182754278183,0.5149406790733337,0.3104346692562103,0.47691380977630615,0.30699068307876587,0.4444407820701599,0.2896954119205475,0.5884088277816772,0.28286105394363403,0.5344820022583008,0.28976160287857056,0.5656861066818237,0.2928864657878876,0.5938055515289307,0.26661697030067444,0.6089820861816406,0.26627442240715027,0.5724393129348755,0.2750677168369293,0.5948296189308167,0.27961382269859314,0.6185454726219177,U
0.2935178279876709,0.7312464118003845,0.32410427927970886,0.7009162902832031,0.33311888575553894,0.6456026434898376,0.30552008748054504,0.6075519323348999,0.27682653069496155,0.5858905911445618,0.3348446190357208,0.5802279114723206,0.33205002546310425,0.5196853876113892,0.32769033312797546,0.48186373710632324,0.32207074761390686,0.44953620433807373,0.3091203570365906,0.5775649547576904,0.30669429898262024,0.5152491331100464,0.30473455786705017,0.4768639802932739,0.30133387446403503,0.4441383481025696,0.28528451919555664,0.5898088216781616,0.2775341272354126,0.5368376970291138,0.28583934903144836,0.5670315027236938,0.29051950573921204,0.5941917300224304,0.26266422867774963,0.6107877492904663,0.2623513340950012,0.5761822462081909,0.2728462815284729,0.5977334380149841,0.27932092547416687,0.6201074123382568,U
0.2916618883609772,0.7334326505661011,0.32199135422706604,0.7025813460350037,0.33095645904541016,0.6481682062149048,0.30207955837249756,0.6103967428207397,0.27319249510765076,0.5873523354530334,0.33312341570854187,0.5814650654792786,0.3295600414276123,0.5218201875686646,0.32462167739868164,0.4840294122695923,0.31830331683158875,0.45155349373817444,0.3069233298301697,0.5784847736358643,0.30429378151893616,0.5167844295501709,0.30158674716949463,0.4786904454231262,0.2974299490451813,0.4462186396121979,0.28297093510627747,0.5908493995666504,0.27366265654563904,0.5372729301452637,0.2817145884037018,0.5655372738838196,0.2867228090763092,0.5917630791664124,0.26058852672576904,0.6121947169303894,0.25969377160072327,0.5777243375778198,0.2700694501399994,0.597445011138916,0.27714890241622925,0.6182951927185059,U
0.28567740321159363,0.7333369851112366,0.3167788088321686,0.7044816017150879,0.3255886435508728,0.6503509283065796,0.2960899770259857,0.6131346225738525,0.2671566903591156,0.5914050936698914,0.32565462589263916,0.5818940997123718,0.3221345543861389,0.5216542482376099,0.31713587045669556,0.4843983054161072,0.31087592244148254,0.45222145318984985,0.2996801733970642,0.5787634253501892,0.2967129349708557,0.5170461535453796,0.29455745220184326,0.47885140776634216,0.29059818387031555,0.4460929036140442,0.2759731709957123,0.591105580329895,0.2682194113731384,0.5384842157363892,0.277065634727478,0.5684036612510681,0.2818393111228943,0.595292329788208,0.25408652424812317,0.6120715737342834,0.2544289231300354,0.5789310932159424,0.2652433216571808,0.5983856916427612,0.2721957564353943,0.6178665161132812,U
0.2852712869644165,0.7378427982330322,0.31544992327690125,0.7064597010612488,0.32284602522850037,0.6499537229537964,0.29323914647102356,0.6119193434715271,0.26402783393859863,0.5906550288200378,0.3263079524040222,0.586551308631897,0.322388231754303,0.5260282754898071,0.31725600361824036,0.4883493185043335,0.3108169734477997,0.45572367310523987,0.30048906803131104,0.5825878381729126,0.29683220386505127,0.5206810832023621,0.29398640990257263,0.4829167127609253,0.28987064957618713,0.450916588306427,0.2765998840332031,0.5938194394111633,0.2664443254470825,0.5403827428817749,0.2742578387260437,0.5677687525749207,0.27877557277679443,0.5928469300270081,0.25482749938964844,0.613628625869751,0.25421690940856934,0.5807548761367798,0.26295360922813416,0.6019577383995056,0.2680600881576538,0.6231480240821838,U
0.2849915325641632,0.7396107912063599,0.3145425617694855,0.7079405188560486,0.3226384222507477,0.6526464819908142,0.2939165532588959,0.6152032613754272,0.26522672176361084,0.5920957922935486,0.3267042636871338,0.5891278386116028,0.32321101427078247,0.5284750461578369,0.3184226453304291,0.49113306403160095,0.31199362874031067,0.45873886346817017,0.3011878430843353,0.5854188799858093,0.29759055376052856,0.5230222940444946,0.2947864532470703,0.48542219400405884,0.29078981280326843,0.45373523235321045,0.2774178385734558,0.5965903401374817,0.2680240869522095,0.5434580445289612,0.2747069001197815,0.5711431503295898,0.27825620770454407,0.5965049266815186,0.25592005252838135,0.6155672669410706,0.2563474774360657,0.5861397981643677,0.2648771107196808,0.6068141460418701,0.2695079445838928,0.6269480586051941,U
0.28711697459220886,0.7465282678604126,0.316513329744339,0.7156475186347961,0.32352572679519653,0.6596167087554932,0.29476162791252136,0.6222705841064453,0.2656622529029846,0.600752592086792,0.3268013298511505,0.5963890552520752,0.32366234064102173,0.5356264710426331,0.31889745593070984,0.49869272112846375,0.31280064582824707,0.46588754653930664,0.30122238397598267,0.5924155116081238,0.2980782091617584,0.5301042199134827,0.29545044898986816,0.49313464760780334,0.2914249897003174,0.46021997928619385,0.27742183208465576,0.6039417386054993,0.267287939786911,0.5514214634895325,0.2742851674556732,0.5795670747756958,0.2780172824859619,0.6043910980224609,0.25687113404273987,0.6241500377655029,0.2570974826812744,0.5962011218070984,0.2663050889968872,0.6169815063476562,0.2717425227165222,0.636424720287323,U
0.285110205411911,0.7549327611923218,0.31439393758773804,0.7251383066177368,0.3209003806114197,0.6669859290122986,0.2922494113445282,0.6279988288879395,0.2628013491630554,0.6064327359199524,0.3251575827598572,0.6035595536231995,0.32129576802253723,0.5428540706634521,0.31577762961387634,0.5062167048454285,0.3088378608226776,0.4733937084674835,0.2993924915790558,0.5992982983589172,0.2967044413089752,0.5378099679946899,0.2940169870853424,0.500514805316925,0.289918452501297,0.46676504611968994,0.27548080682754517,0.6108834147453308,0.2654452621936798,0.5594430565834045,0.2720048129558563,0.5881224870681763,0.27559536695480347,0.6129335761070251,0.2549011707305908,0.6311179399490356,0.2548517882823944,0.6035131216049194,0.2637344300746918,0.6235131025314331,0.26924341917037964,0.6415555477142334,U
0.2838565707206726,0.7599369287490845,0.31386685371398926,0.7301652431488037,0.3201565444469452,0.6720024347305298,0.2902882397174835,0.6342675685882568,0.26068246364593506,0.6141683459281921,0.3226947784423828,0.6076934933662415,0.3187422454357147,0.547150731086731,0.3134969472885132,0.5098984837532043,0.306552916765213,0.47786617279052734,0.296505331993103,0.605086624622345,0.29364925622940063,0.5426539182662964,0.2910056710243225,0.5047979354858398,0.28660425543785095,0.47281643748283386,0.2724539041519165,0.617889940738678,0.26191991567611694,0.5663145184516907,0.2698768079280853,0.5916992425918579,0.2744857668876648,0.6154762506484985,0.2513722777366638,0.6388697028160095,0.25284186005592346,0.6115185022354126,0.2627548277378082,0.6307216286659241,0.2683970630168915,0.6490702629089355,U
0.2805280089378357,0.7648869752883911,0.31085464358329773,0.7347861528396606,0.3174954950809479,0.6780676245689392,0.28737443685531616,0.6401539444923401,0.2582221031188965,0.6196060180664062,0.32011333107948303,0.6129419803619385,0.31615597009658813,0.5534691214561462,0.3105800747871399,0.5162842869758606,0.30358582735061646,0.4842594265937805,0.29401659965515137,0.6101281046867371,0.2913269102573395,0.5487537980079651,0.2888554036617279,0.5103610754013062,0.2847498953342438,0.47818201780319214,0.27004626393318176,0.6225990056991577,0.26009267568588257,0.5704240798950195,0.2681627869606018,0.595996618270874,0.27298596501350403,0.6202595233917236,0.24834108352661133,0.6431906819343567,0.24824824929237366,0.6122706532478333,0.258432537317276,0.6309157013893127,0.2650892734527588,0.6497287750244141,U
0.2794118821620941,0.7702410221099854,0.3098791837692261,0.7389304637908936,0.31664738059043884,0.683281660079956,0.2862180769443512,0.6456785798072815,0.25682976841926575,0.625632107257843,0.3202130198478699,0.6200323104858398,0.31649309396743774,0.5603304505348206,0.31119847297668457,0.5231667160987854,0.3045068681240082,0.49101296067237854,0.294165700674057,0.6170573830604553,0.2913820147514343,0.5559420585632324,0.28829818964004517,0.5180884599685669,0.28404268622398376,0.48624950647354126,0.27012163400650024,0.6297788619995117,0.261322945356369,0.5802728533744812,0.26776838302612305,0.6078751683235168,0.27131494879722595,0.6325793862342834,0.24836274981498718,0.6508051753044128,0.24806265532970428,0.6217506527900696,0.2575916647911072,0.6418582797050476,0.2635962665081024,0.6611298322677612,U
0.2788286507129669,0.7734395265579224,0.309302419424057,0.7420739531517029,0.31603166460990906,0.686947226524353,0.28592732548713684,0.6504510045051575,0.25706198811531067,0.6306461095809937,0.3193777799606323,0.6226997375488281,0.3151622414588928,0.5638488531112671,0.30986395478248596,0.5263592004776001,0.3027452528476715,0.4946264624595642,0.29316553473472595,0.6201084852218628,0.2900112271308899,0.5592668652534485,0.28692081570625305,0.5215048789978027,0.28233247995376587,0.4903850555419922,0.26898327469825745,0.6326823234558105,0.259823203086853,0.5809227824211121,0.2671523094177246,0.6062045693397522,0.27126744389533997,0.6302669644355774,0.2468155473470688,0.6531416773796082,0.24653206765651703,0.6215208768844604,0.2563520073890686,0.6402842998504639,0.26259344816207886,0.6597182750701904,U
0.27635589241981506,0.7760710120201111,0.30740267038345337,0.7441628575325012,0.3163589835166931,0.6900677680969238,0.28669410943984985,0.6510721445083618,0.25710827112197876,0.6315823197364807,0.32085609436035156,0.6282248497009277,0.3178524672985077,0.5681679248809814,0.3133936822414398,0.5300863981246948,0.3072642385959625,0.4975332021713257,0.2946862280368805,0.6235278844833374,0.29266050457954407,0.5627931356430054,0.29004764556884766,0.5245728492736816,0.2864494025707245,0.49277645349502563,0.2705164849758148,0.633677065372467,0.26166871190071106,0.5858744978904724,0.2674809694290161,0.610446572303772,0.271135538816452,0.6334810256958008,0.24758462607860565,0.6513353586196899,0.24686551094055176,0.6202007532119751,0.25671374797821045,0.6379360556602478,0.26383841037750244,0.6569517254829407,U
0.2738948166370392,0.7824526429176331,0.30540773272514343,0.7515686750411987,0.31371235847473145,0.6958978772163391,0.2845914661884308,0.6561052203178406,0.25473031401634216,0.6369142532348633,0.31808000802993774,0.6350288987159729,0.31574898958206177,0.5753417611122131,0.3109216094017029,0.5381342172622681,0.30461323261260986,0.5057544708251953,0.29230809211730957,0.6305437684059143,0.29103443026542664,0.5704455375671387,0.28895142674446106,0.5326497554779053,0.28557097911834717,0.5009896755218506,0.2680548429489136,0.6404138803482056,0.2606827914714813,0.5903781056404114,0.2665100395679474,0.6152271628379822,0.26944851875305176,0.639432430267334,0.2454342246055603,0.6573805809020996,0.24428966641426086,0.6254712343215942,0.25259119272232056,0.6436131596565247,0.2578239440917969,0.6632950305938721,U
0.2738938629627228,0.7872520089149475,0.30389633774757385,0.7544841766357422,0.3125298321247101,0.6992374658584595,0.28430497646331787,0.6601707935333252,0.25523167848587036,0.6400871276855469,0.3177347183227539,0.6361900568008423,0.3151489496231079,0.5767604112625122,0.3109511137008667,0.5395961999893188,0.3051448166370392,0.5074719786643982,0.2922423183917999,0.6310449242591858,0.29049408435821533,0.5717941522598267,0.288364440202713,0.5345975756645203,0.2854369282722473,0.502752423286438,0.2678642272949219,0.6405462026596069,0.26038825511932373,0.5933247804641724,0.26537513732910156,0.6208308339118958,0.26830947399139404,0.6455684304237366,0.2446683794260025,0.6576249003410339,0.2436402440071106,0.626592755317688,0.25200819969177246,0.6464127898216248,0.25786274671554565,0.6668018102645874,U
0.27225151658058167,0.7832328081130981,0.3024585545063019,0.7499452829360962,0.3114660084247589,0.697229266166687,0.28295251727104187,0.6578736305236816,0.2548699378967285,0.6368857026100159,0.3173462748527527,0.6358405351638794,0.31530648469924927,0.5764628648757935,0.31138017773628235,0.5390790104866028,0.3058019280433655,0.5068318247795105,0.2917764186859131,0.631308913230896,0.29066184163093567,0.5713666081428528,0.28860634565353394,0.5340070128440857,0.2856934368610382,0.5023041367530823,0.26741358637809753,0.6406309008598328,0.2593892216682434,0.5930457711219788,0.2646769881248474,0.6188656687736511,0.26809462904930115,0.6426303386688232,0.24376261234283447,0.6569750308990479,0.24241502583026886,0.6255130767822266,0.25090712308883667,0.6447495818138123,0.2567674517631531,0.6648589372634888,U
0.2739756107330322,0.7834823727607727,0.30512773990631104,0.7504311800003052,0.3141891360282898,0.6976123452186584,0.28489863872528076,0.6589803695678711,0.2563237249851227,0.6383882164955139,0.3182085156440735,0.634915828704834,0.3166661560535431,0.5759769678115845,0.3134702146053314,0.5385247468948364,0.30850750207901,0.5064006447792053,0.29228097200393677,0.6305438876152039,0.2913040220737457,0.57088303565979,0.29011791944503784,0.5335522890090942,0.2878105640411377,0.5021255612373352,0.2678421437740326,0.6399366855621338,0.26071420311927795,0.5933737754821777,0.2665760815143585,0.6181076169013977,0.26978084444999695,0.6411826610565186,0.24417568743228912,0.6564314961433411,0.2435029149055481,0.6249486207962036,0.2532747685909271,0.6433214545249939,0.26011011004447937,0.6634510159492493,U
0.27351662516593933,0.7833732962608337,0.3042260408401489,0.7503761649131775,0.31386327743530273,0.6979705691337585,0.28501006960868835,0.6598924994468689,0.25708097219467163,0.6390935778617859,0.3178379237651825,0.6360651850700378,0.31612226366996765,0.5761024355888367,0.3126872777938843,0.5388962030410767,0.3074036240577698,0.5068204402923584,0.29192832112312317,0.6312341094017029,0.29106977581977844,0.5710806846618652,0.2897573411464691,0.5337666273117065,0.28742334246635437,0.5018168687820435,0.26713329553604126,0.6402766704559326,0.2605987787246704,0.5955309271812439,0.26629677414894104,0.6215411424636841,0.26948481798171997,0.644536554813385,0.24320319294929504,0.6565613746643066,0.24326962232589722,0.628262996673584,0.2521710991859436,0.6467699408531189,0.2578049302101135,0.6653069853782654,U
0.2750924825668335,0.7869986295700073,0.3063575029373169,0.7540662288665771,0.3147346079349518,0.7002102136611938,0.2852408289909363,0.6639040112495422,0.25631260871887207,0.6448569893836975,0.3189306855201721,0.6376158595085144,0.3166787326335907,0.5787256360054016,0.3129849433898926,0.5419178009033203,0.30761533975601196,0.5099189877510071,0.2933847904205322,0.6330517530441284,0.29120030999183655,0.5735373497009277,0.28931504487991333,0.5367121696472168,0.2865830957889557,0.5057258605957031,0.26919829845428467,0.6431304812431335,0.26083049178123474,0.5939188003540039,0.26625290513038635,0.6190826296806335,0.26926809549331665,0.6426649689674377,0.24683642387390137,0.6607134342193604,0.2464490532875061,0.6319737434387207,0.25497525930404663,0.6512597799301147,0.26053160429000854,0.6709079146385193,U
0.2743169367313385,0.7883380055427551,0.3054215610027313,0.7581098079681396,0.31499072909355164,0.7024446725845337,0.28567802906036377,0.6636490225791931,0.2563067078590393,0.6452175974845886,0.31748130917549133,0.6391873955726624,0.3161662518978119,0.5800082087516785,0.313228577375412,0.542996346950531,0.308050274848938,0.5108041167259216,0.29171666502952576,0.6342645883560181,0.2904804050922394,0.5745535492897034,0.28951147198677063,0.5376056432723999,0.28649815917015076,0.5057215690612793,0.2672681212425232,0.6438601016998291,0.2596450448036194,0.5939486026763916,0.2666533887386322,0.621567964553833,0.27000853419303894,0.6466505527496338,0.24389386177062988,0.6609606742858887,0.24418292939662933,0.6289865970611572,0.2527538239955902,0.6489852666854858,0.2572326958179474,0.6690624952316284,U
0.275897741317749,0.7959674596786499,0.30798467993736267,0.7629782557487488,0.3155173063278198,0.7082740068435669,0.28618091344833374,0.6715229153633118,0.25706517696380615,0.6530874371528625,0.3187052309513092,0.6456634402275085,0.31631502509117126,0.587252140045166,0.31238409876823425,0.55097895860672,0.30716708302497864,0.5186546444892883,0.29292237758636475,0.6415504217147827,0.2903613746166229,0.5825403928756714,0.28821903467178345,0.5459280014038086,0.28521105647087097,0.5135672092437744,0.268587589263916,0.653199315071106,0.2594282627105713,0.6003955006599426,0.2654997408390045,0.6249709129333496,0.2688226103782654,0.6481424570083618,0.2470102608203888,0.6734098196029663,0.24733583629131317,0.6438682079315186,0.25658100843429565,0.6632931232452393,0.2625112533569336,0.6831415891647339,U
0.2763861119747162,0.8028191924095154,0.30756863951683044,0.7717699408531189,0.3158213198184967,0.7155192494392395,0.28644564747810364,0.6787901520729065,0.2568574547767639,0.659983217716217,0.31877192854881287,0.650447428226471,0.31627920269966125,0.5927756428718567,0.3120565414428711,0.5568461418151855,0.3062158524990082,0.5248851776123047,0.29283517599105835,0.6465030312538147,0.2907536029815674,0.5875210165977478,0.2888842821121216,0.5509864687919617,0.28579941391944885,0.5189678072929382,0.268298476934433,0.6580119132995605,0.25994059443473816,0.6060965061187744,0.2667398750782013,0.6311518549919128,0.27061793208122253,0.654916524887085,0.24627931416034698,0.6773355603218079,0.24672658741474152,0.6481842398643494,0.25565895438194275,0.6684414744377136,0.26118624210357666,0.6884433627128601,U
0.2763753831386566,0.8043520450592041,0.3073231279850006,0.7736570239067078,0.3161897361278534,0.7178420424461365,0.28807583451271057,0.679981529712677,0.25908443331718445,0.6590662598609924,0.32045674324035645,0.6513144969940186,0.3177865743637085,0.5936427712440491,0.31441158056259155,0.5574344396591187,0.3092259168624878,0.5250594615936279,0.29462501406669617,0.6470622420310974,0.2918788492679596,0.5880346298217773,0.2902093827724457,0.5525152683258057,0.28739985823631287,0.5210968852043152,0.27011579275131226,0.658419668674469,0.2606393098831177,0.605180025100708,0.26646333932876587,0.6324318647384644,0.2699306607246399,0.6576223373413086,0.2477036416530609,0.67779541015625,0.24752339720726013,0.645487904548645,0.25578346848487854,0.6652154922485352,0.26073217391967773,0.6855642199516296,U
0.285475492477417,0.8000140190124512,0.3154744505882263,0.7668892741203308,0.32483527064323425,0.7129054069519043,0.2951388955116272,0.6747475862503052,0.267069548368454,0.6543508768081665,0.3267812132835388,0.6493608355522156,0.3247540593147278,0.5905917882919312,0.32169705629348755,0.5534451603889465,0.3172014653682709,0.5210322141647339,0.30043163895606995,0.6466434597969055,0.29977524280548096,0.5850808620452881,0.2984572649002075,0.5472853183746338,0.296306312084198,0.5145170092582703,0.27623313665390015,0.6587057113647461,0.2676502466201782,0.6057175397872925,0.2736305594444275,0.6303040981292725,0.27792784571647644,0.6550966501235962,0.2538054287433624,0.6789326667785645,0.2536238431930542,0.6469557881355286,0.2636219561100006,0.6632848381996155,0.2711680233478546,0.6822192072868347,U
0.30211278796195984,0.7881230115890503,0.3350587785243988,0.7574751377105713,0.34361299872398376,0.7004766464233398,0.3172595798969269,0.6596451997756958,0.28839734196662903,0.6447370648384094,0.34498170018196106,0.6395097970962524,0.3447560667991638,0.578575849533081,0.343217134475708,0.5419780611991882,0.33931878209114075,0.5096457004547119,0.31896406412124634,0.6358370184898376,0.3201643228530884,0.5742460489273071,0.3202928900718689,0.5361084938049316,0.31862157583236694,0.5029760003089905,0.29452967643737793,0.6478660702705383,0.28788337111473083,0.5946694612503052,0.29457977414131165,0.6208114624023438,0.2986569106578827,0.6461705565452576,0.2712783217430115,0.6693479418754578,0.2714993953704834,0.6337782144546509,0.28076082468032837,0.6493832468986511,0.28634580969810486,0.6686473488807678,U
0.31447452306747437,0.7765628099441528,0.35096412897109985,0.745919942855835,0.36094892024993896,0.6874746680259705,0.33475932478904724,0.6458271145820618,0.30489692091941833,0.633602499961853,0.35776498913764954,0.628790557384491,0.35956767201423645,0.5681551694869995,0.3584763705730438,0.5301437377929688,0.35511279106140137,0.497979074716568,0.33155667781829834,0.6256173849105835,0.33330023288726807,0.5613129734992981,0.33564525842666626,0.5214138031005859,0.33520936965942383,0.4902879297733307,0.30734893679618835,0.6377502083778381,0.3012748658657074,0.5879362225532532,0.31100597977638245,0.6089309453964233,0.3160466253757477,0.6330313682556152,0.2841649651527405,0.6583264470100403,0.2855747640132904,0.6210131645202637,0.2977733016014099,0.6337788105010986,0.30521532893180847,0.6534931659698486,U
0.3292294144630432,0.751609742641449,0.36622053384780884,0.7207226157188416,0.37649452686309814,0.6643348932266235,0.3524753749370575,0.623484194278717,0.3238016366958618,0.6028767824172974,0.37750282883644104,0.6035087704658508,0.37870994210243225,0.5418893694877625,0.3778381943702698,0.5042405724525452,0.3757000267505646,0.4719955027103424,0.35055139660835266,0.5998282432556152,0.3527401387691498,0.5349986553192139,0.35524463653564453,0.49639156460762024,0.35509422421455383,0.46366482973098755,0.32545867562294006,0.6117873191833496,0.31914201378822327,0.5589849948883057,0.3280887305736542,0.5885576605796814,0.3332081735134125,0.6155328750610352,0.30169305205345154,0.6337003707885742,0.303231418132782,0.6006466150283813,0.31357938051223755,0.6180978417396545,0.31939730048179626,0.6379244923591614,U
0.3360574543476105,0.7247664928436279,0.3713168203830719,0.6962487101554871,0.38376665115356445,0.6407845616340637,0.36212897300720215,0.596149206161499,0.33276522159576416,0.571830153465271,0.3848166763782501,0.5801217555999756,0.38922253251075745,0.5181222558021545,0.3894073963165283,0.480929970741272,0.38818836212158203,0.44797617197036743,0.35870763659477234,0.5752300024032593,0.36268776655197144,0.5109347105026245,0.36505556106567383,0.4732191562652588,0.3646310269832611,0.44004613161087036,0.33362525701522827,0.5858597755432129,0.3281412720680237,0.5354719758033752,0.33854740858078003,0.563012421131134,0.3441019356250763,0.5901281237602234,0.3102611005306244,0.6057546138763428,0.3146825134754181,0.5712838768959045,0.32601484656333923,0.5900363326072693,0.3317696452140808,0.61266028881073,U
0.33631908893585205,0.723396897315979,0.37131163477897644,0.6940791606903076,0.3831155300140381,0.6376451849937439,0.3617953062057495,0.5949333310127258,0.3334311842918396,0.5721616148948669,0.38316667079925537,0.576666533946991,0.38770800828933716,0.5157674551010132,0.38880792260169983,0.4771485924720764,0.38699379563331604,0.4432387948036194,0.3578314781188965,0.5724573135375977,0.3619767129421234,0.5089591145515442,0.36550644040107727,0.47035282850265503,0.36481210589408875,0.4369097352027893,0.33336585760116577,0.5838313698768616,0.32892170548439026,0.5299507975578308,0.33853718638420105,0.5613671541213989,0.3425520360469818,0.5902429819107056,0.30982279777526855,0.6047314405441284,0.3147847652435303,0.566119909286499,0.32698729634284973,0.5850682258605957,0.3328258991241455,0.6081648468971252,U
0.3349688649177551,0.7181031703948975,0.36958637833595276,0.6900591850280762,0.3823402225971222,0.6342965960502625,0.35927268862724304,0.5907715559005737,0.3301819860935211,0.5675326585769653,0.3811168968677521,0.5731791853904724,0.3850613236427307,0.5113322138786316,0.3858003616333008,0.47255846858024597,0.383841335773468,0.4389052391052246,0.3555675148963928,0.5688766241073608,0.35982900857925415,0.5044034719467163,0.36288875341415405,0.4653346538543701,0.36197295784950256,0.4324444830417633,0.331462025642395,0.5796386003494263,0.325813889503479,0.5249780416488647,0.33462169766426086,0.5560346841812134,0.3385879397392273,0.5844253897666931,0.30770227313041687,0.5996562242507935,0.3115731477737427,0.5616002082824707,0.32360440492630005,0.5826044678688049,0.32958197593688965,0.6064824461936951,U
0.33203986287117004,0.7167935967445374,0.3669646382331848,0.6880855560302734,0.38000184297561646,0.6345911622047424,0.35728880763053894,0.5928800702095032,0.32921379804611206,0.5679884552955627,0.3786252737045288,0.5734196305274963,0.3821398913860321,0.513349175453186,0.38208574056625366,0.4747404456138611,0.37983372807502747,0.4413742423057556,0.35317355394363403,0.5692034959793091,0.3563603460788727,0.5065606236457825,0.358257919549942,0.46760788559913635,0.35732391476631165,0.4353240728378296,0.32934728264808655,0.5804087519645691,0.3228309750556946,0.5251821875572205,0.3314749300479889,0.5545785427093506,0.33651843667030334,0.5821053385734558,0.3065052330493927,0.6008548140525818,0.30870598554611206,0.5646953582763672,0.3202975392341614,0.5835368633270264,0.3276192247867584,0.6054660677909851,U
0.3256939947605133,0.7176316380500793,0.35929903388023376,0.6875515580177307,0.3705420196056366,0.6310980916023254,0.3441937267780304,0.5903443694114685,0.31621086597442627,0.571245551109314,0.37052828073501587,0.5759697556495667,0.37283018231391907,0.5131832361221313,0.3713909387588501,0.4748486876487732,0.3685864806175232,0.44153541326522827,0.3451668322086334,0.5718507170677185,0.34690454602241516,0.5064612627029419,0.3484158217906952,0.46724480390548706,0.34763529896736145,0.4341493844985962,0.32125526666641235,0.5826873779296875,0.31631290912628174,0.5299291014671326,0.32431140542030334,0.5627388954162598,0.3278549015522003,0.5915676951408386,0.2982999086380005,0.6024529933929443,0.3000425696372986,0.5669304132461548,0.31135502457618713,0.5865285992622375,0.3172789216041565,0.6075374484062195,U
0.3189765512943268,0.7179777026176453,0.3514983654022217,0.6890179514884949,0.36248892545700073,0.6345803141593933,0.33817288279533386,0.5933453440666199,0.3101162612438202,0.5719870328903198,0.3636113703250885,0.5750910043716431,0.3647846579551697,0.5134758949279785,0.3628779351711273,0.4752059876918793,0.3594738245010376,0.44193220138549805,0.33836477994918823,0.5708699226379395,0.34001439809799194,0.5076947212219238,0.3412047326564789,0.46853119134902954,0.339979887008667,0.43496716022491455,0.31470954418182373,0.582127571105957,0.30774831771850586,0.5276269912719727,0.31603026390075684,0.5586413741111755,0.32078561186790466,0.5868260264396667,0.2916189134120941,0.603022038936615,0.29137924313545227,0.5676076412200928,0.30278220772743225,0.5864667296409607,0.3101164996623993,0.6071512699127197,U
0.31295377016067505,0.7182371616363525,0.3461584448814392,0.6898021697998047,0.35720691084861755,0.6343247890472412,0.3308868408203125,0.593195378780365,0.30239173769950867,0.5721575617790222,0.3592650592327118,0.5749217867851257,0.3594106137752533,0.5142213702201843,0.3567575514316559,0.4760759770870209,0.35254788398742676,0.4434085488319397,0.333763062953949,0.5705493092536926,0.33497151732444763,0.507627010345459,0.3351287543773651,0.4683595597743988,0.3329419195652008,0.43573713302612305,0.30990591645240784,0.5812993049621582,0.3022365868091583,0.5263677835464478,0.30900830030441284,0.556787371635437,0.3125249147415161,0.583949863910675,0.2866992652416229,0.601367175579071,0.2863624095916748,0.564849317073822,0.29573971033096313,0.586429238319397,0.30095374584198,0.608952522277832,U
