0.306095153093338,0.7737417221069336,0.34509485960006714,0.7408784627914429,0.3589794337749481,0.682624101638794,0.3547954261302948,0.6363747715950012,0.34930527210235596,0.6023120880126953,0.34634941816329956,0.6300261616706848,0.35798099637031555,0.5951294898986816,0.365003764629364,0.5933637619018555,0.36753571033477783,0.5975884199142456,0.32500460743904114,0.6184033155441284,0.32868462800979614,0.5530104041099548,0.3297467827796936,0.5122341513633728,0.3294410705566406,0.47633981704711914,0.3034679591655731,0.6219975352287292,0.3061211109161377,0.5619789958000183,0.30943089723587036,0.5220751762390137,0.312129944562912,0.4857683777809143,0.2798823118209839,0.6371592283248901,0.28229981660842896,0.5912633538246155,0.2860933840274811,0.5596175193786621,0.29077598452568054,0.5273910760879517,T
0.3040212392807007,0.7789096832275391,0.3410918712615967,0.748148500919342,0.3566470444202423,0.6916541457176208,0.3486543297767639,0.6444898247718811,0.33574748039245605,0.6125355362892151,0.3465025722980499,0.6359262466430664,0.35890498757362366,0.6027842164039612,0.3645707070827484,0.5985068678855896,0.3655494749546051,0.6013172268867493,0.32392191886901855,0.622275173664093,0.32616767287254333,0.5572689175605774,0.3259406089782715,0.5169767737388611,0.3250490128993988,0.4818211793899536,0.3013424873352051,0.625027060508728,0.3034251630306244,0.5646665096282959,0.3063289523124695,0.5250259637832642,0.30906713008880615,0.4894406199455261,0.27688834071159363,0.6400845050811768,0.27894678711891174,0.5949656367301941,0.2826555669307709,0.5635770559310913,0.28745317459106445,0.5318008065223694,T
0.3015449047088623,0.7836357355117798,0.33864712715148926,0.7520112991333008,0.35438287258148193,0.6970729827880859,0.34681281447410583,0.6499235033988953,0.33529454469680786,0.6170516610145569,0.3423125147819519,0.6395196914672852,0.35358235239982605,0.6031816601753235,0.36128291487693787,0.6030557155609131,0.3649112582206726,0.6100740432739258,0.32007330656051636,0.6276793479919434,0.3222478926181793,0.5634546875953674,0.322025865316391,0.5230165719985962,0.3211931884288788,0.4879527986049652,0.2979418635368347,0.6315910816192627,0.29978588223457336,0.5716579556465149,0.3021233379840851,0.5320785641670227,0.3045017421245575,0.496651291847229,0.27390819787979126,0.6475031971931458,0.27613240480422974,0.6022407412528992,0.27962490916252136,0.5710763931274414,0.28418487310409546,0.5400347113609314,T
0.30109602212905884,0.7853068113327026,0.33879414200782776,0.7527732253074646,0.3539274334907532,0.6968926787376404,0.34826937317848206,0.6509420275688171,0.3388013541698456,0.6168279051780701,0.33972984552383423,0.6413352489471436,0.34903666377067566,0.6034064888954163,0.355949342250824,0.6056212782859802,0.35912325978279114,0.6148733496665955,0.3177439272403717,0.6305727362632751,0.32028287649154663,0.5650748014450073,0.32073700428009033,0.5246181488037109,0.3207406997680664,0.4889540672302246,0.2957867980003357,0.6346585154533386,0.2983740568161011,0.5747832655906677,0.30121123790740967,0.534785807132721,0.3040424883365631,0.4987238645553589,0.27212828397750854,0.6500753164291382,0.2744373679161072,0.6042436957359314,0.27759239077568054,0.5724295377731323,0.28193798661231995,0.5400850772857666,T
0.3008435368537903,0.7853513360023499,0.33819645643234253,0.7520588040351868,0.3504874110221863,0.6948431134223938,0.3445354998111725,0.6489850282669067,0.33821922540664673,0.614705502986908,0.33509767055511475,0.6357454061508179,0.3401983082294464,0.5938339829444885,0.34062135219573975,0.583215057849884,0.3384244740009308,0.5745246410369873,0.31347331404685974,0.6273579597473145,0.31500470638275146,0.5644607543945312,0.3155214786529541,0.5253746509552002,0.3158343434333801,0.4896659851074219,0.29255110025405884,0.6331698298454285,0.2946612536907196,0.5748295783996582,0.29765644669532776,0.5365629196166992,0.3003065586090088,0.5020962357521057,0.27020663022994995,0.6498532295227051,0.2718603014945984,0.60476154088974,0.2754773795604706,0.5738638639450073,0.2800380289554596,0.5422629714012146,T
0.30036965012550354,0.7849633097648621,0.3396240770816803,0.7523900270462036,0.3531825542449951,0.6932121515274048,0.34855005145072937,0.6458511352539062,0.34273767471313477,0.6131849884986877,0.3371334373950958,0.6383788585662842,0.34808531403541565,0.6000464558601379,0.35462725162506104,0.6024585962295532,0.3566775321960449,0.6117203235626221,0.31561797857284546,0.6284797787666321,0.3185775578022003,0.5629146695137024,0.3185940980911255,0.5224767923355103,0.3178209662437439,0.4883721172809601,0.2943531572818756,0.6333865523338318,0.2970777451992035,0.5723344683647156,0.2994590401649475,0.5315211415290833,0.30157825350761414,0.49583128094673157,0.27135661244392395,0.6495426297187805,0.27403524518013,0.6028391718864441,0.2767188549041748,0.5708296298980713,0.28027838468551636,0.5388612747192383,T
0.3029530644416809,0.783416748046875,0.3415890038013458,0.7501256465911865,0.35518476366996765,0.6911306381225586,0.34940075874328613,0.6445061564445496,0.3433133363723755,0.6123378276824951,0.3391082286834717,0.6357141137123108,0.34972405433654785,0.5978540182113647,0.35900792479515076,0.5970080494880676,0.3644704520702362,0.6014038324356079,0.3176616430282593,0.6265608668327332,0.3201863765716553,0.5613771080970764,0.32045719027519226,0.521180272102356,0.3194621801376343,0.48662352561950684,0.29643598198890686,0.6316699981689453,0.298907607793808,0.5718058347702026,0.30147090554237366,0.5311837792396545,0.303175687789917,0.49516451358795166,0.273629367351532,0.6476643085479736,0.27656009793281555,0.6015560030937195,0.2793157994747162,0.5698054432868958,0.28245264291763306,0.5382128953933716,T
0.30354660749435425,0.7817851901054382,0.3425542712211609,0.7500447630882263,0.35648220777511597,0.6902589201927185,0.3524089753627777,0.6423738598823547,0.34502777457237244,0.6111241579055786,0.33914509415626526,0.6351057887077332,0.34783732891082764,0.5943599343299866,0.3513762652873993,0.5974646210670471,0.35099029541015625,0.605513334274292,0.31824496388435364,0.6256272792816162,0.3212388753890991,0.5601564049720764,0.3213689923286438,0.5205352902412415,0.32052862644195557,0.4863726496696472,0.29770463705062866,0.6304900050163269,0.30082568526268005,0.5706133246421814,0.3033080995082855,0.5299414992332458,0.3049469590187073,0.49410367012023926,0.2754272222518921,0.6460369825363159,0.2787473499774933,0.5996422171592712,0.28179699182510376,0.5680919289588928,0.28493642807006836,0.5365867018699646,T
0.30730804800987244,0.7759712934494019,0.34724465012550354,0.7441560626029968,0.359956294298172,0.6848529577255249,0.35770994424819946,0.6371129751205444,0.3595818877220154,0.6020503640174866,0.34351545572280884,0.6307678818702698,0.35297876596450806,0.5949848890304565,0.3580884635448456,0.5980331301689148,0.3593582510948181,0.606429934501648,0.32243067026138306,0.6213991641998291,0.3245998024940491,0.556821882724762,0.3241848051548004,0.516710638999939,0.32303330302238464,0.4827677011489868,0.3018365502357483,0.6260327100753784,0.3050253987312317,0.5656815767288208,0.3071555495262146,0.5256717205047607,0.30867040157318115,0.49006062746047974,0.27984005212783813,0.6411702632904053,0.2826891243457794,0.5951887965202332,0.2850360870361328,0.563696563243866,0.28761324286460876,0.5318456888198853,T
0.30966517329216003,0.7763557434082031,0.34897688031196594,0.742254376411438,0.36110246181488037,0.6833372116088867,0.3561440706253052,0.6372563242912292,0.35513541102409363,0.6054782867431641,0.3474898934364319,0.6310602426528931,0.3576093018054962,0.5946666598320007,0.3652859926223755,0.5941280722618103,0.36921945214271545,0.5980671048164368,0.3259403109550476,0.6210507750511169,0.328398197889328,0.5563998818397522,0.32846546173095703,0.5162858963012695,0.3273880183696747,0.4817538261413574,0.3046512305736542,0.6255751252174377,0.30717793107032776,0.5660115480422974,0.3093305230140686,0.5260457396507263,0.3107600510120392,0.4904852509498596,0.28159186244010925,0.6411904096603394,0.2844633460044861,0.595035970211029,0.2870814800262451,0.563810408115387,0.29014331102371216,0.5326700806617737,T
0.3113657832145691,0.7778909206390381,0.3485204577445984,0.7443010210990906,0.3596164286136627,0.6855875849723816,0.355307936668396,0.6379373669624329,0.35968953371047974,0.6059706807136536,0.3455025851726532,0.6311136484146118,0.3550194203853607,0.5946449637413025,0.3641984462738037,0.5944473147392273,0.37048014998435974,0.5974037647247314,0.32482224702835083,0.6223652362823486,0.32720547914505005,0.5574594140052795,0.3279724419116974,0.5174580812454224,0.32807639241218567,0.48230403661727905,0.30411601066589355,0.6273669600486755,0.3070251941680908,0.5674799680709839,0.3098601698875427,0.5273646116256714,0.31215083599090576,0.49172013998031616,0.2817244529724121,0.6426988840103149,0.2841384708881378,0.5966050028800964,0.2869870066642761,0.5644328594207764,0.29049956798553467,0.5323227047920227,T
0.314197838306427,0.781231164932251,0.34994766116142273,0.7470191717147827,0.35977524518966675,0.6879549026489258,0.3538742959499359,0.6407487988471985,0.35277068614959717,0.6071037650108337,0.34571051597595215,0.6365453600883484,0.35723063349723816,0.6021754741668701,0.3690474033355713,0.601347804069519,0.3773418068885803,0.6048434972763062,0.3252592980861664,0.626324474811554,0.3270092010498047,0.560272216796875,0.3274920582771301,0.5195876359939575,0.32700639963150024,0.4840681254863739,0.30441227555274963,0.6307152509689331,0.3061535656452179,0.5692410469055176,0.3088637888431549,0.528674840927124,0.3106967508792877,0.4927327632904053,0.28223717212677,0.6460288166999817,0.28473594784736633,0.599807858467102,0.2871614098548889,0.5672730207443237,0.2898755967617035,0.5349916219711304,T
0.3135037124156952,0.7846869826316833,0.34795865416526794,0.7498001456260681,0.3571684658527374,0.689343273639679,0.352100133895874,0.6410154700279236,0.3574870526790619,0.6066550612449646,0.3405340611934662,0.6305357813835144,0.3424190878868103,0.5802410840988159,0.3435184955596924,0.5522274374961853,0.34410959482192993,0.5259366631507874,0.3209054172039032,0.6257182359695435,0.3213050067424774,0.5612664818763733,0.3214690089225769,0.5211906433105469,0.321722149848938,0.48412424325942993,0.3020048439502716,0.6328877806663513,0.3034389913082123,0.5723918676376343,0.3059993386268616,0.5325660109519958,0.30801546573638916,0.4973450303077698,0.28110194206237793,0.6495423316955566,0.2826921343803406,0.6032756567001343,0.28556007146835327,0.5708256363868713,0.2888992428779602,0.5389199256896973,T
0.3102095127105713,0.7869446277618408,0.34626615047454834,0.7523007392883301,0.3569625914096832,0.6933230757713318,0.3519476652145386,0.6452219486236572,0.3524402379989624,0.6100582480430603,0.3428366184234619,0.6389989852905273,0.3541308045387268,0.6022973656654358,0.36419156193733215,0.5995098352432251,0.37095093727111816,0.5996010899543762,0.32203489542007446,0.6297283172607422,0.3245708644390106,0.563951313495636,0.3242711126804352,0.5244874954223633,0.32360371947288513,0.48986220359802246,0.3011478781700134,0.634708046913147,0.30344364047050476,0.5727121829986572,0.3048589825630188,0.5320031642913818,0.3058949112892151,0.4957887530326843,0.27872177958488464,0.6508608460426331,0.28135642409324646,0.6039837598800659,0.2832554280757904,0.5715934634208679,0.2857525050640106,0.5395321846008301,T
0.30873870849609375,0.783771812915802,0.3445431590080261,0.7476246356964111,0.35455775260925293,0.6879283785820007,0.35108810663223267,0.6402442455291748,0.3564656972885132,0.6061429977416992,0.3392072319984436,0.6325740814208984,0.3453364968299866,0.5911210179328918,0.3500487506389618,0.5757585763931274,0.3535614013671875,0.5606861114501953,0.318552166223526,0.6257764101028442,0.31877657771110535,0.5613306760787964,0.31864628195762634,0.5218538045883179,0.3184504210948944,0.4863120913505554,0.29849085211753845,0.631939709186554,0.2991754710674286,0.5721133351325989,0.3012808859348297,0.5329114198684692,0.30331507325172424,0.49815237522125244,0.27665722370147705,0.6482910513877869,0.277545303106308,0.6027876734733582,0.27977484464645386,0.5713088512420654,0.28285789489746094,0.5398766994476318,T
0.3082343339920044,0.7842711210250854,0.34356242418289185,0.7490110397338867,0.35408899188041687,0.6883276700973511,0.35164105892181396,0.6410544514656067,0.35486841201782227,0.6082314848899841,0.3351386487483978,0.6338815093040466,0.3419366180896759,0.5930283069610596,0.3490201234817505,0.5862998366355896,0.35470619797706604,0.5803692936897278,0.31532976031303406,0.6267494559288025,0.31670570373535156,0.5621680021286011,0.31698036193847656,0.5227707624435425,0.31706562638282776,0.48712843656539917,0.2959153354167938,0.632826566696167,0.2978275418281555,0.5722814798355103,0.3001979887485504,0.531988799571991,0.3020218312740326,0.4963349997997284,0.27493488788604736,0.6490457653999329,0.2768964469432831,0.6030462980270386,0.27917513251304626,0.5708787441253662,0.281994104385376,0.5391080975532532,T
0.30812373757362366,0.7860493659973145,0.3434154987335205,0.750094473361969,0.3539615869522095,0.6897202134132385,0.3504236340522766,0.6413524150848389,0.35475364327430725,0.6065875291824341,0.33856260776519775,0.6357056498527527,0.3490193784236908,0.5994256734848022,0.3610575199127197,0.5949550867080688,0.3707530200481415,0.5948606133460999,0.31754836440086365,0.6275666356086731,0.3185122311115265,0.5630712509155273,0.317796528339386,0.5230706930160522,0.3168807029724121,0.48783260583877563,0.2966747283935547,0.6336580514907837,0.29782402515411377,0.5727091431617737,0.29924479126930237,0.5324236750602722,0.3004297614097595,0.49682682752609253,0.2741999626159668,0.6506195068359375,0.27601397037506104,0.6042484045028687,0.27781662344932556,0.5721436142921448,0.2804035246372223,0.5403136610984802,T
0.30699798464775085,0.7851465940475464,0.3425522446632385,0.7484034299850464,0.3518899083137512,0.687218964099884,0.34893307089805603,0.6387834548950195,0.35464346408843994,0.6044495105743408,0.3304285705089569,0.6265144944190979,0.32789739966392517,0.5708298683166504,0.32549774646759033,0.5357406735420227,0.32264748215675354,0.5037824511528015,0.3118329346179962,0.6244711875915527,0.3109266459941864,0.5604252815246582,0.3108821213245392,0.5194935202598572,0.31095847487449646,0.4824249744415283,0.29414474964141846,0.6332530379295349,0.29448673129081726,0.5729339718818665,0.29694122076034546,0.5331629514694214,0.29906153678894043,0.49861064553260803,0.2741844356060028,0.6509668827056885,0.27512770891189575,0.6047397255897522,0.27767428755760193,0.5723928213119507,0.2806433439254761,0.5410084128379822,T
0.30622535943984985,0.7861880660057068,0.3427302837371826,0.7530288696289062,0.3536718785762787,0.6927518248558044,0.34899717569351196,0.6458301544189453,0.34759384393692017,0.612751305103302,0.34003308415412903,0.6376684308052063,0.3516804575920105,0.60237717628479,0.35944581031799316,0.6050863265991211,0.36253172159194946,0.6142268776893616,0.3185248076915741,0.6278842091560364,0.3202129602432251,0.5616657733917236,0.31916385889053345,0.522161066532135,0.3173680305480957,0.4879611134529114,0.2972821593284607,0.6337127089500427,0.29877424240112305,0.5716473460197449,0.2996373474597931,0.5312355756759644,0.30017974972724915,0.4952700138092041,0.27441737055778503,0.6509050130844116,0.2761830985546112,0.6028426885604858,0.2779541015625,0.5702880620956421,0.28038489818573,0.5376216173171997,T
0.3077174723148346,0.7859606742858887,0.3426584303379059,0.7474923729896545,0.35247698426246643,0.6881386637687683,0.3481326401233673,0.641836404800415,0.3503519296646118,0.6082024574279785,0.33141428232192993,0.6271247267723083,0.32842475175857544,0.5720525979995728,0.3256130814552307,0.5377102494239807,0.3225477635860443,0.5058803558349609,0.31195759773254395,0.625575840473175,0.3111288845539093,0.5620113611221313,0.3110455572605133,0.5219067931175232,0.3111058175563812,0.4846240282058716,0.2935596704483032,0.6346703767776489,0.29379546642303467,0.5757330656051636,0.2959531545639038,0.5373350381851196,0.2980068027973175,0.5028523802757263,0.27312958240509033,0.6528699398040771,0.2733108103275299,0.6067637205123901,0.27584290504455566,0.5748348832130432,0.27909132838249207,0.5429897308349609,T
0.30525460839271545,0.7873024940490723,0.34122157096862793,0.7534018158912659,0.3522394001483917,0.695425271987915,0.34689271450042725,0.6488114595413208,0.34215813875198364,0.6162236332893372,0.33793917298316956,0.6392222046852112,0.3492881655693054,0.6034144759178162,0.35641106963157654,0.6076178550720215,0.3586600720882416,0.6179665923118591,0.31616050004959106,0.6294768452644348,0.31802916526794434,0.5632134675979614,0.31698495149612427,0.5237541198730469,0.3154216706752777,0.48998045921325684,0.294664591550827,0.6351226568222046,0.2959722876548767,0.5733448266983032,0.2969684600830078,0.5326827764511108,0.2978319227695465,0.4967203736305237,0.27200236916542053,0.652336597442627,0.27346593141555786,0.605124294757843,0.27516239881515503,0.5730716586112976,0.27756190299987793,0.5412560105323792,T
0.3059542179107666,0.7883781790733337,0.34130144119262695,0.7522116899490356,0.3520510196685791,0.6928914189338684,0.3483707010746002,0.6452361941337585,0.3508813679218292,0.6117135286331177,0.3276045620441437,0.6262264251708984,0.3227008283138275,0.568346381187439,0.3188233971595764,0.5321953296661377,0.3145144283771515,0.49877649545669556,0.30905941128730774,0.6268528699874878,0.30831295251846313,0.5635755062103271,0.30870676040649414,0.5237320065498352,0.3089829087257385,0.4870578348636627,0.2914678156375885,0.6373021602630615,0.2923577129840851,0.5779796838760376,0.29480960965156555,0.5390375256538391,0.29687273502349854,0.5040733814239502,0.27166080474853516,0.6563711762428284,0.272225558757782,0.6094560027122498,0.2749791741371155,0.5768579244613647,0.27821457386016846,0.5443734526634216,T
0.3049047291278839,0.7899720668792725,0.34020334482192993,0.7573233246803284,0.3516075909137726,0.6966914534568787,0.347023069858551,0.6476691961288452,0.34232625365257263,0.6163609623908997,0.33441832661628723,0.6357404589653015,0.33903637528419495,0.5902358889579773,0.33882325887680054,0.5784503817558289,0.3358008861541748,0.5671745538711548,0.3135550916194916,0.628965437412262,0.31494128704071045,0.5643104314804077,0.31382977962493896,0.5249362587928772,0.3126751780509949,0.4892471730709076,0.2936399281024933,0.6363672018051147,0.2953689694404602,0.5748501420021057,0.29645025730133057,0.5343564748764038,0.2975706160068512,0.49878907203674316,0.27202069759368896,0.6544321179389954,0.27343034744262695,0.6066170930862427,0.2752741873264313,0.5745987296104431,0.27794140577316284,0.5427865982055664,T
0.306522935628891,0.7913110852241516,0.3403182327747345,0.7563413977622986,0.35118359327316284,0.697165846824646,0.3452721834182739,0.6503463387489319,0.33711546659469604,0.6208662986755371,0.3324454128742218,0.6400691866874695,0.34139662981033325,0.6032596826553345,0.35308051109313965,0.6084742546081543,0.36132463812828064,0.6154859662055969,0.3123587965965271,0.6324979662895203,0.31327009201049805,0.5673539638519287,0.31391701102256775,0.528995156288147,0.3140295445919037,0.49508118629455566,0.29208382964134216,0.6390206217765808,0.2935959994792938,0.5777961015701294,0.29593825340270996,0.5379072427749634,0.29758989810943604,0.5026423931121826,0.2711375057697296,0.6567155718803406,0.27315449714660645,0.6104469895362854,0.27472662925720215,0.5779162049293518,0.27672046422958374,0.5453757047653198,T
0.30771148204803467,0.7903679609298706,0.33991125226020813,0.7580492496490479,0.3518144488334656,0.6997687220573425,0.34520554542541504,0.6536901593208313,0.3321003317832947,0.6244143843650818,0.3374585509300232,0.6434512138366699,0.3519124388694763,0.6129593253135681,0.366292268037796,0.6139723062515259,0.3772803544998169,0.6189278364181519,0.31668514013290405,0.6329415440559387,0.3182254135608673,0.5675129294395447,0.3162773847579956,0.5269814729690552,0.3141683340072632,0.4912834167480469,0.29523390531539917,0.6388574242591858,0.29618164896965027,0.5758363604545593,0.29702985286712646,0.5356641411781311,0.2974632680416107,0.4995774030685425,0.27256709337234497,0.6569947600364685,0.274277925491333,0.6093019247055054,0.2755819857120514,0.5769062638282776,0.2775847613811493,0.5443494319915771,T
0.31014546751976013,0.7891435027122498,0.34385135769844055,0.7558708786964417,0.35587963461875916,0.6970460414886475,0.3477489650249481,0.6535617709159851,0.33374282717704773,0.627799928188324,0.3402564227581024,0.6439002156257629,0.3551080822944641,0.6171020865440369,0.37137287855148315,0.6177765130996704,0.38441193103790283,0.6205180883407593,0.32009249925613403,0.6339871287345886,0.3216414749622345,0.5687081813812256,0.3199414312839508,0.5275394916534424,0.31742027401924133,0.4917010962963104,0.29900142550468445,0.6400536298751831,0.299477219581604,0.577125072479248,0.3005765676498413,0.5373985767364502,0.30092358589172363,0.5010510087013245,0.2765738368034363,0.6581537127494812,0.2779025435447693,0.6102715134620667,0.27902135252952576,0.5782315135002136,0.2806336283683777,0.5456699132919312,T
0.3119300901889801,0.7909740209579468,0.3450784385204315,0.7564127445220947,0.3561411201953888,0.6963108777999878,0.34858840703964233,0.6527319550514221,0.3388226628303528,0.6251882314682007,0.3390521705150604,0.641886293888092,0.3528166115283966,0.611591100692749,0.3693678677082062,0.6148325204849243,0.3827022910118103,0.6196746826171875,0.3192860782146454,0.6336681842803955,0.3210146427154541,0.5687111616134644,0.3197205662727356,0.5281475782394409,0.31755223870277405,0.4921113848686218,0.2988530695438385,0.6401717066764832,0.2996719479560852,0.5778056979179382,0.301239013671875,0.5378593802452087,0.3018961548805237,0.5013628005981445,0.2773129343986511,0.658107340335846,0.2784278392791748,0.6109923124313354,0.2799581289291382,0.5787206292152405,0.2821621000766754,0.5459872484207153,T
0.3106168210506439,0.7920125722885132,0.34375467896461487,0.7559435367584229,0.35417652130126953,0.6950031518936157,0.34922075271606445,0.6504878401756287,0.3428898751735687,0.6233118176460266,0.3375779986381531,0.6404696106910706,0.3498319983482361,0.6064785718917847,0.3648891746997833,0.6101560592651367,0.3767574429512024,0.6159459352493286,0.3180347681045532,0.6332680583000183,0.3192518353462219,0.5690170526504517,0.31875497102737427,0.5301755666732788,0.3176358640193939,0.495460569858551,0.2980225682258606,0.6401799917221069,0.2989804148674011,0.5784813165664673,0.3006078898906708,0.539250910282135,0.3012429475784302,0.5039928555488586,0.27695658802986145,0.6581236124038696,0.2781173884868622,0.6118971705436707,0.2793096899986267,0.5799458026885986,0.28108644485473633,0.5476717948913574,T
0.3088441491127014,0.7918492555618286,0.34229061007499695,0.7571693658828735,0.35335639119148254,0.6966330409049988,0.34703558683395386,0.651433527469635,0.33821389079093933,0.6222895979881287,0.3383822739124298,0.6413430571556091,0.35399824380874634,0.6120964884757996,0.37066227197647095,0.6117891669273376,0.38381004333496094,0.6143827438354492,0.31801125407218933,0.6320273876190186,0.31924527883529663,0.5685628652572632,0.31755465269088745,0.5284402370452881,0.3152424097061157,0.4920717477798462,0.29723483324050903,0.6385326385498047,0.2980775833129883,0.5768975019454956,0.29941558837890625,0.5380051136016846,0.29985833168029785,0.5022225379943848,0.27540504932403564,0.6570804119110107,0.2763521373271942,0.6111327409744263,0.2776598036289215,0.5794184803962708,0.27968496084213257,0.5470000505447388,T
0.308397501707077,0.7905703783035278,0.34165745973587036,0.7556614279747009,0.3544993996620178,0.698142945766449,0.3467482924461365,0.654600203037262,0.33497196435928345,0.6248157024383545,0.3385676443576813,0.6418048143386841,0.3522762358188629,0.6122128367424011,0.368151992559433,0.6130986213684082,0.38098564743995667,0.6165584921836853,0.31780147552490234,0.6327899098396301,0.31864815950393677,0.5682712197303772,0.31672972440719604,0.527988612651825,0.3143138289451599,0.49218490719795227,0.29653292894363403,0.6390917301177979,0.29705721139907837,0.57765793800354,0.29842379689216614,0.5382875800132751,0.29916444420814514,0.5021918416023254,0.2742062211036682,0.6571609377861023,0.2757657766342163,0.6108130812644958,0.2771114706993103,0.5787369012832642,0.279129296541214,0.545847475528717,T
0.30913835763931274,0.7912585735321045,0.3413262665271759,0.7565053701400757,0.35463815927505493,0.6994990706443787,0.34826424717903137,0.6559392809867859,0.3370021879673004,0.6259273290634155,0.3366350531578064,0.6405844688415527,0.3498416841030121,0.6097321510314941,0.3661597967147827,0.6109871864318848,0.3798976242542267,0.6142638921737671,0.3162693977355957,0.6321128606796265,0.31762951612472534,0.5677632689476013,0.31674715876579285,0.5284070372581482,0.3155585527420044,0.4930778741836548,0.29549580812454224,0.6389658451080322,0.2965584099292755,0.5776042938232422,0.29842719435691833,0.5379210114479065,0.2997902035713196,0.5015044212341309,0.2737508714199066,0.6579849720001221,0.27470827102661133,0.6115392446517944,0.2761775553226471,0.5792338252067566,0.2785291075706482,0.5461764931678772,T
0.30919620394706726,0.7898950576782227,0.34254106879234314,0.7549892067909241,0.3539102375507355,0.6950899958610535,0.3474467694759369,0.6510152816772461,0.33896660804748535,0.6219310164451599,0.3394741117954254,0.64051753282547,0.35415133833885193,0.61148601770401,0.3702446520328522,0.6112397909164429,0.3830966353416443,0.6143138408660889,0.31844159960746765,0.6313188672065735,0.3192729651927948,0.5669026374816895,0.31693583726882935,0.5263203382492065,0.31403711438179016,0.49047601222991943,0.29695820808410645,0.6379084587097168,0.2972370684146881,0.57607102394104,0.2983062267303467,0.5368201732635498,0.29865139722824097,0.5006986856460571,0.27446937561035156,0.6562921404838562,0.27600425481796265,0.6095430254936218,0.2772180140018463,0.5776932239532471,0.2791517376899719,0.5449861884117126,T
0.3098757266998291,0.7903509736061096,0.34217092394828796,0.7549350261688232,0.35371705889701843,0.6971306204795837,0.34738752245903015,0.6531757116317749,0.33809858560562134,0.6229372620582581,0.3381945788860321,0.6394588947296143,0.3533218502998352,0.6100490093231201,0.3699432611465454,0.6110758781433105,0.3832259774208069,0.6145401000976562,0.3174404203891754,0.6306378841400146,0.31842663884162903,0.5666990280151367,0.3163107633590698,0.5266793370246887,0.31365057826042175,0.49020612239837646,0.2963852286338806,0.6375627517700195,0.2967846691608429,0.5768218636512756,0.2981116771697998,0.5375614166259766,0.29892995953559875,0.5006714463233948,0.27435699105262756,0.6565024852752686,0.27511855959892273,0.6104720234870911,0.2767832577228546,0.5787039995193481,0.27953633666038513,0.5458049178123474,T
0.3083614706993103,0.7908623814582825,0.34135568141937256,0.7536343336105347,0.3525712490081787,0.6949893236160278,0.3462843596935272,0.6513708829879761,0.33858078718185425,0.6220241189002991,0.33634239435195923,0.6396798491477966,0.3500058352947235,0.6093902587890625,0.36631128191947937,0.611108660697937,0.3795875012874603,0.6152530312538147,0.31608831882476807,0.6314196586608887,0.3168625235557556,0.5678720474243164,0.3149843215942383,0.5284970998764038,0.31278595328330994,0.49232378602027893,0.29544898867607117,0.6384972333908081,0.2959060072898865,0.5775622725486755,0.29720449447631836,0.5386263728141785,0.2980666756629944,0.5024168491363525,0.2736695408821106,0.6575551629066467,0.2743125259876251,0.6113962531089783,0.275760680437088,0.5795745849609375,0.27808496356010437,0.5467321872711182,T
0.3068212568759918,0.7900447845458984,0.3404909670352936,0.7552328705787659,0.3517361283302307,0.6986083388328552,0.3455248773097992,0.6536133289337158,0.3406491279602051,0.621657133102417,0.33731523156166077,0.6411303281784058,0.3502572774887085,0.6114749312400818,0.36525917053222656,0.6110154986381531,0.3778543174266815,0.6147537231445312,0.31638726592063904,0.6318641901016235,0.31643441319465637,0.5682620406150818,0.31359684467315674,0.5282527208328247,0.3110882639884949,0.4916319251060486,0.29542049765586853,0.6383643746376038,0.2953767776489258,0.5770111680030823,0.29592710733413696,0.5378684401512146,0.29661163687705994,0.5014913082122803,0.2732539176940918,0.6574987173080444,0.27353635430336,0.6111384034156799,0.27480751276016235,0.5792468190193176,0.27725574374198914,0.5464069247245789,T
0.30695101618766785,0.7919389009475708,0.3400409519672394,0.7560113668441772,0.35127782821655273,0.698747992515564,0.34278836846351624,0.654048502445221,0.33426138758659363,0.6221883296966553,0.33688071370124817,0.6424638628959656,0.34948593378067017,0.6111841201782227,0.36520326137542725,0.6116994619369507,0.37819141149520874,0.6171131730079651,0.3155456781387329,0.633188784122467,0.3152296245098114,0.5691028237342834,0.3130929172039032,0.528814435005188,0.31108421087265015,0.492503821849823,0.2943241000175476,0.6396467089653015,0.2937038540840149,0.5788934230804443,0.2946341037750244,0.5395411252975464,0.295614629983902,0.503333330154419,0.2720998227596283,0.6583607792854309,0.27223074436187744,0.6119167804718018,0.27354034781455994,0.580024003982544,0.2759486734867096,0.5474686026573181,T
0.30581676959991455,0.7913519144058228,0.34001532196998596,0.7557079195976257,0.3502346873283386,0.6983135938644409,0.343964546918869,0.6526647806167603,0.3428732752799988,0.6212399005889893,0.3334924876689911,0.640896201133728,0.34430211782455444,0.6042767763137817,0.35901108384132385,0.6086339950561523,0.37066173553466797,0.6185300946235657,0.31315550208091736,0.6339853405952454,0.3132089376449585,0.5693817138671875,0.31250032782554626,0.530730664730072,0.3115314245223999,0.49723881483078003,0.29295000433921814,0.6411034464836121,0.2929583191871643,0.579474151134491,0.2943384647369385,0.5401042699813843,0.295518696308136,0.5049225687980652,0.27161335945129395,0.6594499945640564,0.27200981974601746,0.6130546927452087,0.2730139493942261,0.5809318423271179,0.2750883400440216,0.5483905076980591,T
0.30648764967918396,0.7903035283088684,0.33994439244270325,0.7537622451782227,0.3502931594848633,0.6963672041893005,0.3430103659629822,0.6516977548599243,0.34003451466560364,0.6199919581413269,0.33552393317222595,0.6415671110153198,0.349270224571228,0.6096811294555664,0.36592790484428406,0.6099152565002441,0.37938743829727173,0.6154708862304688,0.31462082266807556,0.6328092217445374,0.3144591450691223,0.5687550902366638,0.3121654987335205,0.5283726453781128,0.3096775412559509,0.4927617609500885,0.2939489781856537,0.6390650868415833,0.2935738265514374,0.5768703818321228,0.2944563627243042,0.5374361276626587,0.295040488243103,0.5016525387763977,0.27230608463287354,0.6572152972221375,0.27311623096466064,0.6108022928237915,0.27410250902175903,0.5791289806365967,0.27588629722595215,0.5471254587173462,T
0.30595800280570984,0.7900421619415283,0.3402595818042755,0.7551584243774414,0.35064753890037537,0.6976363658905029,0.34468376636505127,0.6519738435745239,0.3442571759223938,0.6204149127006531,0.3329349160194397,0.6391472220420837,0.3446236252784729,0.604089617729187,0.3597685694694519,0.608062744140625,0.3721119165420532,0.6173181533813477,0.31247478723526,0.6318536400794983,0.31289005279541016,0.5676566362380981,0.3121378421783447,0.5284082293510437,0.31153395771980286,0.4944722056388855,0.2923148274421692,0.6388399004936218,0.2926494777202606,0.5766746401786804,0.29427939653396606,0.5372219681739807,0.29603996872901917,0.5019009113311768,0.27135559916496277,0.657332181930542,0.2718192934989929,0.6108617782592773,0.2728766202926636,0.5790141820907593,0.2752734124660492,0.5467599630355835,T
0.3056511878967285,0.7899828553199768,0.34048280119895935,0.7535859942436218,0.3497737944126129,0.6953832507133484,0.3417891263961792,0.6505256295204163,0.33878520131111145,0.6196291446685791,0.33397001028060913,0.6413853764533997,0.3458569645881653,0.6078485250473022,0.36139827966690063,0.6101371049880981,0.37387317419052124,0.6178649067878723,0.3134966790676117,0.6332100033760071,0.3132942318916321,0.5687971711158752,0.3117550313472748,0.5289039015769958,0.31014060974121094,0.4940840005874634,0.2931119203567505,0.639255940914154,0.2927377223968506,0.577455461025238,0.2936773896217346,0.5382072925567627,0.29445207118988037,0.5029617547988892,0.2715820372104645,0.656893789768219,0.27211031317710876,0.6106908321380615,0.2730157971382141,0.5791108012199402,0.2748199701309204,0.5473805665969849,T
0.3055303394794464,0.7918441295623779,0.3390602171421051,0.7541254758834839,0.34943604469299316,0.6971397995948792,0.3421849310398102,0.6530382633209229,0.338280588388443,0.6220257878303528,0.33307135105133057,0.641058087348938,0.34370672702789307,0.605516791343689,0.35793569684028625,0.6112231612205505,0.36886048316955566,0.621002733707428,0.31251826882362366,0.6340181231498718,0.312252402305603,0.5695207715034485,0.31075456738471985,0.53098064661026,0.3090974688529968,0.4967568516731262,0.2919681668281555,0.6410533785820007,0.29164981842041016,0.5796783566474915,0.2929432690143585,0.5401576161384583,0.29415497183799744,0.5042890906333923,0.27019715309143066,0.6594059467315674,0.26989343762397766,0.6130029559135437,0.27119797468185425,0.5811440348625183,0.2737998962402344,0.5487743020057678,T
0.3059794008731842,0.792746901512146,0.3392358720302582,0.7547913193702698,0.34851256012916565,0.6972044706344604,0.34119540452957153,0.6525677442550659,0.3379383385181427,0.6221287846565247,0.33138900995254517,0.6415581107139587,0.3414977192878723,0.6049108505249023,0.35658401250839233,0.6091911792755127,0.36882227659225464,0.6165230870246887,0.3111443817615509,0.635413646697998,0.3107962906360626,0.571175217628479,0.3097045421600342,0.532940149307251,0.3086043894290924,0.49910634756088257,0.2911170721054077,0.6429377198219299,0.29053086042404175,0.5816524624824524,0.2916894555091858,0.5424137711524963,0.29296109080314636,0.5072478652000427,0.26993244886398315,0.6616429090499878,0.2695162892341614,0.6152065992355347,0.27050063014030457,0.5830743312835693,0.27281108498573303,0.5506353378295898,T
0.30490702390670776,0.7908487915992737,0.33915552496910095,0.752384603023529,0.3483007550239563,0.6959490180015564,0.3399377167224884,0.6521310806274414,0.3389584422111511,0.620473325252533,0.33332905173301697,0.6426162123680115,0.34497591853141785,0.6104303598403931,0.36012500524520874,0.6068875193595886,0.37287503480911255,0.6081771850585938,0.3117336630821228,0.6350505352020264,0.309906929731369,0.5707476735115051,0.3066064119338989,0.5306190848350525,0.30335375666618347,0.4949779510498047,0.290839284658432,0.6421428918838501,0.2891077995300293,0.5802794694900513,0.28907743096351624,0.5406444072723389,0.28918153047561646,0.5045925378799438,0.26864439249038696,0.6609920263290405,0.26791539788246155,0.6145938038825989,0.26863276958465576,0.5827814340591431,0.270454466342926,0.5506173372268677,T
0.30567866563796997,0.7908725142478943,0.3364754319190979,0.756535530090332,0.34778404235839844,0.7013854384422302,0.3387638032436371,0.6599027514457703,0.3268158733844757,0.6298412084579468,0.3332856595516205,0.6445307731628418,0.3470134437084198,0.6167700886726379,0.3630618155002594,0.6118688583374023,0.3768341839313507,0.6093598008155823,0.31206053495407104,0.6349618434906006,0.31067773699760437,0.570162296295166,0.3073274791240692,0.5296199321746826,0.30414634943008423,0.4932931065559387,0.2908230423927307,0.6417908668518066,0.28874826431274414,0.5809716582298279,0.28889018297195435,0.5409274101257324,0.28913918137550354,0.5036559700965881,0.26877108216285706,0.6611407399177551,0.26750290393829346,0.6149577498435974,0.268061101436615,0.583422064781189,0.2697007954120636,0.5508729815483093,T
0.3068905174732208,0.7933629155158997,0.33757609128952026,0.7579587697982788,0.3472124934196472,0.7028699517250061,0.3395630121231079,0.6604560017585754,0.32851243019104004,0.6304815411567688,0.3303673267364502,0.6458243131637573,0.34267789125442505,0.6148183345794678,0.3592684268951416,0.6172350645065308,0.3729952573776245,0.6220611333847046,0.3108813762664795,0.6378776431083679,0.3109276294708252,0.5728359222412109,0.3085245192050934,0.5320732593536377,0.3055468201637268,0.4958731234073639,0.2906896770000458,0.6451413035392761,0.2900329828262329,0.5832921266555786,0.2902633845806122,0.5430484414100647,0.29003551602363586,0.50684654712677,0.2696097195148468,0.663921594619751,0.2694072425365448,0.6165952682495117,0.2698252201080322,0.5838080048561096,0.2710738182067871,0.550956666469574,T
0.3062461018562317,0.7938093543052673,0.3364092707633972,0.7601624727249146,0.3464888036251068,0.7055194973945618,0.3399733006954193,0.66288822889328,0.328848659992218,0.6319257020950317,0.3295353651046753,0.6476961374282837,0.34445658326148987,0.6196076273918152,0.3612523376941681,0.6206058263778687,0.3747057318687439,0.6240673661231995,0.3104884922504425,0.6391654014587402,0.31121209263801575,0.5741060376167297,0.308894544839859,0.5328927636146545,0.30597373843193054,0.4970071613788605,0.2903687357902527,0.6464229822158813,0.2894786596298218,0.5839414596557617,0.2900608777999878,0.5434568524360657,0.29015156626701355,0.5073786973953247,0.2693997919559479,0.6653422117233276,0.2689927816390991,0.6179566383361816,0.2693362534046173,0.5851754546165466,0.2705099880695343,0.5524165034294128,T
0.30659589171409607,0.7937846779823303,0.3369350731372833,0.7588198184967041,0.34656402468681335,0.7035846710205078,0.3384614884853363,0.6608931422233582,0.3258289098739624,0.6310377717018127,0.32893306016921997,0.6472043395042419,0.3427315652370453,0.6168031692504883,0.35878607630729675,0.6209405660629272,0.37150460481643677,0.6274995803833008,0.3098975121974945,0.6397305727005005,0.3108493387699127,0.5749605298042297,0.3088592290878296,0.534430742263794,0.3064207434654236,0.4987183213233948,0.28992974758148193,0.6472251415252686,0.2891460955142975,0.5852431058883667,0.2893287241458893,0.5449576377868652,0.28917205333709717,0.5085172057151794,0.2690606415271759,0.6663986444473267,0.2684798240661621,0.6191797256469727,0.26867932081222534,0.5865266919136047,0.26971709728240967,0.5536254048347473,T
0.3061835467815399,0.7937983870506287,0.3363017439842224,0.7596532106399536,0.345748633146286,0.7065256237983704,0.33846262097358704,0.6632752418518066,0.3267518877983093,0.6307827234268188,0.32829728722572327,0.6492589116096497,0.34182581305503845,0.6186167597770691,0.3579890727996826,0.6206539273262024,0.3710891604423523,0.6256483793258667,0.30947399139404297,0.6409981846809387,0.30972352623939514,0.5754370093345642,0.30768904089927673,0.5345637798309326,0.30540212988853455,0.4987776577472687,0.2897048592567444,0.6479557752609253,0.288428395986557,0.5852846503257751,0.28867024183273315,0.5450857877731323,0.28886404633522034,0.508979082107544,0.26908016204833984,0.6666837334632874,0.2681840658187866,0.6191930770874023,0.26820623874664307,0.5864852666854858,0.26921626925468445,0.553727924823761,T
0.30536067485809326,0.7938256859779358,0.33506661653518677,0.7601870894432068,0.345561683177948,0.7077125906944275,0.3389514684677124,0.6650258898735046,0.32781562209129333,0.633019208908081,0.3285495340824127,0.6484400629997253,0.34162673354148865,0.6181421875953674,0.35766011476516724,0.6207877993583679,0.3706635534763336,0.6265594959259033,0.3090749979019165,0.6402599215507507,0.3088051378726959,0.5753570199012756,0.30585217475891113,0.534636378288269,0.3027326762676239,0.4987073838710785,0.2888679802417755,0.6475918292999268,0.28752362728118896,0.5855799913406372,0.2875727117061615,0.5456945300102234,0.28769662976264954,0.5096036195755005,0.2679752707481384,0.6669996380805969,0.2668415606021881,0.620084285736084,0.26707857847213745,0.5877906680107117,0.2684708833694458,0.5552908182144165,T
0.30499541759490967,0.7934845685958862,0.33539319038391113,0.7598347663879395,0.34571805596351624,0.7060658931732178,0.33821749687194824,0.6637560725212097,0.3264799118041992,0.6324967741966248,0.3292257785797119,0.6483296155929565,0.342664510011673,0.6194380521774292,0.35852646827697754,0.6215587258338928,0.3712790608406067,0.6267455816268921,0.30950188636779785,0.6401010751724243,0.30898192524909973,0.5756996273994446,0.30635562539100647,0.5353122353553772,0.30350133776664734,0.49975425004959106,0.28909698128700256,0.6476980447769165,0.2873947322368622,0.5860971212387085,0.28742465376853943,0.5462817549705505,0.2874123156070709,0.5100316405296326,0.2680107355117798,0.6673088669776917,0.26701319217681885,0.6200626492500305,0.2672434151172638,0.5877951383590698,0.26841139793395996,0.5551216006278992,T
0.3060341477394104,0.7953988313674927,0.33606937527656555,0.760886013507843,0.34541088342666626,0.706360399723053,0.33800965547561646,0.6639030575752258,0.327170193195343,0.6325386166572571,0.3280606269836426,0.6483891606330872,0.33966487646102905,0.616875171661377,0.35499054193496704,0.621236264705658,0.3671545088291168,0.6284569501876831,0.30849432945251465,0.6414319276809692,0.3078094720840454,0.576073408126831,0.30558493733406067,0.5358753204345703,0.3027920722961426,0.5003113746643066,0.2883906960487366,0.6495358347892761,0.2866544723510742,0.5876010656356812,0.28685930371284485,0.5477548837661743,0.286830335855484,0.5112118721008301,0.26758962869644165,0.6692674160003662,0.2662152945995331,0.6220234632492065,0.26635897159576416,0.5894067287445068,0.2675630450248718,0.5561313033103943,T
0.30434897541999817,0.7949951887130737,0.3353217542171478,0.7609703540802002,0.34521231055259705,0.7052949070930481,0.33757835626602173,0.6630939245223999,0.32626813650131226,0.6339666843414307,0.3287736177444458,0.6484332084655762,0.34100133180618286,0.6183086037635803,0.3564890921115875,0.6214642524719238,0.36868876218795776,0.6277477741241455,0.30886003375053406,0.640079915523529,0.3083347678184509,0.5757607221603394,0.30557698011398315,0.5353801250457764,0.3024209141731262,0.4997079074382782,0.2883695363998413,0.6471437215805054,0.28693878650665283,0.5856565237045288,0.28669384121894836,0.5462127923965454,0.28628984093666077,0.5103901028633118,0.2670350670814514,0.6660365462303162,0.2659896910190582,0.6192218065261841,0.265989750623703,0.58730548620224,0.2669312357902527,0.5549116730690002,T
0.30428168177604675,0.794192373752594,0.333950936794281,0.759390652179718,0.3433343768119812,0.7051051259040833,0.33668726682662964,0.6621274352073669,0.3279573619365692,0.631568968296051,0.32560065388679504,0.6460102200508118,0.3376920819282532,0.6139471530914307,0.35314494371414185,0.6191262006759644,0.36546677350997925,0.6270456314086914,0.3062906861305237,0.6391047835350037,0.3058745265007019,0.5749324560165405,0.30307406187057495,0.5351533889770508,0.2999938726425171,0.49921613931655884,0.2864854335784912,0.6469526290893555,0.28567349910736084,0.5860095024108887,0.28578615188598633,0.5465147495269775,0.28558850288391113,0.5100311040878296,0.2658085823059082,0.666479229927063,0.2649456560611725,0.6200999617576599,0.26510390639305115,0.5880857706069946,0.2661418616771698,0.5553855895996094,T
0.30224671959877014,0.7918816208839417,0.33367353677749634,0.759689450263977,0.34404176473617554,0.7034333348274231,0.3359062969684601,0.660260021686554,0.3230495750904083,0.6317031979560852,0.32874658703804016,0.6472449898719788,0.34203246235847473,0.6167531609535217,0.35597312450408936,0.6187402606010437,0.3662584722042084,0.6247870326042175,0.3087379038333893,0.6381074786186218,0.3084312379360199,0.5732638835906982,0.30589014291763306,0.5331922769546509,0.3029524087905884,0.49857252836227417,0.28817206621170044,0.6449357867240906,0.2865312099456787,0.5828139781951904,0.28607237339019775,0.5431790351867676,0.28546345233917236,0.50736403465271,0.2666139304637909,0.6637810468673706,0.26556411385536194,0.6164379715919495,0.26541975140571594,0.5846536159515381,0.26609006524086,0.5525621771812439,T
0.3042614758014679,0.7905176281929016,0.3343808054924011,0.7552441954612732,0.3432735800743103,0.7011929750442505,0.3348270654678345,0.6587192416191101,0.32251816987991333,0.6276909708976746,0.3264700174331665,0.6446084380149841,0.3398299515247345,0.611785888671875,0.35585254430770874,0.6152848601341248,0.3682405948638916,0.6221604943275452,0.307289719581604,0.6375493407249451,0.3074222803115845,0.5719351768493652,0.30570805072784424,0.5319104194641113,0.30327361822128296,0.4977884590625763,0.2873658835887909,0.645243227481842,0.28677496314048767,0.5826514959335327,0.28780966997146606,0.54264235496521,0.2884199619293213,0.5071331262588501,0.2665671706199646,0.6641331911087036,0.2662522792816162,0.6169266700744629,0.26692622900009155,0.584280788898468,0.2686137557029724,0.5516404509544373,T
0.301910936832428,0.7908775806427002,0.3328355550765991,0.7568359375,0.3433113694190979,0.7032617926597595,0.33500009775161743,0.659977912902832,0.3229246735572815,0.6286051869392395,0.3276529610157013,0.6458577513694763,0.3418797552585602,0.6151050925254822,0.3570539653301239,0.615100622177124,0.3688173294067383,0.6186239719390869,0.3073197901248932,0.6365307569503784,0.3072168529033661,0.571642279624939,0.3047119677066803,0.5314638614654541,0.3021668791770935,0.4965716600418091,0.286496639251709,0.6430951952934265,0.2854066491127014,0.5817204713821411,0.28573259711265564,0.5421987771987915,0.2860550284385681,0.5069122314453125,0.2648700177669525,0.6615781784057617,0.26427608728408813,0.6155255436897278,0.2647198438644409,0.5839195251464844,0.26617515087127686,0.5523361563682556,T
0.30119529366493225,0.7914038300514221,0.33187761902809143,0.7560200095176697,0.34128278493881226,0.7013503909111023,0.3328724503517151,0.6583998799324036,0.320893257856369,0.6280031204223633,0.3239727318286896,0.6443296670913696,0.33615440130233765,0.6107496023178101,0.3513082265853882,0.6151487231254578,0.36274680495262146,0.6226164102554321,0.3043927848339081,0.637136697769165,0.30405184626579285,0.5715036392211914,0.3019152581691742,0.5320035219192505,0.29923760890960693,0.49755823612213135,0.28420084714889526,0.6447005867958069,0.28384923934936523,0.58270263671875,0.2847610116004944,0.5427670478820801,0.28531143069267273,0.5070661902427673,0.263209730386734,0.6635102033615112,0.2628535032272339,0.6170564293861389,0.2633515000343323,0.5846448540687561,0.2648831307888031,0.5519169569015503,T
0.29994040727615356,0.7929973006248474,0.33082327246665955,0.7564131617546082,0.33999189734458923,0.70102459192276,0.33169811964035034,0.6567751169204712,0.3201731741428375,0.6261218190193176,0.3216818869113922,0.6425656080245972,0.3307332992553711,0.6038200855255127,0.34362196922302246,0.6045227646827698,0.3536844551563263,0.6068441867828369,0.3020181655883789,0.6363372802734375,0.30165618658065796,0.5719893574714661,0.3001842498779297,0.5340709090232849,0.2985665202140808,0.5007829070091248,0.2821441888809204,0.6442466974258423,0.28208786249160767,0.5834470391273499,0.28237372636795044,0.5444448590278625,0.2824966013431549,0.5101478695869446,0.2612532675266266,0.6634426116943359,0.26133206486701965,0.6175094246864319,0.2617743909358978,0.5853911638259888,0.26321133971214294,0.5532506704330444,T
0.29770565032958984,0.7924139499664307,0.32783043384552,0.75697922706604,0.3380323648452759,0.703316867351532,0.32927197217941284,0.659169614315033,0.3148476183414459,0.6279584169387817,0.32129964232444763,0.6458210945129395,0.3333437442779541,0.6134510636329651,0.3469931483268738,0.6170839071273804,0.35663482546806335,0.624316394329071,0.3009341061115265,0.6376936435699463,0.3003036677837372,0.5735506415367126,0.2973589301109314,0.5347253084182739,0.2941936254501343,0.5004673600196838,0.28030678629875183,0.6445789337158203,0.2796422839164734,0.5836718678474426,0.2798910140991211,0.5442708730697632,0.2799328863620758,0.5087543725967407,0.2588267922401428,0.6630987524986267,0.2584002912044525,0.617609977722168,0.2586354613304138,0.58624267578125,0.25985628366470337,0.5543704032897949,T
0.2936212122440338,0.7904862761497498,0.32338088750839233,0.7561608552932739,0.3325943946838379,0.7029870748519897,0.32377955317497253,0.6596176028251648,0.3123873770236969,0.6287562847137451,0.3141883313655853,0.6403026580810547,0.3168072998523712,0.5988233685493469,0.3195594549179077,0.5862182974815369,0.3204602301120758,0.5723899602890015,0.2944253087043762,0.6344152092933655,0.29256418347358704,0.5722964406013489,0.29007259011268616,0.5345388650894165,0.2876892387866974,0.49967652559280396,0.275188684463501,0.6424401998519897,0.27383705973625183,0.5839623212814331,0.27379074692726135,0.5466592311859131,0.2737405002117157,0.513007402420044,0.2547856867313385,0.6613537669181824,0.25368794798851013,0.6162863373756409,0.25433748960494995,0.5853795409202576,0.2557661533355713,0.5540313720703125,T
0.28839337825775146,0.7858877182006836,0.31908705830574036,0.7499933838844299,0.3268525302410126,0.6973357200622559,0.31719252467155457,0.6553483009338379,0.3081144094467163,0.6237590312957764,0.30825233459472656,0.6369798183441162,0.31593936681747437,0.602214515209198,0.3250223994255066,0.6062319874763489,0.3304697871208191,0.6127082705497742,0.28814104199409485,0.6304051876068115,0.2862755358219147,0.568073034286499,0.28330883383750916,0.5314019918441772,0.28078901767730713,0.4985802471637726,0.26820632815361023,0.638092577457428,0.2668657600879669,0.5788289904594421,0.2663356363773346,0.541376531124115,0.26617738604545593,0.5076723098754883,0.24741145968437195,0.6573111414909363,0.24644406139850616,0.6124122738838196,0.24647368490695953,0.5814283490180969,0.24751189351081848,0.5496881008148193,T
0.28601256012916565,0.7751055955886841,0.31714802980422974,0.7380881309509277,0.32419973611831665,0.6856892704963684,0.31396690011024475,0.6429618000984192,0.30965742468833923,0.6128379702568054,0.305988609790802,0.6262151598930359,0.31406429409980774,0.5906885266304016,0.32187557220458984,0.5932474136352539,0.3264542818069458,0.597809910774231,0.2851335406303406,0.6199483871459961,0.2840712368488312,0.5579987168312073,0.28110697865486145,0.5214487910270691,0.2787317633628845,0.4887440800666809,0.2649119198322296,0.6274710297584534,0.26432371139526367,0.5680729150772095,0.26382195949554443,0.5300003290176392,0.2634292244911194,0.49620017409324646,0.24331316351890564,0.6461105942726135,0.2434518188238144,0.600305438041687,0.24365150928497314,0.5695111155509949,0.24434426426887512,0.5384543538093567,T
0.27798783779144287,0.7599895000457764,0.31049248576164246,0.7250981330871582,0.31547972559928894,0.6684801578521729,0.30914807319641113,0.6251152753829956,0.3084986209869385,0.5962949395179749,0.2955516576766968,0.6072449684143066,0.2931458652019501,0.5563422441482544,0.28907859325408936,0.5292702913284302,0.28432604670524597,0.5052708387374878,0.2747216522693634,0.6047084927558899,0.2727099657058716,0.5421028733253479,0.26977500319480896,0.5024579167366028,0.2674383223056793,0.46718159317970276,0.25526952743530273,0.6141474843025208,0.2546401917934418,0.5537621974945068,0.2553413212299347,0.515434741973877,0.25622883439064026,0.48211669921875,0.23420432209968567,0.6330834627151489,0.23511385917663574,0.58663010597229,0.23661573231220245,0.5550552010536194,0.2388443946838379,0.5233072638511658,T
0.27358710765838623,0.7508113384246826,0.3057129383087158,0.715064525604248,0.3124123513698578,0.6575000882148743,0.3053302764892578,0.6126415133476257,0.2999594211578369,0.5838802456855774,0.29027825593948364,0.5985099077224731,0.2861114740371704,0.546556830406189,0.2792816162109375,0.5177574753761292,0.2719421982765198,0.49207890033721924,0.27007144689559937,0.5962732434272766,0.2677271366119385,0.5322948694229126,0.264631450176239,0.4919443130493164,0.26200878620147705,0.45634883642196655,0.2511010468006134,0.6056680083274841,0.25041472911834717,0.5453364849090576,0.2506707012653351,0.5048760175704956,0.2510961890220642,0.47039586305618286,0.23025935888290405,0.6236986517906189,0.23096372187137604,0.5764196515083313,0.23227402567863464,0.5439819693565369,0.23415584862232208,0.5117818713188171,T
0.27152878046035767,0.7345979809761047,0.30566808581352234,0.6987751722335815,0.3133927285671234,0.6423797011375427,0.3071650266647339,0.5967270135879517,0.30455130338668823,0.5620109438896179,0.29492947459220886,0.5897420048713684,0.2984952926635742,0.5479008555412292,0.2963545024394989,0.5428665280342102,0.29110392928123474,0.5373978018760681,0.27342310547828674,0.5831329822540283,0.27276864647865295,0.5184637308120728,0.2695826292037964,0.4800964891910553,0.26698100566864014,0.4455970823764801,0.2527746856212616,0.5898231267929077,0.25249814987182617,0.5282516479492188,0.25195038318634033,0.4885905385017395,0.25193482637405396,0.45447808504104614,0.23048274219036102,0.6061547994613647,0.23135128617286682,0.5580753684043884,0.23272274434566498,0.5257806777954102,0.23482687771320343,0.49375611543655396,T
0.2714121341705322,0.7298390865325928,0.3062949776649475,0.6937905550003052,0.31322556734085083,0.6343711018562317,0.306474506855011,0.5895128846168518,0.3034921884536743,0.5627605319023132,0.2927093207836151,0.5816926956176758,0.29117435216903687,0.5332879424095154,0.2850639224052429,0.5097619295120239,0.277496337890625,0.4886021018028259,0.27228814363479614,0.5772079825401306,0.270746648311615,0.5127168297767639,0.26755237579345703,0.472250759601593,0.26450324058532715,0.43658173084259033,0.25310319662094116,0.584856390953064,0.25271299481391907,0.5245324373245239,0.252166748046875,0.4840928316116333,0.2516961395740509,0.44983214139938354,0.2323726862668991,0.6013101935386658,0.2322121262550354,0.5549819469451904,0.23310703039169312,0.523270308971405,0.234451562166214,0.4922589659690857,T
0.27225738763809204,0.7276331186294556,0.30835267901420593,0.6941341757774353,0.31745219230651855,0.6361787915229797,0.3100159466266632,0.5920209884643555,0.3012225031852722,0.5638542771339417,0.3015114665031433,0.5867401361465454,0.3108046054840088,0.5531671643257141,0.3123737871646881,0.5600942969322205,0.30910351872444153,0.5704405307769775,0.27920931577682495,0.5773334503173828,0.27918025851249695,0.5111085772514343,0.27597135305404663,0.4715215563774109,0.2726820707321167,0.437980055809021,0.25738242268562317,0.583111584186554,0.2566775977611542,0.5218244791030884,0.25593408942222595,0.48107537627220154,0.25541508197784424,0.4455762207508087,0.2345978170633316,0.5997062921524048,0.235061913728714,0.5522809624671936,0.2359093725681305,0.5203723907470703,0.23736679553985596,0.4885713458061218,T
0.278111070394516,0.7294175028800964,0.31496691703796387,0.694747269153595,0.3231397867202759,0.6352850198745728,0.3152126371860504,0.5913425087928772,0.3086533546447754,0.5644755363464355,0.3067227602005005,0.5879874229431152,0.31625813245773315,0.5537136197090149,0.3201388418674469,0.5616837739944458,0.31909921765327454,0.5727708339691162,0.28496086597442627,0.5792576670646667,0.2856183648109436,0.5130883455276489,0.28309857845306396,0.4734419584274292,0.27969005703926086,0.4398408830165863,0.2634880244731903,0.5856491327285767,0.2631778419017792,0.5242156982421875,0.26254573464393616,0.4832189679145813,0.2615455985069275,0.4472443461418152,0.24086101353168488,0.6028202176094055,0.24092182517051697,0.5543899536132812,0.24155189096927643,0.521819531917572,0.24295160174369812,0.48950159549713135,T
0.28065457940101624,0.7337471842765808,0.31634393334388733,0.7005085945129395,0.3245393931865692,0.6424847841262817,0.31707316637039185,0.5973970293998718,0.31111541390419006,0.5682077407836914,0.3083384037017822,0.5915051102638245,0.31676244735717773,0.5551531314849854,0.321500301361084,0.5561926364898682,0.32262322306632996,0.5583552122116089,0.2874915897846222,0.5824644565582275,0.28734827041625977,0.5161203742027283,0.2850993871688843,0.4768485426902771,0.2822524607181549,0.4429060220718384,0.26664021611213684,0.5879670977592468,0.266553670167923,0.5265393853187561,0.2663671672344208,0.48608124256134033,0.2656938433647156,0.4506598114967346,0.2444552630186081,0.6042040586471558,0.24453142285346985,0.5568581223487854,0.24511761963367462,0.5243856906890869,0.24625036120414734,0.4924238324165344,T
0.2891387343406677,0.7370565533638,0.3252188563346863,0.7055723071098328,0.3340603709220886,0.6472423672676086,0.32604357600212097,0.6019073724746704,0.32085224986076355,0.5736120343208313,0.3182486295700073,0.5946323275566101,0.32912981510162354,0.5618853569030762,0.3372982442378998,0.5648601651191711,0.3414653539657593,0.5715112090110779,0.2976258099079132,0.5859948396682739,0.29871442914009094,0.520957350730896,0.29666566848754883,0.48153313994407654,0.29396575689315796,0.4471583962440491,0.2767845094203949,0.5924801826477051,0.27685531973838806,0.5305658578872681,0.27638235688209534,0.48999786376953125,0.27591708302497864,0.4534984230995178,0.2542138993740082,0.610161304473877,0.25376537442207336,0.5616477131843567,0.2544281482696533,0.5281274318695068,0.25630393624305725,0.4944744408130646,T
0.2927761673927307,0.7371416091918945,0.32848799228668213,0.7062547206878662,0.33715152740478516,0.6480680108070374,0.32898813486099243,0.6034589409828186,0.322971373796463,0.5743729472160339,0.32472774386405945,0.5982393026351929,0.33830726146698,0.5686204433441162,0.3475157916545868,0.5694046020507812,0.3525537848472595,0.5761632323265076,0.30292582511901855,0.5873832106590271,0.30349475145339966,0.5210235118865967,0.3011738061904907,0.4801127314567566,0.2979372441768646,0.44525283575057983,0.2812434732913971,0.5926752090454102,0.28096893429756165,0.529996931552887,0.28109508752822876,0.49000459909439087,0.28045201301574707,0.4540707468986511,0.2584490180015564,0.6096124649047852,0.25877174735069275,0.5627994537353516,0.2596242129802704,0.530428946018219,0.26097965240478516,0.49783799052238464,T
0.29437944293022156,0.7392708659172058,0.3296876847743988,0.70589679479599,0.33793288469314575,0.6485927700996399,0.3309357464313507,0.6049215197563171,0.32647740840911865,0.5755317807197571,0.32276982069015503,0.5986406207084656,0.33577170968055725,0.5686640739440918,0.34804296493530273,0.5695701241493225,0.3564818799495697,0.5731921195983887,0.3027210831642151,0.588969349861145,0.3031390905380249,0.5225754380226135,0.30203139781951904,0.4819549322128296,0.29981091618537903,0.44702568650245667,0.28210121393203735,0.5947467088699341,0.28211361169815063,0.5332748293876648,0.28333309292793274,0.49353843927383423,0.2834024131298065,0.4579498767852783,0.2602491080760956,0.6115115284919739,0.2604610025882721,0.5649712085723877,0.26159751415252686,0.532619297504425,0.26312339305877686,0.5002659559249878,T
0.2969551980495453,0.7443003058433533,0.3307175636291504,0.7106708884239197,0.3391706943511963,0.6517753005027771,0.3335192799568176,0.6079061031341553,0.33103635907173157,0.5803182721138,0.32077670097351074,0.5989436507225037,0.3304365575313568,0.5607812404632568,0.33958473801612854,0.5603686571121216,0.3458511233329773,0.5599292516708374,0.3015834093093872,0.5919537544250488,0.3029607832431793,0.5253109931945801,0.3027696907520294,0.4869060814380646,0.301482230424881,0.45332956314086914,0.2822163701057434,0.5986475348472595,0.28320252895355225,0.5362502336502075,0.28473424911499023,0.4963206946849823,0.2849602699279785,0.4616955518722534,0.26160162687301636,0.6154430508613586,0.2624114751815796,0.5683519244194031,0.2638000249862671,0.5352763533592224,0.2653983235359192,0.5030027627944946,T
0.29667550325393677,0.7455118298530579,0.3305286765098572,0.7128135561943054,0.33985626697540283,0.6552284955978394,0.3330329656600952,0.611058235168457,0.3260486423969269,0.5816214680671692,0.3257285952568054,0.604022741317749,0.33981695771217346,0.5746232271194458,0.3526232838630676,0.5739142894744873,0.3619612455368042,0.5762539505958557,0.3055241107940674,0.5936910510063171,0.3064265549182892,0.5273382067680359,0.3047861158847809,0.48683953285217285,0.30238214135169983,0.45164352655410767,0.2845119535923004,0.5989847779273987,0.28461235761642456,0.5360088348388672,0.2850716710090637,0.4961732029914856,0.2846130430698395,0.46059495210647583,0.2623390257358551,0.6157732009887695,0.26308366656303406,0.5688068866729736,0.26370128989219666,0.536373496055603,0.26460978388786316,0.5040591359138489,T
0.2962349057197571,0.7460355758666992,0.329725056886673,0.7110193967819214,0.3370298445224762,0.6534808874130249,0.33169788122177124,0.6086702346801758,0.3343490660190582,0.5767775774002075,0.321269154548645,0.6012333631515503,0.3305692970752716,0.5672047138214111,0.3422422409057617,0.5666313767433167,0.3517211079597473,0.5676250457763672,0.3024953305721283,0.5935266613960266,0.302577406167984,0.528465211391449,0.3020968437194824,0.48951956629753113,0.30129367113113403,0.4546704888343811,0.2833251655101776,0.5992319583892822,0.28332215547561646,0.5381196737289429,0.28445470333099365,0.49826765060424805,0.2850243151187897,0.46267592906951904,0.26263073086738586,0.6150436401367188,0.26246389746665955,0.5688352584838867,0.26353681087493896,0.536300539970398,0.26511579751968384,0.5040249824523926,T
0.3001774847507477,0.7415645718574524,0.33385801315307617,0.7061829566955566,0.3406549096107483,0.6490755081176758,0.33557456731796265,0.6047696471214294,0.34211820363998413,0.5769494771957397,0.3255009055137634,0.5958585143089294,0.3330366313457489,0.5571854710578918,0.3375207185745239,0.5508531928062439,0.33955520391464233,0.543883204460144,0.3061419427394867,0.5894957780838013,0.307700514793396,0.5243521928787231,0.30678144097328186,0.48615530133247375,0.3054529130458832,0.4518057703971863,0.2870001196861267,0.5966249704360962,0.2878178060054779,0.5344638228416443,0.28816279768943787,0.49499770998954773,0.28835445642471313,0.4599195122718811,0.2653259038925171,0.6143388152122498,0.2656567394733429,0.5668373703956604,0.2670026421546936,0.5345078706741333,0.2691015303134918,0.5025291442871094,T
0.3021939694881439,0.7410515546798706,0.3363382816314697,0.7067100405693054,0.3454234302043915,0.6523969173431396,0.336590439081192,0.6101431846618652,0.33048421144485474,0.5802424550056458,0.3328494727611542,0.6024350523948669,0.34808018803596497,0.5763636231422424,0.36206042766571045,0.5721668601036072,0.3729426860809326,0.5713135004043579,0.31289708614349365,0.5915171504020691,0.31432169675827026,0.5250968933105469,0.31288230419158936,0.4844081997871399,0.31095191836357117,0.4491546154022217,0.291877806186676,0.5959949493408203,0.2919387221336365,0.5322016477584839,0.2923123240470886,0.49177855253219604,0.29231372475624084,0.45554953813552856,0.268513560295105,0.6125617623329163,0.26862362027168274,0.5645273327827454,0.26964235305786133,0.5316556692123413,0.2714756727218628,0.499271959066391,T
0.3057761788368225,0.7413305640220642,0.33998963236808777,0.7097595930099487,0.34892091155052185,0.651314377784729,0.34322643280029297,0.6055427193641663,0.34218859672546387,0.5771291851997375,0.3350028395652771,0.5992777347564697,0.3485555052757263,0.5694703459739685,0.36123961210250854,0.5701550841331482,0.3705919086933136,0.5743870735168457,0.314814031124115,0.5900554060935974,0.3168339431285858,0.5244402885437012,0.3158370852470398,0.48364055156707764,0.3138863146305084,0.44821012020111084,0.2942126393318176,0.5958318710327148,0.29509663581848145,0.5337505340576172,0.2961592674255371,0.4937438666820526,0.2964661717414856,0.45764046907424927,0.2719465494155884,0.6128042936325073,0.27270299196243286,0.565640926361084,0.27378329634666443,0.5329101085662842,0.2755277454853058,0.5001024603843689,T
0.30787861347198486,0.7430270314216614,0.3415602445602417,0.7106916308403015,0.35221385955810547,0.6546839475631714,0.34388571977615356,0.6108307838439941,0.33355411887168884,0.5808976292610168,0.33830496668815613,0.6022871136665344,0.3528044521808624,0.5749179124832153,0.3662014901638031,0.5737529993057251,0.37648123502731323,0.5750942230224609,0.31786686182022095,0.591869056224823,0.3196774125099182,0.5252467393875122,0.3186797499656677,0.4843572974205017,0.31701749563217163,0.44880032539367676,0.29649949073791504,0.5970848202705383,0.2972671091556549,0.5340561866760254,0.2984733581542969,0.4931893050670624,0.298822283744812,0.4564223885536194,0.27374300360679626,0.614036500453949,0.27506881952285767,0.5665853023529053,0.27620941400527954,0.5335022807121277,0.27778226137161255,0.5005633234977722,T
0.308881938457489,0.7454241514205933,0.3430642783641815,0.711101770401001,0.3522781729698181,0.6518517732620239,0.34570154547691345,0.6077057123184204,0.3415541648864746,0.5792459845542908,0.33614468574523926,0.5998935103416443,0.34715986251831055,0.5648343563079834,0.3589647114276886,0.5666753053665161,0.36778149008750916,0.570650041103363,0.3163231909275055,0.5921046733856201,0.317270427942276,0.5257189273834229,0.3174920082092285,0.4864234924316406,0.316995769739151,0.45228439569473267,0.2961219251155853,0.5982682108879089,0.2967221140861511,0.5360049605369568,0.29872792959213257,0.4958517551422119,0.2999255657196045,0.46028485894203186,0.2747371196746826,0.6149280667304993,0.2755835950374603,0.5683336853981018,0.2772888243198395,0.5354028344154358,0.27967754006385803,0.502746045589447,T
0.31471750140190125,0.7413500547409058,0.34951770305633545,0.7097866535186768,0.3605087399482727,0.6529882550239563,0.35444849729537964,0.6072791814804077,0.35153090953826904,0.5788225531578064,0.34732186794281006,0.5996031165122986,0.36331960558891296,0.5732276439666748,0.37639445066452026,0.5735567808151245,0.38494884967803955,0.5772141218185425,0.327385276556015,0.5892876982688904,0.32991695404052734,0.5241116285324097,0.32801538705825806,0.48341116309165955,0.32504844665527344,0.4478262960910797,0.3066865801811218,0.5945212841033936,0.3075850307941437,0.5306830406188965,0.30808213353157043,0.49018871784210205,0.3084225058555603,0.4537297487258911,0.28343912959098816,0.6114773154258728,0.2839517593383789,0.5619736909866333,0.2853340804576874,0.5284756422042847,0.2881180942058563,0.4951865077018738,T
0.32115381956100464,0.7423599362373352,0.3561142086982727,0.7119481563568115,0.36923590302467346,0.6570640802383423,0.36065682768821716,0.6115366220474243,0.3523852229118347,0.5796913504600525,0.35515639185905457,0.6019121408462524,0.3715173900127411,0.5759994387626648,0.38646528124809265,0.5738526582717896,0.3977825939655304,0.5747637748718262,0.33477655053138733,0.590327262878418,0.33710798621177673,0.5243951082229614,0.3356057405471802,0.4827156960964203,0.332943856716156,0.4464198052883148,0.3137555718421936,0.5948972702026367,0.3147277235984802,0.5317044258117676,0.31567156314849854,0.4912325143814087,0.31577402353286743,0.45400774478912354,0.2906758487224579,0.6115618944168091,0.2913634777069092,0.5635085105895996,0.2925040125846863,0.5306648015975952,0.29421520233154297,0.49784401059150696,T
0.3231283724308014,0.7445719242095947,0.35648003220558167,0.7122413516044617,0.3679559528827667,0.6562991738319397,0.36177924275398254,0.6115115284919739,0.3585176467895508,0.578985869884491,0.3514828681945801,0.5990520715713501,0.36239156126976013,0.566771924495697,0.37481069564819336,0.5669775009155273,0.38462939858436584,0.5674678087234497,0.33202385902404785,0.5902191400527954,0.3340306282043457,0.5241729021072388,0.3342703580856323,0.4851955473423004,0.3339480459690094,0.450259268283844,0.3120574653148651,0.5959823727607727,0.31348419189453125,0.5343594551086426,0.31576213240623474,0.4943654537200928,0.3173198103904724,0.45769351720809937,0.2904700040817261,0.6131937503814697,0.2909166216850281,0.5669966340065002,0.29266440868377686,0.534253716468811,0.2951425611972809,0.5012391209602356,T
0.32573413848876953,0.7448267936706543,0.36093443632125854,0.713203489780426,0.3741658627986908,0.6570247411727905,0.3670073449611664,0.6113004088401794,0.3611127436161041,0.5807723999023438,0.3611379861831665,0.6030415892601013,0.3772987127304077,0.5778185129165649,0.3914978504180908,0.5755491256713867,0.402368426322937,0.5757701396942139,0.34040606021881104,0.5913887023925781,0.34324437379837036,0.5250015258789062,0.3416869044303894,0.48303502798080444,0.33953309059143066,0.44577690958976746,0.319132924079895,0.5958518385887146,0.3197941184043884,0.5316622257232666,0.320950448513031,0.49041569232940674,0.3215731084346771,0.4527023136615753,0.2957044839859009,0.612798810005188,0.29704129695892334,0.5636453032493591,0.29884403944015503,0.530589759349823,0.30125322937965393,0.49785614013671875,T
0.33072590827941895,0.7475188374519348,0.36560600996017456,0.7155933380126953,0.37838849425315857,0.6595250964164734,0.3711393177509308,0.6130282878875732,0.3627496659755707,0.5800296068191528,0.3650999069213867,0.6042669415473938,0.380697637796402,0.5782077312469482,0.39611536264419556,0.5768886208534241,0.4084213972091675,0.5785937905311584,0.3441821336746216,0.5927887558937073,0.3462749421596527,0.5264071226119995,0.34453272819519043,0.48370084166526794,0.34207284450531006,0.44567927718162537,0.3230040669441223,0.5972605347633362,0.323885977268219,0.5339908003807068,0.3255518674850464,0.4932195842266083,0.3263123333454132,0.45566219091415405,0.300434410572052,0.6139348149299622,0.30174604058265686,0.566339373588562,0.30352410674095154,0.5332645177841187,0.30581963062286377,0.5002251267433167,T
0.33075058460235596,0.7483841180801392,0.3652590215206146,0.7163158059120178,0.3783671259880066,0.6589260697364807,0.37376588582992554,0.6121826171875,0.36937955021858215,0.5806050300598145,0.3641504645347595,0.6015821695327759,0.3775895833969116,0.5727721452713013,0.39194759726524353,0.5751346945762634,0.40304940938949585,0.5802410244941711,0.3436071276664734,0.5918278694152832,0.3459797501564026,0.5257501602172852,0.3450603485107422,0.484958291053772,0.3432044982910156,0.4483473300933838,0.3228580355644226,0.597516655921936,0.3245338797569275,0.535915195941925,0.32660502195358276,0.49558964371681213,0.32753413915634155,0.4584770202636719,0.3006330728530884,0.6149613261222839,0.30189990997314453,0.5676039457321167,0.30368784070014954,0.5345873832702637,0.3059300482273102,0.5014580488204956,T
0.3370382487773895,0.7573502063751221,0.3708658516407013,0.7272424101829529,0.3832584023475647,0.6709616780281067,0.3783130943775177,0.624013364315033,0.36807575821876526,0.5893738865852356,0.3705522119998932,0.6154206395149231,0.3891143500804901,0.5895127654075623,0.4060036242008209,0.586216151714325,0.4184569716453552,0.5853632688522339,0.35071757435798645,0.6028925776481628,0.3540833294391632,0.5356284379959106,0.35237398743629456,0.4943573772907257,0.3489643335342407,0.45897722244262695,0.3297205865383148,0.6075215935707092,0.33118677139282227,0.542960524559021,0.3322989344596863,0.5014086961746216,0.33225783705711365,0.4636799693107605,0.3070496618747711,0.6249591708183289,0.3083347976207733,0.5762665867805481,0.30963173508644104,0.542792797088623,0.31119513511657715,0.5100550055503845,T
0.3406166434288025,0.766535758972168,0.3738633096218109,0.7346564531326294,0.38569819927215576,0.6794551610946655,0.3807481825351715,0.6346889138221741,0.3749866485595703,0.5986769795417786,0.3710983097553253,0.6209723949432373,0.38711291551589966,0.5933814644813538,0.40366417169570923,0.594781219959259,0.4162471294403076,0.5981751084327698,0.3511073887348175,0.6118495464324951,0.35488802194595337,0.545377790927887,0.35331085324287415,0.5031196475028992,0.34986892342567444,0.4662500023841858,0.33004873991012573,0.6180124282836914,0.33159634470939636,0.5549980401992798,0.3326829671859741,0.514104425907135,0.3325459063053131,0.4762818217277527,0.3077513873577118,0.6362139582633972,0.3094031512737274,0.5879377722740173,0.3106803596019745,0.5542863607406616,0.31234127283096313,0.5203093886375427,T
0.3403835594654083,0.7818599939346313,0.37324321269989014,0.7505457401275635,0.3844357430934906,0.6945672631263733,0.378958523273468,0.6505691409111023,0.3697509467601776,0.617544412612915,0.3686320185661316,0.6355475783348083,0.38514623045921326,0.6090075969696045,0.4012988805770874,0.6077722907066345,0.4133196175098419,0.6081345081329346,0.3488427698612213,0.6254277229309082,0.35166019201278687,0.5604732632637024,0.35044121742248535,0.5201014280319214,0.3474350869655609,0.4846225380897522,0.3281206488609314,0.6313226819038391,0.3289812207221985,0.5680720806121826,0.3304581940174103,0.5275747776031494,0.3307195007801056,0.48936134576797485,0.30642712116241455,0.6500593423843384,0.30696290731430054,0.6032931208610535,0.3080849051475525,0.5706809759140015,0.3095470666885376,0.5375745296478271,T
0.3407197594642639,0.7908886075019836,0.37348082661628723,0.7596643567085266,0.38529786467552185,0.7052624225616455,0.3800973892211914,0.6618823409080505,0.3734545111656189,0.6293453574180603,0.36782106757164,0.6431078910827637,0.38332051038742065,0.6160474419593811,0.39986109733581543,0.6180242300033569,0.4121963083744049,0.6218088269233704,0.3479369580745697,0.6349989771842957,0.3511427938938141,0.5700094103813171,0.3495623469352722,0.5284358263015747,0.3463071584701538,0.4916948080062866,0.32766860723495483,0.6423349380493164,0.32923781871795654,0.5799457430839539,0.3304038941860199,0.5384731888771057,0.3303290903568268,0.5001300573348999,0.3066233992576599,0.6622630953788757,0.3077283203601837,0.6144662499427795,0.30854108929634094,0.5809681415557861,0.3097597062587738,0.5471944808959961,T
0.341736763715744,0.797145426273346,0.3732345998287201,0.7660398483276367,0.385820597410202,0.712177038192749,0.3811650574207306,0.6698392033576965,0.3716641068458557,0.6379103064537048,0.36894747614860535,0.6483993530273438,0.383827269077301,0.6220321655273438,0.4005008935928345,0.62661212682724,0.4136279821395874,0.6318211555480957,0.34913569688796997,0.6412816047668457,0.3513356149196625,0.5764803290367126,0.34955188632011414,0.5348917841911316,0.34677502512931824,0.4973733127117157,0.32859212160110474,0.6499685645103455,0.32912683486938477,0.587330162525177,0.3300935626029968,0.5459031462669373,0.33035433292388916,0.506892204284668,0.30749431252479553,0.6707532405853271,0.3082439601421356,0.6226774454116821,0.308880090713501,0.5890787839889526,0.3102738559246063,0.5542450547218323,T
0.34153488278388977,0.8024498224258423,0.37370508909225464,0.7701988220214844,0.3857535421848297,0.7166208624839783,0.3782712519168854,0.6740152835845947,0.3659977316856384,0.6420994997024536,0.3694935739040375,0.6563571095466614,0.3844294846057892,0.6311106085777283,0.4003927707672119,0.6333174705505371,0.4135509729385376,0.6355119347572327,0.34953972697257996,0.6470075845718384,0.35103335976600647,0.5834978818893433,0.3484782576560974,0.5419164896011353,0.34570634365081787,0.5027878284454346,0.32870620489120483,0.6537368893623352,0.32799190282821655,0.5920683741569519,0.32818466424942017,0.5513954758644104,0.32845255732536316,0.5120590925216675,0.30706673860549927,0.6731692552566528,0.306644469499588,0.6263065934181213,0.3075500428676605,0.5937491059303284,0.3097555339336395,0.5596210360527039,T
0.34013262391090393,0.8002200722694397,0.373058944940567,0.7666944265365601,0.3846500515937805,0.710956335067749,0.37685441970825195,0.669291079044342,0.3647977113723755,0.6410925388336182,0.3687785863876343,0.6529105305671692,0.38259196281433105,0.6260955333709717,0.39900487661361694,0.6303945779800415,0.4121648669242859,0.6364208459854126,0.3492637872695923,0.643995463848114,0.3506779372692108,0.5794632434844971,0.3483048379421234,0.5386239886283875,0.3451653718948364,0.5019024014472961,0.3288331627845764,0.6509488224983215,0.32828962802886963,0.5887296795845032,0.32862603664398193,0.5491280555725098,0.3287227153778076,0.5123207569122314,0.30715930461883545,0.6704385876655579,0.30617615580558777,0.6228327751159668,0.3067973256111145,0.5906282663345337,0.3086026906967163,0.5577501058578491,T
0.3380177915096283,0.7939943671226501,0.3714626133441925,0.762765109539032,0.3838548958301544,0.7071045637130737,0.37717345356941223,0.6620541214942932,0.36712369322776794,0.6315727233886719,0.3679254353046417,0.6473220586776733,0.3810705542564392,0.6179224252700806,0.3962938189506531,0.6219730973243713,0.40846920013427734,0.6283993721008301,0.34818243980407715,0.6378479599952698,0.3499336540699005,0.5736697912216187,0.348533570766449,0.5334331393241882,0.3468104600906372,0.4981718957424164,0.32785117626190186,0.643793523311615,0.3284783661365509,0.5817434191703796,0.3291712701320648,0.5421740412712097,0.3295730650424957,0.5055862069129944,0.306277871131897,0.6618959307670593,0.3067706823348999,0.6154640913009644,0.3071494996547699,0.5838680267333984,0.30841881036758423,0.5517104268074036,T
0.34568774700164795,0.7773404717445374,0.3789181113243103,0.7459408044815063,0.3900872468948364,0.6907663345336914,0.38257622718811035,0.6458221077919006,0.3751206696033478,0.6113218069076538,0.37709757685661316,0.6317983865737915,0.39566245675086975,0.604408860206604,0.41346901655197144,0.6047508716583252,0.4267924726009369,0.610914945602417,0.35728535056114197,0.6211143136024475,0.36146506667137146,0.5543377995491028,0.35976120829582214,0.5137938857078552,0.3569413423538208,0.4810406565666199,0.33628737926483154,0.6274800300598145,0.3376643657684326,0.5630187392234802,0.33834606409072876,0.5229802131652832,0.3383341133594513,0.4876558482646942,0.31305116415023804,0.6468616127967834,0.3147802948951721,0.5969715118408203,0.3156641721725464,0.5641262531280518,0.3172285258769989,0.5313209295272827,T
0.34646329283714294,0.7636671662330627,0.38093507289886475,0.732878565788269,0.39234867691993713,0.6777870059013367,0.3861764967441559,0.6327949166297913,0.3807114064693451,0.598917543888092,0.3798579275608063,0.6165633201599121,0.396481990814209,0.5917847752571106,0.4135039150714874,0.590589165687561,0.4268200993537903,0.5945978164672852,0.35935521125793457,0.6059174537658691,0.3616456687450409,0.5407403707504272,0.3599853813648224,0.4998856782913208,0.3576030731201172,0.4646540880203247,0.33809152245521545,0.612370491027832,0.3390384316444397,0.5482704043388367,0.34026241302490234,0.5087229013442993,0.34090307354927063,0.4724928140640259,0.315121591091156,0.6316171884536743,0.3166677951812744,0.5832192301750183,0.3177812397480011,0.5508647561073303,0.31925666332244873,0.5181035995483398,T
0.346133291721344,0.7607470154762268,0.37934640049934387,0.7296509742736816,0.3929212987422943,0.6740687489509583,0.3858128786087036,0.6300867795944214,0.3740234971046448,0.5995723605155945,0.37983325123786926,0.6168140172958374,0.3946463465690613,0.590490996837616,0.41073325276374817,0.5906867980957031,0.42415493726730347,0.5925537943840027,0.35978102684020996,0.6054984927177429,0.3618430495262146,0.5397171974182129,0.3594014346599579,0.4974631667137146,0.3564302623271942,0.45918047428131104,0.3385216295719147,0.6105381846427917,0.33934998512268066,0.5475875735282898,0.3407542109489441,0.5070447325706482,0.3417842984199524,0.46875038743019104,0.31573453545570374,0.6280618906021118,0.3166648745536804,0.5800645351409912,0.3182609975337982,0.5473656058311462,0.3208475708961487,0.513823926448822,T
0.34389862418174744,0.7540802955627441,0.3790986239910126,0.7216086387634277,0.3897637128829956,0.6633803248405457,0.38342833518981934,0.6183080673217773,0.3746417164802551,0.5860112905502319,0.3741615414619446,0.606698215007782,0.3881556987762451,0.5766744613647461,0.4045986533164978,0.5780175924301147,0.4175528287887573,0.5833100080490112,0.35447877645492554,0.5976462960243225,0.35650700330734253,0.5311480760574341,0.35696548223495483,0.49001544713974,0.35618144273757935,0.4546735882759094,0.33418095111846924,0.6033536195755005,0.3350789248943329,0.539459764957428,0.33765164017677307,0.4987339377403259,0.33908772468566895,0.46249306201934814,0.31264054775238037,0.6204590201377869,0.3133181035518646,0.5722163915634155,0.3149469196796417,0.5388582944869995,0.31715071201324463,0.5060470104217529,T
0.3403806984424591,0.7441187500953674,0.3752366304397583,0.7123361229896545,0.3861195743083954,0.6551660299301147,0.3797737956047058,0.6075282692909241,0.3713328540325165,0.5724237561225891,0.3719826340675354,0.5992438793182373,0.387498676776886,0.569648265838623,0.40404024720191956,0.5668826103210449,0.41705557703971863,0.5699907541275024,0.35180753469467163,0.5882359147071838,0.35437023639678955,0.5211204290390015,0.3535650968551636,0.4791173040866852,0.3521108031272888,0.442311555147171,0.3312741219997406,0.5927532911300659,0.3326698839664459,0.5272979140281677,0.3348178267478943,0.4859622120857239,0.33603936433792114,0.44933778047561646,0.3093124330043793,0.6097063422203064,0.3107134997844696,0.5613734126091003,0.31194865703582764,0.5276480317115784,0.3135027587413788,0.4947126507759094,T
0.3387852907180786,0.7429187893867493,0.3737971782684326,0.7110134363174438,0.386366605758667,0.6524839401245117,0.37864139676094055,0.6057656407356262,0.3673633337020874,0.5741554498672485,0.37439456582069397,0.5967479944229126,0.38906288146972656,0.5691421031951904,0.4034709930419922,0.5665117502212524,0.4150767922401428,0.568038284778595,0.3530595302581787,0.5848004817962646,0.35456225275993347,0.5187726020812988,0.35252630710601807,0.47691240906715393,0.3503558933734894,0.4396505355834961,0.3313264846801758,0.5893623232841492,0.33193203806877136,0.526223361492157,0.33359453082084656,0.4851575493812561,0.3347046673297882,0.4476509094238281,0.30827248096466064,0.6062034368515015,0.30910298228263855,0.5585988759994507,0.3106628358364105,0.5256397128105164,0.31302621960639954,0.49249812960624695,T
