0.3177732229232788,0.66178959608078,0.3444889187812805,0.6584776639938354,0.3632373511791229,0.6561476588249207,0.36629828810691833,0.6604365110397339,0.36356616020202637,0.6685110330581665,0.3642648160457611,0.5549506545066833,0.37323054671287537,0.6132386922836304,0.37264397740364075,0.6589100956916809,0.3721093237400055,0.692245364189148,0.3309314250946045,0.55718594789505,0.3402177095413208,0.6195566058158875,0.3463214337825775,0.6673535704612732,0.34868666529655457,0.7005373239517212,0.3003515303134918,0.5770848393440247,0.31057098507881165,0.6380218267440796,0.3183358907699585,0.6713759899139404,0.32038193941116333,0.6906808018684387,0.2758639454841614,0.6051748394966125,0.2849087417125702,0.6482758522033691,0.2942129671573639,0.6676278710365295,0.2993465065956116,0.6755982041358948,N
0.31581658124923706,0.6626490950584412,0.34266093373298645,0.6621441841125488,0.36085131764411926,0.6653255224227905,0.35653746128082275,0.6755749583244324,0.34394600987434387,0.6868968605995178,0.36465126276016235,0.5558550357818604,0.3722391724586487,0.6113495826721191,0.3705548346042633,0.6582784652709961,0.36928167939186096,0.6912926435470581,0.33110225200653076,0.555541455745697,0.3392658829689026,0.6177953481674194,0.34384316205978394,0.6665791273117065,0.34604543447494507,0.698269248008728,0.3000750243663788,0.5742053985595703,0.308115154504776,0.6352788209915161,0.3149253726005554,0.6685929298400879,0.31712377071380615,0.6860389113426208,0.27560630440711975,0.6020926237106323,0.28360065817832947,0.6461659073829651,0.2936273515224457,0.6675299406051636,0.300044983625412,0.6759545207023621,N
0.31865769624710083,0.6606119871139526,0.3450031578540802,0.6576532125473022,0.36370325088500977,0.6578316688537598,0.36711937189102173,0.6648578643798828,0.3657352030277252,0.6741161942481995,0.36452531814575195,0.5580052733421326,0.37519893050193787,0.6179868578910828,0.37490224838256836,0.6637834906578064,0.37416142225265503,0.6980948448181152,0.331591933965683,0.5609158277511597,0.34116286039352417,0.6231752634048462,0.347464382648468,0.6709892153739929,0.35030925273895264,0.7055193781852722,0.30105409026145935,0.5818073749542236,0.3096705675125122,0.639681339263916,0.31747347116470337,0.6706991195678711,0.3202824294567108,0.689614474773407,0.2761116921901703,0.6108113527297974,0.28255152702331543,0.6528105735778809,0.2909439206123352,0.6720379590988159,0.29566720128059387,0.6816480159759521,N
0.31769004464149475,0.6769146919250488,0.34561508893966675,0.6729149222373962,0.36509907245635986,0.6677243113517761,0.36664822697639465,0.6685497760772705,0.3626188635826111,0.6722719669342041,0.3670921325683594,0.5612134337425232,0.381084680557251,0.6190006732940674,0.3804352581501007,0.6661180257797241,0.3783082962036133,0.7006216645240784,0.3340594172477722,0.5638497471809387,0.34513166546821594,0.6253155469894409,0.3507063388824463,0.6741380095481873,0.3525890111923218,0.7077879905700684,0.30383843183517456,0.5847536325454712,0.31494390964508057,0.6429029107093811,0.3216891586780548,0.6743347644805908,0.32388344407081604,0.691887378692627,0.2799932062625885,0.6144828200340271,0.2905120551586151,0.656126856803894,0.2990959584712982,0.6748858690261841,0.3035268187522888,0.6820732951164246,N
0.3180044889450073,0.6815711259841919,0.34838348627090454,0.6766044497489929,0.36892756819725037,0.6679699420928955,0.3699052929878235,0.667142927646637,0.36532291769981384,0.670717179775238,0.37289753556251526,0.5648803114891052,0.3825874328613281,0.6267845034599304,0.38076329231262207,0.6763537526130676,0.37859848141670227,0.7120230197906494,0.3399689793586731,0.5654388666152954,0.3482781648635864,0.6314719319343567,0.3525221347808838,0.6844638586044312,0.35442692041397095,0.7210725545883179,0.309026300907135,0.5838845372200012,0.3180009126663208,0.6435293555259705,0.32384830713272095,0.6793898344039917,0.32572150230407715,0.7004455327987671,0.28320279717445374,0.6114016175270081,0.2919374108314514,0.6544796824455261,0.30102235078811646,0.6772487759590149,0.3066641092300415,0.688126266002655,N
0.317119300365448,0.6649931073188782,0.34730419516563416,0.6664703488349915,0.36697497963905334,0.6638507843017578,0.36698126792907715,0.6659795641899109,0.36220982670783997,0.6708545684814453,0.3769244849681854,0.5612701773643494,0.38427734375,0.6242965459823608,0.38132503628730774,0.674164354801178,0.37938570976257324,0.7101090550422668,0.34474629163742065,0.5583943724632263,0.35073137283325195,0.625694215297699,0.354634165763855,0.6793954372406006,0.357223778963089,0.7168399095535278,0.3129213750362396,0.5747518539428711,0.3193172812461853,0.6344375610351562,0.3244185149669647,0.6688846349716187,0.32570940256118774,0.6887323260307312,0.28507891297340393,0.6007023453712463,0.2907351851463318,0.645010232925415,0.29937151074409485,0.6659104228019714,0.30472105741500854,0.6755090355873108,N
0.3289147913455963,0.6614959239959717,0.3573204576969147,0.6559693813323975,0.3756769895553589,0.6492254734039307,0.37887638807296753,0.6535727381706238,0.3768724203109741,0.6641576886177063,0.38022446632385254,0.5524514317512512,0.3887031078338623,0.6142288446426392,0.38543760776519775,0.6621739268302917,0.38319188356399536,0.6975277662277222,0.3464725911617279,0.551771342754364,0.35583534836769104,0.6160814166069031,0.36014431715011597,0.6701549887657166,0.3625427484512329,0.7065975069999695,0.3151691257953644,0.5703960061073303,0.32569950819015503,0.6281483769416809,0.33078888058662415,0.659407377243042,0.3317793607711792,0.6739228963851929,0.289631724357605,0.5990808606147766,0.29864615201950073,0.6430609226226807,0.3073376715183258,0.6600453853607178,0.312193363904953,0.6643111109733582,N
0.32782867550849915,0.6647010445594788,0.3567318320274353,0.6594415903091431,0.3759717643260956,0.6511760354042053,0.37421631813049316,0.6524625420570374,0.36645108461380005,0.6617671847343445,0.3818489909172058,0.5491093993186951,0.39064475893974304,0.6069223284721375,0.388876736164093,0.6570692658424377,0.38776126503944397,0.6929419040679932,0.3500176966190338,0.5481072068214417,0.35946571826934814,0.6094164252281189,0.36335432529449463,0.6632984280586243,0.36562758684158325,0.6996251940727234,0.31942370533943176,0.5653895139694214,0.32834476232528687,0.6219884753227234,0.33284857869148254,0.65411376953125,0.3333302438259125,0.6708633303642273,0.2932450473308563,0.5918012261390686,0.3019309937953949,0.6334801912307739,0.3107587695121765,0.6550936698913574,0.3156260848045349,0.6646679639816284,N
0.32873839139938354,0.6600807905197144,0.35682031512260437,0.654091477394104,0.37737905979156494,0.6431059837341309,0.3828947842121124,0.6413109302520752,0.383370041847229,0.6484037637710571,0.38391396403312683,0.5485070943832397,0.39232125878334045,0.6080358624458313,0.3895131051540375,0.6574684977531433,0.38810595870018005,0.6931533813476562,0.35162872076034546,0.5480671525001526,0.3604103624820709,0.6094760894775391,0.364149272441864,0.6618548631668091,0.36643198132514954,0.6980615258216858,0.32049158215522766,0.564801037311554,0.3289552330970764,0.6191724538803101,0.3344084918498993,0.6522532105445862,0.3356573283672333,0.6706205010414124,0.2938463091850281,0.5902697443962097,0.3001624643802643,0.6286496520042419,0.30903464555740356,0.6503682732582092,0.31448009610176086,0.661529541015625,N
0.330466091632843,0.6587076187133789,0.3587664067745209,0.6573785543441772,0.3779144585132599,0.6534161567687988,0.37584275007247925,0.6573359370231628,0.36933669447898865,0.6654956340789795,0.3858911991119385,0.5453382730484009,0.39248836040496826,0.602500855922699,0.3882550597190857,0.6516129374504089,0.3856670558452606,0.687258243560791,0.3536321818828583,0.5425183176994324,0.36016905307769775,0.6031386852264404,0.3637283742427826,0.6564321517944336,0.366288959980011,0.6935362219810486,0.3221803307533264,0.5593295097351074,0.32747161388397217,0.6126324534416199,0.33389514684677124,0.64729905128479,0.335902601480484,0.667829155921936,0.2948485016822815,0.5869132876396179,0.2992307245731354,0.6247350573539734,0.3094324767589569,0.6465970873832703,0.3163290023803711,0.6581326723098755,N
0.3290650546550751,0.6546158194541931,0.3565475046634674,0.6526932716369629,0.3745664060115814,0.648928701877594,0.3756277561187744,0.6540228724479675,0.3713449239730835,0.6652639508247375,0.38347411155700684,0.5412718057632446,0.39061838388442993,0.6026160717010498,0.38768813014030457,0.653154730796814,0.38629835844039917,0.6886054873466492,0.35052332282066345,0.5414104461669922,0.35854193568229675,0.6036270260810852,0.36321669816970825,0.6580320596694946,0.366028755903244,0.6947380304336548,0.3185390532016754,0.5609751343727112,0.327129989862442,0.6183454394340515,0.3335150182247162,0.6562216281890869,0.3349059522151947,0.6775763034820557,0.2915973365306854,0.5910539627075195,0.2994334101676941,0.6341066956520081,0.30817991495132446,0.6559077501296997,0.3128938674926758,0.6648525595664978,N
0.32838118076324463,0.6536469459533691,0.355886846780777,0.6483862400054932,0.3727402091026306,0.6444694399833679,0.3721786141395569,0.6505656242370605,0.3667668402194977,0.6616957187652588,0.3819870948791504,0.5445346236228943,0.3904778063297272,0.6040747761726379,0.3885066509246826,0.6528508067131042,0.387055367231369,0.688060998916626,0.35090944170951843,0.5437734723091125,0.35884663462638855,0.6067428588867188,0.36204230785369873,0.6602964997291565,0.3639259934425354,0.6964961886405945,0.3201543986797333,0.5605451464653015,0.3275384306907654,0.6186155676841736,0.33130693435668945,0.6535157561302185,0.3314543664455414,0.6730002164840698,0.29386961460113525,0.5860738158226013,0.300452321767807,0.6285293698310852,0.309490442276001,0.6520659327507019,0.3155244290828705,0.6637799739837646,N
0.32654622197151184,0.657706618309021,0.3531780540943146,0.6517819166183472,0.3719042241573334,0.6427705883979797,0.3765852451324463,0.6449782848358154,0.3763793110847473,0.6554319858551025,0.3802122473716736,0.5424788594245911,0.3871524930000305,0.6024235486984253,0.3850528299808502,0.6522846221923828,0.3839636445045471,0.6870474815368652,0.347502738237381,0.5428263545036316,0.3555932641029358,0.6050915122032166,0.36011385917663574,0.6598649621009827,0.36213886737823486,0.6955012083053589,0.3159756362438202,0.5613866448402405,0.32392311096191406,0.6197798252105713,0.33028319478034973,0.6567197442054749,0.331783652305603,0.6763361692428589,0.28929126262664795,0.5893022418022156,0.29612618684768677,0.6317466497421265,0.30678653717041016,0.6555697917938232,0.3141312301158905,0.6660540699958801,N
0.32392653822898865,0.6559818983078003,0.3519414961338043,0.6512460708618164,0.3726595938205719,0.6435599327087402,0.3773937523365021,0.6488844156265259,0.3773272633552551,0.6624735593795776,0.3800148665904999,0.5441953539848328,0.385690838098526,0.6007866263389587,0.3822961747646332,0.6497799158096313,0.3808228373527527,0.6856893301010132,0.3487705886363983,0.5418447256088257,0.3547430634498596,0.6037757396697998,0.35689300298690796,0.6569596529006958,0.35839882493019104,0.6942134499549866,0.31802061200141907,0.5570662021636963,0.32420116662979126,0.6140648126602173,0.3279297351837158,0.6502199769020081,0.328458696603775,0.6721491813659668,0.291263610124588,0.5816449522972107,0.29685747623443604,0.6241418719291687,0.3068532347679138,0.6506842374801636,0.31431183218955994,0.6662681102752686,N
0.32340502738952637,0.6554587483406067,0.3529062867164612,0.6539363861083984,0.37374868988990784,0.648769736289978,0.37599197030067444,0.6529790163040161,0.3726910650730133,0.6649246215820312,0.37877121567726135,0.5432655215263367,0.3846490979194641,0.6017630696296692,0.38083475828170776,0.6508933901786804,0.3782489001750946,0.6857841610908508,0.34649336338043213,0.5413540601730347,0.35291630029678345,0.6046241521835327,0.3555288016796112,0.6585380434989929,0.35672521591186523,0.6943950653076172,0.31505879759788513,0.557498037815094,0.3209891617298126,0.6144042611122131,0.3261398375034332,0.6528653502464294,0.3275776505470276,0.6751855611801147,0.28766438364982605,0.5837015509605408,0.2934146523475647,0.6246799826622009,0.3040584325790405,0.6508408784866333,0.31194981932640076,0.6645286083221436,N
0.32388216257095337,0.6612603068351746,0.3531651794910431,0.6578857898712158,0.37506505846977234,0.65253084897995,0.3774276375770569,0.6570287346839905,0.37450170516967773,0.6688450574874878,0.3789820373058319,0.5461493730545044,0.3848583996295929,0.6008336544036865,0.3801519572734833,0.6494970917701721,0.37723228335380554,0.6853635907173157,0.34646010398864746,0.5429883599281311,0.35181817412376404,0.604285717010498,0.3541986644268036,0.6588687896728516,0.3559536933898926,0.695676326751709,0.31517279148101807,0.557748019695282,0.3216746151447296,0.6156297326087952,0.32577183842658997,0.6527013778686523,0.3268035650253296,0.6729126572608948,0.288097083568573,0.5826327800750732,0.29522988200187683,0.6287043690681458,0.30535516142845154,0.6554623246192932,0.3129809498786926,0.6682018637657166,N
0.32299527525901794,0.6548789143562317,0.3517040014266968,0.6505404114723206,0.37301015853881836,0.6435657143592834,0.3781869113445282,0.6464606523513794,0.37680864334106445,0.6568540334701538,0.37603384256362915,0.5438482165336609,0.3839923143386841,0.6006404757499695,0.3799833059310913,0.6487104892730713,0.3772146999835968,0.6840189695358276,0.34354519844055176,0.5418722629547119,0.3509538173675537,0.6038902401924133,0.3545030355453491,0.656369149684906,0.3568218946456909,0.6920508742332458,0.3128286898136139,0.5582053661346436,0.3199995160102844,0.6146327257156372,0.3260495066642761,0.6497076153755188,0.32764434814453125,0.6695173382759094,0.2865585386753082,0.5840824246406555,0.29130420088768005,0.6242709755897522,0.30124324560165405,0.6472846865653992,0.3077387809753418,0.658254861831665,N
0.3216077387332916,0.6607689261436462,0.34941527247428894,0.655839204788208,0.3708401024341583,0.6452701091766357,0.3768302798271179,0.6420305371284485,0.37894386053085327,0.6478777527809143,0.37553107738494873,0.5442472696304321,0.3823700249195099,0.5993747115135193,0.3789113759994507,0.6484804153442383,0.37596946954727173,0.6838555932044983,0.3436170518398285,0.541253387928009,0.3499596416950226,0.6028369069099426,0.3527640700340271,0.6564910411834717,0.35409122705459595,0.6921619772911072,0.3132522404193878,0.5564243793487549,0.3198747932910919,0.6119194626808167,0.3251206576824188,0.6502327919006348,0.3263348937034607,0.6725953817367554,0.2869507074356079,0.5811595320701599,0.2916944622993469,0.6168085932731628,0.301999032497406,0.6415285468101501,0.30939534306526184,0.6550710797309875,N
0.3212969899177551,0.6532599925994873,0.349428653717041,0.6435666084289551,0.36870986223220825,0.6301332712173462,0.37592974305152893,0.6247614026069641,0.37933969497680664,0.6274257302284241,0.37002062797546387,0.5393894910812378,0.3783203661441803,0.5964241623878479,0.3749036192893982,0.6445801258087158,0.3717725872993469,0.6797652840614319,0.33845680952072144,0.5407511591911316,0.3467819094657898,0.6010532975196838,0.3505862355232239,0.6525499224662781,0.35257163643836975,0.6881287693977356,0.3088564872741699,0.5585423111915588,0.316665917634964,0.6134807467460632,0.32288679480552673,0.6491430997848511,0.32484713196754456,0.6711368560791016,0.28361067175865173,0.5847933292388916,0.2891363203525543,0.6238169074058533,0.3000611364841461,0.6473972797393799,0.30773451924324036,0.6598696708679199,N
0.3217447102069855,0.6561682820320129,0.3488016128540039,0.6499064564704895,0.3691086769104004,0.6346242427825928,0.37649020552635193,0.6253097653388977,0.3812580704689026,0.6227426528930664,0.37048232555389404,0.5388957262039185,0.37695038318634033,0.5954794883728027,0.3739785850048065,0.6418136954307556,0.3717647194862366,0.6750104427337646,0.33809566497802734,0.5399516820907593,0.3440866768360138,0.5970374345779419,0.3484528660774231,0.6468214392662048,0.35109084844589233,0.6809019446372986,0.30805182456970215,0.5580241084098816,0.31205520033836365,0.6083694100379944,0.3186987638473511,0.6429230570793152,0.3217737078666687,0.6636703014373779,0.2828061878681183,0.5854478478431702,0.2854275405406952,0.6227201223373413,0.29671844840049744,0.6477214097976685,0.3053465485572815,0.661159336566925,N
0.32575753331184387,0.6587632894515991,0.3520558178424835,0.6531410813331604,0.3705877959728241,0.6445915102958679,0.37342268228530884,0.6427541971206665,0.3699865937232971,0.6455913186073303,0.3717285394668579,0.5398217439651489,0.3758212924003601,0.590109646320343,0.37313881516456604,0.6324016451835632,0.3721854090690613,0.6623798608779907,0.33992746472358704,0.5396564602851868,0.34498903155326843,0.5958231091499329,0.3496009409427643,0.6414226293563843,0.35376256704330444,0.6710718274116516,0.3099871575832367,0.5563594102859497,0.31641077995300293,0.6127671599388123,0.321951687335968,0.6426948308944702,0.3242358863353729,0.6574341058731079,0.28505274653434753,0.5825263857841492,0.29076486825942993,0.6221059560775757,0.3031471073627472,0.646856427192688,0.3130207061767578,0.659515917301178,N
0.3218139410018921,0.6615007519721985,0.34687283635139465,0.660123348236084,0.36486390233039856,0.658103346824646,0.3683372735977173,0.6574926972389221,0.3664500415325165,0.6504190564155579,0.37092047929763794,0.5443999171257019,0.37500134110450745,0.5839682817459106,0.3729495406150818,0.6230879426002502,0.3714841306209564,0.6498606204986572,0.34050190448760986,0.5417054891586304,0.34379473328590393,0.5904206037521362,0.3466145098209381,0.6300317645072937,0.34851253032684326,0.6525810956954956,0.3106367886066437,0.5573961734771729,0.31423527002334595,0.6098182201385498,0.31789296865463257,0.6348780989646912,0.31869739294052124,0.642638623714447,0.28589928150177,0.5831798911094666,0.29029110074043274,0.6221239566802979,0.30168354511260986,0.6457639932632446,0.31098777055740356,0.6551182270050049,N
0.3252996504306793,0.6643407344818115,0.34878650307655334,0.6629048585891724,0.36646023392677307,0.661223828792572,0.37144359946250916,0.660731315612793,0.37026870250701904,0.6549632549285889,0.37093737721443176,0.5469446182250977,0.3754366338253021,0.588458240032196,0.37349796295166016,0.626711905002594,0.3720543384552002,0.6525713801383972,0.34092357754707336,0.5439440608024597,0.3460805118083954,0.5965805649757385,0.34908977150917053,0.6365208625793457,0.3504675626754761,0.6600348949432373,0.31158918142318726,0.5586417317390442,0.3187255263328552,0.6166743636131287,0.322211891412735,0.6430020332336426,0.32165801525115967,0.6530369520187378,0.287069708108902,0.5833657383918762,0.29214683175086975,0.6252890229225159,0.30145543813705444,0.6471573114395142,0.30818572640419006,0.6556384563446045,N
0.32125937938690186,0.6643205285072327,0.3469226658344269,0.6632568836212158,0.3651701807975769,0.6643061637878418,0.36934539675712585,0.6638442873954773,0.3657577335834503,0.6543086171150208,0.3699524402618408,0.5472500324249268,0.3758021891117096,0.5864366292953491,0.3740943372249603,0.6221017837524414,0.37268275022506714,0.6453261375427246,0.34046539664268494,0.5434767603874207,0.34597671031951904,0.5959646105766296,0.34742510318756104,0.6339889168739319,0.34754765033721924,0.6542145609855652,0.3117382526397705,0.5577554106712341,0.3180104196071625,0.6151480078697205,0.3196480870246887,0.6355909109115601,0.3185321092605591,0.6389480829238892,0.28758934140205383,0.5825598835945129,0.29478591680526733,0.6273640990257263,0.30473968386650085,0.648747980594635,0.31236687302589417,0.6553062200546265,N
0.3278575539588928,0.6677960753440857,0.35088953375816345,0.6624610424041748,0.3692537844181061,0.6559145450592041,0.37524810433387756,0.6526498794555664,0.3715524673461914,0.6480196714401245,0.372124046087265,0.5457841753959656,0.3774484395980835,0.5834227800369263,0.3773837685585022,0.6182278990745544,0.37799158692359924,0.6410850882530212,0.34071847796440125,0.5450797080993652,0.3460060954093933,0.5945993065834045,0.3504362106323242,0.6317070722579956,0.3529438078403473,0.6514089107513428,0.31052476167678833,0.5627760291099548,0.3157498240470886,0.6180161237716675,0.32065480947494507,0.6430112719535828,0.32208818197250366,0.6495321989059448,0.2859324812889099,0.5905793905258179,0.2915077805519104,0.6327879428863525,0.30270153284072876,0.6546201109886169,0.31132322549819946,0.660977303981781,N
0.32512858510017395,0.6701383590698242,0.34989890456199646,0.668114423751831,0.37000054121017456,0.6632072329521179,0.3767639398574829,0.6591205596923828,0.3749755620956421,0.6506908535957336,0.3719666302204132,0.5495110154151917,0.3808441460132599,0.5873461961746216,0.38058143854141235,0.6249626278877258,0.3791232407093048,0.6475241184234619,0.34123265743255615,0.5477068424224854,0.34847643971443176,0.5974753499031067,0.3530454933643341,0.6347695589065552,0.3544294536113739,0.6532361507415771,0.31150022149086,0.5650994181632996,0.3167187571525574,0.6171888709068298,0.3219943940639496,0.6419922113418579,0.3224243223667145,0.6487681865692139,0.28742730617523193,0.5928888320922852,0.29213619232177734,0.6321144700050354,0.30213096737861633,0.6537261009216309,0.3088158071041107,0.6611277461051941,N
0.32065099477767944,0.6678139567375183,0.34752702713012695,0.6652105450630188,0.3662882149219513,0.6629086136817932,0.37021955847740173,0.6620863676071167,0.3682512044906616,0.658178985118866,0.3726750314235687,0.550017237663269,0.38266506791114807,0.5948522686958313,0.38321417570114136,0.6342850923538208,0.38241052627563477,0.6605335474014282,0.3414292633533478,0.5486252903938293,0.34874027967453003,0.6016492247581482,0.3539668917655945,0.6414262056350708,0.3568524718284607,0.6645654439926147,0.31107768416404724,0.5662596225738525,0.3160860538482666,0.6231036186218262,0.3225635886192322,0.6491701006889343,0.3252498209476471,0.6586448550224304,0.28647053241729736,0.5937123894691467,0.29185208678245544,0.6338902711868286,0.30223309993743896,0.6557769179344177,0.30984625220298767,0.6639443635940552,N
0.3227865993976593,0.6616555452346802,0.350790798664093,0.6576266884803772,0.3713803291320801,0.654373049736023,0.3790524899959564,0.6612330675125122,0.3787616789340973,0.6731032133102417,0.3735312521457672,0.5458005666732788,0.3831184208393097,0.5992680788040161,0.3831411600112915,0.6404479742050171,0.38353386521339417,0.6691944003105164,0.34137478470802307,0.5464502573013306,0.3507274389266968,0.6047671437263489,0.35720235109329224,0.6494847536087036,0.362362802028656,0.6793041229248047,0.3105257749557495,0.5646795034408569,0.32140272855758667,0.6247811913490295,0.3304160535335541,0.6585859060287476,0.3349570035934448,0.6767061948776245,0.2862323522567749,0.5921328067779541,0.2941589951515198,0.631770133972168,0.302921324968338,0.6526357531547546,0.308627724647522,0.6621096134185791,N
0.32059216499328613,0.6633864045143127,0.3493436276912689,0.6565335392951965,0.3707123398780823,0.6502575874328613,0.37829524278640747,0.6570786237716675,0.37645989656448364,0.671665370464325,0.3723966181278229,0.5463396310806274,0.3826374411582947,0.6002188324928284,0.38162127137184143,0.6430284976959229,0.381169855594635,0.6745679378509521,0.33953726291656494,0.5463491678237915,0.3503473401069641,0.6055437326431274,0.35647034645080566,0.6542969942092896,0.3606731593608856,0.6877768635749817,0.30849942564964294,0.5636144280433655,0.31930190324783325,0.62342768907547,0.32703277468681335,0.660324215888977,0.32999303936958313,0.681498646736145,0.28286439180374146,0.5899524688720703,0.2918042540550232,0.6317427754402161,0.3032377362251282,0.6574528217315674,0.31112557649612427,0.6710308194160461,N
0.32150474190711975,0.666175365447998,0.35098502039909363,0.6600196361541748,0.3718581795692444,0.6557700634002686,0.3766889274120331,0.6624507308006287,0.3738803565502167,0.6756567358970642,0.3741622865200043,0.5475210547447205,0.38423436880111694,0.5981568098068237,0.3841983377933502,0.641085147857666,0.38403579592704773,0.6732883453369141,0.3417598009109497,0.546963632106781,0.35280075669288635,0.6046895384788513,0.35851559042930603,0.6531856060028076,0.3629153072834015,0.6867988109588623,0.3109087646007538,0.5641947984695435,0.32266712188720703,0.6209101676940918,0.32891982793807983,0.652755856513977,0.33122533559799194,0.6697885990142822,0.2853454649448395,0.5907527208328247,0.2960739731788635,0.6311795711517334,0.30664148926734924,0.6548874378204346,0.3138654828071594,0.6666512489318848,N
0.32134273648262024,0.6635737419128418,0.3509081304073334,0.6603209972381592,0.37248989939689636,0.6583787798881531,0.3795573115348816,0.6647531986236572,0.37866300344467163,0.674940824508667,0.37472978234291077,0.5480883121490479,0.3840659558773041,0.5984495878219604,0.38403087854385376,0.6401700973510742,0.38383010029792786,0.6707644462585449,0.3428260385990143,0.5462602376937866,0.3523954749107361,0.603814959526062,0.3579747676849365,0.6516284346580505,0.36250191926956177,0.6844188570976257,0.31222718954086304,0.562472403049469,0.3223161995410919,0.6201589703559875,0.3284228444099426,0.652618944644928,0.3307783901691437,0.6698453426361084,0.28688958287239075,0.5881127715110779,0.2964853346347809,0.6283965706825256,0.3059748411178589,0.6514829993247986,0.31228235363960266,0.6630063652992249,N
0.3222966194152832,0.6643311381340027,0.3510691821575165,0.6591910123825073,0.3711283206939697,0.6549658179283142,0.3777330219745636,0.6602644324302673,0.37698423862457275,0.6726746559143066,0.37354686856269836,0.5475003719329834,0.38474777340888977,0.5997090935707092,0.38507595658302307,0.6423812508583069,0.3849426805973053,0.6737010478973389,0.3418072462081909,0.5471463799476624,0.3528207540512085,0.605614960193634,0.3597925305366516,0.6532766222953796,0.36482226848602295,0.68478924036026,0.31112992763519287,0.5643728375434875,0.32156598567962646,0.6226637363433838,0.33032193779945374,0.6589460372924805,0.3338557779788971,0.6787315607070923,0.285988450050354,0.590816855430603,0.29351475834846497,0.6292648911476135,0.3023228645324707,0.6520857214927673,0.30739131569862366,0.6625685691833496,N
0.3191382884979248,0.6607782244682312,0.34862062335014343,0.6574645042419434,0.3683672845363617,0.6568933129310608,0.37150517106056213,0.6665165424346924,0.36669546365737915,0.6828734278678894,0.3742964565753937,0.5522141456604004,0.3851047158241272,0.6061992049217224,0.3844754695892334,0.6496119499206543,0.3838845491409302,0.6818538904190063,0.34274107217788696,0.5494847893714905,0.35223016142845154,0.61311274766922,0.3577471375465393,0.6618953943252563,0.3615421950817108,0.6951403617858887,0.3115994334220886,0.5640615224838257,0.32006680965423584,0.6241346597671509,0.3261759877204895,0.657988965511322,0.3281535506248474,0.6768645644187927,0.28514739871025085,0.5876800417900085,0.29282471537590027,0.6307536363601685,0.30221322178840637,0.6553475260734558,0.3081122636795044,0.6682474613189697,N
0.31959131360054016,0.6626706719398499,0.3477514982223511,0.6561951041221619,0.36581000685691833,0.6531789898872375,0.3686959743499756,0.6565786600112915,0.3656638562679291,0.6654157042503357,0.37396156787872314,0.5573491454124451,0.38534048199653625,0.6182585954666138,0.38540130853652954,0.6626043319702148,0.38534289598464966,0.6953052878379822,0.34201183915138245,0.5558855533599854,0.3523753881454468,0.6204566955566406,0.3573352098464966,0.6694568395614624,0.36040157079696655,0.7036687731742859,0.3111332952976227,0.5713985562324524,0.3201274275779724,0.6277081370353699,0.3235507011413574,0.6553033590316772,0.3234764337539673,0.6698794364929199,0.28508296608924866,0.5957333445549011,0.293334037065506,0.6389418244361877,0.3005869388580322,0.6594802141189575,0.3041554093360901,0.6691790223121643,N
0.3159410357475281,0.6677656769752502,0.3451949656009674,0.6622028350830078,0.3623817563056946,0.6585041284561157,0.3617502748966217,0.6607030034065247,0.3533470332622528,0.6670168042182922,0.37448209524154663,0.5606880187988281,0.3845078945159912,0.6174927949905396,0.38404855132102966,0.6623431444168091,0.38338997960090637,0.6958116888999939,0.34228774905204773,0.5561971664428711,0.3515813648700714,0.6223590970039368,0.35634714365005493,0.6714876890182495,0.35930463671684265,0.704262375831604,0.3107813596725464,0.5693655014038086,0.31992262601852417,0.6307269930839539,0.3215712904930115,0.6573647260665894,0.3202778100967407,0.6678426265716553,0.2839771807193756,0.592081606388092,0.29404109716415405,0.6401234865188599,0.30281826853752136,0.6615091562271118,0.3080286681652069,0.669564425945282,N
0.3208141624927521,0.6684848070144653,0.3492622673511505,0.663558304309845,0.3681327700614929,0.6597196459770203,0.3715590834617615,0.6632016897201538,0.36815616488456726,0.674222469329834,0.37552177906036377,0.5570704340934753,0.38396528363227844,0.6140750050544739,0.382143497467041,0.6560582518577576,0.3808785676956177,0.687466561794281,0.3434048295021057,0.552832841873169,0.352130264043808,0.6164258718490601,0.35618358850479126,0.6641585230827332,0.3590417802333832,0.6975811123847961,0.31224480271339417,0.5671738386154175,0.3200766444206238,0.624950647354126,0.32317492365837097,0.6501920819282532,0.32302796840667725,0.661888062953949,0.28578832745552063,0.5913636684417725,0.29230406880378723,0.633765697479248,0.30044588446617126,0.6554286479949951,0.3056219518184662,0.6659308671951294,N
0.31885871291160583,0.6629576086997986,0.3484848737716675,0.6577536463737488,0.3687744736671448,0.6541006565093994,0.37264636158943176,0.6586567163467407,0.37072157859802246,0.6707596182823181,0.37626218795776367,0.5528576970100403,0.38468411564826965,0.610403835773468,0.3833661377429962,0.653969943523407,0.382718950510025,0.6869140267372131,0.34400102496147156,0.5493443012237549,0.3524964153766632,0.6143074035644531,0.3570713400840759,0.6635762453079224,0.360125333070755,0.6985313892364502,0.3122433125972748,0.563744068145752,0.3209555745124817,0.6243090033531189,0.32516247034072876,0.656497597694397,0.32528451085090637,0.6739068627357483,0.2849189043045044,0.587583065032959,0.2935020327568054,0.6300187110900879,0.3009658753871918,0.6524569392204285,0.30462998151779175,0.6631098985671997,N
0.3198469281196594,0.6623727083206177,0.3481229841709137,0.6558635234832764,0.3677749037742615,0.6498631834983826,0.3722357749938965,0.6528714895248413,0.3698616623878479,0.6650512218475342,0.37556785345077515,0.550533652305603,0.38419634103775024,0.6073379516601562,0.38319429755210876,0.6508979797363281,0.38236793875694275,0.6844698786735535,0.3432229459285736,0.54740309715271,0.35248973965644836,0.6118913292884827,0.3574507534503937,0.6614521741867065,0.36017200350761414,0.696753203868866,0.3116402328014374,0.5615922212600708,0.3212526738643646,0.6209247708320618,0.3257448971271515,0.6508097052574158,0.32617664337158203,0.6662203073501587,0.28463315963745117,0.5849154591560364,0.2928677797317505,0.6300252676010132,0.30214110016822815,0.6534546613693237,0.30809658765792847,0.6650457978248596,N
0.31636717915534973,0.6623244285583496,0.34449121356010437,0.6574516892433167,0.36462002992630005,0.6530476808547974,0.3696543276309967,0.657410204410553,0.36696475744247437,0.6689344644546509,0.373750776052475,0.5513303279876709,0.3842991590499878,0.6070848703384399,0.38295459747314453,0.6521479487419128,0.38198429346084595,0.685967743396759,0.34208613634109497,0.5481894612312317,0.35285037755966187,0.6126556992530823,0.3569380044937134,0.6623013019561768,0.35936713218688965,0.6965369582176208,0.3108084499835968,0.5624133944511414,0.32148635387420654,0.6214485764503479,0.3244597315788269,0.6524450182914734,0.32370689511299133,0.6683695912361145,0.28387853503227234,0.5857052803039551,0.29346737265586853,0.6287454962730408,0.30210259556770325,0.6519815325737,0.30718737840652466,0.6637476086616516,N
0.31854432821273804,0.6622689962387085,0.34714019298553467,0.6558032035827637,0.3670082092285156,0.649321436882019,0.37229007482528687,0.6518529653549194,0.37077534198760986,0.6625763773918152,0.37431013584136963,0.5506700277328491,0.3840828239917755,0.6063194274902344,0.38278281688690186,0.6504294872283936,0.38148730993270874,0.6843986511230469,0.34253498911857605,0.5477454662322998,0.352556049823761,0.6108853220939636,0.3564594089984894,0.6603699326515198,0.3584640920162201,0.6960441470146179,0.3113858997821808,0.5626328587532043,0.3204929232597351,0.6173728108406067,0.3242793083190918,0.6447361707687378,0.3242703676223755,0.6598516702651978,0.28459975123405457,0.586617648601532,0.2932931184768677,0.6278479695320129,0.30253326892852783,0.6513324975967407,0.30829617381095886,0.6646743416786194,N
0.3167872130870819,0.6607754230499268,0.34487682580947876,0.6575130820274353,0.36129552125930786,0.6558760404586792,0.3580772280693054,0.6592553853988647,0.34930285811424255,0.6670617461204529,0.3733159005641937,0.5511001348495483,0.3843330144882202,0.6072314977645874,0.3841070532798767,0.6502901315689087,0.38275447487831116,0.6839404106140137,0.3421798348426819,0.5468626618385315,0.35199788212776184,0.6106614470481873,0.35632431507110596,0.658844530582428,0.35821717977523804,0.6930882930755615,0.31086474657058716,0.5612456798553467,0.3188643753528595,0.6178085803985596,0.3222467601299286,0.645661473274231,0.3214930593967438,0.6600748896598816,0.2835005521774292,0.5852969288825989,0.2920248508453369,0.6281628608703613,0.30096718668937683,0.6504635810852051,0.30609288811683655,0.6619173288345337,N
0.316546767950058,0.6569814682006836,0.3454294204711914,0.6524063348770142,0.36633703112602234,0.6483961343765259,0.37233853340148926,0.6540681719779968,0.37155580520629883,0.66875821352005,0.37388747930526733,0.5480425953865051,0.38392049074172974,0.6062930226325989,0.38296446204185486,0.6493641138076782,0.3814260959625244,0.6825586557388306,0.34179532527923584,0.5463444590568542,0.3511570990085602,0.6111077070236206,0.35622093081474304,0.6600586771965027,0.358554482460022,0.6953941583633423,0.3101155757904053,0.5612819194793701,0.32034265995025635,0.6208587884902954,0.3254396319389343,0.655107319355011,0.32571864128112793,0.6750857830047607,0.2829217314720154,0.5846602320671082,0.29191669821739197,0.6261869072914124,0.30087268352508545,0.6485369801521301,0.3057142496109009,0.6599894762039185,N
0.31814759969711304,0.6611720323562622,0.3463836908340454,0.6535328030586243,0.366047203540802,0.6484944820404053,0.37105321884155273,0.6501994729042053,0.36795878410339355,0.6584943532943726,0.37329211831092834,0.5514919757843018,0.38202619552612305,0.6078119874000549,0.3805699050426483,0.6515633463859558,0.3786044120788574,0.6857765316963196,0.3408028781414032,0.5497950911521912,0.349325954914093,0.6145159006118774,0.35300779342651367,0.6622673869132996,0.3544808328151703,0.6965417861938477,0.30959227681159973,0.5643914937973022,0.3188145160675049,0.6216214299201965,0.32067859172821045,0.6499258875846863,0.31905481219291687,0.6652410626411438,0.28289487957954407,0.5877369046211243,0.2918476164340973,0.6309431195259094,0.29948848485946655,0.6532722115516663,0.30367711186408997,0.6647753119468689,N
0.3145517408847809,0.6566471457481384,0.3438667953014374,0.6500902771949768,0.3654390573501587,0.6441007256507874,0.37367329001426697,0.6453098058700562,0.37556734681129456,0.6513144969940186,0.3725016415119171,0.551375687122345,0.3779469430446625,0.6123903393745422,0.3778037428855896,0.6579494476318359,0.37766727805137634,0.6907331347465515,0.3397985100746155,0.5498307943344116,0.34576615691185,0.6211857795715332,0.3513563573360443,0.66914963722229,0.3537648618221283,0.7000964879989624,0.30826711654663086,0.5644607543945312,0.31571701169013977,0.6294846534729004,0.3211821913719177,0.662507951259613,0.32174795866012573,0.6795459389686584,0.2818470299243927,0.587744414806366,0.2884722352027893,0.6336193680763245,0.29700955748558044,0.6554964780807495,0.30165889859199524,0.6647109985351562,N
0.3146200478076935,0.65554279088974,0.3419496715068817,0.6526744365692139,0.36112117767333984,0.6509431004524231,0.36437925696372986,0.6579417586326599,0.35940468311309814,0.6701914072036743,0.3704216778278351,0.5557247996330261,0.37896448373794556,0.6199700832366943,0.37725257873535156,0.6685671806335449,0.37619149684906006,0.7031103372573853,0.3381601870059967,0.5523119568824768,0.34592872858047485,0.6246765851974487,0.3501461446285248,0.6773614287376404,0.35235947370529175,0.712030291557312,0.3068327009677887,0.5655306577682495,0.3169579803943634,0.6316317319869995,0.3197855055332184,0.662882924079895,0.31812798976898193,0.6778864860534668,0.2798783481121063,0.5876097679138184,0.2886947989463806,0.6353110074996948,0.2962709367275238,0.6559915542602539,0.29952386021614075,0.6641725897789001,N
0.31485989689826965,0.6621608734130859,0.3430444598197937,0.6583440899848938,0.3613649308681488,0.6557158827781677,0.36076152324676514,0.6587662696838379,0.3509649336338043,0.6673010587692261,0.370363712310791,0.5554669499397278,0.37872493267059326,0.6198123097419739,0.37750884890556335,0.668106734752655,0.37679243087768555,0.7019882202148438,0.33747598528862,0.5527935028076172,0.34548529982566833,0.6259185671806335,0.3503986597061157,0.6786352396011353,0.3530544638633728,0.7119466066360474,0.3059343695640564,0.56699138879776,0.31600233912467957,0.6332741975784302,0.3192053735256195,0.6650599241256714,0.31808701157569885,0.6783491373062134,0.27928411960601807,0.5899741053581238,0.28845542669296265,0.6376383304595947,0.29576802253723145,0.6574156284332275,0.298849493265152,0.6627061367034912,N
0.3125385046005249,0.6613335609436035,0.34119072556495667,0.6573773622512817,0.36255860328674316,0.6531281471252441,0.36940905451774597,0.6558188199996948,0.3687204122543335,0.6632877588272095,0.3707578778266907,0.5542451739311218,0.37811747193336487,0.6187490224838257,0.3772504925727844,0.6671348810195923,0.3768942952156067,0.702089786529541,0.3379955589771271,0.5517274141311646,0.34585919976234436,0.6239714622497559,0.35136306285858154,0.6760203838348389,0.35427066683769226,0.7107400298118591,0.30600762367248535,0.5662310719490051,0.31565096974372864,0.6298537850379944,0.3202994167804718,0.6623742580413818,0.3203588128089905,0.6781128644943237,0.2782590985298157,0.5894100069999695,0.2871108055114746,0.6350181698799133,0.29651084542274475,0.6567507982254028,0.3022255301475525,0.6662891507148743,N
0.3129104673862457,0.6611688137054443,0.3419649600982666,0.6544431447982788,0.36350974440574646,0.6478625535964966,0.3720303177833557,0.6486506462097168,0.374097615480423,0.6554004549980164,0.3708210289478302,0.552949070930481,0.37862250208854675,0.615831196308136,0.37739846110343933,0.6637036204338074,0.3770548701286316,0.6985793113708496,0.33798858523368835,0.5509926676750183,0.34686678647994995,0.6236135363578796,0.3515547513961792,0.6763999462127686,0.35413622856140137,0.7115288972854614,0.30656519532203674,0.565281093120575,0.31738823652267456,0.630556046962738,0.32138592004776,0.6639240384101868,0.3212261497974396,0.680884599685669,0.27968108654022217,0.5878731608390808,0.2878504693508148,0.6342802047729492,0.29600685834884644,0.6556605100631714,0.3009473979473114,0.6645227670669556,N
0.3133081793785095,0.660870373249054,0.34178078174591064,0.6571612358093262,0.3627929985523224,0.6545267105102539,0.36610811948776245,0.6621269583702087,0.36211419105529785,0.6762062311172485,0.3722017705440521,0.5507895946502686,0.3785066306591034,0.6106394529342651,0.3765255808830261,0.6582673788070679,0.3758298456668854,0.6934432983398438,0.3391287326812744,0.5480271577835083,0.346255898475647,0.6179308295249939,0.3503301739692688,0.6699656248092651,0.3529536724090576,0.7044599652290344,0.30693721771240234,0.5627875924110413,0.3152741491794586,0.6238694787025452,0.31834274530410767,0.656501293182373,0.3175264000892639,0.6726930737495422,0.278858482837677,0.5862155556678772,0.28700125217437744,0.6301280856132507,0.2965807318687439,0.6531913876533508,0.3027935326099396,0.6636791825294495,N
0.31623733043670654,0.6571405529975891,0.3463878929615021,0.6507315635681152,0.3678469657897949,0.6415303349494934,0.37550100684165955,0.6404494643211365,0.3763056993484497,0.6473236680030823,0.37058043479919434,0.5466866493225098,0.3797084093093872,0.6043693423271179,0.3782619535923004,0.6490923762321472,0.3771381080150604,0.6827976107597351,0.33771875500679016,0.5450324416160583,0.3481401801109314,0.6105547547340393,0.35319432616233826,0.6605693101882935,0.35575854778289795,0.6947008371353149,0.30693289637565613,0.5600706338882446,0.31956547498703003,0.620069682598114,0.32423335313796997,0.6505237817764282,0.3244769275188446,0.6651750802993774,0.28112852573394775,0.5834725499153137,0.29236194491386414,0.6256416440010071,0.3011758327484131,0.6450445652008057,0.3056661784648895,0.651746928691864,N
0.3146270513534546,0.6539440751075745,0.34360164403915405,0.652246356010437,0.36387309432029724,0.651145339012146,0.36674049496650696,0.6584086418151855,0.36431628465652466,0.6699086427688599,0.3707306385040283,0.548362672328949,0.3829495310783386,0.6088463068008423,0.38117748498916626,0.6575375199317932,0.37897059321403503,0.6933740377426147,0.33961793780326843,0.5459473729133606,0.3502398729324341,0.6120007634162903,0.35408714413642883,0.6655656099319458,0.3559543490409851,0.7024633288383484,0.30922040343284607,0.5612335205078125,0.31890565156936646,0.6164103746414185,0.3243356943130493,0.6528393030166626,0.3255138695240021,0.6749833822250366,0.2828325927257538,0.5855145454406738,0.29006072878837585,0.6222633123397827,0.3000110685825348,0.6437621116638184,0.3065519630908966,0.6560766696929932,N
0.314642995595932,0.6607477068901062,0.34441590309143066,0.6560600996017456,0.3666266202926636,0.6502392292022705,0.37261736392974854,0.6497930288314819,0.37198343873023987,0.6563683748245239,0.37230631709098816,0.5486477613449097,0.3815711438655853,0.6069684624671936,0.38045811653137207,0.6541717052459717,0.3793204426765442,0.6893802285194397,0.33879849314689636,0.546694278717041,0.3476863205432892,0.6109880208969116,0.3530489504337311,0.6650813817977905,0.3556157052516937,0.7017062306404114,0.30710136890411377,0.5612384676933289,0.31752675771713257,0.622323751449585,0.32243627309799194,0.6598687767982483,0.3224744498729706,0.6795380115509033,0.27993568778038025,0.5848090052604675,0.2905718684196472,0.6295144557952881,0.2998495399951935,0.6519127488136292,0.30497321486473083,0.6604583263397217,N
0.3155263662338257,0.6604203581809998,0.3457854092121124,0.654460072517395,0.3663702607154846,0.6469497084617615,0.3684515058994293,0.6464530229568481,0.3653459846973419,0.6537982821464539,0.37090957164764404,0.5474517345428467,0.3815169930458069,0.6046647429466248,0.38057464361190796,0.6507987976074219,0.37916603684425354,0.6864011287689209,0.3390515148639679,0.545946478843689,0.349887877702713,0.6098566055297852,0.3548930287361145,0.6611941456794739,0.35743430256843567,0.6983118653297424,0.3085598349571228,0.5618066787719727,0.31881532073020935,0.6158095598220825,0.32239508628845215,0.6483743786811829,0.32175830006599426,0.6679640412330627,0.28195929527282715,0.5857805013656616,0.29026851058006287,0.6223368644714355,0.299721896648407,0.6442599892616272,0.3053849935531616,0.6565327048301697,N
0.3131774365901947,0.660215437412262,0.34359413385391235,0.6564382314682007,0.36679860949516296,0.6476405262947083,0.37470170855522156,0.6439993977546692,0.3783362805843353,0.647182285785675,0.37220582365989685,0.548032820224762,0.3825257420539856,0.607402503490448,0.3810696303844452,0.6547249555587769,0.37952959537506104,0.6904112100601196,0.33976873755455017,0.545708954334259,0.34891998767852783,0.6104976534843445,0.3537372052669525,0.6630843877792358,0.3563160300254822,0.7003784775733948,0.30842363834381104,0.560696542263031,0.3174325227737427,0.6190339922904968,0.3224619925022125,0.6557275056838989,0.3232135474681854,0.678188145160675,0.2814178466796875,0.5846139192581177,0.28905442357063293,0.6231558918952942,0.29888346791267395,0.6459614038467407,0.30511215329170227,0.6587635278701782,N
0.31357187032699585,0.6537936329841614,0.3441636562347412,0.6487637162208557,0.3663604259490967,0.6419106125831604,0.3733804225921631,0.6450013518333435,0.37357890605926514,0.6554790735244751,0.3701821565628052,0.5442642569541931,0.380768746137619,0.6019087433815002,0.3794667422771454,0.6478029489517212,0.3781679570674896,0.6827790141105652,0.33848053216934204,0.5420483350753784,0.3492943346500397,0.6076065301895142,0.35363301634788513,0.6590837240219116,0.35575366020202637,0.6957101821899414,0.30780506134033203,0.557410478591919,0.3186759948730469,0.6160929799079895,0.321687251329422,0.6494395136833191,0.32031500339508057,0.6686150431632996,0.28115561604499817,0.581697940826416,0.2897724509239197,0.6215112805366516,0.29912179708480835,0.6431323885917664,0.30460184812545776,0.6544740200042725,N
0.3137448728084564,0.655775785446167,0.3430941104888916,0.6510021090507507,0.3619283437728882,0.6465412378311157,0.36107149720191956,0.6474357843399048,0.35346081852912903,0.6542156338691711,0.37204039096832275,0.5453787446022034,0.38102179765701294,0.6043566465377808,0.3793095350265503,0.651120126247406,0.3775796890258789,0.6864104270935059,0.3407634198665619,0.5436780452728271,0.3493156135082245,0.6112578511238098,0.353392630815506,0.6629374027252197,0.3555438816547394,0.6986401677131653,0.30974361300468445,0.5588095188140869,0.31870827078819275,0.6182951927185059,0.3231775462627411,0.652228057384491,0.3232935070991516,0.671180009841919,0.2825573980808258,0.5827370882034302,0.2904391586780548,0.6266438961029053,0.29951032996177673,0.6500279903411865,0.304950475692749,0.6616942286491394,N
0.31637677550315857,0.6563853025436401,0.3447941839694977,0.6511685252189636,0.3655017018318176,0.6445537805557251,0.37213975191116333,0.6454131007194519,0.37397700548171997,0.6530852317810059,0.37195414304733276,0.5458537936210632,0.38112443685531616,0.6062024831771851,0.37961235642433167,0.6538422703742981,0.378338485956192,0.6893329620361328,0.3392576277256012,0.5444797873497009,0.3485223054885864,0.610055148601532,0.3532807528972626,0.6631481051445007,0.35530996322631836,0.6995677947998047,0.3081880211830139,0.560490608215332,0.3187108635902405,0.620206892490387,0.32335010170936584,0.6541992425918579,0.3229060471057892,0.6721707582473755,0.2816300392150879,0.5855780839920044,0.2905338406562805,0.628652811050415,0.29880520701408386,0.6477848291397095,0.30276933312416077,0.654667317867279,N
0.31499943137168884,0.661529004573822,0.343447208404541,0.656973123550415,0.364321231842041,0.6499872803688049,0.36813247203826904,0.6493483185768127,0.3661721646785736,0.655563235282898,0.371476411819458,0.550584614276886,0.38087180256843567,0.6096464395523071,0.3797222077846527,0.6579738855361938,0.37803131341934204,0.6934023499488831,0.3393147587776184,0.5475465655326843,0.3476332724094391,0.6145296692848206,0.35206472873687744,0.6678906679153442,0.3537837266921997,0.7034338116645813,0.30849871039390564,0.561789870262146,0.3177507817745209,0.6233692169189453,0.3225230574607849,0.6592950820922852,0.32270240783691406,0.6789485216140747,0.28219109773635864,0.5849382281303406,0.29055145382881165,0.6277203559875488,0.2987563908100128,0.6498236656188965,0.30325403809547424,0.6597927212715149,N
0.31222641468048096,0.6599161624908447,0.3414246439933777,0.6588283777236938,0.36275869607925415,0.6550942659378052,0.3663148581981659,0.6567540168762207,0.36330318450927734,0.6648480296134949,0.371223509311676,0.5507745146751404,0.37769150733947754,0.6118181347846985,0.37615513801574707,0.6614806056022644,0.3750755786895752,0.6971006989479065,0.3383643329143524,0.5475200414657593,0.34487107396125793,0.6172066330909729,0.350624144077301,0.672056257724762,0.3531852960586548,0.7077672481536865,0.30665722489356995,0.5621099472045898,0.314936101436615,0.6261410117149353,0.321220338344574,0.662678062915802,0.321924090385437,0.6815630197525024,0.27961888909339905,0.5858728289604187,0.2884954810142517,0.6314327716827393,0.2981581687927246,0.6537861824035645,0.3035895824432373,0.6627285480499268,N
0.3139322102069855,0.6580868363380432,0.34197959303855896,0.6516211032867432,0.3639886677265167,0.6426475048065186,0.37517449259757996,0.6414446234703064,0.3813389539718628,0.6463429927825928,0.3695879578590393,0.5504769682884216,0.37668126821517944,0.6132650375366211,0.3750673830509186,0.6624099016189575,0.3741871416568756,0.6978107690811157,0.3368535041809082,0.5494979619979858,0.3440859615802765,0.6197693943977356,0.34880536794662476,0.6727803945541382,0.35114601254463196,0.7084595561027527,0.30578550696372986,0.5650067329406738,0.31460490822792053,0.6285773515701294,0.31858593225479126,0.6620004773139954,0.3178924024105072,0.6800631880760193,0.2792745530605316,0.5892074704170227,0.285955011844635,0.6348217725753784,0.293396532535553,0.6552795767784119,0.29721271991729736,0.6635850071907043,N
0.3141446113586426,0.6612721681594849,0.3425128161907196,0.6575604677200317,0.3634485900402069,0.6525400876998901,0.3698669672012329,0.6551104187965393,0.36819833517074585,0.6635743975639343,0.3676902651786804,0.5513929724693298,0.3754015862941742,0.6141043305397034,0.3732931315898895,0.6648508310317993,0.37192755937576294,0.7015023231506348,0.3354494571685791,0.5493519306182861,0.34316810965538025,0.6212559938430786,0.3487344980239868,0.6753867864608765,0.35193321108818054,0.7123242616653442,0.30460482835769653,0.5642080307006836,0.3142562806606293,0.627469003200531,0.32083994150161743,0.6621187329292297,0.32243669033050537,0.6816361546516418,0.278216689825058,0.5882264375686646,0.2871652841567993,0.6328043937683105,0.2966321110725403,0.6541976928710938,0.3019695281982422,0.6640755534172058,N
0.31149426102638245,0.6590608954429626,0.3399026393890381,0.6579396724700928,0.3595046103000641,0.655842125415802,0.36100971698760986,0.6620144844055176,0.355967253446579,0.6726526618003845,0.367831826210022,0.5514138340950012,0.37502366304397583,0.6145650744438171,0.37266233563423157,0.6657266616821289,0.371319442987442,0.7022043466567993,0.33648356795310974,0.5485616326332092,0.34394699335098267,0.6208747625350952,0.34804198145866394,0.675537109375,0.3501695394515991,0.7112971544265747,0.3054313659667969,0.5632627010345459,0.3135448396205902,0.6248713731765747,0.3176311254501343,0.6578015685081482,0.31718242168426514,0.6750204563140869,0.2781132161617279,0.5870897173881531,0.28509145975112915,0.6319566965103149,0.2942369878292084,0.6542627811431885,0.2998504340648651,0.6644836664199829,N
0.3117615580558777,0.6568687558174133,0.3399224281311035,0.6527785658836365,0.359396368265152,0.6463207006454468,0.3628734052181244,0.6443248391151428,0.36149218678474426,0.6478137969970703,0.36829936504364014,0.5506784319877625,0.37585413455963135,0.6133720278739929,0.37425878643989563,0.6616363525390625,0.37326839566230774,0.6963424682617188,0.336130827665329,0.5479912757873535,0.3440990746021271,0.6174779534339905,0.34825196862220764,0.6705209016799927,0.34997472167015076,0.7058778405189514,0.30502042174339294,0.5624454617500305,0.31424862146377563,0.6243953704833984,0.3179587125778198,0.6585673093795776,0.3172075152397156,0.6760383248329163,0.2782329320907593,0.5858099460601807,0.28639447689056396,0.6304662227630615,0.29372438788414,0.6527453660964966,0.2972426414489746,0.6621939539909363,N
0.3145429491996765,0.6568521857261658,0.34123751521110535,0.6542546153068542,0.3564065396785736,0.6528623104095459,0.35078006982803345,0.658737063407898,0.33960768580436707,0.6682471632957458,0.36918362975120544,0.550585925579071,0.3765814006328583,0.6128409504890442,0.37485435605049133,0.6610795259475708,0.37368807196617126,0.696305513381958,0.33799126744270325,0.5484668016433716,0.34514740109443665,0.6167654395103455,0.34908032417297363,0.6693814396858215,0.35110634565353394,0.7049219608306885,0.306693971157074,0.563927948474884,0.3150232136249542,0.6226211190223694,0.31932732462882996,0.6550518870353699,0.3190005421638489,0.6718513369560242,0.27943098545074463,0.588308572769165,0.2856723368167877,0.6308889389038086,0.29429203271865845,0.6531839966773987,0.29943475127220154,0.6637080907821655,N
0.3137723207473755,0.6537984013557434,0.34114742279052734,0.6516415476799011,0.3610733449459076,0.6499330997467041,0.3644304871559143,0.655315101146698,0.3610188663005829,0.6659680604934692,0.3688369393348694,0.5509468913078308,0.3754538297653198,0.6121441125869751,0.3741067051887512,0.6609952449798584,0.3736933171749115,0.6959452033042908,0.33566054701805115,0.5490115880966187,0.34282156825065613,0.6177598834037781,0.3474569022655487,0.6709242463111877,0.3498244881629944,0.7053340673446655,0.3040526807308197,0.563850998878479,0.3131833076477051,0.6276930570602417,0.3171979784965515,0.6613136529922485,0.31659549474716187,0.6775522232055664,0.2773011326789856,0.5876523852348328,0.28631922602653503,0.6355483531951904,0.2944091558456421,0.6571686863899231,0.2984890043735504,0.6648481488227844,N
0.31351086497306824,0.6569784283638,0.34073203802108765,0.6531251072883606,0.3585261404514313,0.6494844555854797,0.35734933614730835,0.6517795920372009,0.3500675857067108,0.6581504940986633,0.3676985204219818,0.5497790575027466,0.3755541145801544,0.6107423901557922,0.37426939606666565,0.659386932849884,0.37340691685676575,0.6946567296981812,0.3360631465911865,0.5479130148887634,0.3442099392414093,0.6164972186088562,0.3480724096298218,0.66939377784729,0.35000908374786377,0.7048958539962769,0.30502980947494507,0.5623923540115356,0.3142335116863251,0.6231316328048706,0.3182884752750397,0.6584030389785767,0.31825903058052063,0.6778513789176941,0.27832573652267456,0.5856983661651611,0.28650665283203125,0.6307488679885864,0.2947937250137329,0.6557823419570923,0.2995185852050781,0.6683346033096313,N
0.3114306628704071,0.6578994393348694,0.3396512269973755,0.6535232663154602,0.35906243324279785,0.6483979225158691,0.3612484633922577,0.6493644118309021,0.35752663016319275,0.654391884803772,0.36840903759002686,0.5503882765769958,0.37631285190582275,0.6122796535491943,0.3743322491645813,0.6607925891876221,0.3727910816669464,0.6956652998924255,0.33650436997413635,0.5482028126716614,0.34449803829193115,0.6174715161323547,0.3480510115623474,0.6705485582351685,0.34961608052253723,0.7057449221611023,0.30513912439346313,0.5627266764640808,0.3146185278892517,0.6253951787948608,0.31875157356262207,0.659490704536438,0.3186229169368744,0.6769647002220154,0.2779698371887207,0.5861026048660278,0.28607437014579773,0.6320181488990784,0.29485559463500977,0.6555042266845703,0.30015528202056885,0.6660711765289307,N
0.31443867087364197,0.6586329340934753,0.3425329923629761,0.6529854536056519,0.3613402545452118,0.6456477642059326,0.3635157346725464,0.6438806056976318,0.35967278480529785,0.6491068601608276,0.3679371476173401,0.5516663193702698,0.37525588274002075,0.612403392791748,0.3732210397720337,0.6607155799865723,0.3717615008354187,0.6966049671173096,0.335862934589386,0.5493152141571045,0.3428603708744049,0.6169054508209229,0.34688109159469604,0.6698070764541626,0.34913140535354614,0.7057012319564819,0.30502256751060486,0.5636812448501587,0.31304308772087097,0.6234503984451294,0.3167436718940735,0.658084511756897,0.3166827857494354,0.6768321394920349,0.2784714698791504,0.5869166254997253,0.2854901850223541,0.630609393119812,0.2936244606971741,0.6525042057037354,0.29834628105163574,0.6620327234268188,N
0.31225258111953735,0.6524065136909485,0.3408355712890625,0.6498535871505737,0.36013251543045044,0.6468952298164368,0.36235690116882324,0.6498826742172241,0.3586170971393585,0.6572059392929077,0.36782941222190857,0.5519196391105652,0.37638673186302185,0.6151798367500305,0.37491756677627563,0.6632410883903503,0.37362679839134216,0.6977299451828003,0.3366471230983734,0.5502125024795532,0.3442579209804535,0.6203500032424927,0.34849947690963745,0.672368049621582,0.3501567244529724,0.7074142694473267,0.3059084415435791,0.5649102330207825,0.31420639157295227,0.6266107559204102,0.3190423250198364,0.6604466438293457,0.3188222646713257,0.6793333292007446,0.27935677766799927,0.588121235370636,0.2853339910507202,0.6316397786140442,0.2928682565689087,0.6526872515678406,0.29628196358680725,0.6622827053070068,N
0.3138017952442169,0.6580541133880615,0.3425089120864868,0.6523295044898987,0.3647926151752472,0.6425670981407166,0.37344303727149963,0.6395381093025208,0.3764715790748596,0.643906831741333,0.3696413040161133,0.5486862659454346,0.3759757876396179,0.6122767329216003,0.373855859041214,0.661496102809906,0.37261471152305603,0.6966260075569153,0.3365262448787689,0.5478513240814209,0.34313639998435974,0.6161822080612183,0.3477589190006256,0.6704589128494263,0.3499529957771301,0.7061677575111389,0.3050215542316437,0.5634250640869141,0.3143557608127594,0.6268782615661621,0.3189932703971863,0.6616440415382385,0.31908997893333435,0.6787046790122986,0.27808430790901184,0.5877275466918945,0.2870122492313385,0.6349584460258484,0.2956598401069641,0.6568947434425354,0.30056583881378174,0.6642283797264099,N
0.3126011788845062,0.6570661067962646,0.3409747779369354,0.6559128761291504,0.3618871867656708,0.6538507342338562,0.366190642118454,0.660148024559021,0.36272138357162476,0.670534610748291,0.3693749010562897,0.5526595115661621,0.3757917284965515,0.6124565005302429,0.37285447120666504,0.6623382568359375,0.37084370851516724,0.6983814835548401,0.3378647565841675,0.5485856533050537,0.34424400329589844,0.6192628741264343,0.3477594256401062,0.673596203327179,0.3498159646987915,0.7093421816825867,0.3067116141319275,0.5616353750228882,0.31465980410575867,0.6232600212097168,0.3193124234676361,0.6583830118179321,0.32009458541870117,0.6774383187294006,0.2794533371925354,0.583597719669342,0.2862720787525177,0.628704309463501,0.29588842391967773,0.6519540548324585,0.3025312125682831,0.6626996397972107,N
0.31317344307899475,0.662301778793335,0.341442346572876,0.6579927802085876,0.3620591163635254,0.649045467376709,0.36553484201431274,0.6444345116615295,0.3631933033466339,0.6458203196525574,0.369642436504364,0.5507327914237976,0.3769606649875641,0.6121976971626282,0.37452617287635803,0.6616324782371521,0.37272053956985474,0.696967601776123,0.3383658230304718,0.5480182766914368,0.34630802273750305,0.6172842979431152,0.34961816668510437,0.6706084609031677,0.3510170578956604,0.706188976764679,0.30760201811790466,0.5630238652229309,0.3158995509147644,0.62107253074646,0.3209766745567322,0.6558822393417358,0.3218434154987335,0.6758307218551636,0.2804908752441406,0.5872032046318054,0.2850717604160309,0.6253081560134888,0.2939140498638153,0.646691620349884,0.30014723539352417,0.6579632759094238,N
0.31261175870895386,0.6571871638298035,0.3404064476490021,0.6552276611328125,0.35934165120124817,0.6515215039253235,0.3605153560638428,0.6549440026283264,0.35595986247062683,0.6628770232200623,0.37043267488479614,0.5515325665473938,0.3763420283794403,0.6133129000663757,0.3741608262062073,0.6620089411735535,0.3729386329650879,0.6965285539627075,0.33934611082077026,0.5481085181236267,0.34556296467781067,0.6171118021011353,0.34879934787750244,0.6698355674743652,0.35045838356018066,0.7048174142837524,0.3082364797592163,0.5623501539230347,0.31514978408813477,0.622464656829834,0.31952494382858276,0.6569607853889465,0.31974130868911743,0.6758705973625183,0.28065767884254456,0.5860247611999512,0.28628525137901306,0.6281469464302063,0.2960366904735565,0.6508083939552307,0.30256369709968567,0.6620733737945557,N
0.318307489156723,0.6516562104225159,0.34585124254226685,0.6445798277854919,0.36657947301864624,0.6368363499641418,0.377951443195343,0.6370744705200195,0.3850564956665039,0.6419950723648071,0.3702053129673004,0.5490686893463135,0.37719491124153137,0.6164848208427429,0.3747327923774719,0.6648326516151428,0.37370163202285767,0.6989571452140808,0.33697137236595154,0.5498123168945312,0.3445209860801697,0.6221722960472107,0.34913575649261475,0.6745443344116211,0.3510472774505615,0.7104187607765198,0.30560997128486633,0.5675033330917358,0.3152470886707306,0.6325291395187378,0.3201367259025574,0.6662609577178955,0.3195989727973938,0.6853085160255432,0.27968430519104004,0.5941646099090576,0.2851295471191406,0.639912486076355,0.29061195254325867,0.6587613224983215,0.29180821776390076,0.6662003397941589,N
0.31566721200942993,0.6589545011520386,0.3441447913646698,0.653204083442688,0.3646065294742584,0.6454495787620544,0.3707844316959381,0.6466695666313171,0.3704643249511719,0.655135452747345,0.36919087171554565,0.5522024631500244,0.3765753507614136,0.6153743267059326,0.374313622713089,0.6659271121025085,0.37246012687683105,0.7027074098587036,0.3376489281654358,0.5507316589355469,0.34447190165519714,0.620099663734436,0.34938257932662964,0.6726794838905334,0.3520631194114685,0.7096337676048279,0.3073282837867737,0.5664517879486084,0.3142710328102112,0.6234814524650574,0.32112208008766174,0.6586185097694397,0.3236349821090698,0.6809967756271362,0.2813425362110138,0.5914117693901062,0.2863345146179199,0.6295353174209595,0.29500529170036316,0.6509996056556702,0.30021849274635315,0.6633629202842712,N
0.31400778889656067,0.6636624336242676,0.34342238306999207,0.657792329788208,0.36587581038475037,0.6473385691642761,0.37484657764434814,0.6433045864105225,0.3785962462425232,0.6454272270202637,0.37137141823768616,0.5520521402359009,0.37857136130332947,0.6150323152542114,0.3761996924877167,0.6639232039451599,0.37456297874450684,0.6994252800941467,0.3392290771007538,0.5497481822967529,0.34638717770576477,0.6189945340156555,0.3507342040538788,0.6720049381256104,0.35228821635246277,0.7088117599487305,0.30832454562187195,0.5652027726173401,0.3166675865650177,0.625755786895752,0.32184258103370667,0.6616726517677307,0.32253143191337585,0.6831070780754089,0.28203409910202026,0.5901985168457031,0.28843948245048523,0.6329925656318665,0.2965785562992096,0.6553668975830078,0.3013682961463928,0.6668506860733032,N
0.31403806805610657,0.6571916341781616,0.34257668256759644,0.6573622822761536,0.3630440831184387,0.6557814478874207,0.36595094203948975,0.6656407117843628,0.36269041895866394,0.6808434128761292,0.37361738085746765,0.5523107051849365,0.37848207354545593,0.615646481513977,0.3744497001171112,0.6673187017440796,0.3719610869884491,0.7032992839813232,0.3407251834869385,0.549042820930481,0.34541431069374084,0.6197535991668701,0.34926921129226685,0.6751838326454163,0.35135120153427124,0.7116298675537109,0.3085581064224243,0.5643227696418762,0.3147694766521454,0.6261253952980042,0.3210657238960266,0.662722110748291,0.32249894738197327,0.6833182573318481,0.280979722738266,0.5890811681747437,0.28717470169067383,0.6328494548797607,0.29759910702705383,0.6569793820381165,0.30453014373779297,0.6695418357849121,N
0.3165706992149353,0.6618607044219971,0.3438139259815216,0.6562560200691223,0.3652728497982025,0.6483679413795471,0.37253692746162415,0.6471128463745117,0.3739340901374817,0.6514145135879517,0.37279269099235535,0.5504521727561951,0.37761709094047546,0.6133347153663635,0.3753243088722229,0.6632764935493469,0.3747660517692566,0.6983634829521179,0.33972132205963135,0.5478218793869019,0.345603883266449,0.6196736097335815,0.34939059615135193,0.6731600761413574,0.3511042594909668,0.7072799801826477,0.3079774081707001,0.5625274181365967,0.3166579008102417,0.6283053755760193,0.31967270374298096,0.6630200147628784,0.31875377893447876,0.679409921169281,0.2804824113845825,0.5865005850791931,0.28831565380096436,0.6350411176681519,0.2960452735424042,0.6578917503356934,0.3006938397884369,0.6662827730178833,N
0.31505340337753296,0.6601166725158691,0.3435559570789337,0.6576025485992432,0.36522793769836426,0.6529204249382019,0.37206241488456726,0.653541088104248,0.3726034164428711,0.6591053605079651,0.3716687858104706,0.5527372360229492,0.3791254162788391,0.6138515472412109,0.3768773674964905,0.6636742353439331,0.37517255544662476,0.6994122266769409,0.33992427587509155,0.5497431755065918,0.34715741872787476,0.6195672154426575,0.3502916693687439,0.6736022233963013,0.3518243730068207,0.7095280885696411,0.3089461922645569,0.5641235113143921,0.31672292947769165,0.6237050294876099,0.3214152157306671,0.6611752510070801,0.3221554160118103,0.6837417483329773,0.2821444571018219,0.5875707864761353,0.2872023284435272,0.6281880140304565,0.29513177275657654,0.6512444615364075,0.299847275018692,0.6641994714736938,N
0.31303244829177856,0.6581888198852539,0.3414861261844635,0.6552247405052185,0.3628438115119934,0.6506292223930359,0.36955755949020386,0.6540336608886719,0.36999839544296265,0.6637516021728516,0.3722347915172577,0.5519311428070068,0.37807220220565796,0.6136212348937988,0.3759439289569855,0.6643157005310059,0.3747333884239197,0.7000622153282166,0.33979007601737976,0.5493162870407104,0.3459851145744324,0.6207334399223328,0.3500520884990692,0.6747933030128479,0.35206496715545654,0.7101131677627563,0.30817660689353943,0.5644146800041199,0.31512436270713806,0.6254926323890686,0.3203359842300415,0.6623870730400085,0.32114076614379883,0.6833357214927673,0.28092753887176514,0.5887250900268555,0.28654563426971436,0.6318381428718567,0.2957187294960022,0.6557605266571045,0.30163949728012085,0.6683844923973083,N
0.3179861009120941,0.6643486618995667,0.34427037835121155,0.6597474813461304,0.3649308979511261,0.6546656489372253,0.37116146087646484,0.6564639806747437,0.37148481607437134,0.6628850102424622,0.37237948179244995,0.5530126094818115,0.3789339065551758,0.6153653264045715,0.3753490447998047,0.6655464172363281,0.37313172221183777,0.7013400197029114,0.3396567404270172,0.5514276027679443,0.3468608260154724,0.6208586096763611,0.3498395085334778,0.6750000715255737,0.3506802022457123,0.7100383639335632,0.3084832429885864,0.5670073628425598,0.3182055652141571,0.6297868490219116,0.3212655484676361,0.6639223694801331,0.31964531540870667,0.6807010173797607,0.28183335065841675,0.5919115543365479,0.2899717390537262,0.6372219324111938,0.296336829662323,0.6561294794082642,0.2985108494758606,0.6617566347122192,N
0.3172796964645386,0.6581249833106995,0.3455876410007477,0.6515467166900635,0.36828744411468506,0.6438913345336914,0.37923678755760193,0.6454730033874512,0.38420915603637695,0.6537121534347534,0.370069295167923,0.5520687103271484,0.377546489238739,0.6159090995788574,0.3757845461368561,0.6648054718971252,0.3747608959674835,0.6999940872192383,0.33759331703186035,0.5504013895988464,0.3450148403644562,0.6232374906539917,0.3497381806373596,0.6751015186309814,0.3521313965320587,0.710185170173645,0.30703380703926086,0.5657355785369873,0.31625062227249146,0.6297594904899597,0.3219667673110962,0.66437166929245,0.3232455253601074,0.6844283938407898,0.28091156482696533,0.5899459719657898,0.28757524490356445,0.6368762850761414,0.2959215044975281,0.65804123878479,0.3010333776473999,0.6675683856010437,N
0.3177121877670288,0.6608886122703552,0.34542766213417053,0.6556943655014038,0.36582180857658386,0.6512390375137329,0.3735544979572296,0.6554880142211914,0.37517333030700684,0.6635487079620361,0.3686603009700775,0.553407609462738,0.3774050772190094,0.6163111925125122,0.37510761618614197,0.6671854257583618,0.3728131055831909,0.7040646076202393,0.3358484208583832,0.5517038106918335,0.34462085366249084,0.6248106360435486,0.3502231240272522,0.6783177256584167,0.35339999198913574,0.7144497036933899,0.30544760823249817,0.567874014377594,0.31625109910964966,0.631298303604126,0.3234487771987915,0.6651458144187927,0.32545384764671326,0.6838414669036865,0.2798559069633484,0.5934246182441711,0.2884509861469269,0.6387597918510437,0.2982609272003174,0.6593667268753052,0.3040652573108673,0.6676785349845886,N
0.3169003129005432,0.658291220664978,0.3442162871360779,0.653313934803009,0.364682137966156,0.6492897272109985,0.3722623586654663,0.65501469373703,0.37207233905792236,0.6650403738021851,0.36872515082359314,0.5539970993995667,0.3749919533729553,0.6189301609992981,0.37274304032325745,0.66905277967453,0.3713829517364502,0.7047163844108582,0.3368716537952423,0.5526814460754395,0.34434595704078674,0.6265444755554199,0.34929463267326355,0.6777500510215759,0.35196253657341003,0.7125078439712524,0.3061884641647339,0.5672736167907715,0.31563401222229004,0.6323225498199463,0.32231444120407104,0.667182445526123,0.3243018388748169,0.6879225373268127,0.2798369228839874,0.5909018516540527,0.2872468829154968,0.6373500823974609,0.2963637113571167,0.6606374979019165,0.3016916513442993,0.6727121472358704,N
0.3170849084854126,0.6567044854164124,0.34345951676368713,0.6571660041809082,0.3628033995628357,0.6624162197113037,0.3669123947620392,0.6779665350914001,0.361347496509552,0.6960853338241577,0.36980727314949036,0.5567000508308411,0.3754367530345917,0.619836151599884,0.3721426725387573,0.6688134670257568,0.3695588707923889,0.7039627432823181,0.33710771799087524,0.5548689365386963,0.3430163860321045,0.6257245540618896,0.34756818413734436,0.6785824298858643,0.3498977720737457,0.7126772999763489,0.3055172562599182,0.5703117847442627,0.3149762451648712,0.6347025632858276,0.32082676887512207,0.6680153608322144,0.32157206535339355,0.6843364834785461,0.2791514992713928,0.5949352383613586,0.28752025961875916,0.6446592807769775,0.29579663276672363,0.6645911931991577,0.29991278052330017,0.6706108450889587,N
0.3160373270511627,0.661615252494812,0.34301987290382385,0.6592038869857788,0.3647286295890808,0.6587116122245789,0.3729744255542755,0.6687821745872498,0.3728358745574951,0.6846886873245239,0.3697594106197357,0.5556296110153198,0.37521806359291077,0.6175561547279358,0.37280938029289246,0.6673185229301453,0.3715052902698517,0.7026630640029907,0.3371260464191437,0.5535157322883606,0.3433351516723633,0.6260088086128235,0.3479927182197571,0.6790762543678284,0.3504333198070526,0.7136744856834412,0.3058411478996277,0.5686149001121521,0.31489819288253784,0.634466290473938,0.3200778365135193,0.6693690419197083,0.32037144899368286,0.6876341700553894,0.27912646532058716,0.5928228497505188,0.2870558202266693,0.6417138576507568,0.2949775159358978,0.6639479398727417,0.2989448308944702,0.6729504466056824,N
0.3160591125488281,0.6610332727432251,0.3451148569583893,0.6537666916847229,0.3678639531135559,0.6456136107444763,0.3799384832382202,0.6468210816383362,0.38567495346069336,0.652793824672699,0.36780816316604614,0.5537872314453125,0.37527140974998474,0.6174191236495972,0.37259092926979065,0.6675597429275513,0.37063315510749817,0.7033399939537048,0.3348056375980377,0.5522684454917908,0.3432035744190216,0.627297580242157,0.3481799364089966,0.678085446357727,0.35089823603630066,0.7114743590354919,0.3042364716529846,0.5672879219055176,0.31482845544815063,0.6336067914962769,0.3212725818157196,0.6647733449935913,0.32323336601257324,0.680772066116333,0.278452068567276,0.5911583304405212,0.28718602657318115,0.6399487257003784,0.296911358833313,0.659793496131897,0.30283382534980774,0.6666156649589539,N
0.31497204303741455,0.6595442891120911,0.3432946503162384,0.654000461101532,0.361615389585495,0.6487752795219421,0.3641875684261322,0.6509845852851868,0.36021289229393005,0.6559662222862244,0.3657519817352295,0.5523356795310974,0.3740626573562622,0.6169207692146301,0.37252864241600037,0.6677635312080383,0.37110573053359985,0.704123854637146,0.334055095911026,0.5516205430030823,0.3432616889476776,0.6269872784614563,0.3491356074810028,0.6789469122886658,0.3527361750602722,0.7126991748809814,0.30394017696380615,0.5678651928901672,0.31496763229370117,0.6334223747253418,0.3215368688106537,0.6649554967880249,0.3234144449234009,0.6810024976730347,0.27815258502960205,0.5923491716384888,0.2867685556411743,0.6388000845909119,0.2976718544960022,0.6589122414588928,0.30451616644859314,0.6664527654647827,N
0.3202477991580963,0.6630656123161316,0.3463951051235199,0.6551194190979004,0.36526209115982056,0.6472182869911194,0.37274181842803955,0.6486861109733582,0.3758816719055176,0.6553278565406799,0.36713892221450806,0.5530003905296326,0.37742090225219727,0.6187857985496521,0.3760630190372467,0.6664856672286987,0.37517958879470825,0.700473964214325,0.33437711000442505,0.5548175573348999,0.34454286098480225,0.6254674792289734,0.34943291544914246,0.6755544543266296,0.35116663575172424,0.7094276547431946,0.3037608861923218,0.5732017755508423,0.315672904253006,0.6365830302238464,0.3198908269405365,0.6666391491889954,0.31933727860450745,0.6819701790809631,0.27820292115211487,0.6002498269081116,0.28711041808128357,0.6461123824119568,0.2947050631046295,0.6648303270339966,0.29802167415618896,0.6714770793914795,N
0.31575900316238403,0.6554946303367615,0.34446072578430176,0.6523541808128357,0.36617785692214966,0.6512318253517151,0.3712778389453888,0.6574704051017761,0.3680027425289154,0.667343020439148,0.36844518780708313,0.5537089705467224,0.37729230523109436,0.6185252666473389,0.3764815330505371,0.6671376824378967,0.3756275177001953,0.7017449140548706,0.33591708540916443,0.5525616407394409,0.345220685005188,0.6275935769081116,0.3497297167778015,0.6783663034439087,0.3514362573623657,0.711607813835144,0.30497005581855774,0.5681142210960388,0.31657618284225464,0.6353635191917419,0.32308194041252136,0.6695065498352051,0.32441410422325134,0.6878690719604492,0.27880483865737915,0.5923353433609009,0.2878193259239197,0.6396733522415161,0.2962585389614105,0.6615368723869324,0.3005298674106598,0.6704885363578796,N
0.31852099299430847,0.6650979518890381,0.3447277843952179,0.6615794897079468,0.36467933654785156,0.6588132381439209,0.36884593963623047,0.6648901700973511,0.36533108353614807,0.6759934425354004,0.3707239031791687,0.5562203526496887,0.3791189193725586,0.6160850524902344,0.3773597180843353,0.6644947528839111,0.37550899386405945,0.699862003326416,0.3378998935222626,0.5543187260627747,0.3454158306121826,0.6228579878807068,0.35020026564598083,0.6743859052658081,0.35243546962738037,0.7085562944412231,0.3063441514968872,0.5699342489242554,0.3156311810016632,0.6311390399932861,0.3200642764568329,0.6613844633102417,0.31956347823143005,0.6761744618415833,0.27962031960487366,0.5951836109161377,0.2873215973377228,0.6424869298934937,0.2948777377605438,0.6640105247497559,0.2983901798725128,0.6723833680152893,N
0.31499409675598145,0.6599870324134827,0.34368056058883667,0.6602132320404053,0.36541467905044556,0.6619905829429626,0.3667636215686798,0.673370361328125,0.3586466610431671,0.6876412630081177,0.37095317244529724,0.5558436512947083,0.3774195909500122,0.6179851293563843,0.3746597170829773,0.6666003465652466,0.3726913630962372,0.7013245820999146,0.3383384048938751,0.5527462959289551,0.3446240723133087,0.6243633031845093,0.3488938808441162,0.6762098670005798,0.3508948087692261,0.7088221907615662,0.306814044713974,0.5666308403015137,0.3163541257381439,0.6352457404136658,0.32205456495285034,0.6679660677909851,0.32253721356391907,0.682561993598938,0.2797803282737732,0.5891779661178589,0.288770854473114,0.6400835514068604,0.29814431071281433,0.6619386672973633,0.3034825921058655,0.6688061952590942,N
0.31764814257621765,0.6627166271209717,0.34421971440315247,0.6604186296463013,0.36512476205825806,0.6593647003173828,0.37102559208869934,0.6671271324157715,0.36977219581604004,0.6792262196540833,0.37127000093460083,0.5561025738716125,0.377483993768692,0.6181067824363708,0.37510383129119873,0.6669092178344727,0.373943954706192,0.7011335492134094,0.3380304276943207,0.5546637773513794,0.3446851372718811,0.6253892779350281,0.34912070631980896,0.6774211525917053,0.35140857100486755,0.710893452167511,0.30645468831062317,0.5703732371330261,0.3155607581138611,0.634332001209259,0.3199591636657715,0.6656911969184875,0.31972387433052063,0.680487871170044,0.2794269025325775,0.5949470400810242,0.2875455915927887,0.6417826414108276,0.2954709827899933,0.6609022617340088,0.29940569400787354,0.6668919324874878,N
0.31599339842796326,0.6612430810928345,0.3448258638381958,0.6585506200790405,0.3671806752681732,0.6549950242042542,0.3734743595123291,0.660394549369812,0.3728071451187134,0.6702005863189697,0.3713975250720978,0.5539764165878296,0.3760596513748169,0.6170693635940552,0.3734678030014038,0.6681405305862427,0.37209177017211914,0.7037661075592041,0.3380163311958313,0.5518477559089661,0.34434303641319275,0.6261425018310547,0.34971579909324646,0.6784263253211975,0.3526681363582611,0.7120221853256226,0.3061535954475403,0.5665436387062073,0.3150586783885956,0.632705807685852,0.3224765956401825,0.6662059426307678,0.32503658533096313,0.6836138367652893,0.278763085603714,0.5899714827537537,0.2863747775554657,0.6373810172080994,0.2965150475502014,0.6596726775169373,0.3032803237438202,0.6690826416015625,N
0.31446659564971924,0.6555814743041992,0.343106746673584,0.6534379720687866,0.36214154958724976,0.6530953645706177,0.36316248774528503,0.661537766456604,0.3550468683242798,0.6736156344413757,0.3695635497570038,0.5545911192893982,0.3748626410961151,0.620725154876709,0.3719205856323242,0.6718432903289795,0.36977624893188477,0.7079662680625916,0.33598893880844116,0.552423894405365,0.3418457508087158,0.6283202767372131,0.3477942943572998,0.6818594336509705,0.35109853744506836,0.7160522937774658,0.30415743589401245,0.5671364068984985,0.3138822317123413,0.6346662640571594,0.32167622447013855,0.6674981117248535,0.32385993003845215,0.6827617883682251,0.27779436111450195,0.5905619859695435,0.2876840829849243,0.6383554339408875,0.29758524894714355,0.658390998840332,0.3024400770664215,0.6642004251480103,N
0.3184923529624939,0.6557913422584534,0.3446696698665619,0.650338888168335,0.36305102705955505,0.6457856297492981,0.36807331442832947,0.6513447761535645,0.3670651316642761,0.6622238159179688,0.3687271475791931,0.5574740767478943,0.3748600482940674,0.623796820640564,0.37282609939575195,0.6712163090705872,0.3715837597846985,0.7053089737892151,0.3354138135910034,0.5562250018119812,0.3420012891292572,0.6281648874282837,0.3465189039707184,0.6786447167396545,0.34816253185272217,0.7131947875022888,0.3039695620536804,0.5706634521484375,0.31292882561683655,0.6346814632415771,0.3166050612926483,0.664969265460968,0.31549495458602905,0.6806372404098511,0.27736175060272217,0.5935637354850769,0.2854379713535309,0.6381314992904663,0.29399213194847107,0.6613352298736572,0.29797670245170593,0.6731724143028259,N
0.3162745237350464,0.6559343338012695,0.3439177870750427,0.6542326211929321,0.3606499433517456,0.6548501253128052,0.3592780828475952,0.6612055897712708,0.35225677490234375,0.6686099767684937,0.36911362409591675,0.5590936541557312,0.37595394253730774,0.6252859830856323,0.3735120892524719,0.6733698844909668,0.37185925245285034,0.7073912024497986,0.33701109886169434,0.5566229224205017,0.34432828426361084,0.6291754245758057,0.3483455181121826,0.6803196668624878,0.3502150774002075,0.7152220010757446,0.3055478036403656,0.5705902576446533,0.31432902812957764,0.6348465085029602,0.31896042823791504,0.668944239616394,0.3194971978664398,0.6885664463043213,0.27887195348739624,0.5939033031463623,0.28526461124420166,0.6401169300079346,0.2928350269794464,0.6642241477966309,0.2967226505279541,0.6770787835121155,N
0.31757766008377075,0.6558201313018799,0.34437236189842224,0.6534159183502197,0.36343225836753845,0.6554021835327148,0.3677283227443695,0.6678499579429626,0.3654152452945709,0.682948112487793,0.37114444375038147,0.5587947368621826,0.37696126103401184,0.623380720615387,0.37520477175712585,0.6720398664474487,0.37436676025390625,0.705858588218689,0.33750125765800476,0.5571135878562927,0.34399181604385376,0.6297644376754761,0.34963423013687134,0.6805805563926697,0.3526853621006012,0.7136051058769226,0.30517980456352234,0.5718405246734619,0.3151800036430359,0.6376148462295532,0.3216495215892792,0.6684302687644958,0.32277712225914,0.6828302145004272,0.2782440781593323,0.5954270362854004,0.28665244579315186,0.6426151990890503,0.2958594560623169,0.6630903482437134,0.3008313477039337,0.670906126499176,N
0.3172217011451721,0.6625065803527832,0.34464725852012634,0.6573002338409424,0.36285603046417236,0.6533620357513428,0.3634086847305298,0.6560847163200378,0.35663267970085144,0.6632797718048096,0.3716542720794678,0.5564879179000854,0.37837666273117065,0.619573175907135,0.3764869272708893,0.667312502861023,0.3753558099269867,0.7016195058822632,0.33868199586868286,0.55388343334198,0.34582582116127014,0.6259583830833435,0.3508659303188324,0.6766983270645142,0.353740394115448,0.7101501226425171,0.306673526763916,0.5680773258209229,0.31603628396987915,0.6330621838569641,0.32048487663269043,0.6623212099075317,0.32056519389152527,0.6750286221504211,0.279279887676239,0.5913605093955994,0.2873522937297821,0.639655590057373,0.2959161102771759,0.6604297161102295,0.3006259500980377,0.667599618434906,N
0.3168562948703766,0.6563735604286194,0.3452576994895935,0.653350293636322,0.36564400792121887,0.649718701839447,0.36952558159828186,0.6520723104476929,0.3670722246170044,0.6583036780357361,0.3726077675819397,0.5556107759475708,0.37950456142425537,0.6206566095352173,0.37696462869644165,0.6701357364654541,0.37554508447647095,0.7051804065704346,0.3393498659133911,0.5536347031593323,0.34665998816490173,0.627483606338501,0.35089024901390076,0.6791915893554688,0.3529209494590759,0.7134606838226318,0.30758437514305115,0.5679454803466797,0.3170362710952759,0.6325668692588806,0.3221554160118103,0.6638820171356201,0.3226625621318817,0.6798834204673767,0.28037238121032715,0.5909647941589355,0.2880857586860657,0.6384080052375793,0.29722148180007935,0.6610407829284668,0.3023141622543335,0.6719520092010498,N
