0.29031097888946533,0.7547852396965027,0.32994014024734497,0.7175995707511902,0.3590105473995209,0.6643468737602234,0.3803998529911041,0.6175698041915894,0.40017521381378174,0.5909866094589233,0.3171602487564087,0.608019232749939,0.30168187618255615,0.5809239745140076,0.3078227639198303,0.627596914768219,0.31657880544662476,0.6436595320701599,0.2882412075996399,0.6134311556816101,0.2751021683216095,0.592837929725647,0.28793230652809143,0.6431466937065125,0.298267662525177,0.6541098952293396,0.261091947555542,0.623498797416687,0.24424858391284943,0.5860072374343872,0.2587754726409912,0.6317929029464722,0.2710567116737366,0.6541061997413635,0.23516201972961426,0.6348304152488708,0.21409524977207184,0.5940078496932983,0.20018696784973145,0.5714112520217896,0.18776322901248932,0.5411830544471741,Y
0.2884581983089447,0.7577929496765137,0.3287249505519867,0.7205640077590942,0.35728809237480164,0.666942298412323,0.3779407739639282,0.6202601790428162,0.39682260155677795,0.5925193428993225,0.31460273265838623,0.6111899614334106,0.29996034502983093,0.5844495296478271,0.3070521354675293,0.6313020586967468,0.31547802686691284,0.6477856040000916,0.2859571874141693,0.6161697506904602,0.27279752492904663,0.5954991579055786,0.28655365109443665,0.6459901928901672,0.29651346802711487,0.6577172875404358,0.2587033808231354,0.6258864998817444,0.24153903126716614,0.588189423084259,0.2572104334831238,0.6343613266944885,0.2696209251880646,0.6576711535453796,0.23255562782287598,0.6371592283248901,0.21102562546730042,0.5959644913673401,0.19737231731414795,0.573498010635376,0.18474805355072021,0.5435292720794678,Y
0.28914520144462585,0.7580631375312805,0.32852816581726074,0.7209897637367249,0.35674795508384705,0.6689563393592834,0.37765273451805115,0.6220152974128723,0.39682823419570923,0.5934673547744751,0.3147181570529938,0.6113386750221252,0.2998496890068054,0.5852205753326416,0.3060031831264496,0.6313048601150513,0.3147616982460022,0.6479470729827881,0.2857428193092346,0.6163253784179688,0.27289706468582153,0.5959182977676392,0.28574857115745544,0.6461460590362549,0.2956591248512268,0.6589159369468689,0.2584213614463806,0.6262483596801758,0.24199342727661133,0.5890264511108398,0.25681477785110474,0.6352056860923767,0.26893866062164307,0.658771276473999,0.23256754875183105,0.6384181380271912,0.21017581224441528,0.5981518030166626,0.19579331576824188,0.5760316848754883,0.1829061657190323,0.5464847087860107,Y
0.29074448347091675,0.7787467837333679,0.33074861764907837,0.7404274344444275,0.3597944676876068,0.683681070804596,0.3803810179233551,0.6347612142562866,0.40108522772789,0.6045097708702087,0.3167019486427307,0.625605046749115,0.3027309477329254,0.5989371538162231,0.30798137187957764,0.6472219824790955,0.31437331438064575,0.6626543998718262,0.28661662340164185,0.6316255331039429,0.2746880054473877,0.6099139451980591,0.28866225481033325,0.6629839539527893,0.29728826880455017,0.6765722632408142,0.2590094208717346,0.6420546174049377,0.242233008146286,0.6030046343803406,0.259125292301178,0.6529415249824524,0.2712743282318115,0.6783701777458191,0.23399017751216888,0.6537911891937256,0.21216648817062378,0.6128123998641968,0.1985703706741333,0.59090256690979,0.18477380275726318,0.5602965950965881,Y
0.29606401920318604,0.7790654897689819,0.3343413174152374,0.7403196692466736,0.36260825395584106,0.684927761554718,0.38507914543151855,0.6356015205383301,0.40357300639152527,0.6056097149848938,0.3177258372306824,0.6299498081207275,0.30587485432624817,0.6026136875152588,0.3120788633823395,0.6505895256996155,0.31866806745529175,0.6644887328147888,0.28812718391418457,0.6361095309257507,0.27750298380851746,0.6160470247268677,0.29189425706863403,0.6670747399330139,0.30064985156059265,0.6768983006477356,0.26108115911483765,0.6464663147926331,0.24533295631408691,0.607296347618103,0.26229265332221985,0.6539331078529358,0.2744126319885254,0.6760575771331787,0.23672603070735931,0.6582694053649902,0.2150578647851944,0.618854820728302,0.20128671824932098,0.5974447131156921,0.18774659931659698,0.5671113729476929,Y
0.2988975942134857,0.7776932120323181,0.3376149535179138,0.7392253875732422,0.36662667989730835,0.683378279209137,0.3892871141433716,0.6345512866973877,0.4090427756309509,0.6060123443603516,0.3225156366825104,0.6275389790534973,0.31021741032600403,0.6021338105201721,0.31550779938697815,0.6504536867141724,0.3216458559036255,0.6652050018310547,0.29239508509635925,0.633415699005127,0.2818582057952881,0.6141011714935303,0.29544374346733093,0.6654870510101318,0.30417561531066895,0.6766468286514282,0.26491913199424744,0.6446954011917114,0.2490573227405548,0.6064122915267944,0.26529404520988464,0.6541915535926819,0.27738651633262634,0.6769844889640808,0.2396659255027771,0.6582871079444885,0.21855929493904114,0.6183658242225647,0.20534978806972504,0.5965408682823181,0.19302406907081604,0.5657045841217041,Y
0.29977551102638245,0.7765454649925232,0.3385772407054901,0.7381614446640015,0.3676093518733978,0.6831367015838623,0.391023188829422,0.634245753288269,0.41035905480384827,0.6044909358024597,0.32457631826400757,0.6260215044021606,0.3127453923225403,0.5994720458984375,0.31765016913414,0.646908164024353,0.32386767864227295,0.6619908213615417,0.2948797345161438,0.6312079429626465,0.2844183146953583,0.611846923828125,0.29755526781082153,0.6632621884346008,0.30667227506637573,0.6744030714035034,0.2675286829471588,0.6419655680656433,0.25254446268081665,0.6043349504470825,0.26803648471832275,0.6524361371994019,0.279786616563797,0.6759576797485352,0.24214887619018555,0.6549906730651855,0.22018307447433472,0.6152580976486206,0.20645037293434143,0.5932021141052246,0.1938009262084961,0.5623805522918701,Y
0.30543649196624756,0.7649627923965454,0.34619224071502686,0.7274593710899353,0.37621814012527466,0.6717129349708557,0.39911502599716187,0.6214664578437805,0.41763609647750854,0.5927771925926208,0.3308393657207489,0.6175007820129395,0.3203546404838562,0.5899990200996399,0.32475027441978455,0.6373628973960876,0.3294399082660675,0.6537699699401855,0.30127453804016113,0.6226435303688049,0.2919439673423767,0.6009493470191956,0.3046928644180298,0.653086245059967,0.3121390640735626,0.6664744019508362,0.2737369239330292,0.6329680681228638,0.25888845324516296,0.5936369299888611,0.27529603242874146,0.6432820558547974,0.2866555154323578,0.6692376136779785,0.24769774079322815,0.6462880969047546,0.22587668895721436,0.605989933013916,0.21239405870437622,0.5826218128204346,0.19957971572875977,0.550799548625946,Y
0.31128594279289246,0.7537591457366943,0.352434366941452,0.7154362201690674,0.38249918818473816,0.6608810424804688,0.4052770435810089,0.6110090613365173,0.42503881454467773,0.5821501016616821,0.33886685967445374,0.6088421940803528,0.32652032375335693,0.5794080495834351,0.3322237730026245,0.627975583076477,0.337052583694458,0.6438825726509094,0.31017741560935974,0.6137532591819763,0.2985707223415375,0.5915581583976746,0.3120291233062744,0.6441009044647217,0.31937843561172485,0.656186044216156,0.28271520137786865,0.624096691608429,0.26651236414909363,0.5866708159446716,0.2828449308872223,0.6371883749961853,0.29389163851737976,0.6616973876953125,0.2560169994831085,0.636965811252594,0.23458796739578247,0.5963489413261414,0.2218320667743683,0.573174238204956,0.20896217226982117,0.5407994389533997,Y
0.3160589635372162,0.7480501532554626,0.3573690354824066,0.7089464664459229,0.3858795762062073,0.654455304145813,0.4070640206336975,0.6056820750236511,0.42505186796188354,0.5782953500747681,0.3417266011238098,0.6030422449111938,0.32994911074638367,0.5758331418037415,0.3357681930065155,0.6220721006393433,0.3415268063545227,0.6393834352493286,0.3135315179824829,0.6089735627174377,0.30179929733276367,0.5884059071540833,0.31470829248428345,0.638892412185669,0.3232352137565613,0.6525894999504089,0.28699126839637756,0.6198127865791321,0.2713817358016968,0.5858221650123596,0.28760895133018494,0.6329848766326904,0.29948341846466064,0.6561796069145203,0.2609667181968689,0.6331415176391602,0.24156056344509125,0.5939704179763794,0.2287062704563141,0.5724689960479736,0.21581944823265076,0.5432430505752563,Y
0.31733235716819763,0.7446174025535583,0.357588529586792,0.7065067887306213,0.38560721278190613,0.650123119354248,0.406488299369812,0.6018666625022888,0.4235665798187256,0.5745781660079956,0.34385767579078674,0.5994110703468323,0.3289497494697571,0.5716074705123901,0.3348601162433624,0.6203621029853821,0.341619074344635,0.6364539265632629,0.31539931893348694,0.6054155826568604,0.30161744356155396,0.5846484303474426,0.314920574426651,0.6371952295303345,0.3246673047542572,0.6485373973846436,0.2884984016418457,0.616902768611908,0.27142804861068726,0.5826253890991211,0.2877601981163025,0.6302743554115295,0.3006246089935303,0.6524445414543152,0.26270580291748047,0.6296389102935791,0.24356591701507568,0.5889340043067932,0.23006466031074524,0.5670826435089111,0.21694830060005188,0.5371967554092407,Y
0.31486234068870544,0.7442368865013123,0.35545313358306885,0.7056311964988708,0.38372334837913513,0.6476970314979553,0.4040660262107849,0.598170280456543,0.42097145318984985,0.569409191608429,0.34300166368484497,0.5945802927017212,0.32621559500694275,0.5673452615737915,0.3331427276134491,0.6161498427391052,0.34191450476646423,0.6312060952186584,0.31409600377082825,0.6009900569915771,0.29989123344421387,0.5808002352714539,0.3133729100227356,0.6332478523254395,0.3243342936038971,0.6427270174026489,0.2869868874549866,0.6124854683876038,0.26949256658554077,0.5778222680091858,0.2857687473297119,0.6246293187141418,0.30007410049438477,0.6449323296546936,0.2612670361995697,0.6249052882194519,0.2419038712978363,0.5841072797775269,0.22845986485481262,0.5626254677772522,0.21683156490325928,0.5328215956687927,Y
0.31492602825164795,0.7387609481811523,0.3556111454963684,0.7017661929130554,0.3834359347820282,0.6440496444702148,0.40328270196914673,0.5939350724220276,0.42020925879478455,0.5652027726173401,0.3419283926486969,0.5920091867446899,0.32752275466918945,0.5629419088363647,0.33227550983428955,0.6119186282157898,0.33944806456565857,0.6287328600883484,0.31323206424713135,0.5974503755569458,0.299989253282547,0.5758949518203735,0.3121088147163391,0.6280769109725952,0.3226475119590759,0.6400400400161743,0.2864522635936737,0.6084257364273071,0.2703438997268677,0.5735539793968201,0.2860264778137207,0.6199346780776978,0.2997109889984131,0.6414368748664856,0.26112401485443115,0.6210141777992249,0.24150538444519043,0.5800061225891113,0.22808349132537842,0.5579604506492615,0.2164817750453949,0.5282856225967407,Y
0.3153114318847656,0.7286513447761536,0.3546138107776642,0.6905449032783508,0.3820679783821106,0.633627712726593,0.40233802795410156,0.5847445130348206,0.4200857877731323,0.5569190979003906,0.3396242558956146,0.5811706185340881,0.3263671398162842,0.5539206862449646,0.33174410462379456,0.6026256680488586,0.33839234709739685,0.6197574138641357,0.3110729157924652,0.5874348282814026,0.29935845732688904,0.5664635896682739,0.3117330074310303,0.6186940670013428,0.321525514125824,0.6309729814529419,0.2847791314125061,0.5992212891578674,0.2701031565666199,0.5638771057128906,0.28508931398391724,0.6110413670539856,0.2976824641227722,0.6336877942085266,0.26015937328338623,0.612598717212677,0.241972878575325,0.571343183517456,0.22903744876384735,0.5490102171897888,0.21726094186306,0.519005537033081,Y
0.3154442012310028,0.7097659111022949,0.3547937870025635,0.6723496317863464,0.3818574547767639,0.6177416443824768,0.4021732807159424,0.5690738558769226,0.41970717906951904,0.5396191477775574,0.3391875922679901,0.5656942129135132,0.3270851671695709,0.5353394150733948,0.332988977432251,0.582252025604248,0.33895036578178406,0.6038258671760559,0.31152260303497314,0.5715234875679016,0.30148953199386597,0.5454287528991699,0.31341779232025146,0.5971087217330933,0.3209899663925171,0.6144289374351501,0.2858654260635376,0.5827677845954895,0.2721472978591919,0.5457402467727661,0.28701913356781006,0.5916897654533386,0.29790353775024414,0.6158893704414368,0.26155146956443787,0.5960497260093689,0.24277321994304657,0.5550296306610107,0.2311450093984604,0.5311949849128723,0.21980929374694824,0.5001458525657654,Y
0.31751158833503723,0.6963807344436646,0.3573051989078522,0.661315381526947,0.38457489013671875,0.605962336063385,0.40575703978538513,0.557475209236145,0.423128217458725,0.5308331251144409,0.3422977328300476,0.5559713840484619,0.3314779996871948,0.5251633524894714,0.3358609080314636,0.5716437697410583,0.3413650095462799,0.5926660895347595,0.31458544731140137,0.5608283281326294,0.30554381012916565,0.536240816116333,0.3161260187625885,0.5871052742004395,0.32413429021835327,0.6039721965789795,0.2892555296421051,0.5711717009544373,0.27669671177864075,0.5344620943069458,0.29002007842063904,0.5807369351387024,0.3006586730480194,0.605140745639801,0.2650412917137146,0.5840999484062195,0.24708335101604462,0.5418367385864258,0.23521853983402252,0.5177634358406067,0.22473672032356262,0.48680347204208374,Y
0.3165547251701355,0.6838436126708984,0.35793063044548035,0.6485196352005005,0.38479334115982056,0.5942750573158264,0.40494877099990845,0.5456919074058533,0.4233255386352539,0.5182130336761475,0.3427587151527405,0.5432401895523071,0.33165958523750305,0.5129861235618591,0.33687788248062134,0.559792697429657,0.34274840354919434,0.5800062417984009,0.31498590111732483,0.5480890274047852,0.30566325783729553,0.5234931707382202,0.31706923246383667,0.5751895904541016,0.32549911737442017,0.5908527970314026,0.2896001636981964,0.5584540367126465,0.2771194577217102,0.5217771530151367,0.2907622456550598,0.5683494806289673,0.30134138464927673,0.5923985242843628,0.2654514014720917,0.570946991443634,0.24735350906848907,0.5291137099266052,0.23616884648799896,0.5051870942115784,0.22598031163215637,0.47398653626441956,Y
0.31861060857772827,0.6724280118942261,0.35897064208984375,0.6369766592979431,0.3865274488925934,0.5823415517807007,0.4081622064113617,0.5340829491615295,0.4268539845943451,0.5059856176376343,0.34432506561279297,0.5312238335609436,0.3353259861469269,0.4989933371543884,0.3389833867549896,0.545209527015686,0.3437342047691345,0.5674054622650146,0.31677836179733276,0.5357085466384888,0.30920758843421936,0.5086104869842529,0.31862711906433105,0.5599358677864075,0.3256683945655823,0.5780345797538757,0.2915399670600891,0.5461581349372864,0.2801300585269928,0.5085411071777344,0.29260462522506714,0.5532332062721252,0.3024452030658722,0.5771055817604065,0.2676142454147339,0.5591509938240051,0.24991294741630554,0.5166478753089905,0.23873531818389893,0.4918558597564697,0.2285805344581604,0.46029946208000183,Y
0.31606796383857727,0.6570295691490173,0.35687097907066345,0.6204761266708374,0.38453835248947144,0.5676532983779907,0.4055621922016144,0.5194414854049683,0.4240351915359497,0.48994678258895874,0.3436220586299896,0.5150887966156006,0.3308214545249939,0.4816991090774536,0.33585718274116516,0.528489351272583,0.3420757055282593,0.5492174029350281,0.3154844641685486,0.5201994776725769,0.30459320545196533,0.49131229519844055,0.3157274127006531,0.5429532527923584,0.3239251971244812,0.559091329574585,0.29003700613975525,0.5312790870666504,0.2762208878993988,0.49091702699661255,0.29037970304489136,0.5351559519767761,0.30171307921409607,0.558194637298584,0.2666071355342865,0.5441828966140747,0.24820731580257416,0.5022934675216675,0.23702490329742432,0.4771617352962494,0.2264235019683838,0.444647878408432,Y
0.31661373376846313,0.6534205079078674,0.3578069806098938,0.620133101940155,0.38448455929756165,0.5647463202476501,0.40479743480682373,0.5157758593559265,0.4218549430370331,0.48643696308135986,0.3434660732746124,0.5113211274147034,0.3311861455440521,0.4794454574584961,0.33568528294563293,0.5256157517433167,0.34238728880882263,0.5447890162467957,0.31549590826034546,0.5173856019973755,0.3044077157974243,0.49103865027427673,0.3156380355358124,0.5416974425315857,0.3260112404823303,0.5560342073440552,0.2894897162914276,0.5287891030311584,0.2753956615924835,0.4895722270011902,0.2892737090587616,0.5328735709190369,0.3021787106990814,0.5551968812942505,0.26519665122032166,0.5418679118156433,0.246734619140625,0.49996861815452576,0.2340492308139801,0.4755062162876129,0.22339245676994324,0.44470536708831787,Y
0.32061833143234253,0.6504290103912354,0.35969218611717224,0.6136372089385986,0.38464850187301636,0.5544741749763489,0.4048132598400116,0.5041878819465637,0.4211425185203552,0.4731247127056122,0.34364402294158936,0.5044511556625366,0.33041754364967346,0.4723190367221832,0.3363511562347412,0.5188792943954468,0.34369492530822754,0.5384842753410339,0.3158876895904541,0.5122067928314209,0.3037053346633911,0.48551231622695923,0.31666839122772217,0.5362458825111389,0.32754409313201904,0.5496267080307007,0.29016226530075073,0.5251496434211731,0.2751004695892334,0.48612260818481445,0.29061272740364075,0.529255747795105,0.3043654263019562,0.5512793064117432,0.2663481831550598,0.5397835969924927,0.2463335394859314,0.4985649585723877,0.23290923237800598,0.4745144546031952,0.22122399508953094,0.44397521018981934,Y
0.32388216257095337,0.6398471593856812,0.3624517619609833,0.6023093461990356,0.38737303018569946,0.5439980030059814,0.40715861320495605,0.4938875436782837,0.4242936670780182,0.4642091393470764,0.3437671363353729,0.4956064820289612,0.3302406966686249,0.4648464322090149,0.3372920751571655,0.5116209387779236,0.34465712308883667,0.5312731266021729,0.31603193283081055,0.5038314461708069,0.30367833375930786,0.4786757528781891,0.3176942467689514,0.5291907787322998,0.32828760147094727,0.5429747104644775,0.29063576459884644,0.5171916484832764,0.27496302127838135,0.47993022203445435,0.29152411222457886,0.5231901407241821,0.30547410249710083,0.5451255440711975,0.26717913150787354,0.5326343774795532,0.2466937005519867,0.49242645502090454,0.23332877457141876,0.4688118100166321,0.2214524894952774,0.43863388895988464,Y
0.32740896940231323,0.6376430988311768,0.36555665731430054,0.5998526215553284,0.38974353671073914,0.5412963628768921,0.40818485617637634,0.49076855182647705,0.42429864406585693,0.46104589104652405,0.34500837326049805,0.49160999059677124,0.33300986886024475,0.4610185921192169,0.33982810378074646,0.5066202282905579,0.3464265763759613,0.5261157751083374,0.31775832176208496,0.49991288781166077,0.30650460720062256,0.47484567761421204,0.3202191889286041,0.5242223143577576,0.330279678106308,0.5382612347602844,0.29249006509780884,0.5136462450027466,0.2771053910255432,0.4748564660549164,0.2932873070240021,0.517264723777771,0.3062748610973358,0.5395128726959229,0.2689124047756195,0.5295141935348511,0.24888087809085846,0.48937973380088806,0.2355256974697113,0.4654552638530731,0.22314700484275818,0.43506431579589844,Y
0.33384665846824646,0.6310476660728455,0.3728891611099243,0.5927888751029968,0.39800700545310974,0.5343853831291199,0.41766899824142456,0.483588844537735,0.43516746163368225,0.45421749353408813,0.35184165835380554,0.48758938908576965,0.34162408113479614,0.4540616273880005,0.3482982814311981,0.4990938603878021,0.3548232913017273,0.5204463601112366,0.32446911931037903,0.4953649342060089,0.31589749455451965,0.46602943539619446,0.3287235498428345,0.516451358795166,0.33709946274757385,0.5328999757766724,0.29953745007514954,0.5079334378242493,0.28590333461761475,0.46624860167503357,0.30142489075660706,0.510438084602356,0.3132130205631256,0.5349936485290527,0.27637872099876404,0.522930383682251,0.25594794750213623,0.48130321502685547,0.24316471815109253,0.45623326301574707,0.23141029477119446,0.42540502548217773,Y
0.3419872522354126,0.6328892111778259,0.3802800178527832,0.5922640562057495,0.40564244985580444,0.5363519191741943,0.42585644125938416,0.4878331422805786,0.44450899958610535,0.45892155170440674,0.360117107629776,0.49080199003219604,0.3508364260196686,0.45798978209495544,0.3570282757282257,0.502197802066803,0.3621727526187897,0.52027827501297,0.33252066373825073,0.49883922934532166,0.32391712069511414,0.4698765277862549,0.3369765877723694,0.5189482569694519,0.3443276286125183,0.5335493087768555,0.30728065967559814,0.5105417966842651,0.29330340027809143,0.4670066833496094,0.30977872014045715,0.5102983713150024,0.32197147607803345,0.5341480374336243,0.2843925952911377,0.5238479375839233,0.2634415030479431,0.4844226539134979,0.25050878524780273,0.46062833070755005,0.23822522163391113,0.4302196502685547,Y
0.34844109416007996,0.6371843218803406,0.38698917627334595,0.5976489782333374,0.4125531315803528,0.5416246056556702,0.43224015831947327,0.493872731924057,0.4512777626514435,0.46567490696907043,0.36704152822494507,0.4962993264198303,0.35727739334106445,0.46488189697265625,0.362142950296402,0.50876384973526,0.36755505204200745,0.5283503532409668,0.33887600898742676,0.5038679242134094,0.3303976058959961,0.4760536253452301,0.34239986538887024,0.5249401330947876,0.35027390718460083,0.5432801842689514,0.31336742639541626,0.515324592590332,0.2992737889289856,0.472068727016449,0.31473085284233093,0.5146479606628418,0.3269469439983368,0.5399531722068787,0.2903934121131897,0.5288642644882202,0.26958703994750977,0.4890556335449219,0.2564283013343811,0.46545255184173584,0.24439826607704163,0.4359615445137024,Y
0.35177692770957947,0.6563233733177185,0.39064881205558777,0.6170204877853394,0.41711708903312683,0.5579013228416443,0.4368685483932495,0.5089858770370483,0.4572575092315674,0.48161405324935913,0.37312158942222595,0.5082674622535706,0.3611956536769867,0.47762900590896606,0.36660268902778625,0.5234112739562988,0.37295374274253845,0.543344259262085,0.3441566526889801,0.5154287815093994,0.33350908756256104,0.48769277334213257,0.34626147150993347,0.5389363169670105,0.354831337928772,0.558144211769104,0.31820249557495117,0.5271799564361572,0.3027392327785492,0.4880424439907074,0.31872060894966125,0.5334228873252869,0.33130010962486267,0.5592568516731262,0.29422733187675476,0.5405336618423462,0.27516475319862366,0.49910396337509155,0.2627919614315033,0.4754023551940918,0.2507501244544983,0.44557255506515503,Y
0.3512571156024933,0.6838099956512451,0.39078718423843384,0.6460511684417725,0.41803213953971863,0.5869636535644531,0.4378512501716614,0.538260281085968,0.4563225507736206,0.5111315846443176,0.3736594319343567,0.5357698202133179,0.3606927692890167,0.505804181098938,0.3674434721469879,0.553624153137207,0.37499961256980896,0.5723371505737305,0.34496286511421204,0.5424007773399353,0.3337438404560089,0.5178682804107666,0.3472685217857361,0.5701544880867004,0.3569490313529968,0.5859215259552002,0.31901097297668457,0.5544551610946655,0.3045293092727661,0.5187335014343262,0.3204689025878906,0.5642038583755493,0.332945853471756,0.5875909924507141,0.2948930859565735,0.5679861903190613,0.2778576612472534,0.5267230272293091,0.2669389843940735,0.5025902986526489,0.25659501552581787,0.471702516078949,Y
0.3488606810569763,0.71280437707901,0.38844507932662964,0.674575686454773,0.4147518575191498,0.6165119409561157,0.43487969040870667,0.5678666830062866,0.45344167947769165,0.5404781699180603,0.372403621673584,0.5631058812141418,0.3565935492515564,0.535532534122467,0.36384516954421997,0.583277702331543,0.37197086215019226,0.5997002720832825,0.3436611294746399,0.5699646472930908,0.33071041107177734,0.5462440848350525,0.34494584798812866,0.5979828834533691,0.3550887703895569,0.6112403273582458,0.3175966739654541,0.5824699997901917,0.30234330892562866,0.5479540824890137,0.3183111548423767,0.5937228202819824,0.3305771052837372,0.6160661578178406,0.29356324672698975,0.5965813398361206,0.27592259645462036,0.5563486218452454,0.26474758982658386,0.5330829620361328,0.25390344858169556,0.5024979114532471,Y
0.35106363892555237,0.7308831214904785,0.38987213373184204,0.6913770437240601,0.41667941212654114,0.6331815123558044,0.4364981949329376,0.5863273739814758,0.4567547142505646,0.5614960193634033,0.37211737036705017,0.581913411617279,0.35872963070869446,0.5535259246826172,0.3658648431301117,0.599708616733551,0.37371155619621277,0.6182882189750671,0.3445289433002472,0.5889233350753784,0.33279165625572205,0.5631725788116455,0.34623315930366516,0.6152117252349854,0.3555009365081787,0.6322713494300842,0.31946298480033875,0.6001873016357422,0.3043912351131439,0.563578188419342,0.31952977180480957,0.6103130578994751,0.33116984367370605,0.6349952220916748,0.295621782541275,0.6124593615531921,0.2789950966835022,0.5696864724159241,0.268977552652359,0.5454429388046265,0.25932127237319946,0.5150536298751831,Y
0.35299038887023926,0.7425167560577393,0.3918737769126892,0.7040630578994751,0.4190506637096405,0.6467254757881165,0.43865466117858887,0.5999510288238525,0.45925217866897583,0.5742937922477722,0.3756060302257538,0.5960425138473511,0.36344584822654724,0.5696336627006531,0.3700079917907715,0.6154012680053711,0.37671637535095215,0.6330445408821106,0.34801265597343445,0.6021054983139038,0.33713939785957336,0.5789657235145569,0.35055315494537354,0.6296654939651489,0.3589121401309967,0.6454535722732544,0.3226742446422577,0.6128937602043152,0.3074795603752136,0.5772401690483093,0.3230835199356079,0.6232367157936096,0.33434826135635376,0.6472292542457581,0.2987346947193146,0.6248219609260559,0.28254643082618713,0.5831153392791748,0.2726522982120514,0.5591636896133423,0.26235467195510864,0.5292159914970398,Y
0.35664284229278564,0.7670575380325317,0.3952767550945282,0.7294339537620544,0.42171600461006165,0.6720845699310303,0.4411064386367798,0.6263496279716492,0.4593365788459778,0.6010119318962097,0.37579864263534546,0.6198632717132568,0.36659321188926697,0.5957825779914856,0.3733316659927368,0.6411068439483643,0.37858492136001587,0.656455934047699,0.34798070788383484,0.6263287663459778,0.33956441283226013,0.6065693497657776,0.3539363443851471,0.6571465730667114,0.361097127199173,0.6711868047714233,0.3232269287109375,0.6383011341094971,0.3109975755214691,0.6054730415344238,0.3277736306190491,0.6520354151725769,0.3376489281654358,0.6755387783050537,0.3004527688026428,0.6518649458885193,0.28329116106033325,0.6130957007408142,0.2745034992694855,0.5904349684715271,0.2649267315864563,0.5602443218231201,Y
0.35471102595329285,0.7725216746330261,0.3930363357067108,0.7345247864723206,0.4186992943286896,0.6782531142234802,0.43769145011901855,0.6324346661567688,0.4562099277973175,0.6071277260780334,0.3747147023677826,0.6237487196922302,0.3594120442867279,0.5999330282211304,0.36980465054512024,0.646288275718689,0.37752828001976013,0.6612746715545654,0.34787577390670776,0.629944384098053,0.33407264947891235,0.6125868558883667,0.3504732549190521,0.663528323173523,0.3600687086582184,0.6725313663482666,0.3227982521057129,0.6423513889312744,0.3058552145957947,0.612736165523529,0.3236377537250519,0.6590865850448608,0.3360915780067444,0.6800477504730225,0.2987019717693329,0.655756950378418,0.2825843393802643,0.6173644065856934,0.2721062898635864,0.5965778827667236,0.2611929178237915,0.5684714317321777,Y
0.3535025417804718,0.7742651104927063,0.3919084668159485,0.7369138598442078,0.4169680178165436,0.6797412633895874,0.4359602928161621,0.6331586241722107,0.45548591017723083,0.6087443828582764,0.3738861680030823,0.6259838938713074,0.3597261607646942,0.6018620729446411,0.36867207288742065,0.6479458808898926,0.37637418508529663,0.663589358329773,0.346945196390152,0.6318178772926331,0.3337664306163788,0.6130920052528381,0.3488706946372986,0.6632195711135864,0.3587552309036255,0.6751170754432678,0.32174965739250183,0.6439375281333923,0.3056830167770386,0.6127515435218811,0.32250478863716125,0.6576510667800903,0.33489513397216797,0.6790114045143127,0.29785048961639404,0.6576472520828247,0.2808209955692291,0.6184576749801636,0.2700158953666687,0.5967864990234375,0.259626179933548,0.5685831308364868,Y
0.3482918441295624,0.7747387290000916,0.3863877058029175,0.7357968688011169,0.41086429357528687,0.6772829294204712,0.4300854802131653,0.6307597160339355,0.4483831226825714,0.6060949563980103,0.36554965376853943,0.6262927055358887,0.3539764881134033,0.600653886795044,0.3630882501602173,0.6463626623153687,0.3691706955432892,0.6617175340652466,0.33889973163604736,0.6331912279129028,0.3284352719783783,0.6136496663093567,0.3440285325050354,0.6627734303474426,0.35251957178115845,0.673701822757721,0.3143472969532013,0.6460303068161011,0.299127995967865,0.6110185980796814,0.3163765072822571,0.6567115783691406,0.32808831334114075,0.6805110573768616,0.2919977009296417,0.6600678563117981,0.2739940881729126,0.6209203600883484,0.2637946903705597,0.5991562008857727,0.25345420837402344,0.5694836378097534,Y
0.34044718742370605,0.7681128978729248,0.37830355763435364,0.7290787696838379,0.40214765071868896,0.6722979545593262,0.4197601079940796,0.6254396438598633,0.43881845474243164,0.6008544564247131,0.35574811697006226,0.6206929087638855,0.3445667028427124,0.5965267419815063,0.35268402099609375,0.6415398120880127,0.35771915316581726,0.6580429673194885,0.32856282591819763,0.6279070973396301,0.3192373216152191,0.6087642312049866,0.3348715603351593,0.6596161723136902,0.34220173954963684,0.6729329228401184,0.3040396571159363,0.6409103870391846,0.28868329524993896,0.6073541641235352,0.3062935769557953,0.6561154127120972,0.31707853078842163,0.6812077760696411,0.28201544284820557,0.6558498740196228,0.2645045518875122,0.6171393394470215,0.2541789412498474,0.5960506796836853,0.2425568699836731,0.5670438408851624,Y
0.33352047204971313,0.7744114995002747,0.36955273151397705,0.7342036962509155,0.3934198319911957,0.6757550239562988,0.4111682176589966,0.6296762228012085,0.4299623966217041,0.6064208745956421,0.35100120306015015,0.6233514547348022,0.3343236446380615,0.5991719365119934,0.34464240074157715,0.6452973484992981,0.35245612263679504,0.6594367027282715,0.32450583577156067,0.6297087073326111,0.31007716059684753,0.6124315857887268,0.32600921392440796,0.6626758575439453,0.3349093198776245,0.6723445057868958,0.2999291718006134,0.6424699425697327,0.2821463346481323,0.6120701432228088,0.2988433837890625,0.659824550151825,0.3103000223636627,0.6833277940750122,0.2768229842185974,0.6565772294998169,0.25851473212242126,0.618836522102356,0.24743899703025818,0.5988420248031616,0.23595738410949707,0.5715600848197937,Y
0.32991090416908264,0.779129683971405,0.36550039052963257,0.7387123107910156,0.38989806175231934,0.6815587878227234,0.4083387553691864,0.6359974145889282,0.4266434609889984,0.611792802810669,0.34969934821128845,0.6283621191978455,0.3309900164604187,0.6054713129997253,0.3411714434623718,0.6524016857147217,0.3501209616661072,0.6659002304077148,0.3227522671222687,0.6350916028022766,0.3065061867237091,0.618175745010376,0.3223811686038971,0.6689213514328003,0.3326331377029419,0.6764280796051025,0.2978174388408661,0.6476231217384338,0.2789918780326843,0.6188743114471436,0.29569706320762634,0.6649911403656006,0.3087659776210785,0.6847596764564514,0.27423831820487976,0.6607038378715515,0.25670039653778076,0.6224969625473022,0.24493278563022614,0.6028294563293457,0.23356635868549347,0.5754064917564392,Y
0.3271908462047577,0.7730586528778076,0.36350253224372864,0.7346556782722473,0.3888651728630066,0.6768639087677002,0.4078471064567566,0.6303970217704773,0.4250872731208801,0.6058965921401978,0.3482908010482788,0.6235414147377014,0.33379364013671875,0.6010898947715759,0.3407646715641022,0.6484695076942444,0.34771397709846497,0.66209876537323,0.32081353664398193,0.6295255422592163,0.30748286843299866,0.6125193238258362,0.3211878836154938,0.6636146903038025,0.3308165967464447,0.6741188764572144,0.2957431972026825,0.6426382064819336,0.27965638041496277,0.6135559678077698,0.2954685389995575,0.659446656703949,0.3076450824737549,0.6800234913825989,0.2722664773464203,0.6574066877365112,0.25462305545806885,0.6186164617538452,0.24347594380378723,0.5976020097732544,0.23281878232955933,0.5689707398414612,Y
0.32578372955322266,0.7696006298065186,0.3627617061138153,0.7308323383331299,0.38747015595436096,0.6741771697998047,0.4059346318244934,0.6280769109725952,0.4231029450893402,0.6038594245910645,0.34639787673950195,0.6229417324066162,0.33031824231147766,0.5990272164344788,0.33880728483200073,0.6454751491546631,0.3466617166996002,0.6604329347610474,0.31962671875953674,0.6295883059501648,0.3052484393119812,0.6109506487846375,0.32010918855667114,0.6607378125190735,0.32989302277565,0.6721609830856323,0.2950837314128876,0.6422173976898193,0.2780979573726654,0.6120561361312866,0.2946016192436218,0.6563608646392822,0.3067037761211395,0.6767935752868652,0.27193817496299744,0.6563660502433777,0.25337475538253784,0.6175730228424072,0.2424630969762802,0.5966650247573853,0.23201942443847656,0.5686992406845093,Y
0.32481712102890015,0.7710469961166382,0.3612171709537506,0.7313135862350464,0.3852503299713135,0.6746949553489685,0.40331223607063293,0.6291951537132263,0.42110735177993774,0.6046690344810486,0.34512820839881897,0.6224085688591003,0.3269863426685333,0.6000343561172485,0.3370877802371979,0.646722674369812,0.34563231468200684,0.660378098487854,0.31816667318344116,0.6289854049682617,0.3023221790790558,0.6125197410583496,0.31859588623046875,0.662406325340271,0.32850849628448486,0.6713892817497253,0.29335978627204895,0.6418221592903137,0.27540603280067444,0.6144014000892639,0.2930772006511688,0.659988284111023,0.30570188164711,0.6797153949737549,0.2699856758117676,0.6558284759521484,0.25200557708740234,0.6175695657730103,0.24126681685447693,0.5975692868232727,0.23043538630008698,0.5699840188026428,Y
0.32441169023513794,0.7681124806404114,0.3599712550640106,0.7294849157333374,0.38457733392715454,0.6707700490951538,0.40317273139953613,0.6236836314201355,0.4205584228038788,0.598908007144928,0.34354403614997864,0.6195634007453918,0.32792234420776367,0.5967633724212646,0.33684074878692627,0.6439500451087952,0.3443495035171509,0.6569985747337341,0.3172672390937805,0.6265888810157776,0.3031538724899292,0.6104939579963684,0.3191874325275421,0.6611690521240234,0.32922112941741943,0.6692818403244019,0.293056458234787,0.640097975730896,0.2765233516693115,0.6149268746376038,0.2944830656051636,0.6601822376251221,0.30721062421798706,0.6779568195343018,0.2699369192123413,0.6544224619865417,0.2523370385169983,0.6168833374977112,0.24173350632190704,0.5970805287361145,0.23092886805534363,0.5695173740386963,Y
0.3253723978996277,0.7673274278640747,0.3605026602745056,0.7274991273880005,0.384406179189682,0.6684186458587646,0.40275561809539795,0.6210610270500183,0.42039626836776733,0.5954906940460205,0.34386715292930603,0.6188333034515381,0.3262464702129364,0.5965681672096252,0.3368566334247589,0.6435569524765015,0.34459131956100464,0.65708988904953,0.317515105009079,0.6259122490882874,0.3020206689834595,0.6097683906555176,0.3189755380153656,0.6611357927322388,0.328162282705307,0.6692286729812622,0.29327017068862915,0.6396118998527527,0.2762332260608673,0.6148046851158142,0.2944967746734619,0.661620557308197,0.3065212666988373,0.6806879043579102,0.2700267732143402,0.6543893814086914,0.25258952379226685,0.6145297288894653,0.24251043796539307,0.5925861597061157,0.23182952404022217,0.5636711716651917,Y
0.325562059879303,0.7674305438995361,0.3601219356060028,0.7270821928977966,0.38386431336402893,0.6694490909576416,0.40140557289123535,0.6224539279937744,0.41863951086997986,0.5959944725036621,0.3441627621650696,0.6188268661499023,0.3241526186466217,0.5970638394355774,0.3353588283061981,0.6437636613845825,0.34430059790611267,0.6561316251754761,0.31722795963287354,0.6262837648391724,0.30012866854667664,0.6105793714523315,0.31736037135124207,0.6614391803741455,0.3274920880794525,0.6688137054443359,0.29271140694618225,0.6399827599525452,0.2749045789241791,0.6156921982765198,0.2932003140449524,0.6620197296142578,0.30625441670417786,0.6806713342666626,0.2697017788887024,0.65428227186203,0.25207969546318054,0.6151426434516907,0.24135515093803406,0.5937498211860657,0.23059377074241638,0.5652826428413391,Y
0.32386258244514465,0.7671602964401245,0.3590084910392761,0.7279015183448792,0.38373100757598877,0.6693025231361389,0.40171971917152405,0.6215602159500122,0.41874316334724426,0.5947487950325012,0.34395623207092285,0.6194197535514832,0.3263256847858429,0.5966730117797852,0.3353835344314575,0.6436092257499695,0.34348180890083313,0.6571847200393677,0.31713542342185974,0.6262639164924622,0.3019006848335266,0.6102421879768372,0.317729115486145,0.6610966324806213,0.3275562822818756,0.6699626445770264,0.29274237155914307,0.6396068334579468,0.2757803499698639,0.6147372722625732,0.2932191491127014,0.6611708998680115,0.3058888018131256,0.6804510354995728,0.26953625679016113,0.6535860300064087,0.2528226375579834,0.6143437623977661,0.2426634430885315,0.5926914811134338,0.23256748914718628,0.5638599991798401,Y
0.32119184732437134,0.7590357065200806,0.35707801580429077,0.7213966846466064,0.3809717893600464,0.6640321016311646,0.3976408839225769,0.6151617765426636,0.4143978953361511,0.5871082544326782,0.3390927016735077,0.6167784929275513,0.32446548342704773,0.5931360721588135,0.3338087499141693,0.6380415558815002,0.3410213887691498,0.6508073210716248,0.3136069178581238,0.6232422590255737,0.3004070818424225,0.605987548828125,0.31660324335098267,0.6551612019538879,0.32548028230667114,0.6621485948562622,0.28991052508354187,0.6352128982543945,0.27406153082847595,0.6092503070831299,0.29158303141593933,0.6546307802200317,0.3024194836616516,0.6734215021133423,0.2668847441673279,0.6478461623191833,0.24915485084056854,0.6092284917831421,0.23968814313411713,0.5885342359542847,0.229173943400383,0.5602908134460449,Y
0.31863340735435486,0.7554432153701782,0.3540004789829254,0.7175236940383911,0.37769830226898193,0.6607432961463928,0.3934248387813568,0.612612247467041,0.40943825244903564,0.5841859579086304,0.3364746868610382,0.6151319742202759,0.31905633211135864,0.5892617106437683,0.3288573920726776,0.6345825791358948,0.33785563707351685,0.6473289728164673,0.3107472062110901,0.6223923563957214,0.2958217263221741,0.603522539138794,0.31141218543052673,0.6527147889137268,0.32164207100868225,0.659963071346283,0.2868974804878235,0.6343875527381897,0.26982325315475464,0.6081928014755249,0.2863667607307434,0.6533420085906982,0.29879438877105713,0.6723148822784424,0.26395294070243835,0.6461997628211975,0.24633467197418213,0.6077681183815002,0.2359239012002945,0.5872957706451416,0.22584471106529236,0.5604013800621033,Y
0.31704938411712646,0.7566142082214355,0.3516767919063568,0.7165796756744385,0.3744937479496002,0.6605029702186584,0.38993048667907715,0.613923192024231,0.40509140491485596,0.5862526297569275,0.33212101459503174,0.6164838075637817,0.3147719204425812,0.591310977935791,0.3256411552429199,0.6336190700531006,0.33530393242836,0.6482387781143188,0.30669447779655457,0.6244912147521973,0.2914377450942993,0.605301022529602,0.30743223428726196,0.6511256098747253,0.3175323009490967,0.6603624224662781,0.28344470262527466,0.6367483139038086,0.26630643010139465,0.6091582775115967,0.28287816047668457,0.6529011130332947,0.2949354946613312,0.6737375259399414,0.2611963450908661,0.6492630243301392,0.2431044578552246,0.6115532517433167,0.23228566348552704,0.5899388790130615,0.2217537760734558,0.5623424053192139,Y
0.31372907757759094,0.7561445236206055,0.3482026159763336,0.7174927592277527,0.370348185300827,0.6603918671607971,0.3864418566226959,0.6129946708679199,0.4022698998451233,0.585734486579895,0.32984861731529236,0.6150146722793579,0.31363365054130554,0.5896130204200745,0.32270941138267517,0.6337122917175293,0.33124640583992004,0.6478509902954102,0.3043608069419861,0.6219983100891113,0.28988656401634216,0.6025419235229492,0.30484911799430847,0.6508185267448425,0.3151213526725769,0.6608201861381531,0.2807351052761078,0.6343041658401489,0.26397693157196045,0.6066182255744934,0.28015726804733276,0.6504665613174438,0.29266220331192017,0.6703695058822632,0.2581729292869568,0.647273063659668,0.2394847571849823,0.6093564033508301,0.22785553336143494,0.5886149406433105,0.21710623800754547,0.5613865256309509,Y
0.3089306950569153,0.756316065788269,0.3438563942909241,0.7178332805633545,0.3660498857498169,0.6613954305648804,0.3815712630748749,0.6130269169807434,0.39770936965942383,0.5845454931259155,0.32517701387405396,0.6140766739845276,0.3082912564277649,0.5889517068862915,0.31768447160720825,0.6330387592315674,0.3268803656101227,0.6468254923820496,0.2991234064102173,0.621452808380127,0.284716933965683,0.602726399898529,0.2997293174266815,0.6511766910552979,0.3101171851158142,0.6593929529190063,0.27516573667526245,0.6339643001556396,0.2579926550388336,0.6039797067642212,0.27402186393737793,0.649530827999115,0.2867022454738617,0.6707547903060913,0.25275975465774536,0.6471639275550842,0.23440484702587128,0.6096915602684021,0.2225365936756134,0.5899860262870789,0.2115597128868103,0.5629438161849976,Y
0.3088190257549286,0.7748875021934509,0.3417920172214508,0.7352292537689209,0.3645588755607605,0.6785471439361572,0.3794867694377899,0.6298503875732422,0.39518386125564575,0.5999031662940979,0.32365578413009644,0.6256875395774841,0.3066882789134979,0.6022567749023438,0.31568777561187744,0.6470043063163757,0.32435861229896545,0.6621587872505188,0.29712986946105957,0.6336433291435242,0.28291380405426025,0.6141354441642761,0.29851993918418884,0.6634657382965088,0.307903528213501,0.6755279302597046,0.273541122674942,0.6461363434791565,0.25684183835983276,0.6166993379592896,0.2730855643749237,0.6623698472976685,0.28464850783348083,0.6845425963401794,0.25180912017822266,0.6595767736434937,0.23250386118888855,0.6228885054588318,0.2213810384273529,0.6025967597961426,0.21014505624771118,0.5752966403961182,Y
0.30298879742622375,0.7852481007575989,0.33528855443000793,0.7450186610221863,0.35786810517311096,0.6874129772186279,0.3725666403770447,0.6399810910224915,0.3880256116390228,0.6111159324645996,0.3165439963340759,0.6359463930130005,0.2969760596752167,0.6129317283630371,0.3077966272830963,0.6584146022796631,0.31782066822052,0.6719534993171692,0.29177752137184143,0.6430553197860718,0.2753450274467468,0.6260279417037964,0.2912959158420563,0.6750445365905762,0.30157938599586487,0.6846303343772888,0.26887282729148865,0.6552820205688477,0.24987900257110596,0.6280959844589233,0.26587480306625366,0.6758471727371216,0.278422474861145,0.6986656188964844,0.2471376359462738,0.6680404543876648,0.22924143075942993,0.6317582726478577,0.21812711656093597,0.6124474406242371,0.2075013816356659,0.5869011878967285,Y
0.29403582215309143,0.7766320109367371,0.32674822211265564,0.7371796369552612,0.34825730323791504,0.6807063221931458,0.3633800148963928,0.6322965621948242,0.3810122609138489,0.603050947189331,0.3079741597175598,0.6337704062461853,0.2926924228668213,0.6080877780914307,0.3006073832511902,0.6522486805915833,0.3089863359928131,0.6678038239479065,0.2821578085422516,0.6399189829826355,0.2700660824775696,0.6219111680984497,0.2837866246700287,0.6709274053573608,0.29296058416366577,0.6803265810012817,0.25890204310417175,0.6528450846672058,0.24325188994407654,0.6250044703483582,0.2581985592842102,0.6700976490974426,0.2696796953678131,0.6901131272315979,0.23773349821567535,0.6671931147575378,0.22131571173667908,0.630372941493988,0.2114025354385376,0.6097307801246643,0.20141983032226562,0.5824440717697144,Y
0.29276514053344727,0.7832323908805847,0.3243395686149597,0.7418162822723389,0.3458847999572754,0.6861494779586792,0.35997098684310913,0.639268696308136,0.37536752223968506,0.6110324859619141,0.306880921125412,0.6368727087974548,0.2881673574447632,0.612876832485199,0.2976008355617523,0.6564635634422302,0.30723994970321655,0.6700349450111389,0.28180259466171265,0.6439440250396729,0.2663239538669586,0.6256104707717896,0.28136321902275085,0.6731125116348267,0.2916083335876465,0.682813823223114,0.25902411341667175,0.6565328240394592,0.2410387396812439,0.6296263933181763,0.25665342807769775,0.6724010705947876,0.26924827694892883,0.6913436651229858,0.23771986365318298,0.6701569557189941,0.2197515368461609,0.6337421536445618,0.20797058939933777,0.6136457324028015,0.19672676920890808,0.5878573656082153,Y
0.2909691333770752,0.7869637608528137,0.32247480750083923,0.7462805509567261,0.34385114908218384,0.6892068386077881,0.35844242572784424,0.6415753960609436,0.3741607964038849,0.6135156154632568,0.3033658266067505,0.6403154134750366,0.2858462631702423,0.6173077821731567,0.2952319383621216,0.6608051061630249,0.30437135696411133,0.6730247139930725,0.2788112163543701,0.6471379399299622,0.26413193345069885,0.6309002637863159,0.27914005517959595,0.6773850321769714,0.28915494680404663,0.6852156519889832,0.25611308217048645,0.6600420475006104,0.2388470321893692,0.6343287825584412,0.25467649102211,0.6765061616897583,0.2670421600341797,0.6945905685424805,0.2348499596118927,0.6739859580993652,0.2163473218679428,0.6384444832801819,0.20498958230018616,0.6183018088340759,0.1941828429698944,0.5920703411102295,Y
0.2906688153743744,0.7875055074691772,0.3215348422527313,0.7467564940452576,0.34297123551368713,0.6895413398742676,0.3574748635292053,0.6416701674461365,0.3740566670894623,0.6140642762184143,0.3031095266342163,0.6392067670822144,0.2851274609565735,0.6181597709655762,0.29342344403266907,0.6626543998718262,0.3028160631656647,0.6746797561645508,0.2777591943740845,0.6460044980049133,0.26286524534225464,0.6316904425621033,0.27757692337036133,0.6793716549873352,0.2881346344947815,0.6877515912055969,0.2548840045928955,0.659183919429779,0.236883282661438,0.6352835893630981,0.2529309391975403,0.6775791645050049,0.26594340801239014,0.6946874260902405,0.23331433534622192,0.6735255718231201,0.2157018780708313,0.6375327706336975,0.20486140251159668,0.6175393462181091,0.194662407040596,0.5914251804351807,Y
0.29178717732429504,0.7856310606002808,0.3227628767490387,0.7457612156867981,0.34353527426719666,0.6873733997344971,0.35856392979621887,0.6391739845275879,0.3747471868991852,0.6116570234298706,0.3015739917755127,0.6394492387771606,0.2864164710044861,0.6165281534194946,0.294743150472641,0.6610655784606934,0.30280980467796326,0.6742270588874817,0.2771112322807312,0.645573079586029,0.26386553049087524,0.6292195320129395,0.27883532643318176,0.677573025226593,0.2887187898159027,0.6854757070541382,0.25475913286209106,0.6585491895675659,0.23781602084636688,0.632362425327301,0.25463104248046875,0.6743378043174744,0.2671031653881073,0.6907744407653809,0.23374177515506744,0.672951877117157,0.21554282307624817,0.6366892457008362,0.20453692972660065,0.6164838671684265,0.19348394870758057,0.5890499353408813,Y
0.2911534607410431,0.7627870440483093,0.3235137462615967,0.7227742671966553,0.3450362980365753,0.6683250069618225,0.3609054386615753,0.6205850839614868,0.37819796800613403,0.5918433666229248,0.30673420429229736,0.6262363195419312,0.2920440435409546,0.5983630418777466,0.299180805683136,0.6406174302101135,0.3068423867225647,0.6583397388458252,0.27993130683898926,0.6323014497756958,0.2677002251148224,0.6101719737052917,0.2802237868309021,0.6567107439041138,0.2891126275062561,0.6696091294288635,0.2563556134700775,0.6431373357772827,0.24098709225654602,0.6090218424797058,0.2544536888599396,0.6507485508918762,0.26590681076049805,0.6728515028953552,0.23476962745189667,0.6554150581359863,0.21859528124332428,0.6173098683357239,0.2074662744998932,0.5948340892791748,0.19763174653053284,0.5680201053619385,Y
0.2897379994392395,0.7345256805419922,0.32460665702819824,0.6956518888473511,0.34820595383644104,0.6414656043052673,0.3637336194515228,0.5934396386146545,0.3792632818222046,0.5644463896751404,0.30703097581863403,0.5972644090652466,0.292043536901474,0.5696826577186584,0.2998986840248108,0.6124641299247742,0.30781328678131104,0.6278582215309143,0.2810978293418884,0.6032454967498779,0.2677854001522064,0.5807949900627136,0.28142112493515015,0.6285349726676941,0.2906532287597656,0.640130877494812,0.2577139139175415,0.6139068007469177,0.24191072583198547,0.5825521349906921,0.2556445598602295,0.6241710186004639,0.2666889429092407,0.6446793675422668,0.2357599437236786,0.6251451969146729,0.21955183148384094,0.5862622857093811,0.2084805965423584,0.5638996958732605,0.19798097014427185,0.5377582311630249,Y
0.28743234276771545,0.716390073299408,0.32231882214546204,0.6778461337089539,0.34544646739959717,0.6233547329902649,0.36114558577537537,0.5747402310371399,0.3760945796966553,0.5454089045524597,0.30605682730674744,0.5787606835365295,0.28976044058799744,0.5495981574058533,0.2970549762248993,0.5932871699333191,0.3051716685295105,0.6103702783584595,0.27915579080581665,0.5847688913345337,0.26566439867019653,0.5608645677566528,0.27877330780029297,0.6083883047103882,0.2880961298942566,0.6203422546386719,0.25479939579963684,0.5955925583839417,0.23862075805664062,0.563135027885437,0.25319045782089233,0.6043396592140198,0.26501965522766113,0.6242294311523438,0.23215633630752563,0.6071965098381042,0.2166784107685089,0.5689997673034668,0.2061731517314911,0.5473530292510986,0.19591987133026123,0.5202882885932922,Y
0.2828958332538605,0.6919764280319214,0.3182887136936188,0.6542118787765503,0.3421962261199951,0.5978187322616577,0.3580199182033539,0.5478089451789856,0.37456801533699036,0.5188949704170227,0.3037683963775635,0.5470809936523438,0.2863236963748932,0.5213485956192017,0.2937464416027069,0.5653518438339233,0.3024589717388153,0.5798465013504028,0.2764360308647156,0.5536373257637024,0.2616829574108124,0.531028687953949,0.2751272916793823,0.5797322392463684,0.28519004583358765,0.5916932225227356,0.251850426197052,0.5655529499053955,0.23508130013942719,0.5346406698226929,0.24933011829853058,0.5761081576347351,0.2612922191619873,0.5953630208969116,0.22906111180782318,0.578551709651947,0.2122691571712494,0.5397039651870728,0.2010720670223236,0.5183725953102112,0.19041192531585693,0.49201297760009766,Y
0.2821049392223358,0.6803966760635376,0.3166200816631317,0.6409682631492615,0.338462769985199,0.5841336846351624,0.35393989086151123,0.5333126187324524,0.36855021119117737,0.5024884939193726,0.2984691560268402,0.5369471907615662,0.28235629200935364,0.5063864588737488,0.28940218687057495,0.5513390302658081,0.2968495190143585,0.5717217326164246,0.2719533443450928,0.5440724492073059,0.25879842042922974,0.5177644491195679,0.2721569240093231,0.5673988461494446,0.2807929515838623,0.582575261592865,0.24818545579910278,0.5565840601921082,0.23209217190742493,0.5206215381622314,0.24722391366958618,0.563626766204834,0.25856655836105347,0.5863626003265381,0.2265857458114624,0.5707009434700012,0.2081936001777649,0.530042290687561,0.1972436159849167,0.5066215991973877,0.18630191683769226,0.47791874408721924,Y
0.27724984288215637,0.6694998741149902,0.31218966841697693,0.6293115019798279,0.33499595522880554,0.5745729804039001,0.35018739104270935,0.5258670449256897,0.3661230802536011,0.49650245904922485,0.29673710465431213,0.5278417468070984,0.27864909172058105,0.4977037310600281,0.2853645086288452,0.5432881712913513,0.2944963276386261,0.5625500679016113,0.2693498730659485,0.5349169373512268,0.2552780210971832,0.5099002122879028,0.2675846815109253,0.5596418976783752,0.2777242660522461,0.5744008421897888,0.24527011811733246,0.54762864112854,0.22827944159507751,0.5133157968521118,0.24193328619003296,0.5558940768241882,0.2543960213661194,0.5773037672042847,0.2234906107187271,0.5619255304336548,0.20512735843658447,0.521868884563446,0.1933528184890747,0.49908506870269775,0.18270987272262573,0.47139623761177063,Y
0.27632594108581543,0.6773369908332825,0.31175336241722107,0.6361388564109802,0.33490732312202454,0.5792684555053711,0.34943222999572754,0.5300998687744141,0.365065336227417,0.5016525983810425,0.2958992123603821,0.5337124466896057,0.2788395285606384,0.502083957195282,0.28551965951919556,0.5476019382476807,0.2938273251056671,0.5647028088569641,0.2687203884124756,0.5412696599960327,0.25352150201797485,0.5152374505996704,0.2664649486541748,0.5636886358261108,0.27736037969589233,0.5761339664459229,0.24445900321006775,0.5534917712211609,0.22679996490478516,0.5196012854576111,0.24136985838413239,0.5613588094711304,0.25465381145477295,0.5815683007240295,0.22229167819023132,0.5659316778182983,0.20582368969917297,0.5246084332466125,0.19346046447753906,0.5013771653175354,0.1819142997264862,0.4737027883529663,Y
0.27642300724983215,0.6726741194725037,0.31152933835983276,0.633455753326416,0.3344297409057617,0.5770396590232849,0.3496577739715576,0.5275985598564148,0.36652180552482605,0.49894899129867554,0.2965534031391144,0.5294581055641174,0.2795717418193817,0.4992777705192566,0.28506407141685486,0.5451681613922119,0.29365310072898865,0.5614131689071655,0.2698552906513214,0.537039041519165,0.25582966208457947,0.5128120183944702,0.2678763270378113,0.561820924282074,0.27879008650779724,0.5732802748680115,0.24596059322357178,0.5494841933250427,0.22911497950553894,0.5163363814353943,0.2423890233039856,0.5577125549316406,0.25508227944374084,0.5761089324951172,0.2238253504037857,0.5626066327095032,0.2066209614276886,0.5215204954147339,0.19471052289009094,0.4987501800060272,0.18432395160198212,0.4709170162677765,Y
0.27807727456092834,0.6609973907470703,0.31287437677383423,0.6218005418777466,0.33527398109436035,0.5665093660354614,0.35151904821395874,0.5161356925964355,0.3685644268989563,0.4863737225532532,0.29786673188209534,0.5201759934425354,0.2819616496562958,0.4874238073825836,0.2879696488380432,0.5314884781837463,0.2957395911216736,0.5515778660774231,0.2709929049015045,0.5265254974365234,0.2579510509967804,0.49948638677597046,0.27003195881843567,0.5473934412002563,0.27922049164772034,0.5614979863166809,0.24725905060768127,0.5378273725509644,0.23183400928974152,0.5011841058731079,0.24444028735160828,0.5423676371574402,0.25494182109832764,0.5641763210296631,0.22547312080860138,0.5507537126541138,0.20919910073280334,0.5095332860946655,0.19930236041545868,0.48588693141937256,0.190022811293602,0.45788443088531494,Y
0.2801353633403778,0.6506556272506714,0.31545060873031616,0.6120001673698425,0.3380069136619568,0.5570486187934875,0.3542744815349579,0.5077325105667114,0.3708156645298004,0.47908326983451843,0.2995317876338959,0.511600136756897,0.28540271520614624,0.47775644063949585,0.2914148271083832,0.5210880041122437,0.29879191517829895,0.5419268608093262,0.2734231948852539,0.5179827809333801,0.2620124816894531,0.4899609684944153,0.2733517587184906,0.538140058517456,0.28177860379219055,0.5534633994102478,0.2503814697265625,0.5291292667388916,0.23621393740177155,0.4921058416366577,0.24858112633228302,0.5329807996749878,0.2587309777736664,0.5547770857810974,0.22906029224395752,0.5417433381080627,0.21278081834316254,0.4997591972351074,0.20246142148971558,0.475864440202713,0.1929062306880951,0.4477766752243042,Y
0.2801890969276428,0.6526265740394592,0.3155812621116638,0.6145769357681274,0.3388354182243347,0.557685911655426,0.35505783557891846,0.5082708597183228,0.3724178075790405,0.4806031882762909,0.30087459087371826,0.5102174878120422,0.28617048263549805,0.4775550365447998,0.291225790977478,0.5220612287521362,0.2987658381462097,0.5394728183746338,0.27544012665748596,0.5164116621017456,0.2623346745967865,0.4898187518119812,0.27336543798446655,0.5382086038589478,0.28333526849746704,0.5517211556434631,0.252055287361145,0.5278586149215698,0.2369576394557953,0.49371376633644104,0.2496543526649475,0.5340572595596313,0.26155534386634827,0.5533624291419983,0.22975313663482666,0.5402829647064209,0.21379835903644562,0.49886083602905273,0.20261485874652863,0.4757812023162842,0.19299332797527313,0.44874992966651917,Y
0.27858197689056396,0.6491382122039795,0.3146648705005646,0.6108371019363403,0.3379959762096405,0.5549147725105286,0.3538166582584381,0.5057243704795837,0.3716472387313843,0.4773768186569214,0.3007350564002991,0.5084576606750488,0.2845134437084198,0.4771344065666199,0.28966373205184937,0.5226988196372986,0.2982710897922516,0.5398685932159424,0.2744792103767395,0.5144267678260803,0.2605855464935303,0.4891458749771118,0.27119144797325134,0.5382005572319031,0.28171002864837646,0.5517694354057312,0.25038641691207886,0.5257524251937866,0.23435698449611664,0.4928615391254425,0.24621674418449402,0.534159779548645,0.25843894481658936,0.5537861585617065,0.2279173880815506,0.5379664301872253,0.2123129516839981,0.4967196583747864,0.20144155621528625,0.4735897183418274,0.19231636822223663,0.44663867354393005,Y
0.2797238230705261,0.639560878276825,0.31525999307632446,0.6002979278564453,0.33822500705718994,0.5453997254371643,0.3549056053161621,0.4954495131969452,0.3713727593421936,0.4656197428703308,0.3010653853416443,0.5004460215568542,0.2866286337375641,0.46627670526504517,0.29141750931739807,0.510215163230896,0.29831641912460327,0.5306172370910645,0.2745077311992645,0.5063735842704773,0.2623675763607025,0.47826606035232544,0.27313777804374695,0.526310384273529,0.28152868151664734,0.5417754054069519,0.2511805593967438,0.5173494815826416,0.23668137192726135,0.4807875156402588,0.24908000230789185,0.5206888318061829,0.25958943367004395,0.5419360995292664,0.23004820942878723,0.5298985838890076,0.21351292729377747,0.4889432489871979,0.20333850383758545,0.46545636653900146,0.19386427104473114,0.4377208650112152,Y
0.28364241123199463,0.6333616375923157,0.31984061002731323,0.5964753031730652,0.34368380904197693,0.5411666631698608,0.35933077335357666,0.49248671531677246,0.3762129247188568,0.46546638011932373,0.30320003628730774,0.49702388048171997,0.28966689109802246,0.4636375904083252,0.29490673542022705,0.5083499550819397,0.3019496202468872,0.5269376039505005,0.27810221910476685,0.5027458667755127,0.2656109631061554,0.47656214237213135,0.2770017385482788,0.5242971181869507,0.2865813970565796,0.5382187366485596,0.2552623748779297,0.5130448341369629,0.24020346999168396,0.47842538356781006,0.25268158316612244,0.519331693649292,0.2638813853263855,0.5396517515182495,0.2334013283252716,0.5244617462158203,0.21832537651062012,0.4827422499656677,0.20845624804496765,0.4591645300388336,0.1997022032737732,0.4316626787185669,Y
0.28837206959724426,0.6330844759941101,0.32440057396888733,0.5958597660064697,0.34827035665512085,0.5412052869796753,0.3647140562534332,0.4929254949092865,0.38242074847221375,0.4645121693611145,0.30966806411743164,0.4950063228607178,0.295143187046051,0.4625591039657593,0.2998611330986023,0.5083394050598145,0.3073039948940277,0.5276830792427063,0.2836371958255768,0.5008451342582703,0.2709750533103943,0.4744395613670349,0.2818293571472168,0.5234642028808594,0.2917807698249817,0.5392669439315796,0.26018646359443665,0.5117174386978149,0.2453717589378357,0.47545546293258667,0.2573677599430084,0.5164201855659485,0.2689359486103058,0.5376257300376892,0.2387145459651947,0.5239672064781189,0.22373299300670624,0.48183733224868774,0.2131139636039734,0.45769429206848145,0.2039152979850769,0.4299459457397461,Y
0.2958511710166931,0.6317620873451233,0.33292025327682495,0.5943617820739746,0.35806968808174133,0.5391793251037598,0.37523165345191956,0.4904213547706604,0.3937901258468628,0.46236205101013184,0.31866520643234253,0.49259039759635925,0.3053154945373535,0.45944374799728394,0.31038665771484375,0.5047978758811951,0.31829702854156494,0.5253092646598816,0.2921587824821472,0.49786001443862915,0.2808152437210083,0.4706299602985382,0.29090195894241333,0.5199440717697144,0.30010536313056946,0.5361385345458984,0.26826104521751404,0.5084201097488403,0.2538551688194275,0.47150930762290955,0.26522645354270935,0.5134875774383545,0.2765344977378845,0.5352751612663269,0.24623505771160126,0.5207141637802124,0.2316288948059082,0.47795233130455017,0.22150090336799622,0.4537885785102844,0.21318937838077545,0.4262618124485016,Y
0.3200858235359192,0.6369060277938843,0.35814589262008667,0.6002885699272156,0.38285574316978455,0.5413564443588257,0.40132686495780945,0.49184587597846985,0.42100438475608826,0.46529725193977356,0.34199950098991394,0.495535284280777,0.32901787757873535,0.46212518215179443,0.3355902135372162,0.5072381496429443,0.3433033227920532,0.5279373526573181,0.31479334831237793,0.5010631084442139,0.30424070358276367,0.474640429019928,0.3159577250480652,0.523257315158844,0.32475927472114563,0.54087895154953,0.29034191370010376,0.5118247866630554,0.27661335468292236,0.47446516156196594,0.2896841764450073,0.5175573825836182,0.3005487620830536,0.542346715927124,0.2686535716056824,0.5245769619941711,0.25375810265541077,0.48070016503334045,0.2436118870973587,0.4555562734603882,0.23393464088439941,0.42705607414245605,Y
0.32820212841033936,0.639064371585846,0.3655415177345276,0.6014028787612915,0.3912821114063263,0.5440114736557007,0.4108189642429352,0.4950104355812073,0.4302622079849243,0.46655797958374023,0.3502834141254425,0.49492791295051575,0.3381578028202057,0.4632820785045624,0.34361404180526733,0.5079649686813354,0.35018637776374817,0.5263597965240479,0.32292452454566956,0.5008990168571472,0.3122708797454834,0.4753938615322113,0.32371199131011963,0.5243905782699585,0.33258378505706787,0.538025438785553,0.29854172468185425,0.5119609236717224,0.28453874588012695,0.4739396572113037,0.2971799671649933,0.5151545405387878,0.30831462144851685,0.5359882116317749,0.27629077434539795,0.5247138738632202,0.2606199383735657,0.481756329536438,0.25005748867988586,0.4561389982700348,0.24072235822677612,0.42592376470565796,Y
0.3343047499656677,0.6318579912185669,0.37264198064804077,0.5950945615768433,0.39828333258628845,0.5392804145812988,0.41842392086982727,0.49062877893447876,0.4375092387199402,0.4640560448169708,0.3564329147338867,0.4921596348285675,0.3448803722858429,0.45908352732658386,0.3500196635723114,0.5042874217033386,0.3560739755630493,0.523565411567688,0.3297237753868103,0.4978600740432739,0.31915608048439026,0.47119957208633423,0.33079206943511963,0.5209375619888306,0.33994147181510925,0.5356437563896179,0.30555224418640137,0.5088107585906982,0.29169461131095886,0.4714351296424866,0.3048305809497833,0.5140402317047119,0.31606435775756836,0.5359255075454712,0.28274381160736084,0.5215238332748413,0.2675167918205261,0.4780288338661194,0.25732043385505676,0.45192307233810425,0.2480434775352478,0.4207877814769745,Y
0.33760643005371094,0.6272445917129517,0.37680184841156006,0.5897971391677856,0.40264782309532166,0.5332656502723694,0.42316362261772156,0.48438358306884766,0.4415756165981293,0.4580352306365967,0.3608691394329071,0.48635369539260864,0.3507474362850189,0.4523448944091797,0.3560870289802551,0.4978177547454834,0.3616998493671417,0.5190276503562927,0.33424291014671326,0.49207478761672974,0.32537931203842163,0.4651845693588257,0.3367161452770233,0.5151782631874084,0.3452637195587158,0.5307833552360535,0.310062050819397,0.5030190944671631,0.2979620397090912,0.4642411172389984,0.3107786178588867,0.5067371726036072,0.321024626493454,0.5297521948814392,0.28735092282295227,0.5158675312995911,0.27150750160217285,0.4718366265296936,0.2608906626701355,0.44553470611572266,0.2511872351169586,0.4143989086151123,Y
0.33748459815979004,0.6232922077178955,0.37802720069885254,0.5877413749694824,0.40413492918014526,0.5312292575836182,0.4248493015766144,0.48247459530830383,0.4433667063713074,0.4561891555786133,0.36452144384384155,0.4841495156288147,0.3529019057750702,0.45091623067855835,0.35748589038848877,0.49526408314704895,0.3641059696674347,0.5142099261283875,0.33740338683128357,0.49008268117904663,0.32692649960517883,0.4630995988845825,0.33793821930885315,0.5122864842414856,0.34793588519096375,0.5254480838775635,0.3122308850288391,0.5011040568351746,0.2992978096008301,0.4621712565422058,0.31199946999549866,0.5045080184936523,0.3235887587070465,0.5264727473258972,0.28844982385635376,0.5130353569984436,0.27359241247177124,0.4699084758758545,0.26296335458755493,0.4439516067504883,0.2537399232387543,0.4128056764602661,Y
0.33701834082603455,0.6215929388999939,0.3771236836910248,0.5851790904998779,0.4031781852245331,0.528324544429779,0.42397233843803406,0.4794914722442627,0.44315773248672485,0.452913761138916,0.3633226752281189,0.4798038899898529,0.3519015312194824,0.44811496138572693,0.3567032814025879,0.49309903383255005,0.363468199968338,0.5120089054107666,0.3367544114589691,0.4853557050228119,0.3262273371219635,0.4600485563278198,0.33724164962768555,0.5091015100479126,0.3470267653465271,0.5223202705383301,0.31176280975341797,0.4962537884712219,0.2984354794025421,0.45880958437919617,0.3116655945777893,0.5011464953422546,0.3233196437358856,0.5227053165435791,0.2880534529685974,0.5083808302879333,0.27285683155059814,0.4662381410598755,0.26206469535827637,0.44179630279541016,0.2521671652793884,0.4119359850883484,Y
0.33742815256118774,0.6137797832489014,0.37656980752944946,0.576731264591217,0.40271568298339844,0.5196308493614197,0.4232836961746216,0.47172072529792786,0.44228315353393555,0.44483837485313416,0.36276909708976746,0.4718781113624573,0.3511960804462433,0.4405652582645416,0.3560987114906311,0.4866219162940979,0.3625603914260864,0.5055219531059265,0.33595603704452515,0.47745293378829956,0.3254818022251129,0.4523937702178955,0.3365602195262909,0.5024443864822388,0.3455226719379425,0.5167925953865051,0.3112264573574066,0.4887129068374634,0.29813137650489807,0.4524766206741333,0.31171873211860657,0.49550750851631165,0.3228880763053894,0.5170673727989197,0.2881690263748169,0.5013625621795654,0.2715825140476227,0.4593936800956726,0.26157674193382263,0.4349481761455536,0.25238263607025146,0.40471911430358887,Y
0.33534368872642517,0.6092830896377563,0.37479859590530396,0.5719733238220215,0.40067094564437866,0.5144564509391785,0.4214249849319458,0.46639254689216614,0.4407462775707245,0.4399270713329315,0.3614976704120636,0.4669005870819092,0.34890493750572205,0.43420863151550293,0.3539346754550934,0.48048120737075806,0.36096858978271484,0.4987139403820038,0.33456990122795105,0.4727939963340759,0.3232877254486084,0.446280837059021,0.3342791795730591,0.49650582671165466,0.3440450429916382,0.5097451210021973,0.30969202518463135,0.4841439723968506,0.2959269881248474,0.44684740900993347,0.3091951012611389,0.4893336892127991,0.3211669325828552,0.5104151368141174,0.28657859563827515,0.4964600205421448,0.2708733081817627,0.45470473170280457,0.2605341672897339,0.43053898215293884,0.2513289749622345,0.40080952644348145,Y
0.3365268111228943,0.6064900159835815,0.3760508894920349,0.5712741613388062,0.4017556607723236,0.5149556398391724,0.422469824552536,0.4666251838207245,0.4416002631187439,0.4391820728778839,0.3610914349555969,0.4656881093978882,0.3501754403114319,0.43403005599975586,0.35510221123695374,0.4784787893295288,0.36165550351142883,0.49798357486724854,0.3346598744392395,0.471419095993042,0.3243219554424286,0.4461303949356079,0.33516210317611694,0.4946433901786804,0.34466034173965454,0.5093887448310852,0.3099287748336792,0.482535719871521,0.29701972007751465,0.4457821547985077,0.30992546677589417,0.4868626296520233,0.3214987814426422,0.5081316232681274,0.2866747975349426,0.49522069096565247,0.2712511122226715,0.45373332500457764,0.2606145739555359,0.42909806966781616,0.2511488199234009,0.39937734603881836,Y
0.33721020817756653,0.6052523255348206,0.37703022360801697,0.5702899098396301,0.40297603607177734,0.5148987770080566,0.4232822060585022,0.4667002260684967,0.44131630659103394,0.4397231638431549,0.3631960451602936,0.4666551351547241,0.3517722487449646,0.43383288383483887,0.35641998052597046,0.4788462817668915,0.36267930269241333,0.4973243772983551,0.3365069031715393,0.47199344635009766,0.32597553730010986,0.4463357627391815,0.336829274892807,0.49489647150039673,0.34643080830574036,0.5076342821121216,0.3115725815296173,0.48267489671707153,0.29841744899749756,0.4455956816673279,0.31113898754119873,0.4868287742137909,0.3225172460079193,0.5070703625679016,0.28802138566970825,0.4944496154785156,0.27289149165153503,0.4523466229438782,0.26257649064064026,0.4277387857437134,0.2533077597618103,0.39776188135147095,Y
0.3374878168106079,0.6179596781730652,0.3762805163860321,0.5821008086204529,0.40382981300354004,0.5251303911209106,0.42372381687164307,0.47673267126083374,0.4424684941768646,0.44945836067199707,0.36338040232658386,0.4766899347305298,0.3515165448188782,0.44499915838241577,0.3562556505203247,0.48973825573921204,0.36193495988845825,0.5105611681938171,0.3359449505805969,0.4823439121246338,0.3249986171722412,0.453682005405426,0.33597755432128906,0.5026523470878601,0.3437579274177551,0.5211560726165771,0.31118258833885193,0.49241140484809875,0.2971785068511963,0.45289498567581177,0.3101498484611511,0.49556764960289,0.3202427625656128,0.5205527544021606,0.2883134186267853,0.5037358999252319,0.27278774976730347,0.4613189399242401,0.26275745034217834,0.43610280752182007,0.2525976896286011,0.4061221778392792,Y
0.3369826078414917,0.6390780210494995,0.3746609091758728,0.6003572940826416,0.40135353803634644,0.5415098071098328,0.4209359288215637,0.4943915903568268,0.44030874967575073,0.46860793232917786,0.361707866191864,0.4933382570743561,0.3477537930011749,0.4628734886646271,0.3540072441101074,0.5083085298538208,0.36149126291275024,0.5273877382278442,0.334003210067749,0.4995328187942505,0.3222287893295288,0.472299188375473,0.33398035168647766,0.5228536128997803,0.34247350692749023,0.5393909811973572,0.3094449043273926,0.5104066133499146,0.2955285310745239,0.4737876057624817,0.3084535300731659,0.5185025334358215,0.31853237748146057,0.5424324870109558,0.2871277332305908,0.5225723385810852,0.2705984115600586,0.47992178797721863,0.2605018615722656,0.4552792012691498,0.25054502487182617,0.42526790499687195,Y
0.3371107876300812,0.6540414094924927,0.37432652711868286,0.6162566542625427,0.4004836082458496,0.5588158369064331,0.41984981298446655,0.511093258857727,0.43832308053970337,0.4831068813800812,0.3609338402748108,0.5099949836730957,0.34702545404434204,0.4789075255393982,0.353738397359848,0.5232635736465454,0.36098942160606384,0.5423023104667664,0.333743155002594,0.5157424807548523,0.3218393325805664,0.4891408681869507,0.33425071835517883,0.5385859608650208,0.343098908662796,0.5533981919288635,0.30918410420417786,0.5263599753379822,0.2952316999435425,0.4899585545063019,0.3088987469673157,0.5343837738037109,0.31965672969818115,0.5580548644065857,0.2862544357776642,0.5379250645637512,0.2702334523200989,0.4953581392765045,0.2596804201602936,0.47019344568252563,0.2492702305316925,0.4398012161254883,Y
0.34114712476730347,0.6899999976158142,0.3789946436882019,0.6521589159965515,0.40312668681144714,0.5981667041778564,0.42272844910621643,0.5502225160598755,0.4421173334121704,0.5222745537757874,0.3651958405971527,0.5484247803688049,0.3524494767189026,0.5187464952468872,0.3582509458065033,0.5645848512649536,0.3644419014453888,0.5831530094146729,0.33748379349708557,0.5548156499862671,0.327088326215744,0.5297961831092834,0.3386758267879486,0.579882025718689,0.3468351364135742,0.5926680564880371,0.3123876750469208,0.5661337971687317,0.2993778586387634,0.5313226580619812,0.3133441209793091,0.5755251049995422,0.3241170644760132,0.5975875854492188,0.2894066274166107,0.5788091421127319,0.273834764957428,0.536435067653656,0.2641734182834625,0.5124111175537109,0.25473272800445557,0.4819968640804291,Y
0.33875572681427,0.708283007144928,0.3754822313785553,0.6709648966789246,0.4014955461025238,0.6140131950378418,0.4206525981426239,0.5682401657104492,0.4392954409122467,0.5421863794326782,0.3618847727775574,0.5645282864570618,0.3457285463809967,0.5399895310401917,0.3525214195251465,0.5853128433227539,0.3615108132362366,0.6016920208930969,0.3337949216365814,0.5716143846511841,0.3207090497016907,0.5491116642951965,0.3338966369628906,0.5988854765892029,0.3437485098838806,0.6133734583854675,0.3088452219963074,0.5826956033706665,0.2926374673843384,0.5497019290924072,0.30726709961891174,0.5946122407913208,0.31927573680877686,0.6172255873680115,0.28615373373031616,0.5943047404289246,0.27074840664863586,0.5540902018547058,0.26059404015541077,0.5310260057449341,0.2506025731563568,0.5015980005264282,Y
0.33690962195396423,0.7273516058921814,0.37321779131889343,0.6885906457901001,0.39828214049339294,0.632134199142456,0.4170170724391937,0.5856554508209229,0.43524980545043945,0.558454692363739,0.3579345941543579,0.5814619064331055,0.34159353375434875,0.556213915348053,0.3493601083755493,0.60128253698349,0.3586966097354889,0.618401825428009,0.3304508626461029,0.5884429812431335,0.31683599948883057,0.5669826865196228,0.3308198153972626,0.6172622442245483,0.34067216515541077,0.631873369216919,0.30557215213775635,0.5994516015052795,0.288841187953949,0.5689355134963989,0.3043557107448578,0.6148529052734375,0.31676575541496277,0.6381480097770691,0.28257039189338684,0.6111251711845398,0.266316294670105,0.569972574710846,0.25524598360061646,0.5472034215927124,0.2442225068807602,0.5183869004249573,Y
0.33735334873199463,0.7401339411735535,0.37339553236961365,0.7011944651603699,0.3978416919708252,0.6451930403709412,0.4154921770095825,0.5979939103126526,0.4340745210647583,0.5704904198646545,0.3578912913799286,0.5962944626808167,0.3423595428466797,0.5698102116584778,0.3495199978351593,0.6149701476097107,0.35799723863601685,0.6316983103752136,0.3308022916316986,0.6021127104759216,0.3173767328262329,0.5809550881385803,0.33069950342178345,0.6306522488594055,0.3407919108867645,0.643437922000885,0.3060467541217804,0.6128590703010559,0.2901171147823334,0.5813759565353394,0.30482611060142517,0.6268560290336609,0.3170071840286255,0.6493222117424011,0.28267133235931396,0.6242585778236389,0.26721325516700745,0.5819776058197021,0.2561224699020386,0.557835578918457,0.24544557929039001,0.5284790396690369,Y
0.33678746223449707,0.7452031373977661,0.37277451157569885,0.7066782712936401,0.3968832194805145,0.6505478024482727,0.41432783007621765,0.6033812165260315,0.4320983290672302,0.5767311453819275,0.35468241572380066,0.6016132235527039,0.3394230604171753,0.5759427547454834,0.3486776351928711,0.6202735304832458,0.3576807975769043,0.6355992555618286,0.3286929130554199,0.6072976589202881,0.31498977541923523,0.5886425375938416,0.32986748218536377,0.6366642713546753,0.3396984040737152,0.6471933722496033,0.30450063943862915,0.618289589881897,0.2884759306907654,0.589561939239502,0.30435365438461304,0.6340200901031494,0.31615522503852844,0.6551204919815063,0.281351774930954,0.629801332950592,0.2657504379749298,0.587929904460907,0.255792498588562,0.5638273358345032,0.2458563894033432,0.5349956750869751,Y
0.3355115056037903,0.7425802946090698,0.3726736605167389,0.7061018347740173,0.3963051736354828,0.6508743762969971,0.41270163655281067,0.604219377040863,0.43054908514022827,0.5783563256263733,0.35425713658332825,0.6028338670730591,0.33823418617248535,0.5784209370613098,0.3468874990940094,0.6236333847045898,0.35585078597068787,0.638472318649292,0.32819488644599915,0.608191967010498,0.31416866183280945,0.5912360548973083,0.3286110758781433,0.6396822333335876,0.339194118976593,0.6491939425468445,0.3037389814853668,0.6192827224731445,0.2872573733329773,0.5922088623046875,0.30320754647254944,0.6369522213935852,0.31575798988342285,0.6573139429092407,0.2801864743232727,0.630994975566864,0.2649451792240143,0.5896239280700684,0.2547363340854645,0.5655075311660767,0.244906485080719,0.5362198948860168,Y
0.334305077791214,0.7431776523590088,0.37110093235969543,0.7060662508010864,0.3948770761489868,0.6505544185638428,0.4123513400554657,0.6033176183700562,0.4300687611103058,0.5771541595458984,0.3542613983154297,0.6032413840293884,0.33868157863616943,0.5770817995071411,0.3472268283367157,0.6220327615737915,0.3558650314807892,0.6353965401649475,0.328174352645874,0.6086198091506958,0.31433796882629395,0.5902547240257263,0.3287133574485779,0.6393740177154541,0.33926132321357727,0.6473004817962646,0.3034583628177643,0.6196377873420715,0.28729453682899475,0.5902087688446045,0.3028531074523926,0.6347314119338989,0.31544971466064453,0.6539908647537231,0.2797578275203705,0.6311448812484741,0.2645607590675354,0.5893407464027405,0.25401195883750916,0.5655288100242615,0.2440595030784607,0.535730242729187,Y
0.3350060284137726,0.7492567300796509,0.37112876772880554,0.7102190256118774,0.39446040987968445,0.653224527835846,0.4108855128288269,0.6064928770065308,0.42810142040252686,0.5810103416442871,0.35209107398986816,0.6066105961799622,0.33741673827171326,0.5808206796646118,0.3468289375305176,0.6248372197151184,0.3553827702999115,0.6397500038146973,0.3263424038887024,0.6122130155563354,0.3128244876861572,0.5934780836105347,0.3276345133781433,0.6405584812164307,0.33747658133506775,0.6501221060752869,0.30204740166664124,0.6228415369987488,0.28554123640060425,0.5943944454193115,0.30146679282188416,0.6390137672424316,0.31318673491477966,0.6598926782608032,0.27848580479621887,0.6338596343994141,0.262686550617218,0.5924697518348694,0.2524397373199463,0.5690059065818787,0.24219533801078796,0.5404741168022156,Y
0.3329381048679352,0.7490773797035217,0.3691420257091522,0.711487352848053,0.3924635052680969,0.6562652587890625,0.40929895639419556,0.609367847442627,0.4272611141204834,0.5829885005950928,0.35182201862335205,0.6082026958465576,0.33558252453804016,0.5836171507835388,0.34453055262565613,0.6280121207237244,0.35363003611564636,0.6418502926826477,0.325753778219223,0.6129700541496277,0.31126224994659424,0.5957476496696472,0.325944185256958,0.6440180540084839,0.336405873298645,0.6531115770339966,0.3012275993824005,0.6237840056419373,0.2845044732093811,0.5969399213790894,0.30046898126602173,0.6411155462265015,0.3128274977207184,0.6607180237770081,0.277418315410614,0.6355075836181641,0.2613360583782196,0.5943485498428345,0.2510297894477844,0.5707413554191589,0.24122458696365356,0.5417376756668091,Y
0.33408892154693604,0.7456002831459045,0.3707788288593292,0.710434079170227,0.3940480649471283,0.6550474762916565,0.4110572040081024,0.6079972982406616,0.4285690188407898,0.5832828283309937,0.3520101010799408,0.6093438267707825,0.33839619159698486,0.5827112197875977,0.3460603356361389,0.6276144981384277,0.35347604751586914,0.6423953771591187,0.3261728882789612,0.6143580079078674,0.31356343626976013,0.5955824851989746,0.3276214003562927,0.6434910893440247,0.33749935030937195,0.6535930037498474,0.30183207988739014,0.6250787377357483,0.2860589027404785,0.5968412756919861,0.3018803298473358,0.6393567323684692,0.31378716230392456,0.6583375930786133,0.27845248579978943,0.6365180611610413,0.262892484664917,0.5948820114135742,0.2527522146701813,0.5707312822341919,0.24281084537506104,0.5413833856582642,Y
0.33437564969062805,0.7499384880065918,0.3710143268108368,0.7118988037109375,0.3941178619861603,0.6560437083244324,0.41104817390441895,0.6085634827613831,0.4290749132633209,0.582719087600708,0.35392630100250244,0.6085143685340881,0.3384045958518982,0.5821685194969177,0.3465079069137573,0.6265524625778198,0.35497820377349854,0.6400436758995056,0.32759445905685425,0.6139904260635376,0.31359633803367615,0.5952748656272888,0.32793518900871277,0.6427387595176697,0.33869656920433044,0.6510860919952393,0.3028382658958435,0.6248096227645874,0.2861039936542511,0.5963257551193237,0.30218493938446045,0.6383618712425232,0.3152080774307251,0.6564699411392212,0.27913275361061096,0.6361266374588013,0.26332980394363403,0.594402551651001,0.2524236738681793,0.5702254176139832,0.2422204464673996,0.5406351089477539,Y
0.33346250653266907,0.7507427334785461,0.37010690569877625,0.7130022644996643,0.3934439420700073,0.656231164932251,0.41090452671051025,0.6093376278877258,0.4281575381755829,0.5837958455085754,0.35333284735679626,0.6089441180229187,0.33791014552116394,0.5835559964179993,0.3461121618747711,0.6280720233917236,0.354772686958313,0.6418527960777283,0.3267619013786316,0.614274799823761,0.31270676851272583,0.5962042808532715,0.3268979489803314,0.6438482403755188,0.33760976791381836,0.653191864490509,0.3020128011703491,0.6251758337020874,0.2854688763618469,0.5969582796096802,0.3016282916069031,0.6393004655838013,0.3147091269493103,0.6579046249389648,0.27869194746017456,0.6369327902793884,0.26283878087997437,0.5956793427467346,0.2518165111541748,0.5719249844551086,0.24149800837039948,0.5425722599029541,Y
0.3306492567062378,0.7482256293296814,0.36673274636268616,0.7105506062507629,0.3898247480392456,0.6539408564567566,0.4063307046890259,0.6067199110984802,0.4238314628601074,0.5815144181251526,0.34889793395996094,0.607749879360199,0.33430272340774536,0.5835089683532715,0.3428819477558136,0.627737283706665,0.35132941603660583,0.6410706043243408,0.3226929008960724,0.6133237481117249,0.3097858726978302,0.5956594944000244,0.3241896629333496,0.6435245275497437,0.334151029586792,0.653231680393219,0.29820898175239563,0.623986542224884,0.2817513942718506,0.5964651107788086,0.29792097210884094,0.6411934494972229,0.3101046085357666,0.6621894240379333,0.27494364976882935,0.6355779767036438,0.2581266760826111,0.5953419208526611,0.24725674092769623,0.5726743936538696,0.23675531148910522,0.5444028973579407,Y
0.32331666350364685,0.7559338808059692,0.35784992575645447,0.7172185182571411,0.3807089328765869,0.6592361330986023,0.3972005844116211,0.6120403409004211,0.4149913191795349,0.5862132906913757,0.33944398164749146,0.6115456223487854,0.32286664843559265,0.5878316164016724,0.33353686332702637,0.6317983269691467,0.3420723080635071,0.6435306072235107,0.3137708604335785,0.6182122230529785,0.30023491382598877,0.602068305015564,0.31625983119010925,0.6503870487213135,0.3247302770614624,0.6556025743484497,0.2900907099246979,0.6297611594200134,0.27335891127586365,0.6028817296028137,0.2902255654335022,0.6503481268882751,0.3010379374027252,0.6714271903038025,0.267251193523407,0.6413183212280273,0.25105613470077515,0.6018568277359009,0.24100808799266815,0.5814111828804016,0.22973552346229553,0.5540657639503479,Y
