0.3598141372203827,0.693792462348938,0.3671870231628418,0.6506576538085938,0.36744290590286255,0.6163714528083801,0.3615024983882904,0.6013771891593933,0.35243287682533264,0.617609977722168,0.278556764125824,0.5953975915908813,0.24155369400978088,0.5839066505432129,0.25199949741363525,0.5696458220481873,0.27623969316482544,0.5677851438522339,0.2655247747898102,0.6320549845695496,0.29544150829315186,0.6075189709663391,0.3285267949104309,0.6167779564857483,0.3325434923171997,0.6276353597640991,0.26932260394096375,0.6680490970611572,0.3085428476333618,0.6469054222106934,0.3335396647453308,0.6482344269752502,0.3333651125431061,0.6529582142829895,0.2826892137527466,0.6992425918579102,0.3206368386745453,0.6812100410461426,0.34016215801239014,0.6748367547988892,0.3402673602104187,0.6744936108589172,X
0.3604322671890259,0.6926113367080688,0.36809781193733215,0.6502176523208618,0.36858460307121277,0.6148030161857605,0.3616573214530945,0.601795494556427,0.35090309381484985,0.6233923435211182,0.2789265513420105,0.5943058729171753,0.2422497272491455,0.5822241902351379,0.2538917064666748,0.569248616695404,0.2777225971221924,0.5666958689689636,0.2659448981285095,0.6308785676956177,0.29549169540405273,0.606045663356781,0.3290451765060425,0.6148717403411865,0.3345416784286499,0.6262359619140625,0.26990652084350586,0.6669931411743164,0.3086833357810974,0.6460747122764587,0.33454272150993347,0.6471004486083984,0.33638131618499756,0.6526209115982056,0.28315117955207825,0.6984983086585999,0.3199281692504883,0.6804444789886475,0.3409874439239502,0.6728938817977905,0.3439064025878906,0.671737551689148,X
0.35724636912345886,0.6935102343559265,0.3654283583164215,0.6504531502723694,0.3667832612991333,0.6153332591056824,0.3613639771938324,0.5991636514663696,0.35255318880081177,0.6156071424484253,0.27906519174575806,0.5920911431312561,0.2415853589773178,0.5798875093460083,0.2532694339752197,0.5665058493614197,0.2776108980178833,0.5638335943222046,0.2655848562717438,0.6286634206771851,0.2952708601951599,0.6045917272567749,0.32859939336776733,0.6130428314208984,0.3338313698768616,0.6233270168304443,0.26899459958076477,0.6645302772521973,0.3097420036792755,0.6437591910362244,0.3342066705226898,0.6441460847854614,0.33449116349220276,0.647944450378418,0.2820907533168793,0.6947010159492493,0.3212498128414154,0.676846444606781,0.34002432227134705,0.6715061664581299,0.3396758437156677,0.6716728806495667,X
0.35652169585227966,0.6935369372367859,0.36517858505249023,0.6499139666557312,0.3650784492492676,0.6151571869850159,0.35761529207229614,0.6037949323654175,0.3443860113620758,0.6207948327064514,0.27588239312171936,0.5923315286636353,0.2392462193965912,0.5829763412475586,0.24427549540996552,0.5694639682769775,0.26465269923210144,0.56644207239151,0.26137208938598633,0.6298323273658752,0.2871227264404297,0.6074939370155334,0.3219957649707794,0.6161327362060547,0.3298845887184143,0.6264322996139526,0.2641843557357788,0.6669889092445374,0.3028484284877777,0.6468838453292847,0.3299196660518646,0.6479098200798035,0.33220207691192627,0.6519616842269897,0.2767277657985687,0.700078547000885,0.3127910792827606,0.6821503639221191,0.33490192890167236,0.6745744347572327,0.33797672390937805,0.6722009181976318,X
0.36557263135910034,0.6933214664459229,0.3732849359512329,0.6477059721946716,0.37155091762542725,0.6105058193206787,0.3632265329360962,0.5971590280532837,0.35073915123939514,0.6182234287261963,0.2822672426700592,0.5939580798149109,0.24715787172317505,0.5843459367752075,0.25545209646224976,0.5698989629745483,0.2756171226501465,0.563746452331543,0.26819926500320435,0.6306204199790955,0.29764699935913086,0.6078050136566162,0.33001065254211426,0.6168891191482544,0.3346211314201355,0.6278473734855652,0.27198508381843567,0.6672044396400452,0.3122957944869995,0.6461279392242432,0.3370984196662903,0.6479694247245789,0.33625662326812744,0.6531282067298889,0.28569090366363525,0.6983022689819336,0.325650691986084,0.6801795959472656,0.3456158936023712,0.675791323184967,0.3445412516593933,0.6769578456878662,X
0.36600664258003235,0.692521870136261,0.375755250453949,0.6485533714294434,0.37528833746910095,0.6107140183448792,0.3651849329471588,0.5995771288871765,0.35319262742996216,0.6233739852905273,0.2857556939125061,0.5915923714637756,0.24809277057647705,0.5805925130844116,0.25655168294906616,0.5675689578056335,0.27906063199043274,0.5650098323822021,0.27098220586776733,0.6293900012969971,0.2984530031681061,0.6074479222297668,0.33108726143836975,0.6160117983818054,0.33652183413505554,0.6274957060813904,0.2739173471927643,0.6661847829818726,0.31200650334358215,0.6475486159324646,0.33674678206443787,0.6475832462310791,0.33716627955436707,0.6520010828971863,0.2863200306892395,0.6981169581413269,0.32517337799072266,0.6819462180137634,0.3452207148075104,0.6748496294021606,0.34552741050720215,0.6733981370925903,X
0.35885196924209595,0.6905141472816467,0.36744847893714905,0.6495264768600464,0.3682286739349365,0.6173810958862305,0.3605571985244751,0.6049842834472656,0.34639859199523926,0.6223714351654053,0.2781842350959778,0.5924673080444336,0.23931783437728882,0.5840315818786621,0.24354210495948792,0.5717896223068237,0.26426932215690613,0.5700746178627014,0.2637011408805847,0.6303620934486389,0.2894713580608368,0.6101627945899963,0.3234100043773651,0.6190280318260193,0.32901301980018616,0.6282387971878052,0.26592758297920227,0.667278528213501,0.30532974004745483,0.6502671837806702,0.3311242163181305,0.6501436233520508,0.33158376812934875,0.6524418592453003,0.2772371768951416,0.6997199058532715,0.3136003613471985,0.6844531297683716,0.33542877435684204,0.6769578456878662,0.3376612663269043,0.674191951751709,X
0.35677921772003174,0.6908689737319946,0.364673912525177,0.6485691070556641,0.36373382806777954,0.6105783581733704,0.3547349274158478,0.5991953611373901,0.342965692281723,0.6226187348365784,0.2759215533733368,0.5899173617362976,0.23816823959350586,0.5818759202957153,0.2413955181837082,0.5693203806877136,0.2600878179073334,0.5651242733001709,0.2616158127784729,0.6273305416107178,0.28523343801498413,0.6067884564399719,0.31816110014915466,0.6154546141624451,0.32458555698394775,0.625907838344574,0.2643733620643616,0.6637862324714661,0.2984946072101593,0.646898627281189,0.32460111379623413,0.645805835723877,0.32687538862228394,0.6490781903266907,0.2760917842388153,0.6964458227157593,0.31074297428131104,0.6815033555030823,0.3329482972621918,0.6732649207115173,0.3359746038913727,0.6702767610549927,X
0.3524494767189026,0.6870909929275513,0.3615705370903015,0.6438812017440796,0.3611886501312256,0.6081345081329346,0.3500627875328064,0.5969139337539673,0.3351691663265228,0.6182980537414551,0.27088266611099243,0.5896206498146057,0.23104235529899597,0.57899409532547,0.23543058335781097,0.562847375869751,0.2567237317562103,0.5596855282783508,0.2579983174800873,0.6258965134620667,0.2780742347240448,0.602019190788269,0.31376734375953674,0.6111791133880615,0.32011353969573975,0.6218299269676208,0.26054567098617554,0.6608482599258423,0.2937946915626526,0.6417491436004639,0.32174235582351685,0.6420444250106812,0.32333439588546753,0.645702064037323,0.27154889702796936,0.6925456523895264,0.3060271441936493,0.6761091947555542,0.32900354266166687,0.6683105230331421,0.331208199262619,0.6661803722381592,X
0.35262995958328247,0.6832360625267029,0.3591768741607666,0.6391529440879822,0.3590816259384155,0.6030176281929016,0.35098379850387573,0.587469756603241,0.33778518438339233,0.6062970161437988,0.26930657029151917,0.5817199945449829,0.2323777973651886,0.5745658278465271,0.2361939698457718,0.5579389929771423,0.25603187084198,0.5509842038154602,0.2567048668861389,0.6188914179801941,0.2800678014755249,0.593360960483551,0.31306809186935425,0.6035277247428894,0.3185778558254242,0.6153101921081543,0.2600623071193695,0.6543144583702087,0.2944455146789551,0.6322246789932251,0.3202771842479706,0.6334437131881714,0.3217681646347046,0.6394912004470825,0.272411584854126,0.6857715845108032,0.3080112636089325,0.6678908467292786,0.32839787006378174,0.6617368459701538,0.3291368782520294,0.6616244912147522,X
0.3503001034259796,0.6799044609069824,0.3583894968032837,0.6367841958999634,0.35842660069465637,0.6017131805419922,0.3508336544036865,0.5878109335899353,0.33714890480041504,0.601972222328186,0.2687530517578125,0.5783225297927856,0.2309652715921402,0.5690576434135437,0.23491407930850983,0.5524287819862366,0.25480687618255615,0.5469074249267578,0.2561144530773163,0.6153056025505066,0.2767868638038635,0.5917572975158691,0.31165432929992676,0.6011697053909302,0.3177894055843353,0.6121753454208374,0.25883644819259644,0.6507831811904907,0.291797012090683,0.6320038437843323,0.3193211555480957,0.6320179104804993,0.3213920593261719,0.6362939476966858,0.27020829916000366,0.6825966238975525,0.3035605251789093,0.6664007306098938,0.3266887664794922,0.658286988735199,0.3298046290874481,0.6561728119850159,X
0.3542323708534241,0.6835677623748779,0.3623043894767761,0.6416675448417664,0.3604521155357361,0.605975866317749,0.3507540225982666,0.5945770144462585,0.3349296450614929,0.6119397878646851,0.2703409492969513,0.5830277800559998,0.2317952662706375,0.5748333930969238,0.2348526567220688,0.5586854815483093,0.25600817799568176,0.5539275407791138,0.2564904987812042,0.6207708716392517,0.27942192554473877,0.5969964265823364,0.3142423927783966,0.6066298484802246,0.3194601237773895,0.6165631413459778,0.2592550218105316,0.6576327681541443,0.2946394979953766,0.6370800137519836,0.32271894812583923,0.6388760805130005,0.32366639375686646,0.6434093713760376,0.27128636837005615,0.6917774081230164,0.304896742105484,0.6740734577178955,0.328596830368042,0.6657306551933289,0.33206772804260254,0.6626638770103455,X
0.3518836796283722,0.6877062320709229,0.35974156856536865,0.644584059715271,0.35823217034339905,0.6069035530090332,0.34779423475265503,0.5974493622779846,0.33472198247909546,0.6208407282829285,0.26983022689819336,0.5883967280387878,0.2298530787229538,0.580625057220459,0.23320885002613068,0.5669602155685425,0.2530861794948578,0.5633882880210876,0.2557661533355713,0.6254569292068481,0.2781444191932678,0.6036843657493591,0.3113897144794464,0.6115769147872925,0.3161602318286896,0.620868444442749,0.25790220499038696,0.6611529588699341,0.2940041720867157,0.643474817276001,0.320068359375,0.6429172158241272,0.3198378086090088,0.6449387669563293,0.2688170373439789,0.6933465003967285,0.30438104271888733,0.6785016059875488,0.3266315460205078,0.6703997850418091,0.3283189535140991,0.6665781140327454,X
0.35296693444252014,0.6882436275482178,0.3596796989440918,0.6440075635910034,0.35698771476745605,0.6053164601325989,0.34520095586776733,0.5966628193855286,0.33152613043785095,0.6223661303520203,0.2682875990867615,0.5908772945404053,0.22928160429000854,0.5866013765335083,0.2288360595703125,0.5729010701179504,0.24446219205856323,0.5673112869262695,0.2550402879714966,0.6279172897338867,0.27569106221199036,0.607549250125885,0.30947741866111755,0.6154215335845947,0.31590336561203003,0.6251457333564758,0.2578650116920471,0.6638838052749634,0.2911849617958069,0.6464934349060059,0.318271279335022,0.6453601121902466,0.3200765550136566,0.6481321454048157,0.2692111134529114,0.6969310641288757,0.3011292815208435,0.6813763976097107,0.32372668385505676,0.6720144748687744,0.3270120322704315,0.6677887439727783,X
0.3544800281524658,0.6936130523681641,0.3600006103515625,0.6467306613922119,0.35683950781822205,0.6098389029502869,0.347156822681427,0.6015007495880127,0.33567023277282715,0.6235905289649963,0.2686757445335388,0.5998902320861816,0.2317323088645935,0.5996086597442627,0.2324359267950058,0.5876496434211731,0.2479449212551117,0.5822677612304688,0.2550053000450134,0.637957751750946,0.2742081582546234,0.6187500357627869,0.31119304895401,0.622352123260498,0.3220198452472687,0.6283115148544312,0.25836360454559326,0.6742932796478271,0.29166197776794434,0.6558656692504883,0.32031500339508057,0.6530452966690063,0.3248104155063629,0.6546165347099304,0.2710151672363281,0.7067618370056152,0.30548641085624695,0.6891424655914307,0.3281647264957428,0.6788316965103149,0.33149322867393494,0.6742907762527466,X
0.35169610381126404,0.6929755806922913,0.35961636900901794,0.6482816934585571,0.35678085684776306,0.6090206503868103,0.34532588720321655,0.6032996773719788,0.33485668897628784,0.6306322813034058,0.2685392200946808,0.6022734642028809,0.22809618711471558,0.6018339991569519,0.23154616355895996,0.5903701186180115,0.25241124629974365,0.5870085954666138,0.2558053433895111,0.6387199759483337,0.2764861285686493,0.6203616857528687,0.3122130334377289,0.6238624453544617,0.32044076919555664,0.6312326788902283,0.2592613399028778,0.6734898090362549,0.29147273302078247,0.6573653221130371,0.31989380717277527,0.6529992818832397,0.32356470823287964,0.6543877124786377,0.27130579948425293,0.7048530578613281,0.304723858833313,0.6891623139381409,0.3274776041507721,0.6796669960021973,0.330412894487381,0.676715075969696,X
0.3517555296421051,0.6915158033370972,0.3583434224128723,0.6463526487350464,0.3567245602607727,0.6083909273147583,0.3467046916484833,0.596573531627655,0.33512064814567566,0.6209220886230469,0.26860010623931885,0.5988867282867432,0.22978714108467102,0.5994267463684082,0.23154500126838684,0.5871987342834473,0.2516573667526245,0.5825815796852112,0.2559972405433655,0.6357851624488831,0.27423685789108276,0.6171083450317383,0.31060296297073364,0.6200416088104248,0.32149678468704224,0.6270120739936829,0.25980958342552185,0.6710578799247742,0.28891807794570923,0.6548689603805542,0.31787899136543274,0.649660587310791,0.32454419136047363,0.6508920192718506,0.2724158763885498,0.7031756639480591,0.3035031259059906,0.6877446174621582,0.3274005353450775,0.6760362386703491,0.33363765478134155,0.6708664298057556,X
0.3532783091068268,0.6914670467376709,0.3590262830257416,0.6482068300247192,0.35599520802497864,0.6131216287612915,0.3460067808628082,0.6064668297767639,0.33406999707221985,0.6289631128311157,0.2675277590751648,0.6013457179069519,0.23155131936073303,0.6014279127120972,0.2342686653137207,0.589394748210907,0.2512202560901642,0.5837053060531616,0.25424498319625854,0.6393555402755737,0.27450305223464966,0.620557427406311,0.3104138970375061,0.623485803604126,0.31816643476486206,0.6290673017501831,0.2577930688858032,0.6756572723388672,0.29096880555152893,0.6575824022293091,0.3192766010761261,0.6537055969238281,0.3216751515865326,0.654908299446106,0.2705481946468353,0.7078410387039185,0.3030621409416199,0.6905694603919983,0.32559406757354736,0.6803869605064392,0.32827457785606384,0.6763588190078735,X
0.34996870160102844,0.6936730742454529,0.3579564690589905,0.6497798562049866,0.3553926646709442,0.6119980216026306,0.34462904930114746,0.605838418006897,0.335243821144104,0.6323874592781067,0.2673335373401642,0.6043961048126221,0.2277122437953949,0.6026505827903748,0.23368637263774872,0.5910295844078064,0.25629234313964844,0.588912308216095,0.2557404935359955,0.6415071487426758,0.2719018757343292,0.6241872906684875,0.3080528676509857,0.6252796053886414,0.3169635534286499,0.6319664716720581,0.25891903042793274,0.67644864320755,0.2868303060531616,0.6612917184829712,0.31689342856407166,0.6549979448318481,0.3227791488170624,0.6565863490104675,0.27062222361564636,0.7076897621154785,0.30165717005729675,0.6923019886016846,0.32539522647857666,0.6814034581184387,0.3299233019351959,0.6782480478286743,X
0.3490002453327179,0.6915547251701355,0.35525816679000854,0.6476403474807739,0.3518003821372986,0.6104133725166321,0.3410455286502838,0.6039613485336304,0.33068275451660156,0.6287793517112732,0.2645827531814575,0.6025020480155945,0.2254699468612671,0.6018736362457275,0.22920145094394684,0.5896229147911072,0.250708669424057,0.5857616662979126,0.25275835394859314,0.6394880414009094,0.2699914872646332,0.6221874952316284,0.30444228649139404,0.6241433620452881,0.3139647841453552,0.6311801671981812,0.25623247027397156,0.6745203137397766,0.28609520196914673,0.6593945026397705,0.31460317969322205,0.6525130867958069,0.3205370306968689,0.6529627442359924,0.26817163825035095,0.7060837149620056,0.2981548309326172,0.6905795335769653,0.32142889499664307,0.6790716052055359,0.3268730342388153,0.6747475266456604,X
0.3499164581298828,0.6933932900428772,0.3551163077354431,0.6497114300727844,0.35315051674842834,0.6128891110420227,0.34396812319755554,0.5978649854660034,0.33268630504608154,0.6196466684341431,0.2666167616844177,0.5995522141456604,0.22900505363941193,0.5999340415000916,0.22990286350250244,0.5870984792709351,0.24906404316425323,0.5805490612983704,0.25324589014053345,0.636451780796051,0.2742916941642761,0.6167877316474915,0.30901625752449036,0.6205621957778931,0.31884530186653137,0.628277599811554,0.2568126916885376,0.6716826558113098,0.2886807918548584,0.6532719731330872,0.3157520890235901,0.6491411924362183,0.3205041289329529,0.6518077254295349,0.2698456645011902,0.7027937173843384,0.30506014823913574,0.6859915852546692,0.32656538486480713,0.6771467924118042,0.32957297563552856,0.6753759980201721,X
0.35442399978637695,0.6908140778541565,0.36014869809150696,0.6468785405158997,0.35844162106513977,0.609591007232666,0.3488430678844452,0.5969679355621338,0.3361275792121887,0.6200344562530518,0.27060067653656006,0.5983989834785461,0.2343568652868271,0.5965254306793213,0.23840586841106415,0.5826225876808167,0.2585306763648987,0.5759248733520508,0.2580287456512451,0.6350287795066833,0.2794220745563507,0.6122148633003235,0.31415751576423645,0.6169970631599426,0.32259300351142883,0.6252718567848206,0.2620076537132263,0.6697953343391418,0.29402709007263184,0.6491991281509399,0.32172006368637085,0.6466442346572876,0.32586097717285156,0.6500633955001831,0.2751350998878479,0.7008452415466309,0.3095358908176422,0.6825178861618042,0.3316022455692291,0.6742812395095825,0.3347046375274658,0.6731036305427551,X
0.36204883456230164,0.688776433467865,0.36645597219467163,0.6460956931114197,0.3638206422328949,0.6115553975105286,0.3551768958568573,0.5991430878639221,0.34326890110969543,0.6187630891799927,0.27608224749565125,0.5986543893814087,0.24060237407684326,0.597473680973053,0.24567510187625885,0.5839617252349854,0.266789972782135,0.5784329175949097,0.26423951983451843,0.6359293460845947,0.2850414216518402,0.6145304441452026,0.3199491500854492,0.6180421113967896,0.3298860490322113,0.6257784962654114,0.2688041031360626,0.6710655689239502,0.3011263608932495,0.6507920622825623,0.3284636437892914,0.6476834416389465,0.3327046036720276,0.6510096192359924,0.28318312764167786,0.7018440961837769,0.3187217116355896,0.6835357546806335,0.3387909233570099,0.6749853491783142,0.33987337350845337,0.6737015247344971,X
0.3748060166835785,0.7002540826797485,0.3816910982131958,0.6572429537773132,0.3806355595588684,0.6190017461776733,0.37344497442245483,0.6041589975357056,0.3625977635383606,0.6217499375343323,0.29803064465522766,0.6042870283126831,0.25960689783096313,0.5978331565856934,0.26677000522613525,0.5846290588378906,0.28745874762535095,0.577912449836731,0.2856326997280121,0.6401799917221069,0.31153208017349243,0.6164066791534424,0.34201499819755554,0.6221246719360352,0.3474849462509155,0.6313464045524597,0.29006409645080566,0.6745049357414246,0.3268507421016693,0.6518581509590149,0.3504510819911957,0.6519618034362793,0.3507927358150482,0.6566923260688782,0.3032168447971344,0.7037909030914307,0.3396883010864258,0.6827887296676636,0.3582751154899597,0.6782946586608887,0.35752439498901367,0.6803409457206726,X
0.39132651686668396,0.701407253742218,0.3971034288406372,0.6546236276626587,0.3952542841434479,0.614450216293335,0.38700515031814575,0.6039108633995056,0.3770179748535156,0.6278784275054932,0.3112752139568329,0.6076666712760925,0.27616003155708313,0.6011914014816284,0.28317728638648987,0.5848680138587952,0.304027259349823,0.577573835849762,0.29916176199913025,0.6439957022666931,0.32384607195854187,0.6194037199020386,0.3568168580532074,0.6252747178077698,0.36385059356689453,0.6353400349617004,0.30391594767570496,0.6777206659317017,0.3384126126766205,0.6539105176925659,0.3649504780769348,0.6533754467964172,0.3675164580345154,0.6587233543395996,0.3182680606842041,0.7072656750679016,0.35512518882751465,0.6858394742012024,0.373497873544693,0.6804050803184509,0.3719528317451477,0.682346761226654,X
0.4042360782623291,0.6964321136474609,0.41057074069976807,0.651194155216217,0.41039472818374634,0.6156057715415955,0.4042309820652008,0.5996913909912109,0.3930869698524475,0.6144741773605347,0.32793426513671875,0.5980896949768066,0.29389315843582153,0.58863365650177,0.3016352951526642,0.57182377576828,0.3236008882522583,0.5656877756118774,0.316467821598053,0.6338768005371094,0.34062138199806213,0.6087324619293213,0.3729779124259949,0.6157658100128174,0.37958696484565735,0.6261390447616577,0.32068032026290894,0.6677755117416382,0.3559442460536957,0.6442620754241943,0.3806302845478058,0.6450467705726624,0.3830740451812744,0.6510345935821533,0.3336201012134552,0.6966865062713623,0.36740198731422424,0.675031304359436,0.3873182535171509,0.6687757968902588,0.3900911808013916,0.6691287159919739,X
0.4169965386390686,0.6934425234794617,0.42363810539245605,0.6472324132919312,0.4228180944919586,0.6134592294692993,0.4157726764678955,0.5954791903495789,0.4032908082008362,0.6096858382225037,0.3398793339729309,0.5926041007041931,0.30818334221839905,0.5787301063537598,0.3163183629512787,0.5590512752532959,0.33917227387428284,0.5539832711219788,0.32848551869392395,0.627002477645874,0.35322487354278564,0.5999036431312561,0.38424426317214966,0.6086001396179199,0.389248788356781,0.6204803586006165,0.3320150673389435,0.6595798134803772,0.36712440848350525,0.6349813342094421,0.39114895462989807,0.6379404067993164,0.39276498556137085,0.6462234854698181,0.34469348192214966,0.6877908110618591,0.3792669177055359,0.6663949489593506,0.398532897233963,0.6616354584693909,0.4004541337490082,0.663539469242096,X
0.4227205514907837,0.6996371150016785,0.42959094047546387,0.6543384194374084,0.427983820438385,0.6169089078903198,0.4206056594848633,0.595511794090271,0.41017264127731323,0.6134790182113647,0.3444545269012451,0.5978555679321289,0.3138863742351532,0.5833149552345276,0.32368746399879456,0.5648020505905151,0.34597453474998474,0.5594539046287537,0.3333568572998047,0.6313713192939758,0.35892292857170105,0.6055074334144592,0.39082959294319153,0.6136927008628845,0.3968462347984314,0.6251869797706604,0.3369549810886383,0.6642664670944214,0.3702382743358612,0.6405150890350342,0.3957788348197937,0.6417198777198792,0.40003108978271484,0.6488698720932007,0.3493133783340454,0.6936373710632324,0.3811487555503845,0.6736721396446228,0.4013165235519409,0.6661512851715088,0.40611499547958374,0.6653198599815369,X
0.4244445562362671,0.7039190530776978,0.4316325783729553,0.6600321531295776,0.43155884742736816,0.6252259016036987,0.4267705976963043,0.6044213175773621,0.41700488328933716,0.6145354509353638,0.35013630986213684,0.6013641357421875,0.31799066066741943,0.5866619348526001,0.3284305930137634,0.5685392022132874,0.35162264108657837,0.5648466944694519,0.3383634090423584,0.634745180606842,0.36364421248435974,0.6080748438835144,0.3964218199253082,0.6172916889190674,0.4018620550632477,0.6290242075920105,0.3415810167789459,0.6676418781280518,0.37606579065322876,0.6431117057800293,0.4018312692642212,0.6463904976844788,0.40463516116142273,0.6546632647514343,0.3538892865180969,0.6969152092933655,0.3879104256629944,0.6767552495002747,0.4079621136188507,0.6713371872901917,0.4107303321361542,0.6724018454551697,X
0.4187815189361572,0.7045642733573914,0.4292167127132416,0.6575940251350403,0.4293821454048157,0.6214131116867065,0.42541074752807617,0.6007295250892639,0.41480958461761475,0.6178898811340332,0.3465161621570587,0.602634608745575,0.3145219683647156,0.5859729051589966,0.32545205950737,0.567276120185852,0.34855392575263977,0.5635892152786255,0.33575665950775146,0.6353337168693542,0.35965490341186523,0.6084315776824951,0.3922421634197235,0.6164166927337646,0.3995240032672882,0.62806236743927,0.3395869731903076,0.6673324704170227,0.37447860836982727,0.6439740657806396,0.40022042393684387,0.6454379558563232,0.40381190180778503,0.652258574962616,0.35206007957458496,0.6950355172157288,0.38751617074012756,0.6757020950317383,0.4071987271308899,0.6702670454978943,0.4099821150302887,0.6711491942405701,X
0.42075401544570923,0.7009992003440857,0.42822620272636414,0.6552453637123108,0.42701756954193115,0.6207500100135803,0.4224087595939636,0.6026192307472229,0.4115305542945862,0.6175684928894043,0.34354543685913086,0.6040158271789551,0.31366339325904846,0.589227020740509,0.3236251175403595,0.5706773996353149,0.34464070200920105,0.5654056668281555,0.33228424191474915,0.6369613409042358,0.3571954369544983,0.6106202602386475,0.39140787720680237,0.6193165183067322,0.39903050661087036,0.630549430847168,0.3361828327178955,0.6699448227882385,0.3713674545288086,0.6458500623703003,0.39787712693214417,0.6477729678153992,0.40124398469924927,0.6551935076713562,0.3491953909397125,0.6991811990737915,0.38294005393981934,0.6780442595481873,0.40295758843421936,0.6722767949104309,0.40585359930992126,0.6738407611846924,X
0.41926831007003784,0.702682375907898,0.42668646574020386,0.6577720046043396,0.42676982283592224,0.6220834255218506,0.422329306602478,0.6013197302818298,0.4118727147579193,0.615792989730835,0.34477129578590393,0.603887140750885,0.31355175375938416,0.5874325037002563,0.324897825717926,0.5695355534553528,0.34776178002357483,0.5656610727310181,0.3342083990573883,0.6368783712387085,0.3572496473789215,0.609149158000946,0.3895220160484314,0.6160228252410889,0.3972703516483307,0.6283215880393982,0.3382079303264618,0.6688192486763,0.3708498477935791,0.6433782577514648,0.3971637487411499,0.6441099047660828,0.4024738073348999,0.6519985198974609,0.3507140874862671,0.6966603994369507,0.38342684507369995,0.6753970384597778,0.40333840250968933,0.669276237487793,0.40753766894340515,0.6707522869110107,X
0.4195690453052521,0.7001648545265198,0.42768728733062744,0.6544488072395325,0.4274088740348816,0.6195175051689148,0.42271503806114197,0.5998586416244507,0.412159264087677,0.6155616641044617,0.34398743510246277,0.6019169092178345,0.313558965921402,0.5847861170768738,0.32681190967559814,0.5666917562484741,0.35060974955558777,0.5636732578277588,0.33388546109199524,0.6345896124839783,0.35783684253692627,0.6075026392936707,0.3895653188228607,0.6145023107528687,0.39601930975914,0.6265586018562317,0.3382660150527954,0.6662882566452026,0.37192434072494507,0.6408485174179077,0.3975919485092163,0.642103374004364,0.4016764760017395,0.6506474614143372,0.3511947989463806,0.6939162611961365,0.3847978413105011,0.6723300814628601,0.4043486714363098,0.6666843295097351,0.4079011380672455,0.668969988822937,X
0.4182603061199188,0.7041019201278687,0.42628803849220276,0.6588338613510132,0.426864355802536,0.6255523562431335,0.4233280122280121,0.6058822870254517,0.41163623332977295,0.6120842099189758,0.3421916961669922,0.6061529517173767,0.3131011128425598,0.5879013538360596,0.32632607221603394,0.5688221454620361,0.349225789308548,0.564656138420105,0.3322905898094177,0.6385945677757263,0.3555372357368469,0.6087830066680908,0.3894149661064148,0.6158139705657959,0.39663705229759216,0.6274347305297852,0.3364243805408478,0.6704168319702148,0.36954644322395325,0.6438772678375244,0.3966723382472992,0.6449835896492004,0.4014859199523926,0.6535066962242126,0.3492979109287262,0.6989423632621765,0.3805098235607147,0.6759577393531799,0.4015384614467621,0.668470561504364,0.4070051312446594,0.669666588306427,X
0.41508135199546814,0.7002436518669128,0.42305752635002136,0.6552659869194031,0.4236752390861511,0.6205844283103943,0.4192669987678528,0.6005529165267944,0.40753865242004395,0.6159717440605164,0.3396911025047302,0.6036068797111511,0.30956944823265076,0.5864278674125671,0.3216896653175354,0.5676023960113525,0.3448936343193054,0.5638000965118408,0.32931482791900635,0.6366338729858398,0.35412898659706116,0.6080924868583679,0.38700324296951294,0.616710364818573,0.3925923705101013,0.6289300322532654,0.3334011435508728,0.668566882610321,0.3680214285850525,0.6432781219482422,0.3940574526786804,0.6452795267105103,0.3969395160675049,0.6536638140678406,0.34612905979156494,0.6965345740318298,0.37897664308547974,0.6753469705581665,0.39870649576187134,0.6697250604629517,0.4016345143318176,0.6721878051757812,X
0.39906546473503113,0.6907738447189331,0.40852051973342896,0.6471776962280273,0.4083126187324524,0.6098861694335938,0.4024905860424042,0.5903399586677551,0.38984328508377075,0.6007069945335388,0.3237263858318329,0.5898968577384949,0.29276546835899353,0.5704351663589478,0.3012235462665558,0.5513476729393005,0.32166460156440735,0.5468073487281799,0.31297123432159424,0.6231745481491089,0.3351649343967438,0.5953855514526367,0.3675954043865204,0.6038232445716858,0.37398186326026917,0.6156049370765686,0.3160753846168518,0.6556861400604248,0.34634536504745483,0.6301847100257874,0.37285587191581726,0.6316137909889221,0.3777608871459961,0.6391955018043518,0.3279484212398529,0.6856967210769653,0.3571711778640747,0.6639071702957153,0.37841087579727173,0.656947672367096,0.3838423192501068,0.6579627394676208,X
0.3922008275985718,0.6631083488464355,0.40035077929496765,0.6175765991210938,0.3986910283565521,0.5814462304115295,0.390836238861084,0.562694787979126,0.37938132882118225,0.5780779719352722,0.31329992413520813,0.5625728964805603,0.2792123258113861,0.5455000400543213,0.2883642315864563,0.5252887010574341,0.30901578068733215,0.5194765329360962,0.3027103841304779,0.5964887738227844,0.32406285405158997,0.5694466829299927,0.35636070370674133,0.577719509601593,0.35995885729789734,0.5888194441795349,0.3063860833644867,0.6289087533950806,0.3367476761341095,0.6030058860778809,0.3632645308971405,0.605349063873291,0.36557501554489136,0.6138559579849243,0.3188774585723877,0.6574263572692871,0.3478981852531433,0.6335410475730896,0.36862391233444214,0.6279178857803345,0.37216198444366455,0.6309008002281189,X
0.3837814927101135,0.6408042311668396,0.392863929271698,0.5946592092514038,0.38969916105270386,0.5555197596549988,0.37970030307769775,0.5346437096595764,0.3661717474460602,0.5524927973747253,0.3038671612739563,0.5352431535720825,0.26848283410072327,0.5169563889503479,0.273711621761322,0.4946622848510742,0.29350852966308594,0.4884260594844818,0.2921549081802368,0.5694090127944946,0.3116050362586975,0.5402465462684631,0.34520450234413147,0.550115704536438,0.3491237759590149,0.5624484419822693,0.2947077751159668,0.6019271016120911,0.3242701590061188,0.5749937295913696,0.3523448705673218,0.5790116786956787,0.3547215759754181,0.5887430310249329,0.30605340003967285,0.6307203769683838,0.335565447807312,0.6069285869598389,0.35681071877479553,0.6027260422706604,0.35901591181755066,0.6066358089447021,X
0.3693236708641052,0.6245680451393127,0.3778347074985504,0.5778744220733643,0.3712274432182312,0.5357353091239929,0.3559507131576538,0.5182808637619019,0.3402706980705261,0.5396941304206848,0.28502199053764343,0.5180053114891052,0.2475275695323944,0.5007436275482178,0.2484559416770935,0.4788433313369751,0.266140341758728,0.4713951051235199,0.2724611163139343,0.5526062846183777,0.2887042760848999,0.5236443281173706,0.3236368000507355,0.5353779792785645,0.3311222493648529,0.5505953431129456,0.2727706730365753,0.5858029127120972,0.2974807620048523,0.5590912699699402,0.32766130566596985,0.5631797909736633,0.33367833495140076,0.5743061900138855,0.2815864682197571,0.6178621053695679,0.30855727195739746,0.593317985534668,0.3328937888145447,0.5878521800041199,0.3384290039539337,0.5916560292243958,X
0.3654026985168457,0.6265590786933899,0.37167567014694214,0.5815823674201965,0.3645991384983063,0.5377169251441956,0.3491176962852478,0.520014762878418,0.33508357405662537,0.5456088781356812,0.27726349234580994,0.5219864845275879,0.239619180560112,0.5050854086875916,0.24059313535690308,0.48255929350852966,0.2593719959259033,0.4756028652191162,0.26573941111564636,0.5563948154449463,0.2793692350387573,0.5256779789924622,0.31624719500541687,0.5360716581344604,0.32556504011154175,0.5504892468452454,0.2668185532093048,0.5901989936828613,0.2885434627532959,0.5627651214599609,0.31995701789855957,0.5659471154212952,0.3270619809627533,0.5769503712654114,0.27593761682510376,0.62376469373703,0.29892265796661377,0.5981405973434448,0.32448115944862366,0.5914274454116821,0.33233726024627686,0.594275951385498,X
0.3646543622016907,0.6392736434936523,0.37217003107070923,0.5938857793807983,0.36365294456481934,0.5492496490478516,0.3466319441795349,0.5330278873443604,0.33099403977394104,0.5595479011535645,0.274585485458374,0.5327306389808655,0.2359202355146408,0.5166833996772766,0.23716938495635986,0.4951591193675995,0.25697848200798035,0.4890913963317871,0.26270514726638794,0.5681437849998474,0.2778696119785309,0.5373052954673767,0.31458964943885803,0.5478971004486084,0.3238488733768463,0.5630382895469666,0.263893187046051,0.6016273498535156,0.28755515813827515,0.5739018321037292,0.31973931193351746,0.5781211853027344,0.3273727595806122,0.590352475643158,0.2726207375526428,0.6338416934013367,0.29707902669906616,0.6072629690170288,0.3234504163265228,0.6024041771888733,0.3316429853439331,0.6069955825805664,X
0.36014705896377563,0.6424797177314758,0.3654068112373352,0.59659343957901,0.3577389717102051,0.5528707504272461,0.34212571382522583,0.5359838604927063,0.32745158672332764,0.5607017874717712,0.27000007033348083,0.5380730628967285,0.2305210828781128,0.5230870246887207,0.2317003458738327,0.5018185973167419,0.2512769103050232,0.4946405291557312,0.2590247094631195,0.5731319189071655,0.2715062201023102,0.5415721535682678,0.30806729197502136,0.552048921585083,0.3174247145652771,0.5671011209487915,0.2600754201412201,0.6070472598075867,0.2805105745792389,0.5794277787208557,0.31256407499313354,0.5823867321014404,0.3199452757835388,0.5933512449264526,0.2687377631664276,0.6401963829994202,0.2917892336845398,0.614321768283844,0.3179369866847992,0.6079504489898682,0.3254523277282715,0.6114107370376587,X
0.3548736870288849,0.646939754486084,0.35975223779678345,0.6020632982254028,0.35062068700790405,0.5583605766296387,0.33352476358413696,0.5423707962036133,0.319438636302948,0.5681791305541992,0.26539358496665955,0.5443053841590881,0.22451287508010864,0.5286904573440552,0.22452647984027863,0.5079740285873413,0.24245835840702057,0.5020012855529785,0.2548452615737915,0.5793339014053345,0.2645818293094635,0.5473414063453674,0.3014841377735138,0.5581335425376892,0.309597909450531,0.5736491084098816,0.2555961310863495,0.6133044958114624,0.27386051416397095,0.5853490829467773,0.3068493902683258,0.5897532105445862,0.31324493885040283,0.6016409993171692,0.263297975063324,0.6471848487854004,0.28299692273139954,0.621202826499939,0.3103711009025574,0.6149928569793701,0.31837794184684753,0.6185764074325562,X
0.33871927857398987,0.6540162563323975,0.34219226241111755,0.6079954504966736,0.3314388394355774,0.5622046589851379,0.3130425214767456,0.549941897392273,0.29786497354507446,0.575481653213501,0.24690835177898407,0.5527136921882629,0.20876538753509521,0.536154568195343,0.2050538957118988,0.5140920281410217,0.21971923112869263,0.5053337812423706,0.23731638491153717,0.5889893770217896,0.24486790597438812,0.5582160353660583,0.27966204285621643,0.5646967887878418,0.2933894991874695,0.5781933069229126,0.23880748450756073,0.622728705406189,0.25274866819381714,0.5942033529281616,0.2853834629058838,0.5954656004905701,0.2976754605770111,0.6069758534431458,0.24762558937072754,0.6567606925964355,0.26041463017463684,0.6270833015441895,0.28752490878105164,0.6195142865180969,0.29998326301574707,0.6231967210769653,X
0.33389797806739807,0.6768993735313416,0.3372635543346405,0.6316626667976379,0.3261418342590332,0.5876483917236328,0.30761146545410156,0.5749186277389526,0.2912139892578125,0.598301112651825,0.24233299493789673,0.5749898552894592,0.19999662041664124,0.5647031664848328,0.19616448879241943,0.5449391603469849,0.2116861343383789,0.5388177037239075,0.23486769199371338,0.6135283708572388,0.23458480834960938,0.5851150155067444,0.2719332277774811,0.590788722038269,0.2841101586818695,0.6026926040649414,0.2365308552980423,0.6477910280227661,0.24326010048389435,0.6242275238037109,0.27709224820137024,0.6215997338294983,0.2881503701210022,0.6294105052947998,0.24457113444805145,0.681303858757019,0.2533637285232544,0.6579327583312988,0.279963880777359,0.6471588611602783,0.29104378819465637,0.647273063659668,X
0.3448600172996521,0.689943253993988,0.34758880734443665,0.6460995078086853,0.3339962661266327,0.6054719686508179,0.3141648471355438,0.5928005576133728,0.29888972640037537,0.6165825724601746,0.250449538230896,0.5953273773193359,0.21015393733978271,0.584971010684967,0.20609460771083832,0.56586754322052,0.21959784626960754,0.5577788352966309,0.24114981293678284,0.6312077045440674,0.2451663464307785,0.6019536852836609,0.27922287583351135,0.6063132882118225,0.29332953691482544,0.6191542148590088,0.24308517575263977,0.6647284626960754,0.2567124664783478,0.6395202875137329,0.2881300151348114,0.6369996070861816,0.3000743091106415,0.6459500193595886,0.2525230646133423,0.6973720788955688,0.269599974155426,0.6708686351776123,0.29553672671318054,0.6618658304214478,0.3062850832939148,0.6638755798339844,X
0.3489111065864563,0.6959835886955261,0.3509165644645691,0.6505923271179199,0.33969002962112427,0.6069809794425964,0.3203571140766144,0.5977753400802612,0.30674952268600464,0.6264210939407349,0.2562963664531708,0.5991657376289368,0.2161516398191452,0.5898919105529785,0.2136020064353943,0.5713621973991394,0.23182658851146698,0.5638277530670166,0.24727392196655273,0.6353197693824768,0.25256943702697754,0.6077399849891663,0.28897780179977417,0.6136453747749329,0.3011131286621094,0.6262050271034241,0.24929405748844147,0.668366014957428,0.26370781660079956,0.6439104676246643,0.2965691089630127,0.6420360207557678,0.30654972791671753,0.6515306234359741,0.25785553455352783,0.7014682292938232,0.27635619044303894,0.676067054271698,0.30159392952919006,0.6674172282218933,0.3090240955352783,0.6703351736068726,X
0.3476041555404663,0.6906313300132751,0.3493848145008087,0.6462515592575073,0.3370565176010132,0.6053018569946289,0.31739646196365356,0.5955600738525391,0.30200281739234924,0.6227030158042908,0.25339144468307495,0.5982308983802795,0.21335476636886597,0.5865862965583801,0.20984654128551483,0.5675235390663147,0.2250531017780304,0.5594798922538757,0.24583959579467773,0.6346317529678345,0.2470620572566986,0.6077303290367126,0.2847152054309845,0.6107622385025024,0.300368994474411,0.621045708656311,0.24833697080612183,0.6685179471969604,0.25632402300834656,0.6455715298652649,0.2904886305332184,0.6409453749656677,0.304507315158844,0.6483100652694702,0.25746265053749084,0.7024236917495728,0.2697995603084564,0.6782703995704651,0.29629629850387573,0.667107105255127,0.3075827360153198,0.6679717898368835,X
0.36269909143447876,0.6995121836662292,0.36904627084732056,0.6556953191757202,0.3616044223308563,0.613926887512207,0.34537237882614136,0.5990775227546692,0.3284474015235901,0.6140722632408142,0.278228223323822,0.5982866883277893,0.2344641387462616,0.5864840149879456,0.23445992171764374,0.5690200924873352,0.2545582354068756,0.5641268491744995,0.26709166169166565,0.6338787078857422,0.2782500982284546,0.6059520840644836,0.3113137185573578,0.6130771040916443,0.3206985294818878,0.6253777742385864,0.2686123847961426,0.6662518382072449,0.29137659072875977,0.6413515210151672,0.3191227316856384,0.6432107090950012,0.3250226676464081,0.6525661945343018,0.2775956988334656,0.6966772675514221,0.304953008890152,0.6727759838104248,0.32804226875305176,0.667638897895813,0.33248648047447205,0.6708753705024719,X
0.3934493958950043,0.7050274014472961,0.4013783037662506,0.6589365005493164,0.3994368314743042,0.6200118064880371,0.39019975066185,0.6019447445869446,0.3770937919616699,0.6174154877662659,0.317259281873703,0.5994214415550232,0.27802935242652893,0.5775331854820251,0.2895391583442688,0.5576267242431641,0.31475675106048584,0.5563057661056519,0.30564361810684204,0.635352373123169,0.32571402192115784,0.6029906272888184,0.3599124848842621,0.6087833642959595,0.36657094955444336,0.6213884353637695,0.3088117837905884,0.6681919097900391,0.33987340331077576,0.638141393661499,0.36684417724609375,0.6403244137763977,0.3692430555820465,0.6497839689254761,0.32002854347229004,0.6959291696548462,0.3550410270690918,0.6690255999565125,0.37558600306510925,0.6655129790306091,0.3770071566104889,0.6708444952964783,X
0.41789937019348145,0.7071014046669006,0.4260910749435425,0.6601651310920715,0.4258797764778137,0.622149646282196,0.421177476644516,0.6016026735305786,0.41011202335357666,0.615210771560669,0.34904372692108154,0.5989972352981567,0.31470611691474915,0.5728657245635986,0.33127561211586,0.5549015998840332,0.3564707636833191,0.5543113350868225,0.33790323138237,0.6320829391479492,0.36204877495765686,0.6049203276634216,0.39222484827041626,0.610559344291687,0.39918357133865356,0.6224978566169739,0.3410971164703369,0.6642172336578369,0.37518200278282166,0.6374950408935547,0.4000934362411499,0.640411376953125,0.40424349904060364,0.6499365568161011,0.3523869812488556,0.6903412342071533,0.3863212466239929,0.6656371355056763,0.4055066406726837,0.6618563532829285,0.40885597467422485,0.6658962368965149,X
0.43215644359588623,0.7133922576904297,0.443952739238739,0.6655532121658325,0.44661545753479004,0.6272469758987427,0.4441843032836914,0.604577898979187,0.4344242215156555,0.6132810115814209,0.3712138831615448,0.5977726578712463,0.3418876826763153,0.5685966610908508,0.36011677980422974,0.5505741834640503,0.384115070104599,0.5493656396865845,0.35914626717567444,0.6280655264854431,0.3850981295108795,0.6038837432861328,0.4143334925174713,0.6107491254806519,0.4208727180957794,0.6237045526504517,0.36224091053009033,0.6585680842399597,0.3984414041042328,0.6358392834663391,0.42290765047073364,0.6389222145080566,0.4277808964252472,0.6474962830543518,0.3741656541824341,0.6838473081588745,0.41111257672309875,0.6621919274330139,0.4301244616508484,0.6587766408920288,0.434648722410202,0.661293625831604,X
0.42764997482299805,0.7098234295845032,0.4412060081958771,0.6607032418251038,0.4431397020816803,0.6244651675224304,0.4409635663032532,0.6033101677894592,0.4299944043159485,0.6117148995399475,0.3629201650619507,0.5984835028648376,0.3365950286388397,0.570167601108551,0.35326364636421204,0.5514709949493408,0.37472641468048096,0.549346923828125,0.35282155871391296,0.6280003786087036,0.37996864318847656,0.600517988204956,0.4087736904621124,0.6092333197593689,0.4142109453678131,0.6215137243270874,0.3565141260623932,0.658585250377655,0.39516395330429077,0.6338647603988647,0.4178772270679474,0.6389138698577881,0.41980159282684326,0.6486883163452148,0.3690302073955536,0.6853097081184387,0.4063076972961426,0.6632319092750549,0.42376986145973206,0.6604716181755066,0.4256660044193268,0.6644353270530701,X
0.425044447183609,0.7095464468002319,0.43925321102142334,0.6617500185966492,0.4414903521537781,0.6271792650222778,0.4388030171394348,0.6073800921440125,0.42748159170150757,0.6135528087615967,0.36122581362724304,0.6004055738449097,0.3340034484863281,0.5725346803665161,0.3497258424758911,0.5539460182189941,0.37184351682662964,0.5517894625663757,0.3502627909183502,0.6299170851707458,0.3736732304096222,0.6023516058921814,0.4042937159538269,0.611142635345459,0.41194960474967957,0.6226792931556702,0.352796733379364,0.6603571772575378,0.3883880078792572,0.6365017294883728,0.412536084651947,0.6406897306442261,0.41629117727279663,0.6491702795028687,0.3642094135284424,0.6869198083877563,0.3988792598247528,0.6670832633972168,0.417288601398468,0.6636969447135925,0.42061758041381836,0.6661314964294434,X
0.4265992045402527,0.7068582773208618,0.43896034359931946,0.6606458425521851,0.4400608241558075,0.6249811053276062,0.43662622570991516,0.6040133833885193,0.4262157380580902,0.6173304915428162,0.35894376039505005,0.5993631482124329,0.33197158575057983,0.573937714099884,0.3481449484825134,0.5549900531768799,0.3703998029232025,0.5527482032775879,0.3479538857936859,0.6295514702796936,0.3736506402492523,0.601200520992279,0.40435296297073364,0.6114740371704102,0.40861427783966064,0.6236894130706787,0.35074734687805176,0.659940779209137,0.38911882042884827,0.6337022185325623,0.414055198431015,0.6400036215782166,0.41501668095588684,0.6501283645629883,0.3627597987651825,0.6866310834884644,0.4004937410354614,0.6648497581481934,0.4181487262248993,0.6645147204399109,0.417537122964859,0.670250415802002,X
0.42807918787002563,0.7049056887626648,0.4391419291496277,0.6585555672645569,0.44039666652679443,0.6230373978614807,0.43732956051826477,0.601408064365387,0.4279228448867798,0.6143385171890259,0.35966935753822327,0.5976467728614807,0.3325754404067993,0.570539653301239,0.3484854996204376,0.5503966808319092,0.3725793659687042,0.5490827560424805,0.3489856719970703,0.6286084055900574,0.3736320734024048,0.5992936491966248,0.40481477975845337,0.6091914772987366,0.40961405634880066,0.6225465536117554,0.35213977098464966,0.6594698429107666,0.3865678310394287,0.6312422156333923,0.41225165128707886,0.6362094283103943,0.414938747882843,0.6467932462692261,0.36438697576522827,0.6866252422332764,0.39788395166397095,0.6633118391036987,0.4169066250324249,0.6600242257118225,0.41939985752105713,0.6637969017028809,X
0.42653393745422363,0.7107198238372803,0.43876317143440247,0.6638115644454956,0.4396500587463379,0.6272094249725342,0.43646952509880066,0.6054895520210266,0.42551788687705994,0.6165998578071594,0.3593595325946808,0.603127121925354,0.33200666308403015,0.5758464336395264,0.3476499617099762,0.5563696622848511,0.3703012764453888,0.5539588928222656,0.3479241728782654,0.6328861713409424,0.37298139929771423,0.6023131608963013,0.4040302336215973,0.6117442846298218,0.4093785583972931,0.624453604221344,0.3504731059074402,0.6626625061035156,0.38600513339042664,0.6340504288673401,0.4115246534347534,0.6395020484924316,0.4145345389842987,0.6498249769210815,0.36228489875793457,0.6887216567993164,0.3979594111442566,0.6652676463127136,0.4167083501815796,0.6629527807235718,0.41900843381881714,0.6670777797698975,X
0.4270157217979431,0.7118788957595825,0.4388834238052368,0.6655987501144409,0.4397239089012146,0.6301356554031372,0.43667474389076233,0.6084744334220886,0.4272145926952362,0.6191259622573853,0.35884541273117065,0.6040478944778442,0.3319646120071411,0.5773603916168213,0.3482572138309479,0.5584513545036316,0.370913565158844,0.5569264888763428,0.34775909781455994,0.6342892646789551,0.37227118015289307,0.6051636338233948,0.4034401476383209,0.6148733496665955,0.40809786319732666,0.6273931264877319,0.35053661465644836,0.6645488142967224,0.3870721161365509,0.6377261281013489,0.41186296939849854,0.6433572769165039,0.41323986649513245,0.6534819602966309,0.3624594509601593,0.6910266876220703,0.3985728323459625,0.6695263981819153,0.41699615120887756,0.6675113439559937,0.41811084747314453,0.6715536117553711,X
0.427998811006546,0.7107255458831787,0.43895721435546875,0.6646069884300232,0.43988272547721863,0.6293071508407593,0.43671584129333496,0.6073627471923828,0.4270823001861572,0.6200433969497681,0.3589771091938019,0.603838324546814,0.33211779594421387,0.5775501132011414,0.34834060072898865,0.5582311153411865,0.37139785289764404,0.5564170479774475,0.3480651080608368,0.6349389553070068,0.37290847301483154,0.6058066487312317,0.40406399965286255,0.6157404780387878,0.40862688422203064,0.6289525032043457,0.35116684436798096,0.6657272577285767,0.38786059617996216,0.6382168531417847,0.4129859507083893,0.6441165804862976,0.4145309031009674,0.6550021767616272,0.36357080936431885,0.6925246119499207,0.39933356642723083,0.669849693775177,0.41769856214523315,0.6679741740226746,0.4186733067035675,0.6726697683334351,X
0.4287922978401184,0.7109230756759644,0.4391855299472809,0.6641147136688232,0.4400083124637604,0.6274221539497375,0.43627604842185974,0.6050633192062378,0.427154541015625,0.6207321286201477,0.35955142974853516,0.6030928492546082,0.3327745795249939,0.575876772403717,0.3494037985801697,0.5565887093544006,0.3730871379375458,0.5545572638511658,0.349111407995224,0.6346207857131958,0.37364667654037476,0.6055781841278076,0.40468829870224,0.6151447296142578,0.4089890718460083,0.6284374594688416,0.3526732325553894,0.6659179925918579,0.3874090313911438,0.6378738284111023,0.412973552942276,0.6426434516906738,0.41522955894470215,0.6533395051956177,0.36521419882774353,0.6931728720664978,0.3983229100704193,0.6696802973747253,0.4171696901321411,0.6661750674247742,0.4195792078971863,0.6700626015663147,X
0.42750322818756104,0.7144683599472046,0.43982094526290894,0.667934775352478,0.44080743193626404,0.6307458281517029,0.4375792145729065,0.6080206036567688,0.4275907278060913,0.6211515665054321,0.3606002628803253,0.606111466884613,0.3331809341907501,0.5776879191398621,0.35031217336654663,0.5585020184516907,0.37378498911857605,0.557275116443634,0.3492555022239685,0.636954128742218,0.37337127327919006,0.6075654625892639,0.4041711986064911,0.6162926554679871,0.4096142649650574,0.629321813583374,0.35215550661087036,0.667482852935791,0.38756826519966125,0.6394055485725403,0.4123603403568268,0.6445779204368591,0.4147796332836151,0.6551104784011841,0.3644700050354004,0.6935423016548157,0.40084561705589294,0.6705605983734131,0.41863155364990234,0.6687162518501282,0.4195404648780823,0.6734172701835632,X
0.42691829800605774,0.7167317271232605,0.43966415524482727,0.669727623462677,0.44066670536994934,0.6331327557563782,0.43694379925727844,0.6114382743835449,0.426251620054245,0.6235865354537964,0.3604269027709961,0.6076343059539795,0.33289963006973267,0.5808196663856506,0.3490878939628601,0.5620436668395996,0.3713996112346649,0.5595830082893372,0.34897109866142273,0.6376688480377197,0.3731782138347626,0.6090889573097229,0.4037955105304718,0.6184366941452026,0.4094336926937103,0.6312045454978943,0.35156968235969543,0.6678968071937561,0.38794317841529846,0.6417328119277954,0.4125611484050751,0.6474522352218628,0.41489484906196594,0.657338559627533,0.36336827278137207,0.6940013766288757,0.399591863155365,0.672631561756134,0.4176287055015564,0.6708409190177917,0.4190843403339386,0.6746370196342468,X
0.42830848693847656,0.7150155305862427,0.44048595428466797,0.6679074764251709,0.44171616435050964,0.6327522397041321,0.43831464648246765,0.6107048988342285,0.42838534712791443,0.621518075466156,0.36033642292022705,0.6049699187278748,0.3338797390460968,0.5775310397148132,0.3509918451309204,0.5580965280532837,0.3748164176940918,0.5570909976959229,0.34948813915252686,0.6359771490097046,0.3749670386314392,0.6075202822685242,0.4051608443260193,0.6179054379463196,0.4082328677177429,0.6308259963989258,0.35276588797569275,0.6670615077018738,0.38925856351852417,0.6397719383239746,0.41385215520858765,0.6456390023231506,0.41438835859298706,0.6559391617774963,0.3652779459953308,0.6943743824958801,0.40062710642814636,0.6724296808242798,0.4185914695262909,0.6694331765174866,0.419123113155365,0.6725625991821289,X
0.4298098087310791,0.7137817740440369,0.44121599197387695,0.6661117672920227,0.44254070520401,0.6315300464630127,0.4392620027065277,0.6106259822845459,0.4291234314441681,0.6203687191009521,0.361198365688324,0.6048116683959961,0.3350358307361603,0.5778354406356812,0.351890504360199,0.558773398399353,0.37557029724121094,0.5572820901870728,0.3503437638282776,0.6356544494628906,0.3751969039440155,0.6075721979141235,0.4062448740005493,0.6171901226043701,0.4115569591522217,0.629940927028656,0.3535175025463104,0.6664862036705017,0.38902854919433594,0.6394899487495422,0.41419339179992676,0.6448255777359009,0.41661500930786133,0.6550576090812683,0.36591070890426636,0.6935017704963684,0.400025337934494,0.6713702082633972,0.41832104325294495,0.6680542230606079,0.42022204399108887,0.6711560487747192,X
0.42844918370246887,0.7145675420761108,0.44091907143592834,0.6663280725479126,0.44230666756629944,0.629747211933136,0.4388595521450043,0.6075543165206909,0.4297795295715332,0.6202532052993774,0.36142775416374207,0.6041157245635986,0.3344475030899048,0.5746169090270996,0.352253794670105,0.5554797649383545,0.37642261385917664,0.5547696352005005,0.35056665539741516,0.6348021626472473,0.37683916091918945,0.6054710149765015,0.40637195110321045,0.6150631308555603,0.4093843102455139,0.6279757618904114,0.3539993166923523,0.6653897166252136,0.3909170925617218,0.6367489099502563,0.41460973024368286,0.6421836018562317,0.4149850010871887,0.6521392464637756,0.36666175723075867,0.6917117834091187,0.4030808210372925,0.6687121987342834,0.4205304980278015,0.6656420826911926,0.42100515961647034,0.6686657071113586,X
0.42285773158073425,0.7066864967346191,0.436464786529541,0.6576685905456543,0.43986618518829346,0.6202896237373352,0.4375550448894501,0.5977631211280823,0.4280145466327667,0.607051432132721,0.3586004376411438,0.5937598943710327,0.33278101682662964,0.5616005659103394,0.35075342655181885,0.5421520471572876,0.3750249445438385,0.5421251058578491,0.34782806038856506,0.6251639127731323,0.37450048327445984,0.5947424173355103,0.40469345450401306,0.6045868396759033,0.40993207693099976,0.6185805797576904,0.35162025690078735,0.6565147638320923,0.38829752802848816,0.6267194151878357,0.41180160641670227,0.6324523687362671,0.41352951526641846,0.6433080434799194,0.364707887172699,0.6830492615699768,0.40134337544441223,0.6569825410842896,0.4193389415740967,0.654408872127533,0.4202777147293091,0.6592198014259338,X
0.41980382800102234,0.6773980855941772,0.4332055449485779,0.6291404962539673,0.43546536564826965,0.5889117121696472,0.4304202198982239,0.5662652254104614,0.41901931166648865,0.5829053521156311,0.3572685122489929,0.5619235038757324,0.3290024697780609,0.5313276648521423,0.3452714681625366,0.5127829909324646,0.36870214343070984,0.5125981569290161,0.345110684633255,0.5934273600578308,0.36815086007118225,0.566664457321167,0.39682814478874207,0.5770057439804077,0.401529461145401,0.5910400152206421,0.3468009829521179,0.625190258026123,0.37964627146720886,0.5993711352348328,0.4037714898586273,0.6054944396018982,0.40696069598197937,0.6164767742156982,0.35770487785339355,0.652746856212616,0.3908047080039978,0.6284240484237671,0.40929943323135376,0.6268930435180664,0.4120657742023468,0.6320023536682129,X
0.41027963161468506,0.6506345868110657,0.42032408714294434,0.6047868132591248,0.4198415279388428,0.5619378089904785,0.41374701261520386,0.5349264740943909,0.4015667140483856,0.5511520504951477,0.3399554491043091,0.53638756275177,0.3117389976978302,0.5040597915649414,0.3266097605228424,0.4828476905822754,0.34776830673217773,0.4812942147254944,0.3276776373386383,0.5679619908332825,0.34953737258911133,0.5369506478309631,0.3811441957950592,0.5487512350082397,0.3856506645679474,0.5632752776145935,0.3284017741680145,0.5990551114082336,0.36160171031951904,0.5698620676994324,0.38781753182411194,0.5785627961158752,0.3902965188026428,0.5913609862327576,0.3385414481163025,0.6274159550666809,0.37406983971595764,0.6013152599334717,0.39371180534362793,0.6018546223640442,0.39452746510505676,0.6101051568984985,X
0.40100178122520447,0.6250101327896118,0.41133856773376465,0.5769209265708923,0.41005080938339233,0.5342726111412048,0.4035845100879669,0.5082071423530579,0.39136508107185364,0.5258327722549438,0.3290606737136841,0.5101740956306458,0.2993469536304474,0.47584453225135803,0.3138815462589264,0.45399460196495056,0.33635830879211426,0.45214489102363586,0.3177584409713745,0.5433149933815002,0.3411816656589508,0.510146975517273,0.37332990765571594,0.5230551958084106,0.3776057958602905,0.538364052772522,0.31963518261909485,0.5752939581871033,0.3518581688404083,0.5432553887367249,0.37830254435539246,0.5519569516181946,0.38162627816200256,0.5659626126289368,0.3303999602794647,0.6029801964759827,0.36082541942596436,0.5736867189407349,0.3817481994628906,0.5725001692771912,0.38591837882995605,0.579917311668396,X
0.40519091486930847,0.6462703943252563,0.4146515429019928,0.5989091396331787,0.4145273268222809,0.5573812127113342,0.4081149697303772,0.5307274460792542,0.39482611417770386,0.5463834404945374,0.33082115650177,0.5342670679092407,0.29930898547172546,0.5023972988128662,0.3141109049320221,0.48010945320129395,0.33927059173583984,0.47962188720703125,0.318386048078537,0.5679845809936523,0.3444673717021942,0.5346803069114685,0.3755585849285126,0.5477593541145325,0.37829309701919556,0.5625383853912354,0.31969964504241943,0.6001212000846863,0.3571634292602539,0.5681374073028564,0.38087552785873413,0.5764439105987549,0.3809846341609955,0.5890522599220276,0.33074888586997986,0.6277841925621033,0.36658045649528503,0.6001295447349548,0.38598889112472534,0.597171425819397,0.38825374841690063,0.6019176840782166,X
0.403823584318161,0.6767674088478088,0.4131966829299927,0.6301592588424683,0.4120970666408539,0.5884556174278259,0.40449047088623047,0.562800407409668,0.39177051186561584,0.5791139602661133,0.3306655287742615,0.5641394257545471,0.29701969027519226,0.53373783826828,0.31204643845558167,0.5134392380714417,0.3364417254924774,0.5119250416755676,0.31840845942497253,0.5977033376693726,0.34153318405151367,0.5653073787689209,0.37155890464782715,0.5767512321472168,0.37525609135627747,0.5921828746795654,0.31931620836257935,0.6294603943824768,0.35540005564689636,0.599437415599823,0.3792388439178467,0.6064479351043701,0.3801252841949463,0.6188750863075256,0.3296155035495758,0.6556215286254883,0.36533334851264954,0.6291012763977051,0.38368016481399536,0.6274042129516602,0.38467937707901,0.6332354545593262,X
0.40164968371391296,0.6999496221542358,0.40985339879989624,0.650059700012207,0.4072631597518921,0.6076802015304565,0.3990902304649353,0.5856615900993347,0.38739249110221863,0.605247974395752,0.3235359191894531,0.5906144380569458,0.2923652231693268,0.5624005794525146,0.30697163939476013,0.5410522818565369,0.33074578642845154,0.5385233163833618,0.3132057785987854,0.6251550316810608,0.33512312173843384,0.5915336012840271,0.36589688062667847,0.599750816822052,0.3711616098880768,0.614207923412323,0.31614142656326294,0.6575359106063843,0.34899279475212097,0.6254487633705139,0.37399497628211975,0.6294150352478027,0.3767847716808319,0.6414119601249695,0.32789185643196106,0.6848989129066467,0.35974714159965515,0.6564497947692871,0.37883052229881287,0.6518656015396118,0.3818269371986389,0.6566453576087952,X
0.3992532789707184,0.7093045711517334,0.4074365794658661,0.6588979959487915,0.404206782579422,0.6189245581626892,0.39631348848342896,0.597750723361969,0.3847460448741913,0.6154044270515442,0.32070547342300415,0.6043515801429749,0.2897385358810425,0.5766593813896179,0.3038969337940216,0.5548652410507202,0.32683831453323364,0.5511003732681274,0.310447096824646,0.6385729908943176,0.33064624667167664,0.6035718321800232,0.36492255330085754,0.6105949282646179,0.3722769021987915,0.6244685053825378,0.314236044883728,0.6710449457168579,0.34454047679901123,0.6384204626083374,0.37243497371673584,0.641349196434021,0.3769795894622803,0.6531974673271179,0.3266161382198334,0.6984442472457886,0.3584654629230499,0.6703665852546692,0.37853553891181946,0.6652665138244629,0.38172391057014465,0.6707195043563843,X
0.3975948095321655,0.708446741104126,0.40607839822769165,0.6589568853378296,0.40409496426582336,0.6179050803184509,0.39703771471977234,0.5950273871421814,0.3861987888813019,0.6144310235977173,0.3200932741165161,0.6019765734672546,0.28883060812950134,0.5750082731246948,0.3040386736392975,0.5522952675819397,0.3284194767475128,0.5489203929901123,0.3103896379470825,0.6349847316741943,0.3320774734020233,0.5993397235870361,0.36483654379844666,0.6074732542037964,0.37073203921318054,0.6232385039329529,0.31431710720062256,0.6661341786384583,0.3474889397621155,0.6314961910247803,0.37474092841148376,0.6372063755989075,0.37772679328918457,0.6508654952049255,0.32680827379226685,0.6927893757820129,0.36028924584388733,0.6635726094245911,0.379552960395813,0.6606605648994446,0.38098782300949097,0.6672160029411316,X
0.4030575752258301,0.7068408131599426,0.41228142380714417,0.6555143594741821,0.4099594056606293,0.6148767471313477,0.402950257062912,0.5937839150428772,0.39210042357444763,0.6148731708526611,0.3262113928794861,0.5983915328979492,0.2948298454284668,0.5735600590705872,0.3103545606136322,0.5525397062301636,0.33469870686531067,0.5492635369300842,0.3160000145435333,0.631623387336731,0.33831143379211426,0.5997205972671509,0.37177327275276184,0.6073379516601562,0.37879934906959534,0.6218535900115967,0.3197936713695526,0.6637897491455078,0.3516886830329895,0.632386326789856,0.3792457580566406,0.63673335313797,0.38290828466415405,0.6486001014709473,0.3322647213935852,0.6913490295410156,0.36535054445266724,0.6656262278556824,0.3840189576148987,0.6620096564292908,0.38504430651664734,0.6664519309997559,X
0.4091393053531647,0.7068410515785217,0.4156900644302368,0.6555874943733215,0.4135568141937256,0.6181853413581848,0.40822550654411316,0.5959741473197937,0.3981732130050659,0.6123021245002747,0.3297794759273529,0.6070321202278137,0.299676775932312,0.5818485021591187,0.31527474522590637,0.5590850710868835,0.3388710916042328,0.5537644028663635,0.3209667503833771,0.6402873992919922,0.34329909086227417,0.6060380339622498,0.37537485361099243,0.6104090809822083,0.38271859288215637,0.623209536075592,0.3258589506149292,0.6711681485176086,0.35997965931892395,0.636771559715271,0.38619083166122437,0.6396021246910095,0.389928936958313,0.6520161628723145,0.3401477634906769,0.6966966986656189,0.3759092688560486,0.6665365695953369,0.3935410976409912,0.6637128591537476,0.3939531743526459,0.671455979347229,X
0.41233599185943604,0.7072239518165588,0.4168887138366699,0.6563029289245605,0.4137938618659973,0.6206134557723999,0.4094342589378357,0.5999612212181091,0.3998802900314331,0.6089162230491638,0.3287278413772583,0.6176223158836365,0.29815900325775146,0.5950884222984314,0.3136705756187439,0.5712621212005615,0.3367939889431,0.5641608238220215,0.3229714035987854,0.6521745920181274,0.34078338742256165,0.6149991154670715,0.37427645921707153,0.6136144399642944,0.3845716416835785,0.6232064962387085,0.3312598168849945,0.6827423572540283,0.36255142092704773,0.6439940929412842,0.38931700587272644,0.6417638659477234,0.3944427967071533,0.6511874794960022,0.34853798151016235,0.7063698768615723,0.3825604319572449,0.6711639761924744,0.4002842903137207,0.6634418964385986,0.401569128036499,0.6680788397789001,X
0.4108518958091736,0.7030273079872131,0.41587910056114197,0.6552339792251587,0.4134041666984558,0.6185705661773682,0.40881937742233276,0.5973733067512512,0.3994487524032593,0.6129543781280518,0.32816794514656067,0.6121480464935303,0.29642465710639954,0.5886906981468201,0.3116685450077057,0.5655022263526917,0.33613163232803345,0.558845043182373,0.3217180371284485,0.6466289758682251,0.3426526188850403,0.6099736094474792,0.3763619065284729,0.6122835874557495,0.3839787244796753,0.6249408721923828,0.3295895755290985,0.6776649355888367,0.36043769121170044,0.640496015548706,0.3877575099468231,0.6402353644371033,0.39211809635162354,0.6512889862060547,0.34594017267227173,0.7024879455566406,0.3775233030319214,0.6703336238861084,0.39616093039512634,0.663439154624939,0.3983117938041687,0.6681697964668274,X
0.41517436504364014,0.7010350227355957,0.4204743504524231,0.6546334624290466,0.4176614582538605,0.6162081360816956,0.41046467423439026,0.5959079265594482,0.40139269828796387,0.6171633005142212,0.33381742238998413,0.602692723274231,0.30185672640800476,0.579338014125824,0.31511107087135315,0.5582836270332336,0.33944812417030334,0.5541008710861206,0.3255119025707245,0.6372187733650208,0.34554436802864075,0.6033251881599426,0.3794766068458557,0.6097391843795776,0.3863593339920044,0.6240161657333374,0.33089500665664673,0.6694043874740601,0.35957178473472595,0.6364585757255554,0.38724493980407715,0.6385116577148438,0.39191141724586487,0.6498805284500122,0.344590961933136,0.6964553594589233,0.3726453185081482,0.669451117515564,0.3925628066062927,0.6625465154647827,0.396475613117218,0.6651614308357239,X
0.4138959050178528,0.7081895470619202,0.4225856363773346,0.6635817885398865,0.4190484881401062,0.6236759424209595,0.4098736643791199,0.6055095791816711,0.39750292897224426,0.626392126083374,0.3354303538799286,0.6053599715232849,0.3013538122177124,0.5827909708023071,0.3105849623680115,0.5628904700279236,0.33412957191467285,0.5599865913391113,0.3242610692977905,0.6397113800048828,0.3437129557132721,0.6084867119789124,0.37722083926200867,0.6171593070030212,0.3838728368282318,0.6307637691497803,0.327311247587204,0.6726182103157043,0.35720890760421753,0.6452971696853638,0.384601891040802,0.647876501083374,0.3885168731212616,0.6572683453559875,0.33836624026298523,0.7016384601593018,0.3681919276714325,0.677482008934021,0.38957375288009644,0.6728271245956421,0.39357730746269226,0.6764223575592041,X
0.40718939900398254,0.7155012488365173,0.4151765704154968,0.6721658706665039,0.41115355491638184,0.6307806372642517,0.39951786398887634,0.6192718744277954,0.386792927980423,0.6422263383865356,0.3297921419143677,0.6118324995040894,0.2919101119041443,0.5974194407463074,0.297066867351532,0.578859269618988,0.3171674609184265,0.5758693814277649,0.31742778420448303,0.6477158665657043,0.3354598581790924,0.6200693249702454,0.36923614144325256,0.6310095191001892,0.37473106384277344,0.6450181007385254,0.319263219833374,0.6813057661056519,0.3484552502632141,0.656547486782074,0.3763253092765808,0.6615452766418457,0.3783514201641083,0.6720456480979919,0.32897594571113586,0.7115657329559326,0.36065495014190674,0.688819169998169,0.3824999928474426,0.6855893135070801,0.3839693069458008,0.6902653574943542,X
0.40427982807159424,0.7202144861221313,0.4129306375980377,0.6775724291801453,0.41175591945648193,0.6361994743347168,0.400722473859787,0.6204692721366882,0.3864026665687561,0.6435700058937073,0.32839953899383545,0.6124576926231384,0.2922269403934479,0.5976517796516418,0.2965848743915558,0.5802475810050964,0.31766360998153687,0.5767188668251038,0.31605082750320435,0.6455855369567871,0.33509039878845215,0.6167559027671814,0.36817508935928345,0.629725992679596,0.3742576539516449,0.6444042325019836,0.31709858775138855,0.6781940460205078,0.34398865699768066,0.6546651124954224,0.3718288540840149,0.6595383882522583,0.3755114674568176,0.6691405773162842,0.3258105516433716,0.7096424698829651,0.35415366291999817,0.6895501613616943,0.3760538697242737,0.685170590877533,0.37944287061691284,0.6876453161239624,X
0.41136234998703003,0.7185672521591187,0.4194009006023407,0.6741459369659424,0.4176994860172272,0.6324036717414856,0.404610812664032,0.6177436709403992,0.3901880979537964,0.6418256759643555,0.33470162749290466,0.6097513437271118,0.29999855160713196,0.5938218235969543,0.30350738763809204,0.5742163062095642,0.32393401861190796,0.5690529346466064,0.3222779631614685,0.6429007649421692,0.3405569791793823,0.6150413751602173,0.37175002694129944,0.6282598376274109,0.3790617287158966,0.6429771184921265,0.3234780728816986,0.6754660606384277,0.3508100211620331,0.6537020206451416,0.37734249234199524,0.6583014726638794,0.3819389343261719,0.6670548319816589,0.33256542682647705,0.7069671750068665,0.36080530285835266,0.6904302835464478,0.38146814703941345,0.6858059167861938,0.38508546352386475,0.6860473155975342,X
0.41287946701049805,0.7227112650871277,0.42183929681777954,0.6765303611755371,0.4197099208831787,0.6336531639099121,0.40596455335617065,0.6200199127197266,0.39080390334129333,0.6449649333953857,0.3370206356048584,0.6128584742546082,0.3034130930900574,0.597138524055481,0.3078126311302185,0.5779222249984741,0.3287252187728882,0.5727012753486633,0.3245365619659424,0.6461890339851379,0.34381794929504395,0.61979079246521,0.3741220533847809,0.6313546895980835,0.3822561204433441,0.6465475559234619,0.3258451819419861,0.6786201596260071,0.3533163368701935,0.657938539981842,0.3798716962337494,0.6609691977500916,0.3861154019832611,0.6697947978973389,0.33507591485977173,0.7098919153213501,0.36352699995040894,0.6920055150985718,0.38465335965156555,0.6867654919624329,0.390340656042099,0.6876432299613953,X
0.4136992394924164,0.7239723801612854,0.4228685200214386,0.6776621341705322,0.4196523129940033,0.6359326243400574,0.4057374894618988,0.6225297451019287,0.3907237946987152,0.6469806432723999,0.33668985962867737,0.6175918579101562,0.3036927580833435,0.6025380492210388,0.3084084987640381,0.5830644965171814,0.3278399705886841,0.5776658654212952,0.3236907720565796,0.6510211825370789,0.3445264399051666,0.6249752640724182,0.37401342391967773,0.6355096697807312,0.380680650472641,0.6501667499542236,0.3249569237232208,0.6837256550788879,0.3563888967037201,0.6622498035430908,0.3816208839416504,0.6659828424453735,0.3851269483566284,0.6749612092971802,0.3344818353652954,0.7143685817718506,0.36662575602531433,0.6947974562644958,0.38689154386520386,0.6908442378044128,0.39030739665031433,0.6931779980659485,X
0.4145040512084961,0.7234286069869995,0.421874463558197,0.677018404006958,0.41983941197395325,0.6356773376464844,0.4088532328605652,0.6181136965751648,0.3960738778114319,0.6414579749107361,0.3379838764667511,0.61581951379776,0.30868691205978394,0.6030510663986206,0.30925798416137695,0.5841054916381836,0.32505905628204346,0.5756813883781433,0.32469141483306885,0.6493731141090393,0.3469696640968323,0.6231794953346252,0.3763704001903534,0.6336788535118103,0.3863307535648346,0.6482425332069397,0.32598844170570374,0.6828697323799133,0.3578945994377136,0.6604912281036377,0.38315171003341675,0.6640065908432007,0.3893231451511383,0.6734318733215332,0.335763543844223,0.714495062828064,0.3674256205558777,0.6949931979179382,0.3870351016521454,0.6910423636436462,0.3910156786441803,0.693253219127655,X
0.41558659076690674,0.7208554148674011,0.4227650761604309,0.674494206905365,0.4196007549762726,0.6326571702957153,0.4071376323699951,0.6153944730758667,0.39478930830955505,0.6389673352241516,0.3388628661632538,0.6146247386932373,0.31282922625541687,0.6005701422691345,0.31217852234840393,0.5823098421096802,0.32444527745246887,0.5731825232505798,0.32523104548454285,0.6482061147689819,0.3476475477218628,0.6248406171798706,0.37572306394577026,0.6325987577438354,0.385595440864563,0.6458356976509094,0.3264321982860565,0.6823732852935791,0.35826149582862854,0.6613197326660156,0.3825957477092743,0.6639107465744019,0.38848185539245605,0.6734838485717773,0.33615389466285706,0.7147324085235596,0.3668878674507141,0.6939646005630493,0.3867684602737427,0.689292311668396,0.39155757427215576,0.6921600699424744,X
0.41555047035217285,0.7192604541778564,0.42252153158187866,0.6737967133522034,0.42005929350852966,0.6335152983665466,0.40864288806915283,0.6162079572677612,0.39568832516670227,0.6370795369148254,0.3388116657733917,0.615192174911499,0.31451529264450073,0.6019082069396973,0.3128358721733093,0.5829152464866638,0.3232509195804596,0.5724727511405945,0.325575053691864,0.648372232913971,0.34517771005630493,0.6236277222633362,0.37453967332839966,0.6313930153846741,0.3860975205898285,0.6444007158279419,0.32633697986602783,0.6823120713233948,0.35712411999702454,0.6606754064559937,0.38260751962661743,0.6636571884155273,0.38978779315948486,0.6733861565589905,0.33554351329803467,0.714983344078064,0.36519503593444824,0.6945483684539795,0.3859214782714844,0.6899510025978088,0.3916657567024231,0.6922891736030579,X
0.41296714544296265,0.7207964062690735,0.4222511947154999,0.6742867827415466,0.4195038080215454,0.632396399974823,0.4077818691730499,0.6143879294395447,0.39637699723243713,0.6368950605392456,0.3381343483924866,0.6152662038803101,0.31397679448127747,0.6018558740615845,0.31228670477867126,0.5841702818870544,0.3230212330818176,0.5744152069091797,0.3245365023612976,0.6486554145812988,0.34644266963005066,0.6244711875915527,0.3762846291065216,0.6332753896713257,0.3882122039794922,0.6468495726585388,0.32550203800201416,0.6829718947410583,0.3579835593700409,0.6617857217788696,0.38346266746520996,0.6647442579269409,0.39038726687431335,0.673701286315918,0.3350335955619812,0.7157118320465088,0.36573106050491333,0.6956160068511963,0.3860412538051605,0.6915318965911865,0.3909826874732971,0.6936739087104797,X
0.41123726963996887,0.7197292447090149,0.4207993447780609,0.6734822988510132,0.4183219075202942,0.6326742768287659,0.40824955701828003,0.6108078956604004,0.3965455889701843,0.6299076676368713,0.33783575892448425,0.6167306303977966,0.3112659454345703,0.6038878560066223,0.31101953983306885,0.5850381255149841,0.3228446841239929,0.5751281380653381,0.32455649971961975,0.6503806710243225,0.3450493812561035,0.6250759959220886,0.3768056333065033,0.6354714035987854,0.386392742395401,0.6489357352256775,0.32550159096717834,0.6845983862876892,0.35722625255584717,0.6635643243789673,0.38250094652175903,0.6676979064941406,0.38641491532325745,0.6770390272140503,0.33464691042900085,0.7168075442314148,0.36528894305229187,0.6976174116134644,0.38508862257003784,0.6944823265075684,0.38754597306251526,0.6977293491363525,X
0.4109165370464325,0.7211292386054993,0.4191772937774658,0.6751949787139893,0.4176359176635742,0.6350814700126648,0.40914827585220337,0.6135894656181335,0.39637088775634766,0.6297861933708191,0.3361120820045471,0.6180132627487183,0.3134416341781616,0.6059098243713379,0.3100557029247284,0.5882570147514343,0.31793278455734253,0.5770565271377563,0.3227558732032776,0.6513901948928833,0.344205379486084,0.6251590847969055,0.37616589665412903,0.6355692148208618,0.3869546055793762,0.6487197875976562,0.32384592294692993,0.6854071021080017,0.3529399633407593,0.6630193591117859,0.3790108263492584,0.6662418842315674,0.38524794578552246,0.6753142476081848,0.3334847092628479,0.7179093360900879,0.3613828122615814,0.6970308423042297,0.3825993835926056,0.692705512046814,0.388100802898407,0.6947610378265381,X
0.41047507524490356,0.7169773578643799,0.417940229177475,0.6730844378471375,0.4157264232635498,0.6322076320648193,0.40697887539863586,0.6110009551048279,0.39769446849823,0.6320298314094543,0.3336115777492523,0.6184662580490112,0.30911681056022644,0.6067373156547546,0.3041439950466156,0.5868871212005615,0.3117483854293823,0.5740132927894592,0.3208695352077484,0.6515432596206665,0.34216204285621643,0.6205123662948608,0.3758027255535126,0.6335130333900452,0.3850663900375366,0.6485095024108887,0.3221263587474823,0.6843788027763367,0.3512154519557953,0.6577894687652588,0.3779309391975403,0.6638392210006714,0.3821452260017395,0.6751655340194702,0.33210134506225586,0.7165449857711792,0.35917097330093384,0.6932716369628906,0.38013070821762085,0.6898064613342285,0.3836839497089386,0.6934160590171814,X
0.4085693657398224,0.7126472592353821,0.4167252779006958,0.6706474423408508,0.415494441986084,0.6307345628738403,0.4073525667190552,0.6095247864723206,0.3943789005279541,0.6264734268188477,0.33188652992248535,0.6170136332511902,0.30186545848846436,0.6048978567123413,0.3033953607082367,0.5859414339065552,0.32045891880989075,0.579189658164978,0.3203478753566742,0.6503291726112366,0.3384181261062622,0.6200571656227112,0.3720443546772003,0.631523609161377,0.3805496096611023,0.6459749341011047,0.3213011920452118,0.6829043626785278,0.3495487570762634,0.6565366983413696,0.3759537637233734,0.6620680689811707,0.3795280456542969,0.6728875041007996,0.33030804991722107,0.7145385146141052,0.35637861490249634,0.691592812538147,0.37768954038619995,0.6880233287811279,0.381536066532135,0.6918630003929138,X
0.40680375695228577,0.7091202735900879,0.4158084988594055,0.6687160134315491,0.414472371339798,0.6268286108970642,0.4050261974334717,0.6080009937286377,0.39225825667381287,0.6285623908042908,0.33069491386413574,0.6121156811714172,0.29643234610557556,0.5964859127998352,0.2980138957500458,0.5771324038505554,0.31584304571151733,0.5707541704177856,0.31947600841522217,0.6453646421432495,0.33816656470298767,0.6140376925468445,0.37316346168518066,0.6274528503417969,0.380360871553421,0.6438929438591003,0.32049137353897095,0.6780267953872681,0.34546926617622375,0.6503596305847168,0.37422361969947815,0.6564537882804871,0.3781810998916626,0.6687414050102234,0.32900261878967285,0.710572361946106,0.3511200249195099,0.6861473917961121,0.3740866482257843,0.6810621023178101,0.37907159328460693,0.6848804950714111,X
0.4106872081756592,0.7110509276390076,0.4193810224533081,0.667046844959259,0.41629621386528015,0.6240335702896118,0.4053207337856293,0.6029211282730103,0.39461231231689453,0.626670241355896,0.3327820301055908,0.6072354316711426,0.2971707582473755,0.5930407047271729,0.2952326536178589,0.5730322599411011,0.3107401430606842,0.5648481845855713,0.3215749263763428,0.6412147283554077,0.3391256034374237,0.6103063821792603,0.37477877736091614,0.6238800287246704,0.38266226649284363,0.6401121020317078,0.3231954872608185,0.6746271848678589,0.34786346554756165,0.6465505361557007,0.37783852219581604,0.6529155969619751,0.3828658163547516,0.6657859086990356,0.3321085572242737,0.7075724601745605,0.356306791305542,0.682859480381012,0.37927818298339844,0.6795295476913452,0.3833722174167633,0.684777021408081,X
0.4141313433647156,0.7118155360221863,0.4221857786178589,0.6679236888885498,0.4194682240486145,0.6251713633537292,0.4091748297214508,0.6041634678840637,0.396644651889801,0.6263774633407593,0.3366831839084625,0.607169508934021,0.2986849546432495,0.5912392735481262,0.29794079065322876,0.5719902515411377,0.31434229016304016,0.5650627017021179,0.32498377561569214,0.6412807703018188,0.34299421310424805,0.6107500195503235,0.377596914768219,0.6243837475776672,0.3857003450393677,0.6402493715286255,0.32615000009536743,0.6748425364494324,0.35050344467163086,0.6476138830184937,0.3798184096813202,0.6538020968437195,0.38570094108581543,0.6660700440406799,0.3345027267932892,0.7075344920158386,0.35615137219429016,0.683005154132843,0.3793390989303589,0.6776819229125977,0.38594698905944824,0.6809706687927246,X
0.41451847553253174,0.713016927242279,0.4227221608161926,0.6692361235618591,0.4208565652370453,0.626676082611084,0.41178303956985474,0.6044549942016602,0.3993080258369446,0.6260352730751038,0.33813226222991943,0.6055614948272705,0.299052894115448,0.5894420742988586,0.30002474784851074,0.569343090057373,0.31855911016464233,0.5631817579269409,0.3264480531215668,0.639793872833252,0.345165491104126,0.6087115406990051,0.38038983941078186,0.6228852868080139,0.38665711879730225,0.638457179069519,0.32749396562576294,0.6730505228042603,0.35421323776245117,0.6447336673736572,0.3839767575263977,0.6519510746002197,0.3878845274448395,0.664722204208374,0.3358042240142822,0.7051422595977783,0.36198657751083374,0.6799583435058594,0.3845462203025818,0.676645040512085,0.38780921697616577,0.6822046637535095,X
0.4147602319717407,0.7109265327453613,0.42304080724716187,0.6663389205932617,0.4205594062805176,0.6230179071426392,0.41182759404182434,0.5998944640159607,0.40091097354888916,0.6229466199874878,0.338519424200058,0.6018888354301453,0.2997136414051056,0.5847116112709045,0.30066508054733276,0.5646221041679382,0.3189678192138672,0.5594598650932312,0.3270789682865143,0.6364074349403381,0.3446352183818817,0.6052230000495911,0.3792400062084198,0.6189331412315369,0.38638922572135925,0.635302722454071,0.32815131545066833,0.6699386835098267,0.35472968220710754,0.6416445374488831,0.38424041867256165,0.6491690874099731,0.3884473741054535,0.663063108921051,0.3364504277706146,0.7018857002258301,0.3635198771953583,0.6762370467185974,0.3857342600822449,0.6741775274276733,0.3883794844150543,0.6813333034515381,X
0.41554439067840576,0.709884762763977,0.42363351583480835,0.6654003858566284,0.4217795133590698,0.6236630082130432,0.4137817919254303,0.600908100605011,0.40180349349975586,0.6216168403625488,0.3390190601348877,0.601733922958374,0.30017518997192383,0.583830714225769,0.3022257387638092,0.5638037323951721,0.32125282287597656,0.5593979954719543,0.32732701301574707,0.6364888548851013,0.34568509459495544,0.6051826477050781,0.3811454474925995,0.6191991567611694,0.38766148686408997,0.6351184248924255,0.3284461498260498,0.6700360178947449,0.3557046949863434,0.6416270136833191,0.38507139682769775,0.6488702893257141,0.3885369896888733,0.6618866920471191,0.337005615234375,0.7016592621803284,0.36289066076278687,0.6759050488471985,0.3853185176849365,0.673222541809082,0.38869982957839966,0.6794126033782959,X
0.4149972200393677,0.7067475914955139,0.42294231057167053,0.6620211005210876,0.42091161012649536,0.6194004416465759,0.41277578473091125,0.5977483987808228,0.4026508629322052,0.6193177103996277,0.33894646167755127,0.5980544686317444,0.3003085255622864,0.5799341201782227,0.30178529024124146,0.558850109577179,0.32007521390914917,0.552631139755249,0.32680824398994446,0.6319422125816345,0.34541141986846924,0.601250410079956,0.37992480397224426,0.6134942770004272,0.38840174674987793,0.6288889646530151,0.3277198374271393,0.6646651029586792,0.3580845594406128,0.6366204023361206,0.38710662722587585,0.6441843509674072,0.391504168510437,0.6575707197189331,0.33635371923446655,0.6953284740447998,0.36693617701530457,0.6700657606124878,0.38822975754737854,0.6692020297050476,0.3900919258594513,0.6768402457237244,X
