0.3119274377822876,0.6117244958877563,0.3405657410621643,0.6133259534835815,0.36728906631469727,0.6041380167007446,0.3775847852230072,0.5956749320030212,0.36367329955101013,0.5867857336997986,0.3472362756729126,0.5374387502670288,0.34915247559547424,0.604932427406311,0.3415915369987488,0.652888298034668,0.33443883061408997,0.6825461387634277,0.31491315364837646,0.5370396971702576,0.3199172914028168,0.6161850094795227,0.32299384474754333,0.6269317865371704,0.3231843113899231,0.6204109787940979,0.2884761095046997,0.5503540635108948,0.2962043285369873,0.6209784150123596,0.2995586693286896,0.6214151382446289,0.3000139892101288,0.606705367565155,0.26637598872184753,0.5686258673667908,0.2732267677783966,0.6153998970985413,0.27932995557785034,0.6196996569633484,0.2809329330921173,0.610538125038147,Q
0.3042377829551697,0.6119883060455322,0.3348310887813568,0.6151261329650879,0.36170655488967896,0.604691743850708,0.37141531705856323,0.596492350101471,0.3564893305301666,0.5875856876373291,0.34135380387306213,0.5384218096733093,0.344153493642807,0.6077196002006531,0.3365982174873352,0.6601004600524902,0.3302735388278961,0.6930986046791077,0.30976662039756775,0.5378962755203247,0.3166736960411072,0.6178774237632751,0.3194243013858795,0.627784252166748,0.32038065791130066,0.6209067106246948,0.28294849395751953,0.5524063110351562,0.2925098240375519,0.6213964223861694,0.29435786604881287,0.6192672848701477,0.2944790720939636,0.6029629111289978,0.26015183329582214,0.57218337059021,0.26756781339645386,0.6174373626708984,0.2725222706794739,0.6200816035270691,0.27389612793922424,0.6107629537582397,Q
0.30191078782081604,0.6107333302497864,0.33131441473960876,0.6134111285209656,0.3578718900680542,0.6043809652328491,0.3673880696296692,0.5961568355560303,0.35279029607772827,0.5876110196113586,0.3388621509075165,0.5368708372116089,0.3405139744281769,0.6069793701171875,0.33387690782546997,0.6576945781707764,0.32838675379753113,0.6888540387153625,0.3072769343852997,0.5370249152183533,0.31252944469451904,0.6172361373901367,0.3147442638874054,0.6297944188117981,0.3146493136882782,0.6227407455444336,0.2804141044616699,0.5512375831604004,0.2881074547767639,0.6205393671989441,0.29014432430267334,0.6199504137039185,0.29039067029953003,0.6021841168403625,0.2571462094783783,0.5702841281890869,0.26423704624176025,0.6167623996734619,0.270220011472702,0.6207789778709412,0.2722223103046417,0.6105794310569763,Q
0.3013441562652588,0.6051061153411865,0.33104610443115234,0.6079316139221191,0.3569171130657196,0.6007009744644165,0.3656870424747467,0.5929322242736816,0.3509831726551056,0.5841062068939209,0.33719637989997864,0.5342470407485962,0.33843734860420227,0.6050466299057007,0.3312482237815857,0.654787540435791,0.32431936264038086,0.6853204369544983,0.3049915134906769,0.5347462296485901,0.3104320764541626,0.6166334748268127,0.3149656653404236,0.6312550902366638,0.3158259391784668,0.6270573139190674,0.2780594229698181,0.5488107204437256,0.2853805124759674,0.6192097663879395,0.28989377617836,0.6177423596382141,0.29109445214271545,0.6000282168388367,0.2552347481250763,0.56817227602005,0.2622092068195343,0.6151619553565979,0.269803524017334,0.6187611818313599,0.27279266715049744,0.6087473630905151,Q
0.29637572169303894,0.606931209564209,0.3271368443965912,0.610343873500824,0.3527381122112274,0.601944625377655,0.36012646555900574,0.5936238169670105,0.34489738941192627,0.5831263065338135,0.33179694414138794,0.5346959233283997,0.33413049578666687,0.6038303971290588,0.3264543116092682,0.6567783355712891,0.3200984597206116,0.6894785761833191,0.2999022603034973,0.5345208048820496,0.30569106340408325,0.6150768399238586,0.30943119525909424,0.6268173456192017,0.3103726804256439,0.6180078983306885,0.27326467633247375,0.5495172739028931,0.28180748224258423,0.619818389415741,0.2852238118648529,0.6198675036430359,0.2856616675853729,0.6021289825439453,0.25098147988319397,0.569559633731842,0.25847846269607544,0.6183592081069946,0.2660226821899414,0.6227245926856995,0.26883628964424133,0.6123248934745789,Q
0.30166271328926086,0.6057501435279846,0.3325398862361908,0.6083787083625793,0.3597864806652069,0.6005485653877258,0.3674294650554657,0.5919658541679382,0.35203251242637634,0.5814722180366516,0.3363189995288849,0.5367391109466553,0.3355138897895813,0.6046274304389954,0.3296404480934143,0.6540969610214233,0.3251081109046936,0.6847649812698364,0.3038536608219147,0.5364771485328674,0.30785486102104187,0.6153314113616943,0.3136446475982666,0.6251080632209778,0.3164098262786865,0.6170272827148438,0.2774514853954315,0.5497339367866516,0.2845941185951233,0.6205859184265137,0.28875797986984253,0.6195127964019775,0.28953543305397034,0.6030400991439819,0.2557032108306885,0.5676757097244263,0.26213958859443665,0.6171550750732422,0.2699738144874573,0.6214557886123657,0.27298805117607117,0.612291693687439,Q
0.30631953477859497,0.5932264924049377,0.33690088987350464,0.5965311527252197,0.3636174499988556,0.5881035923957825,0.373033344745636,0.5779802799224854,0.356447696685791,0.5678065419197083,0.34191393852233887,0.5206060409545898,0.3413677513599396,0.5894831418991089,0.3341270983219147,0.6405590772628784,0.32665857672691345,0.6718587875366211,0.3089998662471771,0.5211454629898071,0.3127783536911011,0.5988160371780396,0.3176383674144745,0.6119101047515869,0.31955820322036743,0.6044468283653259,0.2826787233352661,0.5353842973709106,0.28921636939048767,0.6056764125823975,0.2945752441883087,0.6080989837646484,0.29592016339302063,0.5924977660179138,0.26107311248779297,0.5543327927589417,0.26764485239982605,0.6006813049316406,0.27497825026512146,0.6073430180549622,0.27727043628692627,0.5992535352706909,Q
0.31064411997795105,0.5968509316444397,0.3409022390842438,0.5986019968986511,0.36748045682907104,0.5902746319770813,0.37599948048591614,0.5821504592895508,0.3609890639781952,0.5724774599075317,0.3457478880882263,0.5237058401107788,0.34691229462623596,0.5921566486358643,0.33949559926986694,0.6404273509979248,0.33219486474990845,0.6696426868438721,0.31365326046943665,0.5232189297676086,0.31835663318634033,0.6029530167579651,0.3212808668613434,0.6126989126205444,0.3212478458881378,0.6051861047744751,0.28767454624176025,0.5365022420883179,0.2946915626525879,0.6083452105522156,0.29810208082199097,0.6084755659103394,0.2981853783130646,0.5934523344039917,0.2662383019924164,0.5547795295715332,0.2728608548641205,0.6035656332969666,0.2795146703720093,0.6079434156417847,0.28119730949401855,0.5991654396057129,Q
0.3120562434196472,0.5885229706764221,0.34146663546562195,0.5911941528320312,0.3678031861782074,0.5856422781944275,0.3763918876647949,0.5786052942276001,0.3624313473701477,0.568098783493042,0.3477536141872406,0.5178725123405457,0.3479744493961334,0.5884789228439331,0.3408626317977905,0.6357173919677734,0.3336840867996216,0.6663998961448669,0.31545814871788025,0.5173498392105103,0.3201766312122345,0.5961695313453674,0.3243809938430786,0.6025445461273193,0.3251209855079651,0.5967849493026733,0.2889188230037689,0.5305967926979065,0.2960584759712219,0.6011674404144287,0.3009280860424042,0.5984973907470703,0.30265742540359497,0.5846261978149414,0.2672707438468933,0.5493733882904053,0.274575412273407,0.5967087745666504,0.2821798324584961,0.5983794331550598,0.2855325937271118,0.5889484882354736,Q
0.31248554587364197,0.5986806154251099,0.3419704735279083,0.6016544699668884,0.36826997995376587,0.5941095352172852,0.37720340490341187,0.5861726999282837,0.3645615875720978,0.5755643248558044,0.34856531023979187,0.5272712111473083,0.3490513861179352,0.598121702671051,0.3416583240032196,0.6483908891677856,0.3353313207626343,0.6772052049636841,0.3153750002384186,0.5261325836181641,0.3195612132549286,0.6040301322937012,0.3223218619823456,0.6166654825210571,0.32247182726860046,0.6101433634757996,0.288496732711792,0.5391273498535156,0.2956947386264801,0.6094520688056946,0.30027177929878235,0.6116816997528076,0.3015684187412262,0.5973579287528992,0.2667931914329529,0.5572559237480164,0.2746945023536682,0.605583131313324,0.28286316990852356,0.611748456954956,0.2858770489692688,0.6038035750389099,Q
0.30914393067359924,0.5969008207321167,0.3398418426513672,0.5991545915603638,0.3664586544036865,0.5916507840156555,0.37496909499168396,0.5842257738113403,0.36058321595191956,0.5740466713905334,0.34681594371795654,0.5218852758407593,0.3475000858306885,0.5944179892539978,0.3394005000591278,0.6446011066436768,0.33233070373535156,0.6769288182258606,0.31458455324172974,0.5210539102554321,0.31957563757896423,0.6049986481666565,0.32569608092308044,0.617121696472168,0.3286702334880829,0.6141815781593323,0.2876039445400238,0.5349875688552856,0.29453617334365845,0.6076986193656921,0.298887699842453,0.6040890216827393,0.30050092935562134,0.5871912240982056,0.265063613653183,0.5552182197570801,0.27226316928863525,0.6037888526916504,0.279906302690506,0.6052631139755249,0.2834857702255249,0.5941399931907654,Q
0.30815696716308594,0.5955477952957153,0.3382558226585388,0.5987512469291687,0.3647955060005188,0.5919233560562134,0.3741462230682373,0.5855785608291626,0.36122050881385803,0.5759892463684082,0.34560057520866394,0.5268299579620361,0.34687867760658264,0.5986530780792236,0.33975455164909363,0.6463642716407776,0.3333561420440674,0.6749657988548279,0.3128398656845093,0.5265985727310181,0.3170889914035797,0.6073783040046692,0.3197820484638214,0.6124571561813354,0.3191325068473816,0.6009082794189453,0.2863922119140625,0.5400953888893127,0.2934987545013428,0.6125500798225403,0.29708102345466614,0.6086469292640686,0.29761672019958496,0.5897377729415894,0.2647761106491089,0.5580878257751465,0.2712939977645874,0.6078374981880188,0.2780664563179016,0.6085165143013,0.28037357330322266,0.5953508019447327,Q
0.3093058168888092,0.5949442982673645,0.3377995789051056,0.5973138809204102,0.36437085270881653,0.5897414088249207,0.3745562434196472,0.5818744897842407,0.3629843592643738,0.5712634921073914,0.345987468957901,0.5228689908981323,0.3459865152835846,0.5951186418533325,0.3387035131454468,0.6438950300216675,0.3312671184539795,0.6753054261207581,0.31361106038093567,0.5226665139198303,0.3166169226169586,0.6036540269851685,0.32096895575523376,0.6114128828048706,0.3212834298610687,0.6048362255096436,0.2869214415550232,0.5359320640563965,0.2926403880119324,0.6080270409584045,0.2973919212818146,0.6062153577804565,0.2990031838417053,0.591491162776947,0.26491475105285645,0.5540538430213928,0.2715209424495697,0.6034466028213501,0.2787728011608124,0.6067333817481995,0.28189852833747864,0.5973538756370544,Q
0.3131463825702667,0.5927282571792603,0.3424459397792816,0.593169093132019,0.36891746520996094,0.5828772187232971,0.38126635551452637,0.5740597248077393,0.3784792721271515,0.5648897886276245,0.34741199016571045,0.5270876288414001,0.35082191228866577,0.595441997051239,0.3472736179828644,0.6415160298347473,0.34357479214668274,0.6713927388191223,0.3152761459350586,0.5275243520736694,0.32156217098236084,0.6065951585769653,0.32559749484062195,0.6115339398384094,0.3256780505180359,0.6012139320373535,0.2891736626625061,0.5395484566688538,0.2980567216873169,0.6100508570671082,0.30270248651504517,0.6076804995536804,0.30389970541000366,0.5919263958930969,0.2681210935115814,0.5556128621101379,0.2766692340373993,0.6041883826255798,0.2826901078224182,0.6065504550933838,0.28357797861099243,0.59648597240448,Q
0.3102746903896332,0.5937966704368591,0.3404356837272644,0.5930730104446411,0.3674268424510956,0.581624448299408,0.37959861755371094,0.5724154710769653,0.37745457887649536,0.5628035068511963,0.34631478786468506,0.5241162776947021,0.35249048471450806,0.5965490341186523,0.34850162267684937,0.6413580179214478,0.3431810438632965,0.671938419342041,0.31482237577438354,0.5254164934158325,0.32180121541023254,0.6047171354293823,0.32357919216156006,0.604161262512207,0.3212147057056427,0.5936512351036072,0.28904858231544495,0.5386838316917419,0.2972217798233032,0.6086382865905762,0.3008677661418915,0.6025813817977905,0.30171212553977966,0.5857479572296143,0.267467737197876,0.5564119219779968,0.275714635848999,0.6025712490081787,0.28152841329574585,0.602254331111908,0.2833825945854187,0.5913025736808777,Q
0.3097631633281708,0.6011329889297485,0.34021830558776855,0.5985729694366455,0.3675178289413452,0.5864607095718384,0.37997573614120483,0.5771633982658386,0.37204858660697937,0.5696558952331543,0.3465949594974518,0.5278488397598267,0.3520292043685913,0.5986179113388062,0.3485802710056305,0.6442036628723145,0.3440881073474884,0.6734695434570312,0.3145064115524292,0.5288892388343811,0.321108877658844,0.606293261051178,0.3231486678123474,0.6076973080635071,0.32052120566368103,0.5959956645965576,0.28816336393356323,0.5425499677658081,0.2960892617702484,0.6114540696144104,0.29989349842071533,0.6073417663574219,0.3002667725086212,0.5905637741088867,0.266737699508667,0.5606256127357483,0.27480894327163696,0.6063237190246582,0.2800517678260803,0.6072933673858643,0.28066807985305786,0.5967490077018738,Q
0.310280442237854,0.5980748534202576,0.33962923288345337,0.5968239903450012,0.366963267326355,0.5867549180984497,0.3793374300003052,0.5793585181236267,0.3705762028694153,0.5737378597259521,0.3461931645870209,0.5284577012062073,0.35169312357902527,0.599402904510498,0.3480164110660553,0.6448173522949219,0.34328708052635193,0.674849808216095,0.3139229118824005,0.5297999978065491,0.32108575105667114,0.6078523993492126,0.3223869204521179,0.6078910231590271,0.3194335401058197,0.5955095291137695,0.287810742855072,0.5437964797019958,0.29623842239379883,0.6130588054656982,0.29954761266708374,0.6073339581489563,0.3001309633255005,0.5892043113708496,0.2663925588130951,0.5620363354682922,0.27520066499710083,0.6086010932922363,0.28003066778182983,0.6071744561195374,0.28061428666114807,0.5947167277336121,Q
0.31001219153404236,0.59894198179245,0.34010228514671326,0.5974199175834656,0.3679333031177521,0.5859084725379944,0.3797382116317749,0.5763454437255859,0.3685699701309204,0.5704503655433655,0.34563565254211426,0.5261585712432861,0.35086944699287415,0.5978131890296936,0.3469163775444031,0.6439591646194458,0.34176960587501526,0.6746513247489929,0.3135417103767395,0.5272159576416016,0.3210884630680084,0.6070301532745361,0.32303330302238464,0.6086632013320923,0.32065388560295105,0.5981921553611755,0.28742116689682007,0.5409865975379944,0.2964842915534973,0.6114475131034851,0.3001558780670166,0.6069751977920532,0.30103862285614014,0.5906525254249573,0.2659064829349518,0.5593817234039307,0.27474451065063477,0.605964720249176,0.2803266942501068,0.6064620614051819,0.28183114528656006,0.596042811870575,Q
0.30920571088790894,0.6034337282180786,0.339778333902359,0.6028405427932739,0.3667437434196472,0.5924455523490906,0.37860801815986633,0.5842530727386475,0.3696892559528351,0.5731635093688965,0.3458607792854309,0.5302170515060425,0.3517266511917114,0.6023505330085754,0.34633883833885193,0.6482523679733276,0.3396790027618408,0.6777796745300293,0.3131730854511261,0.5306977033615112,0.32020843029022217,0.6092541813850403,0.3224251866340637,0.6105028390884399,0.3205189108848572,0.5991120338439941,0.28688812255859375,0.5446777939796448,0.29549041390419006,0.6147716641426086,0.29926320910453796,0.6100679636001587,0.3002113997936249,0.592604398727417,0.26561295986175537,0.5629507303237915,0.27386870980262756,0.6107335686683655,0.2800639867782593,0.6114546060562134,0.28204452991485596,0.6001629829406738,Q
0.308729350566864,0.5988510251045227,0.33866462111473083,0.5988054275512695,0.3662293553352356,0.5885496735572815,0.37743982672691345,0.579807698726654,0.3661462664604187,0.5728148818016052,0.34532788395881653,0.5271502137184143,0.3494572937488556,0.5987738966941833,0.3450237214565277,0.6462463140487671,0.33943212032318115,0.6780218482017517,0.3128087818622589,0.5278339982032776,0.3184540867805481,0.6070065498352051,0.32193872332572937,0.6100409030914307,0.3209189176559448,0.6004723310470581,0.2862701714038849,0.5415552258491516,0.2944495975971222,0.6125237941741943,0.29949191212654114,0.6090665459632874,0.30146509408950806,0.5932770371437073,0.2644214630126953,0.5599533319473267,0.272612988948822,0.6080564260482788,0.27962976694107056,0.6091865301132202,0.28268805146217346,0.5985603332519531,Q
0.3092251121997833,0.600246250629425,0.3380271792411804,0.5995441675186157,0.36440184712409973,0.5888975858688354,0.37596800923347473,0.5808888077735901,0.36672812700271606,0.5728749632835388,0.3441859185695648,0.5269349813461304,0.3491067588329315,0.5990496277809143,0.34468138217926025,0.6458022594451904,0.3389902412891388,0.6768230199813843,0.3125896155834198,0.5274280309677124,0.31844717264175415,0.6066882610321045,0.3209860920906067,0.6070468425750732,0.3192368447780609,0.5960242748260498,0.28659921884536743,0.5409237742424011,0.2939349412918091,0.6116452813148499,0.29811498522758484,0.6064329743385315,0.2995157241821289,0.589885413646698,0.2650866210460663,0.5589748620986938,0.27254197001457214,0.6062690019607544,0.2789223790168762,0.6055355072021484,0.2812007963657379,0.5938501954078674,Q
0.30857208371162415,0.5984318852424622,0.33879995346069336,0.597909688949585,0.36636295914649963,0.5871374607086182,0.3772161602973938,0.5779431462287903,0.3658876419067383,0.5700687170028687,0.3445321321487427,0.5237019658088684,0.3480762243270874,0.594718873500824,0.34389638900756836,0.6411879062652588,0.3387758433818817,0.6717061400413513,0.3128146827220917,0.5238884091377258,0.31851282715797424,0.6035122275352478,0.32298362255096436,0.6078639030456543,0.3233776092529297,0.599433422088623,0.2866053879261017,0.5372281670570374,0.29452821612358093,0.6076755523681641,0.29894745349884033,0.6040245294570923,0.3006802797317505,0.5886345505714417,0.26512640714645386,0.5555118918418884,0.27359092235565186,0.6027432084083557,0.2801724076271057,0.6042155027389526,0.282855361700058,0.594280481338501,Q
0.3077608048915863,0.5989241003990173,0.33799630403518677,0.5990985631942749,0.36625635623931885,0.5883244872093201,0.3777621388435364,0.5790899395942688,0.36623555421829224,0.5702253580093384,0.34569352865219116,0.5254751443862915,0.35011032223701477,0.5958957076072693,0.34450477361679077,0.6423860788345337,0.3378847539424896,0.6712853312492371,0.3137470483779907,0.5251504778862,0.31955912709236145,0.6032999157905579,0.3222743272781372,0.6072695851325989,0.3206947445869446,0.5960253477096558,0.28769832849502563,0.5383110046386719,0.295411616563797,0.6086484789848328,0.299474835395813,0.6062955856323242,0.30011725425720215,0.5901749134063721,0.2664260268211365,0.5557478666305542,0.2741495668888092,0.6034101843833923,0.28016915917396545,0.6059901714324951,0.28166845440864563,0.5958675146102905,Q
0.30955591797828674,0.5913558006286621,0.339575856924057,0.592624843120575,0.36669299006462097,0.584872841835022,0.37780070304870605,0.5779154300689697,0.3670673072338104,0.5700222253799438,0.3473385274410248,0.5224370956420898,0.35019373893737793,0.594388484954834,0.3456898629665375,0.6404478549957275,0.3401370942592621,0.670644998550415,0.31531181931495667,0.5220865607261658,0.3209019601345062,0.6033192276954651,0.3249795436859131,0.6042342185974121,0.32400256395339966,0.5930815935134888,0.2891756594181061,0.5352160930633545,0.29747912287712097,0.6076463460922241,0.3030419945716858,0.6021283864974976,0.30486413836479187,0.5853867530822754,0.26785171031951904,0.5532165169715881,0.27598387002944946,0.6026065349578857,0.28260648250579834,0.6015120148658752,0.2847956717014313,0.588914155960083,Q
0.30111369490623474,0.5972036719322205,0.33157527446746826,0.6004858016967773,0.3590970039367676,0.5923336744308472,0.3703441023826599,0.585237979888916,0.36025744676589966,0.5737767815589905,0.34411168098449707,0.5291963219642639,0.34568148851394653,0.6026571393013,0.33819541335105896,0.650658905506134,0.33150210976600647,0.6787787079811096,0.31227564811706543,0.5269705057144165,0.3170666992664337,0.6071054339408875,0.3177138864994049,0.6112383008003235,0.3151462972164154,0.598770022392273,0.2851440906524658,0.5388954281806946,0.2923294007778168,0.6114309430122375,0.29543203115463257,0.6088985800743103,0.2956978380680084,0.5908464193344116,0.26228731870651245,0.5559083819389343,0.26956087350845337,0.6065361499786377,0.2760603129863739,0.608313262462616,0.27812471985816956,0.5955985188484192,Q
0.30616068840026855,0.5829483270645142,0.33519941568374634,0.5900849103927612,0.3618321716785431,0.588281512260437,0.37200549244880676,0.5828664302825928,0.3598399758338928,0.5716522336006165,0.3456188142299652,0.522700309753418,0.34502771496772766,0.5970534086227417,0.339331716299057,0.6437209844589233,0.33403295278549194,0.6720173954963684,0.313419908285141,0.5208390951156616,0.31614676117897034,0.6018341183662415,0.3181048333644867,0.6030646562576294,0.31603187322616577,0.5881220102310181,0.2864047884941101,0.5320378541946411,0.2923637330532074,0.604924201965332,0.2962839603424072,0.5996627807617188,0.2967711091041565,0.580375075340271,0.26409798860549927,0.5477768182754517,0.2710215747356415,0.5995165109634399,0.27714601159095764,0.5994471311569214,0.27875322103500366,0.586216151714325,Q
0.3095592260360718,0.5841572284698486,0.33939751982688904,0.5879780650138855,0.36585116386413574,0.5838062167167664,0.3734492361545563,0.5807697176933289,0.3589438498020172,0.5762463808059692,0.3467080593109131,0.5193407535552979,0.34724506735801697,0.5934768915176392,0.3416534662246704,0.6395572423934937,0.3363739848136902,0.6684114336967468,0.31447604298591614,0.517566442489624,0.31798118352890015,0.6001297235488892,0.32113519310951233,0.601828396320343,0.31999659538269043,0.5884467959403992,0.28788527846336365,0.5296329259872437,0.29373297095298767,0.602513313293457,0.29837411642074585,0.5965536832809448,0.2996184825897217,0.5774894952774048,0.2662409245967865,0.5467060208320618,0.27302470803260803,0.5967931151390076,0.2797252833843231,0.5960202217102051,0.28201666474342346,0.5829453468322754,Q
0.3085536062717438,0.5801426768302917,0.3379058539867401,0.5844630002975464,0.3637537360191345,0.5802002549171448,0.3733062148094177,0.5782005190849304,0.3598288893699646,0.5726717114448547,0.3458699584007263,0.5136645436286926,0.3473418653011322,0.5910923480987549,0.3409346640110016,0.6359911561012268,0.3346439003944397,0.6631957292556763,0.31355729699134827,0.5117809772491455,0.3173409104347229,0.5966073870658875,0.31934621930122375,0.5948686599731445,0.317656546831131,0.5795249342918396,0.28617972135543823,0.5237439274787903,0.2920601963996887,0.5999245047569275,0.2955266833305359,0.5921138525009155,0.2958143949508667,0.5700345039367676,0.2636391520500183,0.541826069355011,0.27056077122688293,0.5934910178184509,0.27727654576301575,0.5905492305755615,0.2795702815055847,0.5738052725791931,Q
0.31056132912635803,0.5781970024108887,0.33889198303222656,0.581481397151947,0.3649541437625885,0.5747367143630981,0.3740493953227997,0.5716067552566528,0.36113137006759644,0.5663414001464844,0.34553495049476624,0.5089640617370605,0.3475763499736786,0.58309006690979,0.3414766192436218,0.6301012635231018,0.33566412329673767,0.6603202819824219,0.3139955699443817,0.5073410868644714,0.3178497552871704,0.5886951088905334,0.31890103220939636,0.5906972289085388,0.3167821168899536,0.5795985460281372,0.28774285316467285,0.5191192030906677,0.29302045702934265,0.5922454595565796,0.2960948348045349,0.5876291394233704,0.29711243510246277,0.5702073574066162,0.26605284214019775,0.5357027053833008,0.2724016010761261,0.5848538875579834,0.2781517207622528,0.5850120186805725,0.28041988611221313,0.5725948214530945,Q
0.3124444782733917,0.5736450552940369,0.3413463830947876,0.5790023803710938,0.3675529956817627,0.5732656121253967,0.3761155605316162,0.5702379941940308,0.36245089769363403,0.5636635422706604,0.3484720289707184,0.5068972706794739,0.3488646149635315,0.5790750980377197,0.3419216275215149,0.6266891360282898,0.3352659344673157,0.6560749411582947,0.31615713238716125,0.5044636130332947,0.3182467520236969,0.5875014662742615,0.3224028944969177,0.5937530994415283,0.32329463958740234,0.5841449499130249,0.28952232003211975,0.5164960622787476,0.29365313053131104,0.5907456874847412,0.2979438900947571,0.5877626538276672,0.29939159750938416,0.5703352093696594,0.26796290278434753,0.5335544347763062,0.2729699909687042,0.5839455127716064,0.28017866611480713,0.5853767991065979,0.2834887206554413,0.5731754302978516,Q
0.3113938570022583,0.5740242004394531,0.3401482105255127,0.5767201781272888,0.3658323884010315,0.5698181390762329,0.3750896155834198,0.5673201084136963,0.3621525764465332,0.5623224973678589,0.34786051511764526,0.5035733580589294,0.35003426671028137,0.577484130859375,0.34345120191574097,0.6241638660430908,0.3365800082683563,0.6524697542190552,0.3154676854610443,0.5023288130760193,0.3179489076137543,0.5846604108810425,0.3214094042778015,0.5876549482345581,0.32091036438941956,0.5752123594284058,0.28880172967910767,0.5149502754211426,0.2939288020133972,0.5891739726066589,0.2981557250022888,0.5847108364105225,0.29896727204322815,0.5652971267700195,0.2673596739768982,0.5324142575263977,0.2731553912162781,0.5833320617675781,0.2806592583656311,0.5837982296943665,0.2839513123035431,0.569774866104126,Q
0.3126745820045471,0.5731857419013977,0.3411405384540558,0.5755839943885803,0.36681655049324036,0.5698951482772827,0.3766438066959381,0.5681356191635132,0.36463409662246704,0.5626937747001648,0.34826409816741943,0.5081341862678528,0.3516753613948822,0.5798932909965515,0.34547966718673706,0.6253712177276611,0.3389880955219269,0.6532174348831177,0.31608787178993225,0.5070660710334778,0.3212498128414154,0.5894343852996826,0.3238964080810547,0.5923113822937012,0.32257193326950073,0.5811010599136353,0.28975367546081543,0.5193590521812439,0.2965707778930664,0.5927082896232605,0.29996657371520996,0.5878782272338867,0.30021244287490845,0.5692715644836426,0.2686147093772888,0.5359605550765991,0.2752416729927063,0.586249053478241,0.28160420060157776,0.5863827466964722,0.2834727466106415,0.5730608105659485,Q
0.31159690022468567,0.5773363709449768,0.3413306176662445,0.5804054141044617,0.36821499466896057,0.5744419693946838,0.37829941511154175,0.5703051686286926,0.3665802776813507,0.5616837739944458,0.3490501642227173,0.5087268948554993,0.3527786433696747,0.5818274021148682,0.3471372425556183,0.6273108124732971,0.341227650642395,0.6557220816612244,0.3164282739162445,0.508080005645752,0.3224324882030487,0.5904808044433594,0.32551339268684387,0.5922948718070984,0.3240261971950531,0.5808624029159546,0.2900099754333496,0.521194338798523,0.29855987429618835,0.5948425531387329,0.30230432748794556,0.5889853835105896,0.3024827837944031,0.5704342126846313,0.2689591348171234,0.538835883140564,0.27718386054039,0.5893235206604004,0.2831181287765503,0.5880043506622314,0.2844146192073822,0.5737172961235046,Q
0.3118656873703003,0.5783692598342896,0.34266242384910583,0.5783649682998657,0.37082791328430176,0.5736426711082458,0.3852711617946625,0.5731086134910583,0.37637200951576233,0.570034384727478,0.35119277238845825,0.5148034691810608,0.36051952838897705,0.5841080546379089,0.36055853962898254,0.630041241645813,0.3610420227050781,0.6606762409210205,0.3197554349899292,0.5153003334999084,0.331648588180542,0.5967097282409668,0.3302375078201294,0.5943454504013062,0.32577499747276306,0.5799821019172668,0.29342782497406006,0.528346836566925,0.3072112202644348,0.60106360912323,0.3075374662876129,0.5917380452156067,0.30606627464294434,0.5709945559501648,0.271860808134079,0.5460398197174072,0.2830766439437866,0.5980014204978943,0.2859817445278168,0.5924193263053894,0.28500446677207947,0.5757544636726379,Q
0.3016188442707062,0.5842122435569763,0.34011417627334595,0.5826602578163147,0.3736269474029541,0.5804717540740967,0.39289361238479614,0.5817930102348328,0.39809495210647583,0.5835673213005066,0.3594251275062561,0.521278977394104,0.37646132707595825,0.5899831056594849,0.38095012307167053,0.6321995854377747,0.38472893834114075,0.66058349609375,0.33047720789909363,0.5216082334518433,0.34715282917022705,0.6018744111061096,0.3426693081855774,0.5966550707817078,0.3354175388813019,0.5779984593391418,0.3037509024143219,0.5348851084709167,0.3214167654514313,0.6072108149528503,0.3184884190559387,0.5978557467460632,0.3142127990722656,0.5757489800453186,0.28048208355903625,0.5526183843612671,0.2950015068054199,0.6069532632827759,0.2957589030265808,0.6020606160163879,0.292143851518631,0.5859854817390442,Q
0.2978549599647522,0.5944411754608154,0.3329116404056549,0.5910441279411316,0.3617958426475525,0.5869185328483582,0.38137587904930115,0.5874055624008179,0.40120357275009155,0.5858252644538879,0.3615889549255371,0.5218346118927002,0.3767455816268921,0.5840973258018494,0.3809295892715454,0.625618577003479,0.3828296363353729,0.6546486616134644,0.33418551087379456,0.5212438106536865,0.34924066066741943,0.6012272238731384,0.3454556167125702,0.6002764701843262,0.33935296535491943,0.5820367932319641,0.3071106970310211,0.5337810516357422,0.3229120671749115,0.6085386872291565,0.3198540508747101,0.599509596824646,0.3148064911365509,0.57734614610672,0.2820170521736145,0.5504788756370544,0.29834532737731934,0.6079394221305847,0.3001067638397217,0.6032277345657349,0.2963457703590393,0.5858834385871887,Q
0.30216971039772034,0.5901869535446167,0.3349999189376831,0.5890620946884155,0.36357295513153076,0.5865990519523621,0.38147956132888794,0.5864107012748718,0.3961416184902191,0.5828031897544861,0.3604932427406311,0.5202658176422119,0.3743703365325928,0.5876174569129944,0.37929219007492065,0.6270924806594849,0.38164669275283813,0.6550794243812561,0.3318280577659607,0.5183694958686829,0.3460192084312439,0.6004029512405396,0.3426966369152069,0.596305787563324,0.336537629365921,0.5765034556388855,0.30482861399650574,0.5312190651893616,0.320126473903656,0.6068945527076721,0.319094181060791,0.5967878103256226,0.31583085656166077,0.5755095481872559,0.2804417908191681,0.5489068031311035,0.29584354162216187,0.6066409349441528,0.29871049523353577,0.6000329852104187,0.29675474762916565,0.5818653106689453,Q
0.2984766960144043,0.5846197009086609,0.3333517611026764,0.5842747092247009,0.3635816276073456,0.5828119516372681,0.3834243714809418,0.5847864151000977,0.3972248136997223,0.5835806727409363,0.35999560356140137,0.5190300345420837,0.37491458654403687,0.5844970941543579,0.38021793961524963,0.6230227947235107,0.3838634192943573,0.6509257555007935,0.33190906047821045,0.5183789134025574,0.34781041741371155,0.5991490483283997,0.34210479259490967,0.5933643579483032,0.33529412746429443,0.5724115967750549,0.30521711707115173,0.5308094024658203,0.3228987753391266,0.6052218079566956,0.31851959228515625,0.5938206315040588,0.3132525086402893,0.5723931193351746,0.2810594439506531,0.547549843788147,0.29853203892707825,0.6044948101043701,0.29952430725097656,0.5972939729690552,0.2958689332008362,0.57989102602005,Q
0.29864701628685,0.5865870714187622,0.33395278453826904,0.584024965763092,0.36429286003112793,0.5804320573806763,0.38540005683898926,0.5826461911201477,0.4034852385520935,0.5826951861381531,0.3621719777584076,0.5184546709060669,0.37906795740127563,0.5809561610221863,0.38596010208129883,0.622120201587677,0.3901731073856354,0.6507211327552795,0.33549392223358154,0.5170135498046875,0.3532268702983856,0.5984244346618652,0.3492216169834137,0.6015380620956421,0.3430213928222656,0.5845354795455933,0.3099314570426941,0.5294468998908997,0.32819145917892456,0.6055690050125122,0.324970006942749,0.5999744534492493,0.31948021054267883,0.5797512531280518,0.2862643897533417,0.5463705062866211,0.3041515350341797,0.6044571995735168,0.3045060932636261,0.6020150780677795,0.2992274761199951,0.5863654017448425,Q
0.2971605658531189,0.5785181522369385,0.3325130343437195,0.5766193270683289,0.36407944560050964,0.5746901035308838,0.38630229234695435,0.5782788395881653,0.4048844873905182,0.5811720490455627,0.36393973231315613,0.5171394348144531,0.3811298608779907,0.5809872150421143,0.38751497864723206,0.6210403442382812,0.3917713165283203,0.6482729315757751,0.33717429637908936,0.5171805620193481,0.3553182780742645,0.597104012966156,0.35031911730766296,0.6019207835197449,0.34417158365249634,0.5866530537605286,0.3112298250198364,0.5299612283706665,0.3296976089477539,0.6042658090591431,0.32648834586143494,0.5994623303413391,0.3217582106590271,0.5799064040184021,0.2872501015663147,0.5466715693473816,0.3053334355354309,0.6033780574798584,0.3062649965286255,0.6005027890205383,0.3021385967731476,0.5848193764686584,Q
0.2974995970726013,0.5801684260368347,0.3324049711227417,0.5811882019042969,0.365077406167984,0.5789564847946167,0.389293372631073,0.5804389715194702,0.40838754177093506,0.5762398838996887,0.3664352595806122,0.5182334780693054,0.3810320794582367,0.5821728110313416,0.38969552516937256,0.6186763644218445,0.3968298137187958,0.6417726278305054,0.340719997882843,0.5148009061813354,0.3573404848575592,0.5991661548614502,0.3500050902366638,0.6029156446456909,0.3422788679599762,0.586274266242981,0.31465575098991394,0.5254839062690735,0.3319161534309387,0.6026663184165955,0.3268473744392395,0.5998113751411438,0.3208714723587036,0.581782877445221,0.2898721694946289,0.541649580001831,0.3081786036491394,0.5994827747344971,0.3082016706466675,0.6010362505912781,0.3024529814720154,0.5882582068443298,Q
0.29062262177467346,0.5747970938682556,0.32863059639930725,0.5745989084243774,0.3644018769264221,0.5729883313179016,0.3907710313796997,0.577862024307251,0.4129957854747772,0.578568160533905,0.3692321181297302,0.5174809694290161,0.38593441247940063,0.5795564651489258,0.3957860469818115,0.6170489192008972,0.40386366844177246,0.6427522897720337,0.34409698843955994,0.5162038803100586,0.36342447996139526,0.5993633270263672,0.3548840880393982,0.6024658679962158,0.3470797538757324,0.5839943289756775,0.3181779384613037,0.5279755592346191,0.33808770775794983,0.6037110090255737,0.3321615755558014,0.6025578379631042,0.32610583305358887,0.5851356983184814,0.2933448553085327,0.5446535348892212,0.3146136403083801,0.6028013229370117,0.3150733411312103,0.6062231063842773,0.30997538566589355,0.595354437828064,Q
0.28929728269577026,0.5721362829208374,0.3253231346607208,0.5717126131057739,0.3625549077987671,0.5716638565063477,0.38989466428756714,0.5786234736442566,0.4127311110496521,0.578662097454071,0.3672504127025604,0.5189066529273987,0.3869931697845459,0.5789523720741272,0.39640432596206665,0.6155273914337158,0.40465694665908813,0.640455961227417,0.34223589301109314,0.5177121162414551,0.361604243516922,0.5987069606781006,0.35028326511383057,0.6024847030639648,0.3427981734275818,0.5859627723693848,0.31584638357162476,0.5287453532218933,0.3367549777030945,0.6032916307449341,0.32894065976142883,0.6016695499420166,0.32258841395378113,0.5844652652740479,0.29108816385269165,0.5448110103607178,0.3141787350177765,0.6015840172767639,0.31226980686187744,0.6041955351829529,0.3049531877040863,0.5915179252624512,Q
0.2960299849510193,0.5912615060806274,0.3272578716278076,0.5883200764656067,0.35810181498527527,0.5820264220237732,0.3798481523990631,0.5797871351242065,0.39714622497558594,0.57664555311203,0.36042454838752747,0.514962375164032,0.3736247718334198,0.5790495872497559,0.37497463822364807,0.6147280931472778,0.3769407272338867,0.6328724026679993,0.335194855928421,0.5111703872680664,0.3470411002635956,0.5912746787071228,0.3400907516479492,0.6008989214897156,0.33472007513046265,0.5899428725242615,0.3091171085834503,0.5218576192855835,0.3213542103767395,0.5961697101593018,0.3175669312477112,0.59801185131073,0.31383901834487915,0.5822629928588867,0.2841533124446869,0.5378785729408264,0.2982160151004791,0.5946431756019592,0.29856783151626587,0.5986543297767639,0.2945384383201599,0.584656834602356,Q
0.3011316955089569,0.5817480087280273,0.3321681618690491,0.5819937586784363,0.35727834701538086,0.5795033574104309,0.3723168671131134,0.5804816484451294,0.3851986229419708,0.5817404985427856,0.3556932806968689,0.5171574354171753,0.3616907596588135,0.5846027135848999,0.36246657371520996,0.6243278980255127,0.36198294162750244,0.6500034928321838,0.32628965377807617,0.5136228799819946,0.33208972215652466,0.5929588079452515,0.3308907747268677,0.5916543006896973,0.32706961035728455,0.5716557502746582,0.2991689145565033,0.5251172780990601,0.30794987082481384,0.6001927852630615,0.3095199167728424,0.5936267375946045,0.30901527404785156,0.5704943537712097,0.27554091811180115,0.5403922200202942,0.2835257649421692,0.5971394777297974,0.2875189185142517,0.5948105454444885,0.2873762845993042,0.5765886902809143,Q
0.3060249090194702,0.5745285749435425,0.33641189336776733,0.5804056525230408,0.36178022623062134,0.5830568075180054,0.37407296895980835,0.5845028758049011,0.37020057439804077,0.5785543918609619,0.35447928309440613,0.5235611796379089,0.3534708321094513,0.5960631370544434,0.350193053483963,0.6363186836242676,0.3483261168003082,0.6607555150985718,0.32334381341934204,0.5200921297073364,0.32385218143463135,0.6019613742828369,0.32290858030319214,0.5949723720550537,0.3193190395832062,0.5722413659095764,0.2955757677555084,0.529745876789093,0.3003573417663574,0.6034108400344849,0.30242639780044556,0.5932086110115051,0.3032420873641968,0.5709192752838135,0.2724955379962921,0.5430635809898376,0.27808159589767456,0.5979297161102295,0.282443642616272,0.5923477411270142,0.283732533454895,0.5746416449546814,Q
0.3026331663131714,0.5728024840354919,0.3306209444999695,0.5791548490524292,0.35629191994667053,0.5818460583686829,0.3679121136665344,0.5818419456481934,0.3586982190608978,0.5733255743980408,0.34683164954185486,0.5195366144180298,0.34324559569358826,0.592982292175293,0.3374443054199219,0.6357536911964417,0.33324185013771057,0.6604962348937988,0.3153066635131836,0.5163006782531738,0.3155037760734558,0.5991002321243286,0.3170076310634613,0.595411479473114,0.31443721055984497,0.574144721031189,0.28815311193466187,0.525924026966095,0.29211121797561646,0.6012955904006958,0.29808011651039124,0.5935887098312378,0.30155035853385925,0.57209712266922,0.2656945288181305,0.540076732635498,0.27067068219184875,0.596121609210968,0.27886587381362915,0.5941808223724365,0.2837589979171753,0.5794699192047119,Q
0.3019617795944214,0.573553204536438,0.33103153109550476,0.5809601545333862,0.35605061054229736,0.5814473628997803,0.36343812942504883,0.5819984674453735,0.3496752381324768,0.575350821018219,0.34438830614089966,0.5194336175918579,0.33652064204216003,0.5970050096511841,0.3263781666755676,0.6407078504562378,0.3181993365287781,0.6638466715812683,0.3123716413974762,0.5151670575141907,0.30939796566963196,0.6005961894989014,0.31052064895629883,0.5985348224639893,0.30778440833091736,0.5766223073005676,0.2842733561992645,0.5235925912857056,0.28593483567237854,0.6018471121788025,0.29190781712532043,0.5959223508834839,0.29506757855415344,0.5732279419898987,0.2602943181991577,0.537399411201477,0.2641873061656952,0.5944799184799194,0.2722935974597931,0.5968372225761414,0.2769060730934143,0.5845337510108948,Q
0.29753029346466064,0.5755794644355774,0.3256373107433319,0.5850567817687988,0.35097038745880127,0.5839220881462097,0.35629627108573914,0.5786444544792175,0.3396342992782593,0.5700029730796814,0.33354052901268005,0.5194015502929688,0.326043963432312,0.5921121835708618,0.31367453932762146,0.641654372215271,0.3038462698459625,0.6701107025146484,0.30098584294319153,0.5152367353439331,0.2968650162220001,0.5968278646469116,0.30460673570632935,0.6073883771896362,0.30918869376182556,0.5982163548469543,0.2743953764438629,0.5249226093292236,0.27583178877830505,0.5999216437339783,0.28357142210006714,0.5985602736473083,0.288482129573822,0.5799676179885864,0.25324034690856934,0.5397061705589294,0.25691673159599304,0.595294177532196,0.2667219936847687,0.5987603664398193,0.2728375792503357,0.586970865726471,Q
0.2947220802307129,0.586391031742096,0.3249375820159912,0.5975310206413269,0.34987354278564453,0.5942193269729614,0.35149896144866943,0.589837908744812,0.3320103585720062,0.5833920240402222,0.3290945589542389,0.536408007144928,0.3185616731643677,0.6047956347465515,0.3040582537651062,0.6520183682441711,0.2929340898990631,0.6793598532676697,0.29645586013793945,0.5287327766418457,0.29104679822921753,0.610023558139801,0.2987244725227356,0.6189830303192139,0.3048100769519806,0.6123622059822083,0.2698039412498474,0.5365136861801147,0.2687959671020508,0.6135734915733337,0.27791181206703186,0.6138471364974976,0.2845633924007416,0.6001586318016052,0.24814873933792114,0.5501678586006165,0.25132209062576294,0.6069731712341309,0.26217788457870483,0.6118671894073486,0.2698814272880554,0.6027738451957703,Q
0.28905969858169556,0.5984388589859009,0.31627094745635986,0.6095399856567383,0.33993440866470337,0.6055816411972046,0.343264639377594,0.5994048118591309,0.32405197620391846,0.591386616230011,0.32430753111839294,0.5459151268005371,0.3133535087108612,0.607109785079956,0.2978689670562744,0.6570242047309875,0.2854076325893402,0.6873130798339844,0.29134437441825867,0.5373308658599854,0.2839379608631134,0.6198393106460571,0.2909545600414276,0.6343688368797302,0.2970377206802368,0.6308512687683105,0.26410800218582153,0.544999361038208,0.26245245337486267,0.6244819164276123,0.2740961015224457,0.6252698302268982,0.2829062044620514,0.6106727719306946,0.2415088415145874,0.5595947504043579,0.2446490079164505,0.6163942813873291,0.25696539878845215,0.6221933364868164,0.2662116587162018,0.6122279763221741,Q
0.2882995307445526,0.600202739238739,0.31850677728652954,0.6102644205093384,0.34236156940460205,0.6094516515731812,0.3435281813144684,0.6093763113021851,0.32541927695274353,0.6040897965431213,0.32127708196640015,0.5520179271697998,0.3145180344581604,0.6191887855529785,0.302552729845047,0.6691408157348633,0.2928180396556854,0.6995530128479004,0.2870118319988251,0.5478644371032715,0.2840309739112854,0.629246175289154,0.2956666350364685,0.6315937638282776,0.30402737855911255,0.6195089817047119,0.2602122128009796,0.5593651533126831,0.26397231221199036,0.6353200078010559,0.2761746346950531,0.6302075386047363,0.2842993438243866,0.6126745343208313,0.23998993635177612,0.5767607688903809,0.24686719477176666,0.631000816822052,0.2587573230266571,0.6306601762771606,0.26634249091148376,0.618319034576416,Q
0.29341068863868713,0.6124238967895508,0.32113775610923767,0.6177851557731628,0.34539520740509033,0.6138653755187988,0.3494722843170166,0.6128586530685425,0.33496540784835815,0.6101765036582947,0.3242262303829193,0.5612607598304749,0.3194977045059204,0.6342144012451172,0.3111165761947632,0.6811206340789795,0.3040437400341034,0.7092236876487732,0.29040926694869995,0.5584505796432495,0.29168984293937683,0.6409847736358643,0.29886505007743835,0.6392736434936523,0.30173778533935547,0.6250776648521423,0.2640092670917511,0.5683309435844421,0.26967012882232666,0.6441526412963867,0.27963554859161377,0.6375090479850769,0.2855902314186096,0.62031090259552,0.24344876408576965,0.5844082832336426,0.2519983947277069,0.6358262300491333,0.2622528374195099,0.6339536905288696,0.2680709958076477,0.6216102242469788,Q
0.29288244247436523,0.6067226529121399,0.3212980329990387,0.608453094959259,0.3477977514266968,0.607030987739563,0.35714852809906006,0.6132795214653015,0.34700462222099304,0.6208267211914062,0.3254318833351135,0.5587111711502075,0.32906511425971985,0.6340879201889038,0.3265456259250641,0.6789340972900391,0.323868989944458,0.7086532115936279,0.29234230518341064,0.5611662268638611,0.3010059595108032,0.6442897915840149,0.3045487105846405,0.6362811923027039,0.30407437682151794,0.6204761862754822,0.2663634419441223,0.5736232995986938,0.2783663272857666,0.6475495100021362,0.28348803520202637,0.635571300983429,0.2851674258708954,0.6166730523109436,0.24676504731178284,0.5906782150268555,0.258379727602005,0.639684796333313,0.26584452390670776,0.6317471861839294,0.26862025260925293,0.617332935333252,Q
0.2902698218822479,0.6129814386367798,0.31760188937187195,0.6140903830528259,0.34483984112739563,0.6101735830307007,0.35763928294181824,0.6151239275932312,0.34826987981796265,0.6222690343856812,0.3249310851097107,0.5621176362037659,0.3346419930458069,0.6380910873413086,0.3326917886734009,0.6814538836479187,0.3300025463104248,0.7108142971992493,0.29260870814323425,0.5645573735237122,0.3029439449310303,0.650963544845581,0.30518391728401184,0.6404638290405273,0.3030811846256256,0.6235067844390869,0.26653873920440674,0.5775861740112305,0.2791750729084015,0.6548506021499634,0.2838687300682068,0.6408756375312805,0.28543275594711304,0.6190146803855896,0.24648244678974152,0.5947031378746033,0.25838005542755127,0.6485790610313416,0.264828085899353,0.6382858157157898,0.266867458820343,0.6194485425949097,Q
0.2897343933582306,0.614758312702179,0.3191421627998352,0.6164029240608215,0.3478586673736572,0.6153899431228638,0.36203059554100037,0.6206614971160889,0.3533269762992859,0.626575767993927,0.3279379904270172,0.5632461309432983,0.3376031219959259,0.6388863921165466,0.3382140100002289,0.6824182868003845,0.3392905294895172,0.7116430401802063,0.29559171199798584,0.5663195848464966,0.3096695840358734,0.6521304845809937,0.3091392517089844,0.6410771608352661,0.30445098876953125,0.6214892268180847,0.269421249628067,0.5798988938331604,0.2858392894268036,0.656170129776001,0.2869318723678589,0.6406847238540649,0.2856556177139282,0.6173714995384216,0.2490772008895874,0.5977535247802734,0.2631004750728607,0.6525313258171082,0.26676785945892334,0.6405379176139832,0.2657087743282318,0.6205299496650696,Q
0.2882985472679138,0.6115646958351135,0.31949394941329956,0.615082323551178,0.3490906357765198,0.6178528666496277,0.36641982197761536,0.6241083741188049,0.361826628446579,0.6274123191833496,0.3326238691806793,0.5625357627868652,0.34349679946899414,0.6371074318885803,0.3459058105945587,0.6773737668991089,0.3474346995353699,0.7031857967376709,0.30107855796813965,0.5640721321105957,0.3144111633300781,0.6497004628181458,0.3120627999305725,0.6402069926261902,0.3061717748641968,0.6186086535453796,0.27450594305992126,0.5770459175109863,0.28990525007247925,0.6537164449691772,0.2886183261871338,0.6388581991195679,0.2854595482349396,0.6135945320129395,0.25261390209198,0.593724250793457,0.2653811573982239,0.6498803496360779,0.2680850327014923,0.6393455266952515,0.26598989963531494,0.6182557344436646,Q
0.2871485650539398,0.6127455830574036,0.32098597288131714,0.6153684258460999,0.3507002592086792,0.6203689575195312,0.36862248182296753,0.6270632743835449,0.37111085653305054,0.6284179091453552,0.33645761013031006,0.5626745223999023,0.34902337193489075,0.6282594799995422,0.35569053888320923,0.6698765754699707,0.35990196466445923,0.6998043060302734,0.30659976601600647,0.5633683800697327,0.3227294981479645,0.6440026760101318,0.3217930197715759,0.6377460956573486,0.3159993588924408,0.6175186038017273,0.28025832772254944,0.5761573314666748,0.29787617921829224,0.650357723236084,0.2979249954223633,0.6391679048538208,0.29510974884033203,0.6169741153717041,0.2582903206348419,0.5927940011024475,0.27299854159355164,0.6513166427612305,0.27676814794540405,0.6444240808486938,0.2754291296005249,0.6268714070320129,Q
0.27581465244293213,0.6175830960273743,0.30942612886428833,0.6154487729072571,0.33872219920158386,0.6161332130432129,0.3596186637878418,0.6216526031494141,0.3715769350528717,0.6205134987831116,0.33152419328689575,0.5565717816352844,0.34878653287887573,0.6176536083221436,0.35500413179397583,0.6610820293426514,0.3584916889667511,0.6909142732620239,0.30430060625076294,0.5589420795440674,0.32309359312057495,0.637251079082489,0.3186933100223541,0.6363831758499146,0.31218478083610535,0.6189783215522766,0.27832645177841187,0.5727072954177856,0.2989475727081299,0.6468448042869568,0.29542118310928345,0.6387186050415039,0.29001379013061523,0.6178143620491028,0.25528684258461,0.5897237658500671,0.27377957105636597,0.6489700078964233,0.27585822343826294,0.6435484886169434,0.27208372950553894,0.6259788274765015,Q
0.2712739408016205,0.6168637871742249,0.3053414821624756,0.6170727610588074,0.3362269699573517,0.6189377307891846,0.3573314845561981,0.6253136992454529,0.37560421228408813,0.6245002746582031,0.33466821908950806,0.5613152384757996,0.3539232909679413,0.6271919012069702,0.3626363277435303,0.6659138202667236,0.36791375279426575,0.6932646036148071,0.3068511486053467,0.5613116025924683,0.3265312612056732,0.6450408697128296,0.32160621881484985,0.6397275924682617,0.31507056951522827,0.6176342368125916,0.2806489169597626,0.5751959085464478,0.2999412417411804,0.6537384986877441,0.29632478952407837,0.6405852437019348,0.29097145795822144,0.6174265742301941,0.25640368461608887,0.5933198928833008,0.27429986000061035,0.6522480845451355,0.2754310369491577,0.6426002383232117,0.27144911885261536,0.6226134896278381,Q
0.26213327050209045,0.6009948253631592,0.2998591959476471,0.6019812226295471,0.33551159501075745,0.6050437092781067,0.3617883622646332,0.6140603423118591,0.38355913758277893,0.6196264028549194,0.33747416734695435,0.5562045574188232,0.35736897587776184,0.6235549449920654,0.36879393458366394,0.6569318175315857,0.379020094871521,0.6786285042762756,0.3114897310733795,0.5596574544906616,0.3331937789916992,0.6472985744476318,0.322661429643631,0.6416025161743164,0.31604596972465515,0.6191270351409912,0.28537717461586,0.5742161870002747,0.30686333775520325,0.6567693948745728,0.2995333671569824,0.6434031128883362,0.29469889402389526,0.6202627420425415,0.2613809406757355,0.5921540856361389,0.2822330892086029,0.6552467942237854,0.2797354459762573,0.6452268958091736,0.273164838552475,0.624572217464447,Q
0.25313419103622437,0.5896971821784973,0.28953373432159424,0.5866255760192871,0.32937389612197876,0.5970442891120911,0.3569593131542206,0.6123794913291931,0.3826810121536255,0.6192562580108643,0.33312076330184937,0.5573477745056152,0.35894137620925903,0.624142587184906,0.37069129943847656,0.6587351560592651,0.3811855614185333,0.6844796538352966,0.30880820751190186,0.563965916633606,0.3354686498641968,0.6452497839927673,0.3251454830169678,0.6436223387718201,0.31936290860176086,0.6268050074577332,0.283199667930603,0.5796887278556824,0.3097640872001648,0.654305100440979,0.3007788062095642,0.6458761692047119,0.2958674132823944,0.6261130571365356,0.2601131498813629,0.5984297394752502,0.2860792875289917,0.6568398475646973,0.2813071012496948,0.650714099407196,0.2735672891139984,0.6323087215423584,Q
0.25684309005737305,0.5858458280563354,0.2951529026031494,0.584449291229248,0.3327077627182007,0.596781313419342,0.35974034667015076,0.6145855188369751,0.384877473115921,0.6208437085151672,0.33869510889053345,0.5564540028572083,0.3618604242801666,0.6261681318283081,0.37707558274269104,0.6641873717308044,0.38890236616134644,0.6961455345153809,0.31327715516090393,0.5631632208824158,0.3413492739200592,0.6450058221817017,0.32818612456321716,0.6413657665252686,0.3188572824001312,0.6224744319915771,0.2859760820865631,0.5794171690940857,0.3154636025428772,0.6522514820098877,0.3055184483528137,0.6465644836425781,0.29854127764701843,0.6289042830467224,0.26169833540916443,0.5990750193595886,0.2908223271369934,0.6561424732208252,0.28635138273239136,0.6519143581390381,0.2774256765842438,0.635356605052948,Q
0.2592574656009674,0.5857519507408142,0.29655611515045166,0.5843383073806763,0.33330652117729187,0.5976079702377319,0.35984987020492554,0.6143984794616699,0.3835676610469818,0.615735650062561,0.3387356102466583,0.5544852018356323,0.3618443012237549,0.6215989589691162,0.3774518668651581,0.6601689457893372,0.3891420066356659,0.6925949454307556,0.31404709815979004,0.560704231262207,0.3417504131793976,0.6404981017112732,0.3286043703556061,0.6374569535255432,0.3190073072910309,0.6199314594268799,0.28678372502326965,0.5777058005332947,0.3156791925430298,0.6499106287956238,0.30553823709487915,0.6429724097251892,0.29803094267845154,0.6250597834587097,0.26233944296836853,0.5986566543579102,0.2907227873802185,0.6551094055175781,0.28575849533081055,0.6486874222755432,0.27667689323425293,0.6309596300125122,Q
0.26924002170562744,0.6038857102394104,0.30237889289855957,0.6023356914520264,0.3303222358226776,0.6069191694259644,0.3494020104408264,0.6143606901168823,0.3656042218208313,0.6137757897377014,0.334773987531662,0.5572132468223572,0.35249263048171997,0.6205534934997559,0.3609793782234192,0.6580080986022949,0.3671976923942566,0.6884194016456604,0.3096543848514557,0.5575934648513794,0.3263762593269348,0.6346220970153809,0.31792739033699036,0.6318612098693848,0.31424471735954285,0.6162103414535522,0.2826460897922516,0.5700231194496155,0.30141931772232056,0.6413272619247437,0.29465681314468384,0.633767306804657,0.2919280529022217,0.6161016225814819,0.25871339440345764,0.5873334407806396,0.27497175335884094,0.6438800692558289,0.27114054560661316,0.6375792026519775,0.26617854833602905,0.6192464828491211,Q
0.2807307243347168,0.6161006689071655,0.3124569356441498,0.6253399848937988,0.33704957365989685,0.6328758001327515,0.35148897767066956,0.6366463899612427,0.3549071252346039,0.6264180541038513,0.3321216404438019,0.567696750164032,0.33825305104255676,0.637321412563324,0.34019699692726135,0.6774647831916809,0.3389359414577484,0.7044923305511475,0.30229130387306213,0.564532458782196,0.3076600432395935,0.6514971256256104,0.30752456188201904,0.6530400514602661,0.3062189519405365,0.6351162791252136,0.2739955186843872,0.5779815316200256,0.2836642265319824,0.6556389331817627,0.28805434703826904,0.64750736951828,0.2873145341873169,0.6273981928825378,0.2504633367061615,0.5956720113754272,0.25970837473869324,0.6543391942977905,0.26698049902915955,0.6483502984046936,0.26764512062072754,0.6294851303100586,Q
0.29081207513809204,0.615477442741394,0.3224413990974426,0.6199520826339722,0.34743672609329224,0.6209259033203125,0.35678285360336304,0.6248236894607544,0.3471844792366028,0.6258763074874878,0.3354450464248657,0.5665836334228516,0.3321593999862671,0.6384050250053406,0.33214473724365234,0.6804132461547852,0.33225470781326294,0.7070782780647278,0.30357807874679565,0.5636617541313171,0.304097980260849,0.6494662761688232,0.30718567967414856,0.6440421342849731,0.3050214350223541,0.6220943927764893,0.276114821434021,0.5733386278152466,0.28076058626174927,0.650305986404419,0.28758931159973145,0.641092836856842,0.2908932864665985,0.620529294013977,0.25468990206718445,0.5863025784492493,0.2601410746574402,0.643864631652832,0.2678607702255249,0.6393808722496033,0.2717447578907013,0.6241955161094666,Q
0.2921944260597229,0.617862343788147,0.32099881768226624,0.6247206330299377,0.3487347960472107,0.6233884692192078,0.35921838879585266,0.6199144124984741,0.3448341190814972,0.6143955588340759,0.33262893557548523,0.5625734925270081,0.33137959241867065,0.6378097534179688,0.3274197578430176,0.6843910813331604,0.3241221010684967,0.7128656506538391,0.30042463541030884,0.5612223744392395,0.302779883146286,0.647300660610199,0.3042839467525482,0.6425635814666748,0.30109015107154846,0.6209402680397034,0.2734580934047699,0.5714432597160339,0.280072957277298,0.6478627920150757,0.2847592532634735,0.6390370726585388,0.2868741750717163,0.6175788640975952,0.2513001263141632,0.5850648283958435,0.2586745023727417,0.6417948603630066,0.2653144299983978,0.6382714509963989,0.26846587657928467,0.6221675872802734,Q
0.2950690686702728,0.6275984644889832,0.3223787844181061,0.6342867612838745,0.3489390015602112,0.6329941749572754,0.3571283221244812,0.6338894963264465,0.3425186276435852,0.6309111714363098,0.33107349276542664,0.5733557939529419,0.32910409569740295,0.6501830816268921,0.32348448038101196,0.6971235871315002,0.31957390904426575,0.7239982485771179,0.29808446764945984,0.5710711479187012,0.29874512553215027,0.6554422974586487,0.3002815544605255,0.653149425983429,0.2988412082195282,0.6347523927688599,0.2710682153701782,0.5804147124290466,0.27630531787872314,0.6579517126083374,0.28017598390579224,0.6517395973205566,0.2822035551071167,0.6307637691497803,0.24949051439762115,0.5935578346252441,0.25582560896873474,0.6506178975105286,0.2630652189254761,0.6494550704956055,0.2667107582092285,0.6333140730857849,Q
0.29363641142845154,0.6313754320144653,0.3225499391555786,0.636009156703949,0.3487911522388458,0.6317266821861267,0.35686007142066956,0.632262110710144,0.3410807251930237,0.6331514120101929,0.32862532138824463,0.5790892243385315,0.33098530769348145,0.6574536561965942,0.32458412647247314,0.7018392086029053,0.3181416690349579,0.7292082905769348,0.29522162675857544,0.5792104601860046,0.2999471127986908,0.6651069521903992,0.3022046983242035,0.6549919247627258,0.30021828413009644,0.6351536512374878,0.2683543562889099,0.5903023481369019,0.27685946226119995,0.6668208241462708,0.28223222494125366,0.6546757221221924,0.28432658314704895,0.6329663395881653,0.24742425978183746,0.6060507893562317,0.2563266158103943,0.6593472361564636,0.2642427980899811,0.6513910293579102,0.26793256402015686,0.6325082778930664,Q
0.287670373916626,0.650388777256012,0.3181324303150177,0.6511347889900208,0.34535130858421326,0.6468778252601624,0.3561209440231323,0.6484532356262207,0.3440641760826111,0.6520282030105591,0.3264228403568268,0.5914430618286133,0.3325048089027405,0.6697995066642761,0.3285257816314697,0.7147635817527771,0.3250148296356201,0.7432576417922974,0.2945563495159149,0.5928289890289307,0.30248913168907166,0.6791145205497742,0.30011606216430664,0.6694535613059998,0.2944227457046509,0.65195631980896,0.26796263456344604,0.605448842048645,0.2784731388092041,0.6830372214317322,0.281888872385025,0.6692882776260376,0.28202226758003235,0.6467714309692383,0.24645081162452698,0.6230670213699341,0.2570754587650299,0.6769026517868042,0.26338276267051697,0.6679221391677856,0.26476502418518066,0.6487107276916504,Q
0.28871527314186096,0.6591643691062927,0.3168371915817261,0.6625115871429443,0.3438657820224762,0.6600027680397034,0.35464605689048767,0.661123514175415,0.3428031802177429,0.6605307459831238,0.3251365125179291,0.6035261154174805,0.3286994695663452,0.678153932094574,0.32540127635002136,0.7251265048980713,0.3235207796096802,0.7533440589904785,0.2930757999420166,0.6038199663162231,0.29915449023246765,0.6885446310043335,0.2982911765575409,0.6836738586425781,0.29440659284591675,0.6639031171798706,0.26705849170684814,0.6154872179031372,0.2765006124973297,0.6910023093223572,0.2791207730770111,0.6820394992828369,0.28024399280548096,0.6606456637382507,0.24634812772274017,0.6304328441619873,0.2557462751865387,0.6857789754867554,0.26103663444519043,0.6816786527633667,0.26290497183799744,0.6656481027603149,Q
0.29186296463012695,0.6543232202529907,0.3194027543067932,0.6582121849060059,0.3472522497177124,0.6566855907440186,0.3582773208618164,0.6589606404304504,0.3459223508834839,0.6622287631034851,0.3277047276496887,0.6030343174934387,0.33193254470825195,0.6790576577186584,0.33086562156677246,0.7253478765487671,0.33064988255500793,0.7559573650360107,0.29472336173057556,0.6048436164855957,0.3028998076915741,0.6896567344665527,0.3033740222454071,0.6775957942008972,0.2994628846645355,0.654861330986023,0.2686275243759155,0.6165086627006531,0.2797822654247284,0.6920797228813171,0.28401103615760803,0.6777036786079407,0.28539609909057617,0.6557227373123169,0.2482132911682129,0.6325478553771973,0.2597886323928833,0.6858035326004028,0.2659386992454529,0.6748623251914978,0.26784318685531616,0.6564406156539917,Q
0.2963549494743347,0.6542254090309143,0.325697124004364,0.6559586524963379,0.35292255878448486,0.6533721089363098,0.36645370721817017,0.6574891805648804,0.3575252592563629,0.6614490747451782,0.33529990911483765,0.6018865704536438,0.3426978588104248,0.6768561005592346,0.34244614839553833,0.7206312417984009,0.34256449341773987,0.7482643723487854,0.303372859954834,0.6031249165534973,0.31407928466796875,0.6899293065071106,0.31161725521087646,0.6774907112121582,0.30528774857521057,0.6555390954017639,0.27696359157562256,0.6162144541740417,0.29009243845939636,0.692965030670166,0.29154616594314575,0.6764553785324097,0.290202796459198,0.651677668094635,0.2557709515094757,0.6342784762382507,0.2684444487094879,0.6881956458091736,0.2723628580570221,0.6760675311088562,0.271035760641098,0.6554757952690125,Q
0.30341118574142456,0.6410192251205444,0.3329996168613434,0.6443226337432861,0.3610400855541229,0.6479141116142273,0.3752936124801636,0.6543985605239868,0.3695749044418335,0.6592568159103394,0.3449587821960449,0.5976898670196533,0.3526751399040222,0.6741124391555786,0.3543122708797455,0.7139026522636414,0.3558783531188965,0.739717423915863,0.31288522481918335,0.5991624593734741,0.3230547308921814,0.6854372620582581,0.3225003182888031,0.6712400317192078,0.31843677163124084,0.6482882499694824,0.2866467535495758,0.612282395362854,0.29985982179641724,0.6887664794921875,0.3017117381095886,0.6705409288406372,0.30221793055534363,0.6455105543136597,0.2660844624042511,0.6295861005783081,0.2777787446975708,0.6856873035430908,0.2816719114780426,0.670465886592865,0.28202009201049805,0.6476950645446777,Q
0.3031197786331177,0.6332539916038513,0.33764129877090454,0.6367579698562622,0.3671266436576843,0.642116367816925,0.3824467957019806,0.6459304094314575,0.3829019069671631,0.6410338282585144,0.35478276014328003,0.5835633873939514,0.3637814521789551,0.653008222579956,0.3685094714164734,0.6928518414497375,0.37107712030410767,0.7201632261276245,0.32542499899864197,0.5828767418861389,0.33537042140960693,0.6640409827232361,0.3327045440673828,0.6541318297386169,0.32618436217308044,0.6330671906471252,0.29921209812164307,0.5943247675895691,0.31161555647850037,0.6684990525245667,0.3112154006958008,0.6544836163520813,0.3089991807937622,0.6318051815032959,0.27686387300491333,0.6101301908493042,0.28853708505630493,0.6659409403800964,0.2917838394641876,0.656834602355957,0.2909843921661377,0.6385493874549866,Q
0.30364102125167847,0.6105823516845703,0.33579161763191223,0.6132121086120605,0.36213749647140503,0.6183664202690125,0.37679722905158997,0.6216413974761963,0.3802119791507721,0.6140685081481934,0.35451143980026245,0.5569785833358765,0.36066094040870667,0.6262425780296326,0.3635978102684021,0.6662629842758179,0.3648679852485657,0.6908720135688782,0.32619959115982056,0.555986225605011,0.33341097831726074,0.6391592025756836,0.3335176706314087,0.634372353553772,0.3295453190803528,0.6145946383476257,0.29939377307891846,0.5673861503601074,0.30853086709976196,0.6430938243865967,0.3102305829524994,0.6314173340797424,0.30911386013031006,0.608906626701355,0.27650946378707886,0.5826975703239441,0.2863222658634186,0.6396325826644897,0.29143384099006653,0.6315736174583435,0.29097044467926025,0.6121683120727539,Q
0.30274882912635803,0.5992228984832764,0.33481845259666443,0.6026086807250977,0.3595333993434906,0.6050412654876709,0.372328519821167,0.6068535447120667,0.37508776783943176,0.6004253029823303,0.35006216168403625,0.5399101972579956,0.3581123352050781,0.6079526543617249,0.3619031310081482,0.648953914642334,0.36384665966033936,0.675285279750824,0.3215654492378235,0.5387386679649353,0.33030542731285095,0.6195409297943115,0.33213821053504944,0.6120015978813171,0.3290323317050934,0.5900105237960815,0.29538825154304504,0.5518475770950317,0.30539795756340027,0.626885175704956,0.3085029125213623,0.6137977838516235,0.30852991342544556,0.5894760489463806,0.27362367510795593,0.569348931312561,0.28199800848960876,0.6268618702888489,0.28834155201911926,0.617423951625824,0.2901659607887268,0.5960832238197327,Q
0.2959060072898865,0.5987454652786255,0.32605448365211487,0.6022823452949524,0.3520457446575165,0.6040892601013184,0.36655986309051514,0.6056532263755798,0.3782023787498474,0.598611056804657,0.3453482687473297,0.540454626083374,0.35613569617271423,0.6098278760910034,0.3605973720550537,0.6491973996162415,0.3633337914943695,0.6758633852005005,0.3165874481201172,0.5385769009590149,0.32709529995918274,0.621153712272644,0.3262091875076294,0.6140793561935425,0.32078078389167786,0.5930852293968201,0.29051506519317627,0.5509793758392334,0.303195059299469,0.6256124973297119,0.30461427569389343,0.6140755414962769,0.3030306100845337,0.5904930830001831,0.2681342661380768,0.5672512054443359,0.27840349078178406,0.6236628890037537,0.28301969170570374,0.616075336933136,0.2830492854118347,0.5961294174194336,Q
0.2957761883735657,0.6034959554672241,0.3281475007534027,0.6037615537643433,0.3549077808856964,0.6025272011756897,0.369296669960022,0.602083146572113,0.3742257058620453,0.5969745516777039,0.3471440076828003,0.5382428765296936,0.3567661941051483,0.6053172945976257,0.35966646671295166,0.6464354395866394,0.3612171411514282,0.6744638681411743,0.3178575038909912,0.5375598073005676,0.3282551169395447,0.6159899234771729,0.3285893499851227,0.6138361096382141,0.3248060345649719,0.5964887142181396,0.2911265194416046,0.550285279750824,0.3033296763896942,0.6239632368087769,0.3041340410709381,0.6132130026817322,0.30154696106910706,0.5904055237770081,0.2683727443218231,0.567359983921051,0.2794298529624939,0.6231847405433655,0.2834523916244507,0.6156262159347534,0.28218570351600647,0.596259593963623,Q
0.29667651653289795,0.5985097885131836,0.3289013206958771,0.6010963320732117,0.35654160380363464,0.6015477180480957,0.3711634874343872,0.6017499566078186,0.3739815652370453,0.5972908139228821,0.3468920886516571,0.5372735857963562,0.35600796341896057,0.6063550710678101,0.35933828353881836,0.6463415622711182,0.36092492938041687,0.673252284526825,0.31724727153778076,0.5361395478248596,0.32761150598526,0.6155306696891785,0.32784539461135864,0.610738217830658,0.32364970445632935,0.5915917158126831,0.29053008556365967,0.5484030842781067,0.30270156264305115,0.6225825548171997,0.30373841524124146,0.609869122505188,0.3015250563621521,0.5855871438980103,0.2678324282169342,0.5647453665733337,0.2780848741531372,0.6210336089134216,0.28201523423194885,0.6123054027557373,0.2810053825378418,0.5915755033493042,Q
0.2978106141090393,0.592612624168396,0.32974839210510254,0.5956683158874512,0.35676413774490356,0.5977652072906494,0.3719795048236847,0.6001261472702026,0.3764665722846985,0.598728597164154,0.3478682339191437,0.5362489819526672,0.3562873601913452,0.6042308211326599,0.3598008155822754,0.6451731324195862,0.36163094639778137,0.6728569865226746,0.318515807390213,0.535667359828949,0.32891473174095154,0.6148152351379395,0.32805582880973816,0.6107147932052612,0.3229990601539612,0.5920370817184448,0.29207876324653625,0.5474452972412109,0.3042759895324707,0.6217435002326965,0.30425170063972473,0.6101767420768738,0.30123651027679443,0.5865059494972229,0.2695294916629791,0.5631036162376404,0.28037914633750916,0.6194840669631958,0.2839677333831787,0.6119266152381897,0.28236642479896545,0.5924777388572693,Q
0.2940065562725067,0.603244960308075,0.3278099596500397,0.6048689484596252,0.3553040027618408,0.601982057094574,0.37198707461357117,0.6006476879119873,0.3826410174369812,0.5929387807846069,0.3475646674633026,0.536578357219696,0.35941898822784424,0.6007686257362366,0.36398160457611084,0.6411231160163879,0.36704564094543457,0.6680080890655518,0.31937575340270996,0.5345419049263,0.33103251457214355,0.6141751408576965,0.32970935106277466,0.6121900081634521,0.32549285888671875,0.5933042168617249,0.2928011417388916,0.5460654497146606,0.30591121315956116,0.6204078197479248,0.3057539463043213,0.611462414264679,0.30313265323638916,0.5893527269363403,0.2696273922920227,0.5620185732841492,0.28237706422805786,0.6182931661605835,0.28605321049690247,0.6135980486869812,0.2840900123119354,0.5966352224349976,Q
0.29331687092781067,0.5977358818054199,0.32694870233535767,0.5991747975349426,0.3551740050315857,0.5977090001106262,0.3734254539012909,0.5976715683937073,0.38482487201690674,0.5901454091072083,0.34726136922836304,0.533866822719574,0.3601331114768982,0.5966323018074036,0.365058034658432,0.6365481615066528,0.36828336119651794,0.6644033789634705,0.3188536465167999,0.5326473712921143,0.3320103585720062,0.6106831431388855,0.3296094536781311,0.608253002166748,0.32446813583374023,0.589763879776001,0.2922625243663788,0.5444636940956116,0.3068309724330902,0.6172656416893005,0.3052147328853607,0.6074617505073547,0.3014705181121826,0.5852833390235901,0.2688983678817749,0.5603855848312378,0.28329238295555115,0.6163739562034607,0.2861476242542267,0.610689640045166,0.28376343846321106,0.5932732224464417,Q
0.2934945821762085,0.5982099771499634,0.3248051404953003,0.5976964831352234,0.3512668013572693,0.5941434502601624,0.3689737915992737,0.5921642184257507,0.3884286880493164,0.585457980632782,0.3464730978012085,0.534377932548523,0.35919666290283203,0.5980114936828613,0.3647729158401489,0.6362608671188354,0.3683708906173706,0.6625304818153381,0.31811967492103577,0.5328041315078735,0.33114758133888245,0.6120942831039429,0.3287508487701416,0.6071717739105225,0.3226798176765442,0.5880625247955322,0.29136937856674194,0.5446648001670837,0.30583566427230835,0.6182075142860413,0.30468738079071045,0.6077037453651428,0.3006061613559723,0.5857371091842651,0.26762065291404724,0.5608049631118774,0.2815130352973938,0.6177187561988831,0.2846488952636719,0.6113032102584839,0.28156524896621704,0.5929609537124634,Q
0.29064807295799255,0.5887922644615173,0.3213866055011749,0.5899831652641296,0.34742993116378784,0.5882008075714111,0.3641946315765381,0.5870568156242371,0.3842692971229553,0.5848491787910461,0.34484225511550903,0.5290436148643494,0.35569527745246887,0.5928205251693726,0.3607315421104431,0.6311097145080566,0.3643435537815094,0.6578737497329712,0.3164084553718567,0.5267745852470398,0.32664021849632263,0.6064338088035583,0.3239382803440094,0.601117730140686,0.31797435879707336,0.5815142393112183,0.28951165080070496,0.538074791431427,0.3012475371360779,0.6123590469360352,0.2998596429824829,0.6012398600578308,0.2966960072517395,0.5784564018249512,0.26538893580436707,0.5537359118461609,0.27647754549980164,0.611301064491272,0.27909085154533386,0.6043817400932312,0.27712154388427734,0.5854884386062622,Q
0.29177647829055786,0.5877500772476196,0.3229285776615143,0.5891899466514587,0.3490007519721985,0.5875152945518494,0.36522993445396423,0.5875294208526611,0.3821296691894531,0.5850887894630432,0.34373995661735535,0.5282819867134094,0.35470226407051086,0.5942320227622986,0.3602297306060791,0.6312455534934998,0.36362093687057495,0.6575484275817871,0.3155214190483093,0.5264010429382324,0.32651251554489136,0.6075893044471741,0.32488998770713806,0.6001736521720886,0.31969085335731506,0.5784505009651184,0.28925439715385437,0.5381626486778259,0.3009389638900757,0.6123391389846802,0.3011375963687897,0.5996109247207642,0.29866549372673035,0.5771719217300415,0.2660251557826996,0.5542256236076355,0.2772694230079651,0.6108613014221191,0.2811809778213501,0.60263592004776,0.2799501121044159,0.5836923122406006,Q
0.2936980724334717,0.5839929580688477,0.32367604970932007,0.5874035358428955,0.34836211800575256,0.5875078439712524,0.36075055599212646,0.5877757668495178,0.360633909702301,0.5842941403388977,0.3417551517486572,0.5287216305732727,0.3435872197151184,0.599157989025116,0.3432764410972595,0.6386924982070923,0.34352901577949524,0.6636987924575806,0.3110898733139038,0.5259475708007812,0.3131808340549469,0.6073098182678223,0.31250855326652527,0.6000455021858215,0.3083677887916565,0.5769981145858765,0.2840818166732788,0.5361537933349609,0.2892341911792755,0.6086781620979309,0.2918326258659363,0.5989091992378235,0.292864590883255,0.577069103717804,0.26118677854537964,0.5503135919570923,0.26696422696113586,0.6035522222518921,0.2720775604248047,0.5983374118804932,0.27438950538635254,0.5820103287696838,Q
0.29957687854766846,0.5847063660621643,0.3291877806186676,0.5887507200241089,0.35529184341430664,0.5914943218231201,0.3683971166610718,0.5933657288551331,0.3648015856742859,0.5895327925682068,0.34304019808769226,0.531360387802124,0.34696298837661743,0.6046514511108398,0.3470931053161621,0.6447851657867432,0.34807100892066956,0.6697654128074646,0.31221264600753784,0.5295730233192444,0.316682904958725,0.6121072173118591,0.3165665864944458,0.6038534641265869,0.31317541003227234,0.5819097757339478,0.2856442928314209,0.5403075814247131,0.29316437244415283,0.6145576238632202,0.29474660754203796,0.6024057865142822,0.29467886686325073,0.5799590945243835,0.2640937268733978,0.5548337697982788,0.27087724208831787,0.6096987128257751,0.2745334208011627,0.6023219227790833,0.2745279371738434,0.5843995213508606,Q
0.2965181767940521,0.589065670967102,0.3279694616794586,0.5930217504501343,0.3561526834964752,0.5912011861801147,0.37140312790870667,0.5913719534873962,0.36506664752960205,0.589178204536438,0.34273001551628113,0.531126856803894,0.3481758236885071,0.6042308211326599,0.34740185737609863,0.6458342671394348,0.34695708751678467,0.6717994809150696,0.31140071153640747,0.5304889678955078,0.3180951476097107,0.6109809875488281,0.3174954950809479,0.6048153042793274,0.3135385513305664,0.5847019553184509,0.2845994234085083,0.542563259601593,0.2947426438331604,0.6154910326004028,0.2968916893005371,0.6055023074150085,0.2972225844860077,0.5826152563095093,0.2629650831222534,0.5581820011138916,0.2714444398880005,0.6125317811965942,0.27565357089042664,0.6067180037498474,0.27657803893089294,0.5879982709884644,Q
0.2978842258453369,0.5890377163887024,0.32953810691833496,0.593629777431488,0.35774490237236023,0.5935570001602173,0.374184250831604,0.5921580791473389,0.3682922124862671,0.5869417190551758,0.3435690402984619,0.5322631001472473,0.3478603661060333,0.6015641093254089,0.34781739115715027,0.644707441329956,0.34778907895088196,0.6714224219322205,0.3127971589565277,0.530632734298706,0.3184794783592224,0.6107403635978699,0.31801602244377136,0.6087713241577148,0.31431490182876587,0.5897581577301025,0.2864724099636078,0.5421997308731079,0.29538410902023315,0.6141362190246582,0.2975686192512512,0.6067546606063843,0.2977254092693329,0.5855307579040527,0.2649562358856201,0.55788254737854,0.27256008982658386,0.6106260418891907,0.2763824462890625,0.6062895655632019,0.2766152620315552,0.5893548130989075,Q
0.29801827669143677,0.587901771068573,0.3286537528038025,0.5933741927146912,0.35659947991371155,0.5935274958610535,0.37290364503860474,0.5922428369522095,0.37048178911209106,0.5872578620910645,0.34519606828689575,0.5354685187339783,0.3498589098453522,0.6055672764778137,0.3483937084674835,0.6484661102294922,0.34706175327301025,0.6761425137519836,0.31445997953414917,0.5323973298072815,0.3199032247066498,0.6121860146522522,0.31965920329093933,0.6083720326423645,0.3160444498062134,0.5894758105278015,0.28768426179885864,0.5425188541412354,0.29560577869415283,0.6150603294372559,0.29771116375923157,0.606747567653656,0.2979559004306793,0.5851072072982788,0.26521599292755127,0.556967556476593,0.2718314826488495,0.611056387424469,0.27547240257263184,0.606773853302002,0.27545520663261414,0.5898791551589966,Q
0.29657644033432007,0.592888593673706,0.3288828730583191,0.5977798700332642,0.35687002539634705,0.5960565209388733,0.3717323839664459,0.5939134359359741,0.3676602840423584,0.5884343981742859,0.3440033495426178,0.5378581881523132,0.3478451073169708,0.610774040222168,0.3472374379634857,0.6525202393531799,0.34615281224250793,0.6779706478118896,0.3127751052379608,0.5349069237709045,0.31722962856292725,0.6174091696739197,0.3168652355670929,0.6113218665122986,0.31265556812286377,0.5885017514228821,0.2859691083431244,0.5447834134101868,0.2934560775756836,0.6202620267868042,0.29601752758026123,0.6109126806259155,0.296829491853714,0.587204098701477,0.2638292908668518,0.558701753616333,0.27043360471725464,0.615655779838562,0.2746971845626831,0.6115389466285706,0.27559423446655273,0.5935971140861511,Q
0.29709818959236145,0.5886158347129822,0.3285866379737854,0.5930874943733215,0.3569834232330322,0.5919083952903748,0.37317121028900146,0.5912445187568665,0.36774295568466187,0.5889818072319031,0.34309807419776917,0.5363145470619202,0.34718695282936096,0.6082020401954651,0.3465166687965393,0.6493570804595947,0.3462429344654083,0.6741957068443298,0.3121345043182373,0.5347532033920288,0.31822553277015686,0.6174474954605103,0.3174798786640167,0.6119648814201355,0.31352585554122925,0.5904022455215454,0.28558048605918884,0.5452920794487,0.2943529486656189,0.620137631893158,0.29665374755859375,0.610266387462616,0.29741865396499634,0.5873628258705139,0.2637450695037842,0.559485137462616,0.2711758017539978,0.6156554222106934,0.2748726010322571,0.6100610494613647,0.27504703402519226,0.592049777507782,Q
0.29626455903053284,0.5920018553733826,0.3277105391025543,0.5956175327301025,0.3550289273262024,0.5928683876991272,0.37064287066459656,0.5916652083396912,0.3702183663845062,0.5880427360534668,0.3433935046195984,0.5354444980621338,0.3471280038356781,0.6076768636703491,0.34641411900520325,0.6497199535369873,0.34598222374916077,0.6755744814872742,0.313109815120697,0.5331199169158936,0.31843605637550354,0.6157218813896179,0.3172863721847534,0.6106606721878052,0.3127373456954956,0.5896793007850647,0.2867940068244934,0.5433659553527832,0.2947622835636139,0.6189648509025574,0.2963082194328308,0.6100665330886841,0.2964862585067749,0.5878207683563232,0.2644604742527008,0.5576996803283691,0.27146607637405396,0.6145119071006775,0.275560200214386,0.6090222597122192,0.2762584388256073,0.5906982421875,Q
0.29866501688957214,0.5969028472900391,0.3275532126426697,0.6013938188552856,0.3511776924133301,0.5995280146598816,0.3663049340248108,0.5973963737487793,0.38083070516586304,0.5907755494117737,0.34334272146224976,0.5395691990852356,0.3467100262641907,0.6091178059577942,0.347396582365036,0.6499820351600647,0.347632497549057,0.6749212741851807,0.3132341206073761,0.5372954607009888,0.31838303804397583,0.6164929866790771,0.31827512383461,0.6126909255981445,0.31421613693237305,0.5933837294578552,0.2871147394180298,0.5476303100585938,0.29463571310043335,0.6192418932914734,0.297237753868103,0.6123054027557373,0.29706698656082153,0.5914677381515503,0.2648569941520691,0.5621538162231445,0.2715151309967041,0.6154585480690002,0.2757708430290222,0.6128576397895813,0.2757049798965454,0.5969023704528809,Q
0.2986335754394531,0.5935555100440979,0.32875439524650574,0.5973401069641113,0.35320812463760376,0.5952535271644592,0.36811450123786926,0.595826268196106,0.37934914231300354,0.5935600399971008,0.3429666757583618,0.5379447937011719,0.3481218218803406,0.6109442114830017,0.34895625710487366,0.6517041325569153,0.3497910499572754,0.6767953634262085,0.31188663840293884,0.5375816226005554,0.31880515813827515,0.6184892654418945,0.31811022758483887,0.612150251865387,0.31320858001708984,0.5914477109909058,0.2854795455932617,0.5496758818626404,0.2952145040035248,0.6235518455505371,0.297309011220932,0.614019513130188,0.2966800332069397,0.5916824340820312,0.2633657455444336,0.5649548172950745,0.2720124423503876,0.619877815246582,0.27588769793510437,0.614526629447937,0.2758141756057739,0.5964248776435852,Q
0.2994843125343323,0.5905147194862366,0.3289528489112854,0.594487190246582,0.3537052273750305,0.5943394303321838,0.36842039227485657,0.5959628820419312,0.3770653009414673,0.595374345779419,0.34324049949645996,0.5381872653961182,0.3484191298484802,0.6120054125785828,0.34824761748313904,0.6519317030906677,0.3479711711406708,0.6767838001251221,0.312359094619751,0.537574827671051,0.31930819153785706,0.620113730430603,0.3180438280105591,0.6124061346054077,0.31236276030540466,0.5913909077644348,0.2860873341560364,0.54931640625,0.2952500283718109,0.6238990426063538,0.29717499017715454,0.6128378510475159,0.2962045669555664,0.5900217890739441,0.2640243172645569,0.5645838975906372,0.27197951078414917,0.6201145648956299,0.27534517645835876,0.6131852269172668,0.274466872215271,0.5939683318138123,Q
0.2985447943210602,0.5908259153366089,0.32808342576026917,0.593205988407135,0.35336893796920776,0.5928459763526917,0.3685559928417206,0.5948896408081055,0.3764544725418091,0.5947702527046204,0.34325599670410156,0.5366089940071106,0.3481113016605377,0.6113726496696472,0.3487476706504822,0.6513324975967407,0.3490031957626343,0.6760410666465759,0.31249940395355225,0.5373139977455139,0.3192968964576721,0.618019163608551,0.3187420070171356,0.610744059085846,0.3137989342212677,0.5895189642906189,0.28614893555641174,0.5495539307594299,0.2952055335044861,0.622278094291687,0.29720214009284973,0.6116141080856323,0.29630371928215027,0.5891750454902649,0.26390933990478516,0.5649804472923279,0.27204981446266174,0.6186187863349915,0.2758053243160248,0.6119067668914795,0.27537432312965393,0.593087375164032,Q
0.29737454652786255,0.5933301448822021,0.32794812321662903,0.5977014303207397,0.3527197241783142,0.596558153629303,0.367156058549881,0.5966201424598694,0.37672004103660583,0.5948189496994019,0.34373006224632263,0.539976179599762,0.34853196144104004,0.6126375198364258,0.3488394021987915,0.6528910398483276,0.3486970067024231,0.677690327167511,0.3128678798675537,0.5384877920150757,0.3183428943157196,0.6189310550689697,0.318202942609787,0.6139582395553589,0.3140459656715393,0.5939759612083435,0.2862933874130249,0.5493432283401489,0.29411470890045166,0.6223176121711731,0.29625117778778076,0.6136545538902283,0.29616579413414,0.5913054943084717,0.26395222544670105,0.5636588335037231,0.27114206552505493,0.6177945733070374,0.2753184139728546,0.613552451133728,0.2756933569908142,0.5960590839385986,Q
