0.30340442061424255,0.6943631172180176,0.33668267726898193,0.6726486682891846,0.3670293688774109,0.6277573108673096,0.3515920341014862,0.5876845717430115,0.32012367248535156,0.5805072784423828,0.35804983973503113,0.5670607686042786,0.3578122854232788,0.5408892631530762,0.3510473668575287,0.5840771198272705,0.34933385252952576,0.5947850942611694,0.33178454637527466,0.5627469420433044,0.32930707931518555,0.5397173166275024,0.3283432126045227,0.5897373557090759,0.32935672998428345,0.5920782685279846,0.30576425790786743,0.5670592188835144,0.30057644844055176,0.5520122051239014,0.3059752583503723,0.5991463661193848,0.3096434772014618,0.601067841053009,0.2783927023410797,0.5754606127738953,0.27861863374710083,0.5676742196083069,0.285286545753479,0.5998111963272095,0.2877543568611145,0.603811502456665,S
0.304792582988739,0.6928537487983704,0.3377605378627777,0.6714741587638855,0.3679462671279907,0.6274601221084595,0.35424184799194336,0.5865917801856995,0.3233720064163208,0.577669084072113,0.3586841821670532,0.5680621862411499,0.36029502749443054,0.5396366715431213,0.35246261954307556,0.5825768113136292,0.34976011514663696,0.5936000347137451,0.3327409327030182,0.5639135241508484,0.3317376971244812,0.5388335585594177,0.32973766326904297,0.5885955095291138,0.33018869161605835,0.5914815068244934,0.30723705887794495,0.5679253339767456,0.30293285846710205,0.5498631596565247,0.3075292408466339,0.5974640250205994,0.31065747141838074,0.6008630990982056,0.2800787091255188,0.5757845640182495,0.2809417247772217,0.5654844045639038,0.28733113408088684,0.5978627800941467,0.28972533345222473,0.6032484769821167,S
0.3053514063358307,0.693749725818634,0.33829593658447266,0.6724574565887451,0.3673221170902252,0.630521297454834,0.3537392318248749,0.5906235575675964,0.3240962624549866,0.5793238282203674,0.35756486654281616,0.5724841356277466,0.3592049479484558,0.5414750576019287,0.35190847516059875,0.5848371982574463,0.34884482622146606,0.5979019403457642,0.331413209438324,0.568695604801178,0.329367995262146,0.5448277592658997,0.329448401927948,0.5943427085876465,0.3305812180042267,0.5970125794410706,0.3062111437320709,0.571811318397522,0.30099454522132874,0.5532573461532593,0.3069905638694763,0.600888192653656,0.310306578874588,0.6055725812911987,0.27923545241355896,0.5784600377082825,0.2800692617893219,0.567568838596344,0.2870408892631531,0.5999631285667419,0.28939133882522583,0.6066281199455261,S
0.30558085441589355,0.6940579414367676,0.3379935026168823,0.6735878586769104,0.3679146468639374,0.6303977370262146,0.35377830266952515,0.5898853540420532,0.323243111371994,0.5795532464981079,0.3585170805454254,0.5694604516029358,0.35840535163879395,0.5410168766975403,0.35131216049194336,0.5848045945167542,0.3493615984916687,0.597441554069519,0.3319450616836548,0.5655989646911621,0.3294294476509094,0.542716383934021,0.32883962988853455,0.5927589535713196,0.3297898471355438,0.5957861542701721,0.30628103017807007,0.5694728493690491,0.30090999603271484,0.5531601309776306,0.30644088983535767,0.6009598970413208,0.30957454442977905,0.6048367619514465,0.2792319655418396,0.5775163173675537,0.27994757890701294,0.567287266254425,0.2868095338344574,0.6003503203392029,0.28906315565109253,0.606567919254303,S
0.3065665066242218,0.6934193968772888,0.3395719528198242,0.6724522709846497,0.3696861267089844,0.6300579309463501,0.35567668080329895,0.5908737778663635,0.3255882263183594,0.5805337429046631,0.3603121042251587,0.5701362490653992,0.36181509494781494,0.5438185930252075,0.35493189096450806,0.585542619228363,0.3529513478279114,0.5960872173309326,0.33442193269729614,0.5659981966018677,0.33344390988349915,0.542907178401947,0.3321858048439026,0.5910758972167969,0.3328155279159546,0.5942200422286987,0.3090091347694397,0.5695455074310303,0.30483072996139526,0.5526109337806702,0.30965206027030945,0.5996018648147583,0.31263840198516846,0.6035310626029968,0.2819729447364807,0.5772332549095154,0.2834964692592621,0.5669873952865601,0.28967520594596863,0.5993608236312866,0.29148951172828674,0.605535626411438,S
0.30773916840553284,0.6965217590332031,0.3392961919307709,0.6772909760475159,0.36973807215690613,0.6337689757347107,0.355999231338501,0.5937342643737793,0.325762003660202,0.5837990641593933,0.35976964235305786,0.5729250311851501,0.36048513650894165,0.5447050929069519,0.3543299734592438,0.5884513854980469,0.35219424962997437,0.5995010733604431,0.333311527967453,0.5693797469139099,0.3317597210407257,0.5477097034454346,0.332065224647522,0.5977681875228882,0.33278942108154297,0.5979677438735962,0.3078787624835968,0.5730985999107361,0.30351072549819946,0.5560659170150757,0.30965930223464966,0.6039896011352539,0.3125835955142975,0.6061515212059021,0.2810210585594177,0.5804682970046997,0.28298598527908325,0.5696648955345154,0.28969404101371765,0.6025220155715942,0.2909446656703949,0.607961893081665,S
0.306178480386734,0.6935574412345886,0.3389836549758911,0.6729106307029724,0.3702530264854431,0.6301816701889038,0.3564562499523163,0.5907124876976013,0.32535725831985474,0.5811865329742432,0.3601372241973877,0.5694072246551514,0.36219367384910583,0.544142484664917,0.3550218641757965,0.5865490436553955,0.3523706793785095,0.5963501930236816,0.3345000743865967,0.5644290447235107,0.3335413932800293,0.5428972244262695,0.3320693373680115,0.5920851826667786,0.3326699137687683,0.5936883687973022,0.30923640727996826,0.5677579045295715,0.30517077445983887,0.553905189037323,0.30999553203582764,0.5995413661003113,0.3130838871002197,0.6002665162086487,0.28260037302970886,0.5749411582946777,0.28413939476013184,0.5686749219894409,0.2901899218559265,0.5998169183731079,0.2918125092983246,0.6028360724449158,S
0.30514082312583923,0.6921277642250061,0.3371199369430542,0.6703705787658691,0.36720147728919983,0.6287906765937805,0.35579371452331543,0.5896767377853394,0.32591044902801514,0.579944372177124,0.359176903963089,0.5687988996505737,0.3607288599014282,0.5431029200553894,0.3528198301792145,0.5845958590507507,0.34983447194099426,0.5952776074409485,0.33308836817741394,0.5635402798652649,0.3321932256221771,0.5410271286964417,0.33061033487319946,0.591441810131073,0.33080869913101196,0.5943519473075867,0.3074272871017456,0.5669603943824768,0.3037150204181671,0.5514995455741882,0.30869317054748535,0.5981370806694031,0.3107459545135498,0.6012340188026428,0.2805216908454895,0.5746850967407227,0.28262239694595337,0.5660436749458313,0.28842228651046753,0.5983850359916687,0.28944680094718933,0.6030204892158508,S
0.30404359102249146,0.6900927424430847,0.3363955318927765,0.6712161302566528,0.36819741129875183,0.6275042295455933,0.35667166113853455,0.5861725211143494,0.32603561878204346,0.5779821276664734,0.35758915543556213,0.5657183527946472,0.36141732335090637,0.5414362549781799,0.3542856276035309,0.5842324495315552,0.3503235876560211,0.5927873253822327,0.33247509598731995,0.5615371465682983,0.33285680413246155,0.5392996072769165,0.33164650201797485,0.5894388556480408,0.33076557517051697,0.5903913974761963,0.30753716826438904,0.5657023787498474,0.3046451210975647,0.5505082607269287,0.3098670244216919,0.5971011519432068,0.3114408552646637,0.5977349281311035,0.28100234270095825,0.5733194351196289,0.2831657826900482,0.5653731822967529,0.289459764957428,0.5968368649482727,0.29029184579849243,0.5996982455253601,S
0.30446428060531616,0.6909206509590149,0.3360709547996521,0.6713793873786926,0.368083655834198,0.6288448572158813,0.3577084243297577,0.588565468788147,0.32742640376091003,0.5783342719078064,0.35726016759872437,0.5664032101631165,0.3592549264431,0.5410574674606323,0.3520998954772949,0.5834079384803772,0.34857648611068726,0.5933497548103333,0.3314467668533325,0.5623065233230591,0.33020246028900146,0.5420522093772888,0.33011743426322937,0.591088056564331,0.3301045596599579,0.5919329524040222,0.30625030398368835,0.5663074851036072,0.3024119734764099,0.5515049695968628,0.30821672081947327,0.5983098149299622,0.3100602626800537,0.6004008650779724,0.27968791127204895,0.5741250514984131,0.281959593296051,0.5663961172103882,0.28842973709106445,0.5989513397216797,0.28950583934783936,0.6032818555831909,S
0.3016992509365082,0.6932655572891235,0.333069384098053,0.6714853644371033,0.36379358172416687,0.6296126246452332,0.3537059426307678,0.5891523361206055,0.32284751534461975,0.5790770649909973,0.35403329133987427,0.5690155029296875,0.3576068878173828,0.5431171655654907,0.3493831753730774,0.5848181247711182,0.34515413641929626,0.5941439867019653,0.32822179794311523,0.563949465751648,0.327799916267395,0.5445185899734497,0.3264038562774658,0.5935445427894592,0.3262622356414795,0.5928235650062561,0.30297473073005676,0.5672517418861389,0.29944998025894165,0.5537422895431519,0.30448490381240845,0.5989978313446045,0.3063516616821289,0.6001561880111694,0.27606916427612305,0.5738660097122192,0.27835947275161743,0.5656482577323914,0.2839113771915436,0.5965222120285034,0.2847471833229065,0.6004387736320496,S
0.3000589907169342,0.6917542815208435,0.3330463767051697,0.66872638463974,0.3633394241333008,0.6266126036643982,0.3511994779109955,0.5865448713302612,0.32078906893730164,0.576452374458313,0.3532922565937042,0.5691401958465576,0.3561514616012573,0.5431492924690247,0.3490760922431946,0.5855668187141418,0.3462097644805908,0.5956287980079651,0.3274778127670288,0.5644927620887756,0.32776251435279846,0.5416879653930664,0.3261815011501312,0.5913305282592773,0.3257763385772705,0.5940431356430054,0.3021649718284607,0.5680088400840759,0.29921793937683105,0.5531855821609497,0.30411022901535034,0.5998128652572632,0.3060777187347412,0.6027231812477112,0.2752930819988251,0.5757563710212708,0.2781287431716919,0.5676785707473755,0.2842005491256714,0.5993871688842773,0.2851164937019348,0.6040831208229065,S
0.2999795973300934,0.6920745372772217,0.3326779901981354,0.6695091724395752,0.3624598979949951,0.6269686818122864,0.3498225212097168,0.586815357208252,0.31927865743637085,0.5757509469985962,0.35309356451034546,0.5699501037597656,0.35444244742393494,0.5439884066581726,0.34621837735176086,0.5848171710968018,0.3431890606880188,0.5953296422958374,0.3267928659915924,0.5648373961448669,0.32492780685424805,0.5448192358016968,0.3236575722694397,0.5936826467514038,0.3250064551830292,0.5950644016265869,0.30119168758392334,0.5676533579826355,0.296353280544281,0.5556194186210632,0.3012293577194214,0.6011618375778198,0.30475708842277527,0.6023894548416138,0.2742668390274048,0.5746573209762573,0.2761850357055664,0.5676937103271484,0.2820405066013336,0.5985631942749023,0.2836628556251526,0.6022980809211731,S
0.29760149121284485,0.6970930099487305,0.33033502101898193,0.6745773553848267,0.3604957163333893,0.6293309926986694,0.34745287895202637,0.5880365371704102,0.3173137605190277,0.5755650997161865,0.35096651315689087,0.5742112994194031,0.35221028327941895,0.5495159029960632,0.3444804251194,0.5910619497299194,0.3414773941040039,0.6000781655311584,0.32441550493240356,0.5691935420036316,0.32164838910102844,0.5508080720901489,0.3214898407459259,0.6004807353019714,0.32306113839149475,0.5999128818511963,0.2985939383506775,0.5722819566726685,0.2932050824165344,0.5594953894615173,0.2987165153026581,0.606112003326416,0.30201804637908936,0.6050304770469666,0.2713513970375061,0.5799310207366943,0.27247855067253113,0.573047399520874,0.278867244720459,0.6047547459602356,0.2801947593688965,0.6070775985717773,S
0.2981643080711365,0.6964437365531921,0.33142217993736267,0.673377275466919,0.35979485511779785,0.6304727792739868,0.347046822309494,0.5903466939926147,0.3170444369316101,0.5785817503929138,0.3506445288658142,0.5741226673126221,0.3518284261226654,0.5507743954658508,0.34498628973960876,0.5907835960388184,0.34214362502098083,0.6000065207481384,0.3245162069797516,0.5690364837646484,0.32283449172973633,0.5496537089347839,0.3220139145851135,0.597994863986969,0.32284456491470337,0.599492609500885,0.2987308204174042,0.5722336769104004,0.29459890723228455,0.5604490041732788,0.29994502663612366,0.6064271330833435,0.3032013177871704,0.6076986789703369,0.2715047597885132,0.5801898837089539,0.2730913460254669,0.5735820531845093,0.2795456647872925,0.6046919822692871,0.28119221329689026,0.6081670522689819,S
0.29856595396995544,0.6963933110237122,0.3308635652065277,0.6733461022377014,0.35851678252220154,0.6311513185501099,0.3459821045398712,0.5907726287841797,0.31597068905830383,0.5774898529052734,0.3519909977912903,0.5753045678138733,0.3518299162387848,0.5511432886123657,0.34499871730804443,0.5917041897773743,0.3428861200809479,0.6006101965904236,0.3254271447658539,0.570358157157898,0.32271090149879456,0.5496619939804077,0.3216342628002167,0.598511815071106,0.32231250405311584,0.5996752381324768,0.29912906885147095,0.5739357471466064,0.29400089383125305,0.5607216954231262,0.2990444004535675,0.6063938736915588,0.3022458851337433,0.6067240238189697,0.27145034074783325,0.5822057723999023,0.2723337411880493,0.5737568140029907,0.2787480354309082,0.6046158075332642,0.2804942727088928,0.6080182790756226,S
0.2990371882915497,0.69615238904953,0.3307313323020935,0.6756781339645386,0.3599574863910675,0.631347119808197,0.3472732901573181,0.5893265008926392,0.3161403238773346,0.5776687264442444,0.35154783725738525,0.5757041573524475,0.35368651151657104,0.5505611300468445,0.34670981764793396,0.5912377238273621,0.3436858355998993,0.599699079990387,0.32581084966659546,0.5706636309623718,0.3247084617614746,0.5490944981575012,0.3235108256340027,0.5972710847854614,0.3235152065753937,0.5980151295661926,0.3000324070453644,0.5744560956954956,0.2966003119945526,0.5596861243247986,0.3017142415046692,0.6058827638626099,0.304349809885025,0.6063867807388306,0.27238407731056213,0.5830346345901489,0.27469781041145325,0.5738157629966736,0.2814790904521942,0.6049931645393372,0.2828979194164276,0.6086493134498596,S
0.29973936080932617,0.6966043710708618,0.33292466402053833,0.672153651714325,0.3596925437450409,0.629026472568512,0.34532344341278076,0.5899420976638794,0.3154328763484955,0.5766077637672424,0.35301336646080017,0.5755228400230408,0.3546820282936096,0.5504536032676697,0.3464793264865875,0.590694785118103,0.3430948853492737,0.6006159782409668,0.32658132910728455,0.5702756643295288,0.32543060183525085,0.5479869842529297,0.3232049345970154,0.5964751839637756,0.3235240876674652,0.5992947816848755,0.3004216253757477,0.5732628107070923,0.2965596616268158,0.5596227049827576,0.3009560704231262,0.6053834557533264,0.3037864565849304,0.6071875095367432,0.2730313241481781,0.5814451575279236,0.27523913979530334,0.572823703289032,0.2812471389770508,0.6035406589508057,0.28245705366134644,0.6073375940322876,S
0.2987034022808075,0.6968913078308105,0.33173438906669617,0.6744862794876099,0.3601762056350708,0.6317874789237976,0.3466746509075165,0.5917792916297913,0.316897451877594,0.5784172415733337,0.3543466329574585,0.5760583877563477,0.3538813889026642,0.5525481104850769,0.3456100523471832,0.5927562117576599,0.34346795082092285,0.6021469235420227,0.32772621512413025,0.5700404644012451,0.32354435324668884,0.5509827136993408,0.3216676115989685,0.5994192361831665,0.32397201657295227,0.6014225482940674,0.3014242351055145,0.5723825693130493,0.29445451498031616,0.5607097148895264,0.29876405000686646,0.6061968803405762,0.3036896586418152,0.607048511505127,0.27380114793777466,0.5794772505760193,0.2733515501022339,0.5730417966842651,0.279287725687027,0.604010820388794,0.2824260890483856,0.6075916290283203,S
0.2976841628551483,0.6960217952728271,0.3315921723842621,0.6738415956497192,0.359951376914978,0.6310125589370728,0.3461473882198334,0.5907138586044312,0.3158821761608124,0.5788642168045044,0.35255271196365356,0.577502965927124,0.35310298204421997,0.5516853332519531,0.34569504857063293,0.5924781560897827,0.34387320280075073,0.6024012565612793,0.32623177766799927,0.5724652409553528,0.3238663971424103,0.5506777763366699,0.32204484939575195,0.5994253158569336,0.32307878136634827,0.6021156311035156,0.300142377614975,0.5751754641532898,0.29513558745384216,0.5603360533714294,0.29955461621284485,0.6064507961273193,0.3031637370586395,0.6085506677627563,0.27265870571136475,0.5825435519218445,0.273651659488678,0.572985827922821,0.2796618938446045,0.6040239930152893,0.2813844680786133,0.6085445880889893,S
0.2971189022064209,0.6968247294425964,0.3292180597782135,0.6743475198745728,0.3573751747608185,0.6304613947868347,0.3436034023761749,0.5896211266517639,0.3138711154460907,0.5755638480186462,0.35140472650527954,0.5774566531181335,0.35323601961135864,0.5500947833061218,0.3451433479785919,0.5903180241584778,0.3425382375717163,0.6007459163665771,0.3250652253627777,0.5716621279716492,0.32512056827545166,0.5472274422645569,0.3223789632320404,0.5961403250694275,0.32217246294021606,0.5992988348007202,0.2989049553871155,0.5742596387863159,0.2958163917064667,0.5589226484298706,0.29986774921417236,0.6050501465797424,0.3019031584262848,0.6068817377090454,0.27151626348495483,0.5821082592010498,0.274283766746521,0.5731282234191895,0.2801532745361328,0.60476154088974,0.28077560663223267,0.6086314916610718,S
0.2970840036869049,0.6954629421234131,0.3289150893688202,0.6735284924507141,0.3564450442790985,0.6290962100028992,0.34177619218826294,0.5867257714271545,0.31266453862190247,0.570658802986145,0.35175657272338867,0.5790936350822449,0.3532159924507141,0.5477290153503418,0.34595516324043274,0.5894920229911804,0.3435840606689453,0.6013636589050293,0.3256397545337677,0.5737425684928894,0.3248286545276642,0.546511709690094,0.32283711433410645,0.5966348052024841,0.3226117491722107,0.5999608635902405,0.29970234632492065,0.5763222575187683,0.29644161462783813,0.5586909651756287,0.30086982250213623,0.6062484979629517,0.30291590094566345,0.6082673072814941,0.272420734167099,0.5838319659233093,0.275068461894989,0.574273407459259,0.2810024917125702,0.606209933757782,0.28115037083625793,0.609890878200531,S
0.2972409725189209,0.6981037259101868,0.3294053077697754,0.6737200021743774,0.356966495513916,0.6267690062522888,0.3408471345901489,0.5848937034606934,0.31125539541244507,0.5704911947250366,0.3513557016849518,0.578228771686554,0.3535920977592468,0.5471247434616089,0.34655746817588806,0.5893372893333435,0.34407880902290344,0.6003844141960144,0.3249657154083252,0.5730298757553101,0.32482269406318665,0.5458804368972778,0.3229581117630005,0.5956674218177795,0.3222234547138214,0.5981457829475403,0.298980176448822,0.5763003826141357,0.29572218656539917,0.5580505728721619,0.30075037479400635,0.6042364239692688,0.30283796787261963,0.6050561666488647,0.2717917561531067,0.5847719311714172,0.2741221487522125,0.5738517045974731,0.2806694507598877,0.6046566367149353,0.281058669090271,0.608174741268158,S
0.29613161087036133,0.696074903011322,0.3294258415699005,0.6714088916778564,0.35733842849731445,0.6238554120063782,0.34167414903640747,0.5823478102684021,0.3117474913597107,0.5698543787002563,0.35005688667297363,0.5780206322669983,0.353977769613266,0.5452157258987427,0.3462875783443451,0.587347149848938,0.3427700400352478,0.5988823175430298,0.32441046833992004,0.573002815246582,0.32569435238838196,0.5438747406005859,0.3229418992996216,0.5928487181663513,0.32137662172317505,0.5969635844230652,0.29864075779914856,0.5760947465896606,0.2966097593307495,0.5552176237106323,0.3009149730205536,0.6020684242248535,0.3019961416721344,0.6055696606636047,0.27124571800231934,0.5842180252075195,0.27450186014175415,0.5720876455307007,0.2806924283504486,0.6037968397140503,0.2805176079273224,0.6088583469390869,S
0.2956365644931793,0.69374680519104,0.32899948954582214,0.6687034964561462,0.3563883900642395,0.6236569285392761,0.34136995673179626,0.5823925137519836,0.3127853274345398,0.5682371258735657,0.34979674220085144,0.5791328549385071,0.35413214564323425,0.5450264811515808,0.34536972641944885,0.5845683813095093,0.34169572591781616,0.5979638695716858,0.3243202269077301,0.5736060738563538,0.3256440758705139,0.5439236760139465,0.3222682476043701,0.5915937423706055,0.3214011788368225,0.5964750051498413,0.29887059330940247,0.5759384036064148,0.296659380197525,0.5552371740341187,0.3004637658596039,0.6010051965713501,0.3019525706768036,0.6047753095626831,0.271771639585495,0.5834254622459412,0.2753210663795471,0.5709874033927917,0.28063228726387024,0.6015008687973022,0.2800102233886719,0.6063061952590942,S
0.2969492971897125,0.6936727166175842,0.32933422923088074,0.6685801148414612,0.35612016916275024,0.6232865452766418,0.3415560722351074,0.5825598239898682,0.31309568881988525,0.5693610310554504,0.34970980882644653,0.5777053236961365,0.3537098169326782,0.543615460395813,0.3461936414241791,0.5842966437339783,0.3429700434207916,0.5973846912384033,0.32449331879615784,0.5734353065490723,0.3257560431957245,0.5433252453804016,0.32339537143707275,0.5917532444000244,0.32209256291389465,0.596459150314331,0.2991146445274353,0.5766146779060364,0.29656437039375305,0.555384635925293,0.3012649118900299,0.601704478263855,0.3026774823665619,0.6054672002792358,0.27214503288269043,0.5844848155975342,0.27518653869628906,0.5704841017723083,0.2813270688056946,0.6012866497039795,0.28088241815567017,0.6068301796913147,S
0.2961025834083557,0.6961142420768738,0.32881274819374084,0.6712831258773804,0.35625702142715454,0.6244693398475647,0.34116125106811523,0.5824471116065979,0.31226426362991333,0.5684834718704224,0.34990590810775757,0.5806681513786316,0.35384508967399597,0.5450780391693115,0.345682829618454,0.5868048071861267,0.3427724242210388,0.5996853709220886,0.3244397044181824,0.5758021473884583,0.32625553011894226,0.5436208844184875,0.3231058418750763,0.5929650664329529,0.32205405831336975,0.5983872413635254,0.2990342676639557,0.578413188457489,0.2961796522140503,0.5554566979408264,0.30044040083885193,0.6021356582641602,0.30223149061203003,0.6061127185821533,0.2720613479614258,0.5856276154518127,0.2748778462409973,0.5716667771339417,0.28058451414108276,0.6026343703269958,0.2804376482963562,0.6081241965293884,S
0.29392215609550476,0.6960147619247437,0.3280002474784851,0.6702104806900024,0.3546362817287445,0.6244494915008545,0.33965393900871277,0.5826611518859863,0.3109763264656067,0.5693880319595337,0.3494625687599182,0.5811013579368591,0.35320907831192017,0.5453184247016907,0.3446650207042694,0.5862362384796143,0.3420965075492859,0.5995408296585083,0.32428136467933655,0.5755532383918762,0.32496848702430725,0.5445288419723511,0.3212619423866272,0.5927972197532654,0.32141467928886414,0.5982803106307983,0.2988584637641907,0.5773662328720093,0.29536911845207214,0.5553697347640991,0.2986757755279541,0.6013630628585815,0.3014676868915558,0.6059808731079102,0.2717610001564026,0.5839618444442749,0.2737414836883545,0.5702676177024841,0.2789651155471802,0.6010532379150391,0.27968716621398926,0.6070913076400757,S
0.2945556342601776,0.6933044195175171,0.328283429145813,0.666236400604248,0.3544503450393677,0.619569718837738,0.33903494477272034,0.5788230299949646,0.3101651668548584,0.5697440505027771,0.3472054898738861,0.5772968530654907,0.35085010528564453,0.5430090427398682,0.34222936630249023,0.5826750993728638,0.3384736478328705,0.595604658126831,0.3216468095779419,0.5727701187133789,0.322505921125412,0.5437106490135193,0.31951990723609924,0.5915680527687073,0.3188045918941498,0.5956344604492188,0.2961287498474121,0.575589120388031,0.2935974597930908,0.5544847846031189,0.29778003692626953,0.6000328063964844,0.299478143453598,0.6032817959785461,0.2691919207572937,0.5832514762878418,0.27185630798339844,0.5699034333229065,0.2774656414985657,0.6001965999603271,0.2771337330341339,0.6050561666488647,S
0.29301291704177856,0.6939672231674194,0.3275904953479767,0.6684967279434204,0.3546956181526184,0.622246265411377,0.338586688041687,0.5807948708534241,0.3087155222892761,0.5712211728096008,0.34565269947052,0.5803705453872681,0.3491782248020172,0.5437976717948914,0.34067976474761963,0.5832134485244751,0.33727842569351196,0.5965753197669983,0.32001179456710815,0.5757533311843872,0.3211469352245331,0.5445763468742371,0.318444162607193,0.5925214290618896,0.3179524540901184,0.5978097319602966,0.2946498990058899,0.5775812864303589,0.2915099263191223,0.5556101202964783,0.29600781202316284,0.6014446020126343,0.29813843965530396,0.6056137681007385,0.2676098346710205,0.5841739773750305,0.26986464858055115,0.5704853534698486,0.2759236693382263,0.6008968949317932,0.2761790454387665,0.6065940856933594,S
0.291926771402359,0.6931730508804321,0.3257995843887329,0.6688017845153809,0.35333624482154846,0.6221250891685486,0.3382315933704376,0.5802988409996033,0.30808010697364807,0.5716180205345154,0.34475621581077576,0.576429009437561,0.3478357195854187,0.5432818531990051,0.3397397994995117,0.5834004878997803,0.3364490270614624,0.595526933670044,0.31937742233276367,0.5719367265701294,0.31993404030799866,0.5436558127403259,0.31781092286109924,0.5919845700263977,0.31747162342071533,0.5957061648368835,0.29393357038497925,0.5750150084495544,0.2907826006412506,0.5543380975723267,0.29581427574157715,0.6005589365959167,0.29787179827690125,0.6039924025535583,0.2668570280075073,0.5827671885490417,0.26941707730293274,0.569571852684021,0.27558910846710205,0.600699245929718,0.27568134665489197,0.6058964729309082,S
0.29431721568107605,0.6808519959449768,0.33012938499450684,0.6561806797981262,0.3574761152267456,0.6062605381011963,0.3413275182247162,0.5645141005516052,0.3090868592262268,0.5597250461578369,0.34646332263946533,0.5645350217819214,0.35146087408065796,0.5298462510108948,0.34333336353302,0.5709468126296997,0.33983176946640015,0.583514392375946,0.32118722796440125,0.5612375140190125,0.3221544623374939,0.5313040018081665,0.3199208676815033,0.5803489089012146,0.3191643953323364,0.5854012966156006,0.2956414818763733,0.564466118812561,0.2936323583126068,0.5399848222732544,0.2980981767177582,0.5862871408462524,0.2993756830692291,0.590181827545166,0.2687746286392212,0.5714550018310547,0.271585077047348,0.555766224861145,0.27805769443511963,0.5867597460746765,0.27771157026290894,0.5933001637458801,S
0.30124664306640625,0.6634625792503357,0.3366527855396271,0.640434741973877,0.364778995513916,0.5924592018127441,0.3487476110458374,0.5486990213394165,0.31732040643692017,0.5382035970687866,0.3538551926612854,0.5483243465423584,0.36055439710617065,0.512129008769989,0.35278213024139404,0.553318977355957,0.3482832610607147,0.5652941465377808,0.3282954692840576,0.5435308218002319,0.33110812306404114,0.5128000378608704,0.3291561007499695,0.5621792674064636,0.32706111669540405,0.5663031339645386,0.30289426445961,0.5464738011360168,0.3013226091861725,0.5216928720474243,0.3063601553440094,0.5688881874084473,0.3070761561393738,0.5732505321502686,0.27559033036231995,0.5533421039581299,0.2788093388080597,0.5365065336227417,0.2854195535182953,0.5685547590255737,0.2851159870624542,0.5762187838554382,S
0.30328404903411865,0.6480264067649841,0.33851614594459534,0.6262171268463135,0.3679703176021576,0.5755497813224792,0.3535892367362976,0.530839741230011,0.321724534034729,0.5190459489822388,0.35712170600891113,0.5307743549346924,0.3653634786605835,0.49500933289527893,0.35657817125320435,0.5364392399787903,0.35091930627822876,0.5477135181427002,0.33164334297180176,0.5249954462051392,0.3354119658470154,0.4943508207798004,0.33226582407951355,0.5448983907699585,0.32965928316116333,0.5486834645271301,0.3060404360294342,0.5277348756790161,0.3056837022304535,0.5033856630325317,0.3099031150341034,0.5514515042304993,0.30995410680770874,0.554957926273346,0.2788776159286499,0.5343343019485474,0.2833729088306427,0.5201337337493896,0.28907108306884766,0.5523512363433838,0.287894606590271,0.5579929351806641,S
0.30693116784095764,0.6457140445709229,0.34095028042793274,0.6231659650802612,0.369827002286911,0.5732238292694092,0.3561316132545471,0.5286040902137756,0.32613953948020935,0.5180996656417847,0.36049360036849976,0.5268397927284241,0.3666945993900299,0.49164581298828125,0.358753502368927,0.5338990688323975,0.35459744930267334,0.54518061876297,0.3349860608577728,0.5221425294876099,0.33752742409706116,0.4926917850971222,0.3350820541381836,0.5416229367256165,0.33370721340179443,0.5435494184494019,0.3092655837535858,0.52487713098526,0.308795303106308,0.5009009838104248,0.313276082277298,0.5476974248886108,0.3145565986633301,0.5500082969665527,0.28203848004341125,0.5314731597900391,0.2862635850906372,0.5161141157150269,0.2922653257846832,0.5475752353668213,0.29155415296554565,0.5529767870903015,S
0.31226903200149536,0.6576753258705139,0.3458661437034607,0.6318031549453735,0.37392038106918335,0.5804879069328308,0.35695695877075195,0.5367506742477417,0.3273794651031494,0.5277794599533081,0.3659828305244446,0.5371229648590088,0.37272727489471436,0.49988073110580444,0.36396124958992004,0.5427573919296265,0.36013108491897583,0.5551408529281616,0.339948445558548,0.5330407023429871,0.34257152676582336,0.5001000165939331,0.3398929834365845,0.5495743751525879,0.338637113571167,0.5543509125709534,0.3148094117641449,0.5359953045845032,0.31282156705856323,0.5076607465744019,0.3173009157180786,0.5557409524917603,0.31867197155952454,0.5613282322883606,0.28766053915023804,0.543095588684082,0.29070809483528137,0.5223613977432251,0.29624828696250916,0.5545681715011597,0.2956944406032562,0.5629918575286865,S
0.31298166513442993,0.661333441734314,0.3477567136287689,0.6364933848381042,0.3761191964149475,0.5870646834373474,0.35869261622428894,0.5428338050842285,0.32882797718048096,0.53258216381073,0.367707759141922,0.5445390343666077,0.3727753460407257,0.5051975250244141,0.36445701122283936,0.5473822951316833,0.3613666892051697,0.5608738660812378,0.3417156934738159,0.5407894849777222,0.34346866607666016,0.5051376223564148,0.34112852811813354,0.5550188422203064,0.3402950167655945,0.5608502626419067,0.3167871832847595,0.54342120885849,0.3129689395427704,0.5140793919563293,0.3179611563682556,0.563102126121521,0.3201993405818939,0.569648265838623,0.289787232875824,0.5502336025238037,0.2915644943714142,0.5293115377426147,0.2976202368736267,0.5622963905334473,0.29786473512649536,0.5718272924423218,S
0.32453444600105286,0.6678295731544495,0.3597683012485504,0.6445626616477966,0.3896578550338745,0.5942010283470154,0.37543192505836487,0.5473891496658325,0.34444278478622437,0.5356913805007935,0.3801826536655426,0.548549234867096,0.38734304904937744,0.513498067855835,0.37742990255355835,0.5515970587730408,0.3724864721298218,0.5648829936981201,0.354442834854126,0.5424968004226685,0.3572254776954651,0.5120710730552673,0.35397955775260925,0.5592074394226074,0.3530615270137787,0.5645424127578735,0.32946765422821045,0.5448312759399414,0.3284167945384979,0.52269446849823,0.3322787284851074,0.5682252049446106,0.333660364151001,0.5721325278282166,0.3034871518611908,0.5524647235870361,0.3075721859931946,0.5369486808776855,0.3121500015258789,0.5683821439743042,0.3110871911048889,0.5739272236824036,S
0.3378291726112366,0.6664297580718994,0.37419939041137695,0.6439943313598633,0.405135840177536,0.5922685861587524,0.39171358942985535,0.5456885695457458,0.3601369857788086,0.534317672252655,0.39429616928100586,0.5457887053489685,0.40177345275878906,0.5107139348983765,0.393424928188324,0.5513600707054138,0.3895922303199768,0.563628613948822,0.3682045042514801,0.5409350991249084,0.3733333349227905,0.5078904628753662,0.3700341284275055,0.5574280023574829,0.36739715933799744,0.5648233890533447,0.3427090644836426,0.5436038970947266,0.3442826271057129,0.5169686675071716,0.34795382618904114,0.5637063980102539,0.3475431203842163,0.5696301460266113,0.31599536538124084,0.5500677824020386,0.32246434688568115,0.5313074588775635,0.3269485533237457,0.564008355140686,0.3243839144706726,0.5711998343467712,S
0.33829811215400696,0.6650565266609192,0.3738517463207245,0.6437606811523438,0.4055083394050598,0.5921361446380615,0.39392760396003723,0.5450325608253479,0.3634028732776642,0.537030041217804,0.3944396674633026,0.5456827282905579,0.4024704694747925,0.5098882913589478,0.394380122423172,0.5532892346382141,0.389279305934906,0.5646796822547913,0.369050532579422,0.5407116413116455,0.37358829379081726,0.5104652047157288,0.3703552186489105,0.5602214932441711,0.36770951747894287,0.5618365406990051,0.3436298966407776,0.5431382060050964,0.34458309412002563,0.5186489224433899,0.34806737303733826,0.5663313269615173,0.3480373024940491,0.5690265893936157,0.316411554813385,0.5487522482872009,0.32175686955451965,0.5318654775619507,0.32669055461883545,0.5642368793487549,0.32471805810928345,0.5701513290405273,S
0.33561941981315613,0.6626571416854858,0.3702038526535034,0.6403684020042419,0.402208536863327,0.5898290872573853,0.3902917206287384,0.5442466139793396,0.3594004511833191,0.5351369380950928,0.39274823665618896,0.542527973651886,0.3999401926994324,0.5059617757797241,0.39090579748153687,0.5487225651741028,0.38586360216140747,0.5608993172645569,0.3666631877422333,0.5370367765426636,0.3709418475627899,0.5068274140357971,0.3669443428516388,0.5567581653594971,0.3647412359714508,0.559133768081665,0.3406330943107605,0.5393669009208679,0.34118518233299255,0.5160172581672668,0.3448362946510315,0.5631679892539978,0.34532612562179565,0.566139280796051,0.31335005164146423,0.5457383990287781,0.3185969591140747,0.5302215218544006,0.32385799288749695,0.561928927898407,0.32221996784210205,0.5673997402191162,S
0.3344179689884186,0.6605715155601501,0.3700328469276428,0.6379290223121643,0.400740385055542,0.5891093015670776,0.38811933994293213,0.5439921021461487,0.3579031527042389,0.5334357619285583,0.3906547427177429,0.5422931909561157,0.39787164330482483,0.5045859813690186,0.38979217410087585,0.5473772287368774,0.3850618004798889,0.560734212398529,0.364956796169281,0.537135660648346,0.36923035979270935,0.5066351890563965,0.36595889925956726,0.5560225248336792,0.3634168803691864,0.5592905879020691,0.33944055438041687,0.539280891418457,0.3397139310836792,0.5144529938697815,0.34354403614997864,0.5620284080505371,0.3436054587364197,0.566872239112854,0.31194502115249634,0.5452898144721985,0.31691667437553406,0.5273711681365967,0.3223193883895874,0.5598708391189575,0.3206237256526947,0.5676170587539673,S
0.33484968543052673,0.6586176156997681,0.36926499009132385,0.6348916888237,0.40013834834098816,0.5843903422355652,0.38860994577407837,0.5392633676528931,0.3581208288669586,0.5305729508399963,0.3903600871562958,0.5382241606712341,0.39771443605422974,0.5019791126251221,0.3889225423336029,0.545355498790741,0.3837825059890747,0.5566923022270203,0.36471107602119446,0.5337825417518616,0.3688196837902069,0.5031832456588745,0.36542749404907227,0.5527974963188171,0.3630554974079132,0.554291844367981,0.3390181362628937,0.5367621183395386,0.3398605287075043,0.5106714963912964,0.34357357025146484,0.5578562617301941,0.3437952995300293,0.5609244704246521,0.3116112947463989,0.5430043935775757,0.31677091121673584,0.5259362459182739,0.32210293412208557,0.5573750138282776,0.32062485814094543,0.5629028677940369,S
0.33607977628707886,0.6570225358009338,0.3722834885120392,0.6352118849754333,0.40300893783569336,0.5843148231506348,0.3905423581600189,0.5380316376686096,0.3601597249507904,0.5299102663993835,0.3918645679950714,0.5380980968475342,0.3999728560447693,0.5017322301864624,0.3924501836299896,0.5451269745826721,0.3872891366481781,0.5569838881492615,0.36629271507263184,0.5336201786994934,0.3707234561443329,0.5027767419815063,0.3683375120162964,0.5522655248641968,0.3654605448246002,0.5544666051864624,0.34083107113838196,0.5363925099372864,0.342166543006897,0.5093023180961609,0.3463175594806671,0.557158350944519,0.34581688046455383,0.5613375306129456,0.31349828839302063,0.5425471663475037,0.3193172216415405,0.5235452651977539,0.3248201608657837,0.5560826063156128,0.3226114511489868,0.5633222460746765,S
0.3390684723854065,0.6602578163146973,0.3751090168952942,0.6385091543197632,0.4060310125350952,0.5881757736206055,0.3931359648704529,0.5417690873146057,0.3628433048725128,0.532943606376648,0.39542752504348755,0.5419877171516418,0.4026343524456024,0.5059092044830322,0.39511871337890625,0.5480962991714478,0.39084941148757935,0.5600373148918152,0.36961063742637634,0.5374332666397095,0.3735871911048889,0.504957377910614,0.37119922041893005,0.5541508793830872,0.3687245547771454,0.5573111176490784,0.34397780895233154,0.5400108098983765,0.34421512484550476,0.5136210322380066,0.34859350323677063,0.5618666410446167,0.34862232208251953,0.5662288069725037,0.3163384795188904,0.546132504940033,0.32163673639297485,0.5271220207214355,0.3271905183792114,0.5601904392242432,0.32529476284980774,0.5677789449691772,S
0.34244319796562195,0.6756104826927185,0.37863627076148987,0.6513873338699341,0.40937599539756775,0.602088212966919,0.39486226439476013,0.5568907260894775,0.3655082881450653,0.5454630255699158,0.39845484495162964,0.5543423891067505,0.4064667522907257,0.5192247629165649,0.3985974192619324,0.5632395148277283,0.3951226472854614,0.5748140215873718,0.3727884888648987,0.5510221123695374,0.37788355350494385,0.5192741751670837,0.3748819828033447,0.5690413117408752,0.3717128336429596,0.572645902633667,0.3477223813533783,0.5540018081665039,0.34854310750961304,0.5253744721412659,0.35212987661361694,0.5747435092926025,0.35144421458244324,0.5802437663078308,0.3201722800731659,0.5608868598937988,0.32536450028419495,0.540095329284668,0.3310704529285431,0.5734737515449524,0.32923656702041626,0.582083523273468,S
0.3448096513748169,0.6856755018234253,0.3796149492263794,0.6625656485557556,0.41180360317230225,0.6108517050743103,0.39834290742874146,0.5652267932891846,0.36758944392204285,0.5565463900566101,0.40050336718559265,0.5601891279220581,0.4083995819091797,0.5287520289421082,0.40058633685112,0.5733078718185425,0.3957318663597107,0.5833389163017273,0.37454894185066223,0.555640697479248,0.37943971157073975,0.5284957885742188,0.3768422305583954,0.5800843238830566,0.3732694387435913,0.5802642703056335,0.3489753305912018,0.5589441061019897,0.34988924860954285,0.5356494784355164,0.35428810119628906,0.5861849188804626,0.35317662358283997,0.5880940556526184,0.3212703466415405,0.5660964846611023,0.3277653455734253,0.5503005981445312,0.3333275616168976,0.5850165486335754,0.33108988404273987,0.590745210647583,S
0.34460657835006714,0.688750147819519,0.38002169132232666,0.6665712594985962,0.4113987982273102,0.6179100275039673,0.3988608121871948,0.5729431509971619,0.3688846230506897,0.5632222890853882,0.39966654777526855,0.5701410174369812,0.40865787863731384,0.5338345766067505,0.40066614747047424,0.5772677659988403,0.39491963386535645,0.5885487794876099,0.3740862011909485,0.5656598806381226,0.37978440523147583,0.5340394377708435,0.3770548701286316,0.5842393636703491,0.3729654848575592,0.5863818526268005,0.3488397002220154,0.5683786869049072,0.34989362955093384,0.5415394902229309,0.3542727530002594,0.5907991528511047,0.3531583249568939,0.5949885249137878,0.32118523120880127,0.5744369029998779,0.32671651244163513,0.5559598207473755,0.33254697918891907,0.5895184278488159,0.3305014669895172,0.5969333052635193,S
0.3431670367717743,0.7057790756225586,0.37843331694602966,0.6828112602233887,0.41025182604789734,0.634882926940918,0.39743655920028687,0.5896027088165283,0.36730867624282837,0.5784352421760559,0.3972094655036926,0.5815854072570801,0.4052406847476959,0.5509917736053467,0.39830827713012695,0.594493567943573,0.39430922269821167,0.6036167740821838,0.3717273771762848,0.5781580805778503,0.37570518255233765,0.551278293132782,0.3743802309036255,0.6020838618278503,0.3717939853668213,0.6032403707504272,0.3465456962585449,0.5821757316589355,0.34683921933174133,0.5588316917419434,0.35176101326942444,0.6077554225921631,0.3515138626098633,0.6104616522789001,0.3191432058811188,0.5898414254188538,0.3240623474121094,0.5737853050231934,0.3304676413536072,0.6069766283035278,0.32907941937446594,0.613382875919342,S
0.3426764905452728,0.709328830242157,0.3785971403121948,0.6862698793411255,0.409768283367157,0.6389899253845215,0.3965185284614563,0.595909595489502,0.3655005395412445,0.5850544571876526,0.3962637186050415,0.5840060114860535,0.4032744765281677,0.5556565523147583,0.39580395817756653,0.5986605882644653,0.3904210329055786,0.6077012419700623,0.3702419400215149,0.5808022618293762,0.3744586408138275,0.5568190813064575,0.37317800521850586,0.6069545149803162,0.3698842525482178,0.6071761846542358,0.3448019027709961,0.5851012468338013,0.3449995815753937,0.5650167465209961,0.3507964015007019,0.613847017288208,0.3500397205352783,0.6157395839691162,0.31757187843322754,0.5939135551452637,0.3231714069843292,0.5800081491470337,0.32985666394233704,0.6129232048988342,0.3277396857738495,0.6182640194892883,S
0.3405325710773468,0.7276598811149597,0.37578627467155457,0.7022576928138733,0.40682876110076904,0.654386043548584,0.39352285861968994,0.611169695854187,0.362413614988327,0.6001604199409485,0.3910641372203827,0.5969012379646301,0.399918794631958,0.5717759132385254,0.39297249913215637,0.6136671900749207,0.387667715549469,0.6216520071029663,0.36534884572029114,0.5937685966491699,0.37034937739372253,0.572754979133606,0.36945727467536926,0.6221529841423035,0.36597225069999695,0.6227515339851379,0.340524286031723,0.5990155339241028,0.34180939197540283,0.5821570158004761,0.3475615084171295,0.6294544339179993,0.34642794728279114,0.6310507655143738,0.31391283869743347,0.609046459197998,0.31910669803619385,0.5973753929138184,0.3260727822780609,0.6295759081840515,0.32469773292541504,0.6345658898353577,S
0.33808138966560364,0.7333842515945435,0.37285301089286804,0.7099214196205139,0.4040183424949646,0.6625456213951111,0.39289742708206177,0.6195580363273621,0.36120858788490295,0.6093418002128601,0.39061474800109863,0.6036217212677002,0.39791902899742126,0.5786418914794922,0.3902354836463928,0.6208438873291016,0.3849126994609833,0.6288357973098755,0.36446183919906616,0.5995962619781494,0.368042916059494,0.5790475606918335,0.3665521442890167,0.6275854110717773,0.3635745942592621,0.6276976466178894,0.3389821946620941,0.6039252281188965,0.33864104747772217,0.5876511335372925,0.3441840708255768,0.6342055201530457,0.3437288701534271,0.6364206075668335,0.3117855191230774,0.6124914288520813,0.31685325503349304,0.6019282937049866,0.3231431245803833,0.6337664127349854,0.3218720555305481,0.6389435529708862,S
0.33934563398361206,0.7330746650695801,0.37477466464042664,0.7094200849533081,0.4059755206108093,0.6613190174102783,0.3939051628112793,0.6183507442474365,0.3616403043270111,0.6095590591430664,0.3918387293815613,0.6029756665229797,0.3988369107246399,0.5788435339927673,0.39185190200805664,0.6225790977478027,0.3870586156845093,0.6299606561660767,0.3663134276866913,0.5997611880302429,0.3695322275161743,0.5793691277503967,0.3683457672595978,0.6285102963447571,0.366524338722229,0.6285316348075867,0.3405230641365051,0.6048522591590881,0.34067973494529724,0.5893045663833618,0.3462243974208832,0.6360042691230774,0.3467213809490204,0.6368138790130615,0.31304001808166504,0.6142529845237732,0.31798991560935974,0.6036128997802734,0.3245917558670044,0.6352357864379883,0.32359084486961365,0.6398277878761292,S
0.3397810459136963,0.7441200613975525,0.37349122762680054,0.7209224104881287,0.4041557312011719,0.673779308795929,0.3937641680240631,0.6311262249946594,0.3619089722633362,0.6183112859725952,0.3916204571723938,0.6064432859420776,0.3972608745098114,0.5896526575088501,0.3895224630832672,0.631904125213623,0.38444796204566956,0.636984646320343,0.3655640780925751,0.6011872291564941,0.36744359135627747,0.5897262096405029,0.36702385544776917,0.6390520334243774,0.3650924563407898,0.635979413986206,0.339780330657959,0.606859564781189,0.33819568157196045,0.5998503565788269,0.3450526297092438,0.6469578146934509,0.3457379639148712,0.6456705331802368,0.3131667673587799,0.6178569793701172,0.3165755569934845,0.6168361306190491,0.32435014843940735,0.6486835479736328,0.32547497749328613,0.6502386927604675,S
0.34164777398109436,0.7558521032333374,0.37562796473503113,0.7320196628570557,0.4047844409942627,0.6842975616455078,0.3918810486793518,0.6433370113372803,0.3605973422527313,0.6295020580291748,0.3900296986103058,0.61652672290802,0.3955102264881134,0.5995793342590332,0.39030882716178894,0.6434996724128723,0.3858690857887268,0.6493545174598694,0.36277881264686584,0.6139674782752991,0.3662862181663513,0.5997581481933594,0.3674734830856323,0.6504356265068054,0.3635295629501343,0.6483798623085022,0.33644595742225647,0.6218329668045044,0.33767130970954895,0.6093526482582092,0.3453304171562195,0.6579747200012207,0.3430617153644562,0.6573320627212524,0.30917251110076904,0.63563472032547,0.31568700075149536,0.6287391781806946,0.3240962028503418,0.661624550819397,0.322333961725235,0.6644461154937744,S
0.33777451515197754,0.7533749341964722,0.37329718470573425,0.7294555902481079,0.4039004147052765,0.6824421286582947,0.39293503761291504,0.6398277282714844,0.3602231740951538,0.6307061910629272,0.3892849087715149,0.6178678274154663,0.39366230368614197,0.5967366695404053,0.38818031549453735,0.639927089214325,0.38422122597694397,0.6473979353904724,0.36270010471343994,0.6156085729598999,0.3639996647834778,0.5964037179946899,0.3649304211139679,0.6455264091491699,0.3633067309856415,0.646630048751831,0.33663156628608704,0.6236827373504639,0.33626413345336914,0.6085746884346008,0.3432510197162628,0.6543675661087036,0.3432534337043762,0.6559610366821289,0.30937862396240234,0.6370299458503723,0.314056932926178,0.6276274919509888,0.3222205936908722,0.6582160592079163,0.3224339187145233,0.6618452668190002,S
0.33482250571250916,0.7560592889785767,0.36944395303726196,0.7298519015312195,0.3983606994152069,0.6837040185928345,0.38827183842658997,0.6426647305488586,0.3572761118412018,0.631209135055542,0.3867679834365845,0.6179074645042419,0.3911319375038147,0.5987191200256348,0.38351860642433167,0.6405933499336243,0.3783476948738098,0.6486197710037231,0.3603234589099884,0.6134753227233887,0.3609076738357544,0.6000824570655823,0.36047491431236267,0.649407148361206,0.3593822419643402,0.6503227949142456,0.33402594923973083,0.6198963522911072,0.33263975381851196,0.6116251349449158,0.3388610780239105,0.6569917798042297,0.33938220143318176,0.6587584614753723,0.3069588840007782,0.6317196488380432,0.3105717897415161,0.6271689534187317,0.31754741072654724,0.6573988795280457,0.3179040551185608,0.6599880456924438,S
0.3199625611305237,0.7672406435012817,0.3554655611515045,0.7373604774475098,0.38379645347595215,0.6923313736915588,0.37269407510757446,0.6511646509170532,0.34222978353500366,0.6396999955177307,0.37000608444213867,0.6338154673576355,0.374845027923584,0.6081268191337585,0.3702840507030487,0.6477069854736328,0.36693593859672546,0.6590527892112732,0.34377631545066833,0.6317241191864014,0.34485551714897156,0.6086470484733582,0.34636956453323364,0.6555482745170593,0.3453156352043152,0.6624412536621094,0.3189353346824646,0.6394113302230835,0.3177957832813263,0.6196556091308594,0.32453373074531555,0.6644954681396484,0.32452842593193054,0.6725226044654846,0.292513370513916,0.652803897857666,0.296377032995224,0.6395301222801208,0.30432116985321045,0.6693161129951477,0.30522775650024414,0.6762883067131042,S
0.32018494606018066,0.7649708986282349,0.3548251688480377,0.73732990026474,0.38341957330703735,0.691157341003418,0.37219637632369995,0.650592029094696,0.3404739797115326,0.6427102088928223,0.3711753487586975,0.6277892589569092,0.37538570165634155,0.6064345836639404,0.36989808082580566,0.6478672623634338,0.36580097675323486,0.6565024256706238,0.3452993333339691,0.6245197653770447,0.3452051281929016,0.6068282127380371,0.3464016318321228,0.6548753380775452,0.34577158093452454,0.6578882336616516,0.31945371627807617,0.632131040096283,0.3177120089530945,0.6186739802360535,0.32501083612442017,0.6640799045562744,0.32620769739151,0.6686948537826538,0.29214420914649963,0.6453171372413635,0.2954462468624115,0.6372610330581665,0.3033908009529114,0.6671827435493469,0.3048507273197174,0.6720250248908997,S
0.31700730323791504,0.7571592330932617,0.35106685757637024,0.729337215423584,0.37851855158805847,0.682267963886261,0.3681720495223999,0.6426351070404053,0.3364521563053131,0.6339589357376099,0.3667341470718384,0.6178634762763977,0.37408286333084106,0.5984053611755371,0.3680547773838043,0.6400740742683411,0.3623204529285431,0.6476306319236755,0.3406789004802704,0.6148784160614014,0.34393054246902466,0.5987663269042969,0.34401723742485046,0.6489922404289246,0.3412899076938629,0.6534501910209656,0.3149336278438568,0.6234985589981079,0.3159589469432831,0.6103661060333252,0.3226166367530823,0.6572622060775757,0.32197654247283936,0.6628757119178772,0.2883569300174713,0.6379082202911377,0.2934413552284241,0.6292221546173096,0.3011504113674164,0.6600515246391296,0.30172938108444214,0.6657415628433228,S
0.3112691640853882,0.7599782347679138,0.3444225788116455,0.7333400249481201,0.3732047975063324,0.6861872673034668,0.36260536313056946,0.6449553966522217,0.3305637836456299,0.6339617967605591,0.3621300756931305,0.6226363778114319,0.36717700958251953,0.6002366542816162,0.36114227771759033,0.6455576419830322,0.35723745822906494,0.6526097059249878,0.3356418013572693,0.6192029118537903,0.33639076352119446,0.6004763841629028,0.3368818759918213,0.6525303721427917,0.33547207713127136,0.6538240909576416,0.3095536231994629,0.6265550851821899,0.30739882588386536,0.61229008436203,0.31445860862731934,0.6596758365631104,0.3152703046798706,0.6624196767807007,0.2821904718875885,0.6381803750991821,0.2848872244358063,0.6303461194038391,0.2926639914512634,0.6618227362632751,0.2938937544822693,0.6658897399902344,S
0.30796122550964355,0.7595767974853516,0.3410150110721588,0.7310596704483032,0.36985480785369873,0.6857042908668518,0.3583327531814575,0.6437406539916992,0.3271251916885376,0.6341156959533691,0.35763314366340637,0.6259773373603821,0.3619469106197357,0.6010050773620605,0.35622456669807434,0.6426157355308533,0.35323745012283325,0.6509839296340942,0.3316984474658966,0.6229597926139832,0.33221566677093506,0.600643515586853,0.33266961574554443,0.6503908634185791,0.33228421211242676,0.653344988822937,0.3062744140625,0.6296170949935913,0.3036707043647766,0.6121842861175537,0.31066954135894775,0.6576734781265259,0.3124523162841797,0.66196209192276,0.27901849150657654,0.6411779522895813,0.28188568353652954,0.630193829536438,0.2897193431854248,0.6608346104621887,0.29147398471832275,0.6666088104248047,S
0.3019635081291199,0.7571746110916138,0.33612313866615295,0.7297900915145874,0.3654223382472992,0.6839708685874939,0.3523818254470825,0.6430818438529968,0.3210098445415497,0.6338870525360107,0.3555282652378082,0.6251587867736816,0.35903164744377136,0.6003645658493042,0.35119831562042236,0.6427639722824097,0.3478012681007385,0.6523888111114502,0.3281269669532776,0.6206973791122437,0.3284142315387726,0.6002630591392517,0.32750242948532104,0.6498589515686035,0.32760635018348694,0.6522963047027588,0.3017755448818207,0.6267010569572449,0.299681156873703,0.6124846339225769,0.3054841160774231,0.6581526398658752,0.30725786089897156,0.6609895825386047,0.2745082378387451,0.6385439038276672,0.27771493792533875,0.6290844082832336,0.2848532497882843,0.6598829627037048,0.2858215570449829,0.6643931269645691,S
0.29568934440612793,0.7592660188674927,0.3299190104007721,0.7303997278213501,0.35730355978012085,0.6857241988182068,0.343676894903183,0.6456441879272461,0.3128795325756073,0.632417619228363,0.3481234908103943,0.6229715347290039,0.34674590826034546,0.6031541228294373,0.34154072403907776,0.6461636424064636,0.3404160439968109,0.655784547328949,0.32108601927757263,0.6188451647758484,0.316592812538147,0.6033830046653748,0.3179624378681183,0.6539518237113953,0.32005101442337036,0.6561492681503296,0.2949609160423279,0.6254487037658691,0.28852319717407227,0.6149394512176514,0.2956215441226959,0.6615654230117798,0.2998259961605072,0.6634067893028259,0.2680138349533081,0.6381965279579163,0.2677336633205414,0.6325237154960632,0.2752794325351715,0.6639175415039062,0.2785525321960449,0.6674614548683167,S
0.29335060715675354,0.7586372494697571,0.3256925940513611,0.7301465272903442,0.35236576199531555,0.6801761388778687,0.3383081555366516,0.6405250430107117,0.30750495195388794,0.6353883743286133,0.3442856967449188,0.6244591474533081,0.3431214392185211,0.5998972058296204,0.3369370996952057,0.6427026987075806,0.3355814218521118,0.651566743850708,0.31707680225372314,0.6207946538925171,0.3136431872844696,0.6013466119766235,0.3138761818408966,0.6522124409675598,0.3152468204498291,0.6528270840644836,0.2904979884624481,0.6273240447044373,0.2851743698120117,0.6149406433105469,0.29182204604148865,0.6611878275871277,0.29530641436576843,0.6605212092399597,0.26374760270118713,0.6391644477844238,0.26446542143821716,0.6321927905082703,0.2717943787574768,0.6633282899856567,0.27378976345062256,0.6651287078857422,S
0.2899368405342102,0.7569980025291443,0.3236860930919647,0.7264681458473206,0.3492065966129303,0.6778371930122375,0.33596372604370117,0.6374192237854004,0.3045113980770111,0.6309266686439514,0.3402014374732971,0.6229729056358337,0.3417675197124481,0.5988619327545166,0.3346794545650482,0.6393217444419861,0.33203861117362976,0.6476426720619202,0.3141527473926544,0.6193273067474365,0.31183481216430664,0.5990527272224426,0.31115853786468506,0.6477113962173462,0.31221282482147217,0.649556040763855,0.2881607115268707,0.625135064125061,0.28301167488098145,0.6113056540489197,0.28907525539398193,0.6556129455566406,0.2924943268299103,0.6567113995552063,0.2610894441604614,0.6354176998138428,0.26158446073532104,0.627336859703064,0.26850152015686035,0.6571810245513916,0.27091771364212036,0.6603318452835083,S
0.2875834107398987,0.7546353936195374,0.321051687002182,0.7242189645767212,0.3469184935092926,0.6745985150337219,0.3309144079685211,0.633722722530365,0.2992449104785919,0.628827691078186,0.3356962203979492,0.6222145557403564,0.3366779386997223,0.5955482125282288,0.33164677023887634,0.6381919384002686,0.3293413817882538,0.6478085517883301,0.3091973662376404,0.6201105713844299,0.30733972787857056,0.597158670425415,0.30820178985595703,0.6469906568527222,0.3078867793083191,0.6500394940376282,0.2834032475948334,0.6271439790725708,0.27901187539100647,0.6097978353500366,0.28638291358947754,0.6545501947402954,0.2882777750492096,0.6571530699729919,0.2564246356487274,0.638918399810791,0.25771480798721313,0.626240611076355,0.26516199111938477,0.6554710268974304,0.2658160626888275,0.6598905324935913,S
0.28224119544029236,0.7521501183509827,0.3152260482311249,0.7205196619033813,0.3400201201438904,0.6704594492912292,0.324968546628952,0.6304189562797546,0.2934587001800537,0.624367892742157,0.32957547903060913,0.6187787055969238,0.3294798731803894,0.5936726331710815,0.3238924741744995,0.635665237903595,0.32108449935913086,0.6449684500694275,0.3028137683868408,0.6171292066574097,0.3000238835811615,0.5955218076705933,0.30146485567092896,0.6454200744628906,0.3018041253089905,0.6478582620620728,0.277017742395401,0.6246583461761475,0.2723100781440735,0.608021080493927,0.27988219261169434,0.6535205245018005,0.28192639350891113,0.6555404663085938,0.2504826784133911,0.6373429298400879,0.25219202041625977,0.625843346118927,0.2600161135196686,0.6553199887275696,0.26078465580940247,0.6592668890953064,S
0.2768157720565796,0.7452861666679382,0.31040114164352417,0.7143146395683289,0.3352581560611725,0.664616048336029,0.3194015622138977,0.6246393322944641,0.2872748076915741,0.6167105436325073,0.32545706629753113,0.6132192611694336,0.3257940709590912,0.5869278311729431,0.31872808933258057,0.6279327273368835,0.31614798307418823,0.6384243369102478,0.29906630516052246,0.6094732284545898,0.2958281934261322,0.5868743658065796,0.2948266267776489,0.63597172498703,0.2955777943134308,0.6410524249076843,0.27327126264572144,0.6147151589393616,0.2679070830345154,0.5991542935371399,0.2733043134212494,0.6441576480865479,0.2761218547821045,0.6469312906265259,0.24674490094184875,0.6257742047309875,0.24727439880371094,0.6171175241470337,0.2540726363658905,0.6469347476959229,0.2560417652130127,0.6511337161064148,S
0.2729968726634979,0.7404190301895142,0.30733978748321533,0.7098603844642639,0.3331877589225769,0.6617652177810669,0.31772881746292114,0.6219744682312012,0.28555265069007874,0.6155190467834473,0.3242219388484955,0.6090829372406006,0.3247631788253784,0.5852161645889282,0.31707024574279785,0.6272141933441162,0.3147103488445282,0.636080801486969,0.2980005145072937,0.6049620509147644,0.29535916447639465,0.5854014158248901,0.29368171095848083,0.6341288089752197,0.2948395907878876,0.6367330551147461,0.2719198167324066,0.6101515293121338,0.2664351165294647,0.5972134470939636,0.2715608775615692,0.6418889760971069,0.2751832604408264,0.6434871554374695,0.2447374314069748,0.6200962662696838,0.2447546422481537,0.6131108999252319,0.2515387237071991,0.6431116461753845,0.25435662269592285,0.6466163396835327,S
0.2681092917919159,0.7367215752601624,0.29912278056144714,0.7088499665260315,0.3249451518058777,0.6574734449386597,0.30931296944618225,0.615990936756134,0.27764803171157837,0.6105936169624329,0.3160877525806427,0.6059236526489258,0.3161357045173645,0.577660083770752,0.30949708819389343,0.6194337010383606,0.3076404929161072,0.6292590498924255,0.2893243730068207,0.6027507781982422,0.2865352928638458,0.5801446437835693,0.28589990735054016,0.6291458010673523,0.2870093882083893,0.6305062770843506,0.26340046525001526,0.6086974740028381,0.2578537166118622,0.5911242365837097,0.26347997784614563,0.6358850598335266,0.2670098841190338,0.6369083523750305,0.23686163127422333,0.6194091439247131,0.23636223375797272,0.6083217859268188,0.24291226267814636,0.6376592516899109,0.24505573511123657,0.6410374045372009,S
0.2631723880767822,0.7256648540496826,0.2961989641189575,0.6963232159614563,0.3198099732398987,0.6461395025253296,0.3034733533859253,0.6061948537826538,0.271549791097641,0.5973421335220337,0.3115263283252716,0.6000047922134399,0.3134460747241974,0.5691075325012207,0.30521199107170105,0.6113080978393555,0.3029164671897888,0.6217420697212219,0.285339891910553,0.596528947353363,0.28446346521377563,0.5694749355316162,0.28147944808006287,0.6193215847015381,0.28182023763656616,0.6246439218521118,0.25960949063301086,0.6006678342819214,0.25488343834877014,0.5819335579872131,0.25882482528686523,0.6276838779449463,0.2616688907146454,0.631056010723114,0.23303836584091187,0.6091549396514893,0.2331986129283905,0.5977028608322144,0.23900088667869568,0.6282450556755066,0.2406812310218811,0.6333919167518616,S
0.26118385791778564,0.7032829523086548,0.2950665056705475,0.6749101877212524,0.3188554048538208,0.6260970234870911,0.3026925027370453,0.5844056606292725,0.2709163725376129,0.5765103697776794,0.31109797954559326,0.5805492401123047,0.31318870186805725,0.544872522354126,0.30615267157554626,0.5856962203979492,0.30326414108276367,0.5986809134483337,0.2850665748119354,0.5759040713310242,0.28325384855270386,0.5464813113212585,0.282008558511734,0.5952379107475281,0.28188055753707886,0.6016882658004761,0.2594299912452698,0.5800698399543762,0.25430065393447876,0.5594707727432251,0.2596891522407532,0.6044878363609314,0.2615352272987366,0.6111969947814941,0.23258382081985474,0.5886780619621277,0.23351609706878662,0.5731227397918701,0.23984098434448242,0.6025451421737671,0.24030503630638123,0.610916018486023,S
0.2578940689563751,0.6912158727645874,0.29192179441452026,0.6639842987060547,0.3158220648765564,0.6123651266098022,0.29917874932289124,0.5701585412025452,0.2680993676185608,0.5585744976997375,0.30917149782180786,0.5669047236442566,0.31068235635757446,0.533492922782898,0.30253472924232483,0.5752211213111877,0.30019617080688477,0.5870435237884521,0.2829264998435974,0.5629867315292358,0.28090745210647583,0.533149003982544,0.27922287583351135,0.5832865238189697,0.27991601824760437,0.5907708406448364,0.25733882188796997,0.5667825937271118,0.25190865993499756,0.5434496402740479,0.25729119777679443,0.5895857810974121,0.2600705921649933,0.5956916809082031,0.23103220760822296,0.5751532316207886,0.23192693293094635,0.5599821209907532,0.23817409574985504,0.5905762910842896,0.23905698955059052,0.59799724817276,S
0.2595531940460205,0.6894152164459229,0.2923736274242401,0.6613022685050964,0.31678369641304016,0.6115167140960693,0.29932448267936707,0.5699743628501892,0.2692687511444092,0.5624717473983765,0.30947837233543396,0.5662919878959656,0.30957767367362976,0.5310811996459961,0.3034789562225342,0.572089672088623,0.3022556006908417,0.5853009819984436,0.2832484841346741,0.5638583302497864,0.2810986042022705,0.5336606502532959,0.28065305948257446,0.5812346339225769,0.28116050362586975,0.5873565077781677,0.2576208710670471,0.5684081315994263,0.25225093960762024,0.5432472229003906,0.25846824049949646,0.5882153511047363,0.2613438665866852,0.5951297879219055,0.23079094290733337,0.5770854353904724,0.23197010159492493,0.5591225624084473,0.23832538723945618,0.5885128974914551,0.23899643123149872,0.5967650413513184,S
0.25774967670440674,0.6844237446784973,0.29021134972572327,0.6558467745780945,0.31467729806900024,0.6057563424110413,0.2989208698272705,0.5636352300643921,0.2684106230735779,0.5536555051803589,0.30779772996902466,0.5616949200630188,0.30881786346435547,0.5253564119338989,0.3017275035381317,0.5660275816917419,0.30048972368240356,0.578413188457489,0.28206920623779297,0.5588156580924988,0.2806382179260254,0.5261366367340088,0.2791391909122467,0.5748499035835266,0.27957582473754883,0.5819385647773743,0.25668197870254517,0.5626559257507324,0.2513984143733978,0.5378187894821167,0.2566203474998474,0.5828867554664612,0.2593759298324585,0.5887787342071533,0.2303009033203125,0.570504903793335,0.23129895329475403,0.5535433292388916,0.23737162351608276,0.583509087562561,0.23784871399402618,0.5913345217704773,S
0.2595466375350952,0.6806530952453613,0.2906511723995209,0.650352418422699,0.31339675188064575,0.6000739336013794,0.29812610149383545,0.5594322681427002,0.26852676272392273,0.5487027168273926,0.30732035636901855,0.555063784122467,0.3081127405166626,0.5203465223312378,0.3018026649951935,0.5618347525596619,0.29974138736724854,0.5740793943405151,0.2818275988101959,0.5526450872421265,0.2792838513851166,0.522990882396698,0.2790858745574951,0.5712047815322876,0.27949169278144836,0.5755857825279236,0.2567284405231476,0.5573816299438477,0.25098058581352234,0.533342182636261,0.2570543587207794,0.5779807567596436,0.25986889004707336,0.5818032622337341,0.23079025745391846,0.5659613609313965,0.23065423965454102,0.5495746731758118,0.2371215671300888,0.5787782669067383,0.23799307644367218,0.5847681164741516,S
0.25889402627944946,0.6768435835838318,0.2899547517299652,0.645793616771698,0.3128851354122162,0.5963317155838013,0.2985168993473053,0.5557164549827576,0.26890990138053894,0.5452145934104919,0.3077634871006012,0.5519156455993652,0.30709198117256165,0.5175255537033081,0.3006221055984497,0.5578510165214539,0.2992778420448303,0.5712798237800598,0.2819916605949402,0.549136221408844,0.2790141999721527,0.5195280909538269,0.2784591019153595,0.5676625370979309,0.27940428256988525,0.5739537477493286,0.25670289993286133,0.5535879731178284,0.2501146197319031,0.5302586555480957,0.25621071457862854,0.5751187205314636,0.25984224677085876,0.5806118249893188,0.23057064414024353,0.5619784593582153,0.22995911538600922,0.547153890132904,0.23632875084877014,0.5767303109169006,0.23823587596416473,0.583034873008728,S
0.2605915367603302,0.6710109710693359,0.292691171169281,0.6424502730369568,0.3153296411037445,0.5910525918006897,0.3001992702484131,0.5494122505187988,0.2697124183177948,0.5407803654670715,0.31046611070632935,0.5465999245643616,0.3095822334289551,0.5116104483604431,0.30304986238479614,0.552484393119812,0.30203935503959656,0.5646716952323914,0.28476017713546753,0.543682873249054,0.2815738618373871,0.5135003328323364,0.2810327708721161,0.561754047870636,0.28210964798927307,0.5670145750045776,0.2591707706451416,0.5476218461990356,0.25270015001296997,0.5228394269943237,0.2589108943939209,0.5683197379112244,0.2628933787345886,0.5725666284561157,0.232459157705307,0.5554941296577454,0.23179194331169128,0.5394910573959351,0.23879750072956085,0.5703906416893005,0.2409844994544983,0.5771988034248352,S
0.2634342312812805,0.6599053740501404,0.29649031162261963,0.6311095952987671,0.31888777017593384,0.5811213850975037,0.3038443922996521,0.5399370789527893,0.274443656206131,0.5306922197341919,0.3141057789325714,0.5389106869697571,0.31410104036331177,0.5021990537643433,0.30760276317596436,0.5430806279182434,0.30660197138786316,0.5566094517707825,0.2885316014289856,0.5363050103187561,0.28578078746795654,0.5040854811668396,0.28486478328704834,0.5518944263458252,0.28556028008461,0.5583692193031311,0.2633594274520874,0.5403038263320923,0.2574491798877716,0.5137568116188049,0.26287922263145447,0.5590388178825378,0.26611393690109253,0.5644025802612305,0.2370758056640625,0.5477846264839172,0.23659053444862366,0.5294588804244995,0.24273250997066498,0.5605823397636414,0.24428600072860718,0.5687728524208069,S
0.26640254259109497,0.656154990196228,0.2989633083343506,0.6289575695991516,0.3234224021434784,0.5779101252555847,0.30745750665664673,0.5355163812637329,0.27724355459213257,0.5270556807518005,0.3171052932739258,0.5335479974746704,0.3173908293247223,0.497872531414032,0.31073006987571716,0.5396440625190735,0.30949220061302185,0.5521770119667053,0.2916409969329834,0.5308666229248047,0.28979671001434326,0.4997948408126831,0.28822430968284607,0.5484477281570435,0.2883394658565521,0.5535203814506531,0.26629236340522766,0.534997284412384,0.2612242102622986,0.5100409984588623,0.26639440655708313,0.5559952259063721,0.26949480175971985,0.5600351095199585,0.23994427919387817,0.5429703593254089,0.24030864238739014,0.5265283584594727,0.24622569978237152,0.5571292638778687,0.24704842269420624,0.5630525350570679,S
0.2731497287750244,0.6539657115936279,0.3058241605758667,0.6273069381713867,0.33060306310653687,0.5770151019096375,0.31553518772125244,0.534574568271637,0.2854970693588257,0.5251979827880859,0.3242667019367218,0.5339928269386292,0.32649630308151245,0.49692124128341675,0.32054224610328674,0.5381852984428406,0.320064514875412,0.5503151416778564,0.2987939119338989,0.5312696695327759,0.29843413829803467,0.4980035722255707,0.29676368832588196,0.5458524823188782,0.2967466711997986,0.5514222979545593,0.2738601863384247,0.5350733995437622,0.2701913118362427,0.5078544020652771,0.27503320574760437,0.5526566505432129,0.2780415713787079,0.5570794939994812,0.24828799068927765,0.542565107345581,0.24938127398490906,0.5231457352638245,0.25510546565055847,0.5540598034858704,0.2556856870651245,0.5617555975914001,S
0.2758342921733856,0.651032567024231,0.30923834443092346,0.6255108714103699,0.3336579501628876,0.5743728876113892,0.31786540150642395,0.5310341715812683,0.28748252987861633,0.520223081111908,0.32791805267333984,0.5323591232299805,0.3303265869617462,0.4944196939468384,0.32400721311569214,0.5373454689979553,0.3223974406719208,0.5501047968864441,0.30263715982437134,0.5285580158233643,0.30229777097702026,0.4954724609851837,0.3005872368812561,0.5445713996887207,0.3002382218837738,0.5499152541160583,0.2771500051021576,0.531773567199707,0.27326399087905884,0.5052099823951721,0.2782920002937317,0.5512210130691528,0.2806885540485382,0.556029736995697,0.25059235095977783,0.5384684205055237,0.2517446279525757,0.5201793313026428,0.2576175928115845,0.5506002306938171,0.25767409801483154,0.5577805042266846,S
0.2770370543003082,0.652401328086853,0.3090052604675293,0.625946044921875,0.33327555656433105,0.5763431787490845,0.31777650117874146,0.5326149463653564,0.2888759672641754,0.5201464891433716,0.3282122015953064,0.5322370529174805,0.33039167523384094,0.4934532344341278,0.32359498739242554,0.5346682667732239,0.3219771683216095,0.5475841164588928,0.3031069040298462,0.5282444953918457,0.3024994432926178,0.49382883310317993,0.30067765712738037,0.5425687432289124,0.30097317695617676,0.5482585430145264,0.2780091464519501,0.5318512916564941,0.27328336238861084,0.5044421553611755,0.27879828214645386,0.55012047290802,0.2822170555591583,0.556525468826294,0.25148212909698486,0.5394839644432068,0.2520976960659027,0.5202166438102722,0.2579125165939331,0.5495381951332092,0.2587954103946686,0.5573006868362427,S
0.2827422022819519,0.6482552289962769,0.31591805815696716,0.6229040622711182,0.34179192781448364,0.5725861191749573,0.3273508846759796,0.529825747013092,0.2967948615550995,0.5195430517196655,0.335889607667923,0.5279467105865479,0.3394322395324707,0.4903847277164459,0.3333340883255005,0.5325254201889038,0.3316398561000824,0.5456609725952148,0.3101874589920044,0.5249018669128418,0.31133660674095154,0.49066871404647827,0.3094341456890106,0.5393629670143127,0.3082900643348694,0.5459663271903992,0.2848879098892212,0.5288195013999939,0.2830381393432617,0.5009272694587708,0.28776443004608154,0.5465371608734131,0.28947344422340393,0.5518376231193542,0.25872090458869934,0.536510705947876,0.2620908319950104,0.5169392824172974,0.2678060829639435,0.5484998822212219,0.2675606906414032,0.5563181042671204,S
0.2866370677947998,0.6512813568115234,0.3193516135215759,0.6240296363830566,0.3438642919063568,0.5742389559745789,0.33043769001960754,0.5319210290908813,0.30206018686294556,0.5188238620758057,0.33850792050361633,0.5299650430679321,0.3426407277584076,0.4928223192691803,0.33596521615982056,0.5343852043151855,0.3334216773509979,0.5480315089225769,0.3127548098564148,0.5263058543205261,0.31389033794403076,0.4931282699108124,0.31203025579452515,0.5419129729270935,0.31090712547302246,0.5477005243301392,0.2870504558086395,0.5298169255256653,0.2845795452594757,0.5021049976348877,0.2895050346851349,0.5483084321022034,0.29090791940689087,0.5541241765022278,0.26021409034729004,0.5371678471565247,0.26307812333106995,0.5174413323402405,0.26865577697753906,0.5479133725166321,0.26795297861099243,0.5559831857681274,S
0.28961285948753357,0.6487878561019897,0.32298558950424194,0.6201773285865784,0.34785813093185425,0.5691659450531006,0.33311328291893005,0.5265892744064331,0.30266645550727844,0.5163203477859497,0.34158405661582947,0.526941180229187,0.34522464871406555,0.4897860884666443,0.3378707468509674,0.5312188267707825,0.335689902305603,0.5439059138298035,0.31635773181915283,0.5225898623466492,0.31735485792160034,0.4892047643661499,0.3145902752876282,0.5375902056694031,0.3139338195323944,0.543548583984375,0.2908658981323242,0.5257604122161865,0.28849226236343384,0.49954283237457275,0.29278409481048584,0.5448737740516663,0.2946895658969879,0.5497227311134338,0.26414525508880615,0.533045768737793,0.2672247290611267,0.5148853659629822,0.2724768817424774,0.5451396107673645,0.27190452814102173,0.5520385503768921,S
0.2950318455696106,0.6460528373718262,0.32841578125953674,0.6194685697555542,0.3544401526451111,0.5687116980552673,0.3426179587841034,0.5255118012428284,0.311989963054657,0.5149406790733337,0.3484691083431244,0.5246210098266602,0.35324522852897644,0.4873947501182556,0.34622272849082947,0.5291928052902222,0.34364020824432373,0.5427089333534241,0.3230416476726532,0.5208913683891296,0.3247351348400116,0.4878478944301605,0.32207223773002625,0.5360870957374573,0.3205617368221283,0.5426983833312988,0.29773780703544617,0.524343729019165,0.29642972350120544,0.49616557359695435,0.3004365563392639,0.5416164994239807,0.3017338812351227,0.5476433038711548,0.2712547481060028,0.5311177372932434,0.27486997842788696,0.5111861228942871,0.2802011966705322,0.5426352024078369,0.280002623796463,0.5508205890655518,S
0.2999686002731323,0.6509751081466675,0.3336855471134186,0.6268386244773865,0.36049684882164,0.5730717778205872,0.34587010741233826,0.527732789516449,0.3157685399055481,0.5205391645431519,0.35283902287483215,0.5310588479042053,0.35937535762786865,0.49192142486572266,0.3519042134284973,0.5353948473930359,0.3486431837081909,0.5477988719940186,0.3271155059337616,0.5271865129470825,0.33008918166160583,0.49051734805107117,0.32749542593955994,0.5398862361907959,0.3257075846195221,0.5449759364128113,0.30181562900543213,0.5306292772293091,0.300373911857605,0.5009516477584839,0.3048132658004761,0.5477109551429749,0.30556824803352356,0.5527942180633545,0.27521881461143494,0.53751140832901,0.27842211723327637,0.5152146816253662,0.2835398018360138,0.5469520688056946,0.28195664286613464,0.5555098056793213,S
0.30214250087738037,0.6518622636795044,0.3367178738117218,0.6277914047241211,0.3641408383846283,0.5767700672149658,0.34989500045776367,0.53163743019104,0.32009953260421753,0.5233268737792969,0.3558787405490875,0.5326341390609741,0.3619428277015686,0.49411293864250183,0.35500556230545044,0.5368763208389282,0.3519752323627472,0.550072431564331,0.32998254895210266,0.5288964509963989,0.3325963616371155,0.4935024082660675,0.33048343658447266,0.5425811409950256,0.3289990723133087,0.5480267405509949,0.304536372423172,0.5324095487594604,0.30313268303871155,0.5026146173477173,0.3077249526977539,0.5497065782546997,0.30864912271499634,0.5558699369430542,0.27747660875320435,0.5393397212028503,0.28115659952163696,0.5171451568603516,0.28667885065078735,0.5486900210380554,0.2855857312679291,0.5576217770576477,S
0.30583181977272034,0.6513512134552002,0.33986538648605347,0.6273345947265625,0.3679918348789215,0.5770789980888367,0.35522496700286865,0.5322061777114868,0.32513535022735596,0.5221030712127686,0.3602241575717926,0.5308340191841125,0.3663748502731323,0.49340617656707764,0.3589180111885071,0.5368408560752869,0.3554898798465729,0.5491173267364502,0.3344906270503998,0.5264807939529419,0.3370950520038605,0.494356632232666,0.33474668860435486,0.5436857342720032,0.33315667510032654,0.5466996431350708,0.30885550379753113,0.5297466516494751,0.30844879150390625,0.5026491284370422,0.3126921057701111,0.5490783452987671,0.31340157985687256,0.552541196346283,0.28182411193847656,0.5366605520248413,0.28611183166503906,0.516707181930542,0.29133546352386475,0.5483563542366028,0.2896522581577301,0.5557786822319031,S
0.3088966906070709,0.6534754633903503,0.34316486120224,0.6290704607963562,0.37157273292541504,0.5787909626960754,0.3579442799091339,0.5338842868804932,0.3280014395713806,0.5244681239128113,0.3634091019630432,0.5340920686721802,0.37091681361198425,0.49611037969589233,0.3632432222366333,0.5391594171524048,0.35907673835754395,0.5515483617782593,0.3372049331665039,0.5299059748649597,0.34145572781562805,0.4946773052215576,0.338756799697876,0.5440854430198669,0.3359852433204651,0.549423336982727,0.3114795982837677,0.533478856086731,0.31203925609588623,0.5033113360404968,0.31631404161453247,0.5510228872299194,0.31588229537010193,0.5577298402786255,0.2840611934661865,0.5408392548561096,0.28953611850738525,0.5180385708808899,0.29477399587631226,0.5496111512184143,0.2923875153064728,0.558677077293396,S
0.30800706148147583,0.6510704755783081,0.3411697745323181,0.6259526610374451,0.369259774684906,0.5763307809829712,0.3566996455192566,0.5317798256874084,0.3272416293621063,0.5181415677070618,0.3617851436138153,0.5300135016441345,0.36869990825653076,0.49098333716392517,0.36140039563179016,0.5354376435279846,0.35639718174934387,0.5483811497688293,0.33603543043136597,0.525414764881134,0.3400799632072449,0.49185216426849365,0.33761537075042725,0.5422757863998413,0.3344305753707886,0.5463648438453674,0.31064844131469727,0.5288084745407104,0.3113214671611786,0.5014079213142395,0.31560251116752625,0.5478059649467468,0.31490251421928406,0.5526385307312012,0.2839268743991852,0.5356176495552063,0.28919273614883423,0.5157040953636169,0.2943894863128662,0.5458160638809204,0.2919502556324005,0.552782416343689,S
0.3090365529060364,0.6499289274215698,0.34297052025794983,0.6240372061729431,0.37092125415802,0.5745877027511597,0.3585936427116394,0.530917763710022,0.32905393838882446,0.5195329189300537,0.3629254102706909,0.5306207537651062,0.36996781826019287,0.49229931831359863,0.3631954491138458,0.5355149507522583,0.35933631658554077,0.5484445095062256,0.33734267950057983,0.5260930061340332,0.3414163887500763,0.4918596148490906,0.33894267678260803,0.5412688851356506,0.33627641201019287,0.5459802746772766,0.3117539584636688,0.5291646122932434,0.31226664781570435,0.4993587136268616,0.3165321350097656,0.546501636505127,0.3164524435997009,0.5523437857627869,0.28446853160858154,0.5358050465583801,0.28943705558776855,0.5147662162780762,0.2948249578475952,0.5457209348678589,0.2928784489631653,0.5536924600601196,S
0.31180378794670105,0.6539580821990967,0.34587305784225464,0.6297217607498169,0.37438488006591797,0.5792985558509827,0.3602369427680969,0.5346405506134033,0.3302861452102661,0.5231410264968872,0.3659866452217102,0.5338925719261169,0.37321946024894714,0.4958846867084503,0.36562344431877136,0.5387571454048157,0.36124294996261597,0.5510779023170471,0.33987870812416077,0.5294780731201172,0.3437206745147705,0.49555912613868713,0.3415478467941284,0.5449514389038086,0.33898255228996277,0.5487498641014099,0.3143179714679718,0.5325309634208679,0.31395915150642395,0.504340410232544,0.3187439739704132,0.5524163842201233,0.3187236189842224,0.5574327111244202,0.2871606945991516,0.5392513871192932,0.29163533449172974,0.5179376006126404,0.29729294776916504,0.5502855181694031,0.2954044044017792,0.558851420879364,S
0.31075727939605713,0.6604455709457397,0.34388023614883423,0.6371676921844482,0.37367522716522217,0.5875346660614014,0.36159855127334595,0.5425004959106445,0.33159512281417847,0.5285008549690247,0.3651392459869385,0.5392006635665894,0.37270587682724,0.5016801953315735,0.36492300033569336,0.5458089113235474,0.3605572581291199,0.558410108089447,0.33921167254447937,0.5344688892364502,0.34388285875320435,0.5005277395248413,0.3412492275238037,0.5514991283416748,0.33799850940704346,0.5562809109687805,0.31398046016693115,0.537621259689331,0.31376364827156067,0.5084372162818909,0.3183395564556122,0.5580562353134155,0.31784966588020325,0.5646494030952454,0.28705933690071106,0.5445555448532104,0.29162460565567017,0.5239132046699524,0.2970324456691742,0.5568839311599731,0.2953184247016907,0.565471351146698,S
0.31014302372932434,0.6573282480239868,0.34326910972595215,0.6339053511619568,0.37277016043663025,0.583688497543335,0.3614303469657898,0.5386937260627747,0.33145463466644287,0.5243055820465088,0.3654903173446655,0.5352481603622437,0.3722589612007141,0.4970514476299286,0.36520645022392273,0.542335569858551,0.3605091869831085,0.5549344420433044,0.3397737145423889,0.5307353734970093,0.34306246042251587,0.4986611008644104,0.3412925601005554,0.549134373664856,0.33885279297828674,0.5519216656684875,0.314081609249115,0.5340698957443237,0.3142034113407135,0.5069165825843811,0.31898656487464905,0.5540094375610352,0.31906548142433167,0.5578113198280334,0.2868633568286896,0.5406263470649719,0.2917611300945282,0.5216346383094788,0.29761409759521484,0.5529394745826721,0.29588788747787476,0.5599613785743713,S
0.31464606523513794,0.6554775238037109,0.3493749797344208,0.6303638815879822,0.3776949644088745,0.5795592665672302,0.3667898178100586,0.5345946550369263,0.33638066053390503,0.5238646268844604,0.36930957436561584,0.5331351161003113,0.3773224949836731,0.49589473009109497,0.37009793519973755,0.5394447445869446,0.3655073046684265,0.5519882440567017,0.3439560532569885,0.529069185256958,0.34814006090164185,0.4963998794555664,0.345659077167511,0.545608401298523,0.3430071175098419,0.5492118000984192,0.3183746039867401,0.5325876474380493,0.3195263743400574,0.5041621327400208,0.3236512839794159,0.5508255362510681,0.32337406277656555,0.5550780892372131,0.291281521320343,0.5395620465278625,0.2968024015426636,0.5188608765602112,0.30216744542121887,0.5507127642631531,0.2999623417854309,0.5583978891372681,S
0.3163652718067169,0.664872407913208,0.3504904508590698,0.6402702331542969,0.38009122014045715,0.5896945595741272,0.36772921681404114,0.5437549948692322,0.3381859362125397,0.5329127907752991,0.37229180335998535,0.5430209040641785,0.3794962465763092,0.5058108568191528,0.37155383825302124,0.5498189926147461,0.3675713539123535,0.5624232888221741,0.3460139036178589,0.5386799573898315,0.35000503063201904,0.5051729679107666,0.347378134727478,0.55560302734375,0.3442681133747101,0.5598110556602478,0.32050761580467224,0.5419473648071289,0.3201119005680084,0.512103259563446,0.3246326446533203,0.5616990923881531,0.3241603970527649,0.5680347084999084,0.2928445041179657,0.5490871667861938,0.29743847250938416,0.5269104838371277,0.30321934819221497,0.5606397986412048,0.3018646836280823,0.5702544450759888,S
0.3131037950515747,0.6782742738723755,0.346591055393219,0.6528813242912292,0.37459808588027954,0.6036164164543152,0.3638560473918915,0.5593065023422241,0.33503785729408264,0.5435292720794678,0.367311954498291,0.5537652969360352,0.37297970056533813,0.5176910758018494,0.3656063377857208,0.5622949004173279,0.3625492453575134,0.5747104287147522,0.34171587228775024,0.5493977665901184,0.34469231963157654,0.517388641834259,0.3427186906337738,0.5688987374305725,0.34098201990127563,0.5732190012931824,0.3162417709827423,0.5534341931343079,0.3150579035282135,0.5264862775802612,0.31968799233436584,0.5756733417510986,0.3202139735221863,0.5804948806762695,0.28903651237487793,0.5614974498748779,0.29249441623687744,0.5432224273681641,0.29844605922698975,0.5760419964790344,0.2978787422180176,0.583495020866394,S
