0.2714610993862152,0.7641655206680298,0.3205265402793884,0.7147762775421143,0.3501002788543701,0.6690712571144104,0.3734855055809021,0.6401447653770447,0.38397058844566345,0.6128599643707275,0.27584972977638245,0.5844500064849854,0.31807950139045715,0.5415496230125427,0.3561914265155792,0.5580484867095947,0.3761664927005768,0.5847967863082886,0.26043713092803955,0.5852349996566772,0.31706705689430237,0.5362021327018738,0.35819798707962036,0.5584292411804199,0.3774164021015167,0.5925501585006714,0.25446662306785583,0.594229519367218,0.3115754723548889,0.546585738658905,0.35232263803482056,0.5668814182281494,0.3729138672351837,0.5979533791542053,0.2581317722797394,0.6108883023262024,0.30672627687454224,0.574724018573761,0.33952924609184265,0.5807074308395386,0.36052799224853516,0.5971288681030273,O
0.2708820700645447,0.7642015218734741,0.3211105465888977,0.7140285968780518,0.35020020604133606,0.6681379675865173,0.3742939531803131,0.6395657062530518,0.3858080208301544,0.6132143139839172,0.2763366401195526,0.5846678018569946,0.31857430934906006,0.5412978529930115,0.356807142496109,0.5577728152275085,0.3768383860588074,0.5847851037979126,0.26147621870040894,0.5850534439086914,0.3189026415348053,0.5360260605812073,0.3600878119468689,0.558789849281311,0.3789753019809723,0.5931906700134277,0.2561703026294708,0.5934966206550598,0.31392648816108704,0.5457512736320496,0.35449108481407166,0.5672481656074524,0.3742637038230896,0.598547637462616,0.26028358936309814,0.6096709966659546,0.3089221715927124,0.57387375831604,0.34136688709259033,0.581451416015625,0.3617668151855469,0.5987933874130249,O
0.2750999331474304,0.7635995149612427,0.3247319459915161,0.7118061780929565,0.35357025265693665,0.6689649820327759,0.37703782320022583,0.6417276263237,0.3872465491294861,0.6143367886543274,0.2795878052711487,0.5852596163749695,0.3230311870574951,0.5438012480735779,0.35997363924980164,0.560758113861084,0.3793606758117676,0.5870261192321777,0.2655668258666992,0.5860291719436646,0.3237417936325073,0.5384340286254883,0.362786203622818,0.5615045428276062,0.3810155391693115,0.5955154299736023,0.26113036274909973,0.5950403213500977,0.3186494708061218,0.548438549041748,0.3573142886161804,0.5685756802558899,0.37688326835632324,0.5989061594009399,0.2664291262626648,0.611480712890625,0.31354671716690063,0.5754903554916382,0.34434640407562256,0.5810747146606445,0.36452263593673706,0.5966678261756897,O
0.2897813618183136,0.739069402217865,0.3379995822906494,0.6924034953117371,0.3664909899234772,0.6542565226554871,0.3897820711135864,0.6298187375068665,0.40153589844703674,0.6088388562202454,0.30126798152923584,0.5737341642379761,0.3410933017730713,0.5342243313789368,0.3750680983066559,0.5524376034736633,0.3915923833847046,0.5783745050430298,0.2899167239665985,0.5754856467247009,0.34254226088523865,0.5309267640113831,0.37884873151779175,0.5543505549430847,0.3941977024078369,0.5851754546165466,0.28690508008003235,0.5844131708145142,0.3387545645236969,0.5390202403068542,0.37531810998916626,0.5592686533927917,0.3926489055156708,0.5886485576629639,0.2923104166984558,0.6001170873641968,0.3357754349708557,0.5666568875312805,0.36582815647125244,0.5724316835403442,0.38476690649986267,0.5875638127326965,O
0.298036128282547,0.7343255281448364,0.34410759806632996,0.693378746509552,0.37181830406188965,0.6574568748474121,0.3949325680732727,0.6318473815917969,0.4007689952850342,0.604852020740509,0.3096367418766022,0.5780330896377563,0.3449491858482361,0.5369638204574585,0.3782205581665039,0.5535897016525269,0.3941786289215088,0.5799528360366821,0.2970120906829834,0.5777015686035156,0.34469762444496155,0.532117486000061,0.3804658353328705,0.5545964241027832,0.39542609453201294,0.5864464640617371,0.29177039861679077,0.5844656229019165,0.3407824635505676,0.5401458740234375,0.3765019476413727,0.5597583651542664,0.39321279525756836,0.5891880989074707,0.2947317957878113,0.5987794995307922,0.3373097777366638,0.5655657052993774,0.36632975935935974,0.5711512565612793,0.38412511348724365,0.5869717001914978,O
0.3129030466079712,0.7223593592643738,0.3588480055332184,0.680289626121521,0.38603755831718445,0.6420939564704895,0.4083688259124756,0.6171717047691345,0.41598743200302124,0.596195638179779,0.32317954301834106,0.5669295191764832,0.3614494502544403,0.5277715921401978,0.39354321360588074,0.5457075238227844,0.40885359048843384,0.5712233781814575,0.3106279671192169,0.5676263570785522,0.36103135347366333,0.5242717862129211,0.3961656093597412,0.5471895337104797,0.4109749495983124,0.577958881855011,0.30575209856033325,0.5755805969238281,0.35638582706451416,0.5320213437080383,0.39144468307495117,0.5525346398353577,0.4075477719306946,0.5812296867370605,0.30896350741386414,0.5902770757675171,0.3521656095981598,0.5593430995941162,0.38087987899780273,0.5650471448898315,0.3984919786453247,0.5788043141365051,O
0.3071383833885193,0.7113606929779053,0.3524892330169678,0.6724600791931152,0.38084572553634644,0.6332762241363525,0.40352606773376465,0.609321653842926,0.4125061333179474,0.5872730612754822,0.32323145866394043,0.5552542805671692,0.3574008345603943,0.5192878842353821,0.38843244314193726,0.5361770391464233,0.4033527374267578,0.5601324439048767,0.3102371394634247,0.5545506477355957,0.3566494286060333,0.5142450332641602,0.3901226222515106,0.5378790497779846,0.40318113565444946,0.5677903890609741,0.3036004602909088,0.5612001419067383,0.3519930839538574,0.520933985710144,0.3857077658176422,0.542025089263916,0.4005306661128998,0.5696577429771423,0.303472101688385,0.5754442811012268,0.34560272097587585,0.5470229983329773,0.37373676896095276,0.5542184114456177,0.390199214220047,0.5683485269546509,O
0.3006756007671356,0.7043607831001282,0.3462115228176117,0.6663419604301453,0.374878466129303,0.6281445622444153,0.39870885014533997,0.6036118268966675,0.4047020971775055,0.5806357860565186,0.312591016292572,0.5474921464920044,0.34808921813964844,0.5111623406410217,0.37969204783439636,0.5297252535820007,0.3946123719215393,0.5549353361129761,0.2993880808353424,0.5476831793785095,0.34745049476623535,0.50690758228302,0.3825471103191376,0.5309023261070251,0.39689481258392334,0.5619426369667053,0.29287612438201904,0.5552743673324585,0.34297120571136475,0.5168865919113159,0.37876036763191223,0.5374600887298584,0.3951672315597534,0.5655388832092285,0.29368141293525696,0.5711212158203125,0.3366573750972748,0.5424184203147888,0.36613768339157104,0.5479666590690613,0.3841777443885803,0.5614674687385559,O
0.291093111038208,0.71124267578125,0.3364321291446686,0.6731933951377869,0.36595991253852844,0.6345874667167664,0.39187294244766235,0.6110920310020447,0.39832693338394165,0.5857862234115601,0.30310094356536865,0.555663526058197,0.3393309712409973,0.5156386494636536,0.3719204068183899,0.5310437083244324,0.38870707154273987,0.5563045144081116,0.29016321897506714,0.5565784573554993,0.33865979313850403,0.5105932950973511,0.37444138526916504,0.5322980284690857,0.39006635546684265,0.5635377764701843,0.28423890471458435,0.5631790161132812,0.33445918560028076,0.5212492942810059,0.37063097953796387,0.541995644569397,0.3871772289276123,0.5701335668563843,0.2864532768726349,0.5772561430931091,0.32891640067100525,0.5438697338104248,0.3585270345211029,0.5510467290878296,0.37630072236061096,0.5668776035308838,O
0.2875262498855591,0.7165524959564209,0.333233505487442,0.6779360771179199,0.36280015110969543,0.6379206776618958,0.3872787654399872,0.6147357225418091,0.3972863554954529,0.5910137295722961,0.30217599868774414,0.5585593581199646,0.3396375775337219,0.5204229950904846,0.3728668689727783,0.5372442603111267,0.3892422020435333,0.5629807710647583,0.28872138261795044,0.5584496259689331,0.33860623836517334,0.5146377682685852,0.37502917647361755,0.5387243032455444,0.38989439606666565,0.5708674192428589,0.2821498513221741,0.565239429473877,0.332185834646225,0.523460328578949,0.36889249086380005,0.5460019111633301,0.3855012357234955,0.574677586555481,0.28352367877960205,0.5803297162055969,0.3254540264606476,0.5475234985351562,0.3556705713272095,0.5551474094390869,0.3741840422153473,0.5709106922149658,O
0.285715252161026,0.7239099740982056,0.33229392766952515,0.6840388774871826,0.36057141423225403,0.6440138220787048,0.38456088304519653,0.621155858039856,0.39764589071273804,0.5987503528594971,0.29571300745010376,0.5633878707885742,0.3366798162460327,0.524986743927002,0.3706054091453552,0.5424915552139282,0.38722604513168335,0.5688684582710266,0.2827092111110687,0.5638447403907776,0.33641934394836426,0.5196921825408936,0.37334752082824707,0.5444210767745972,0.3883817195892334,0.576901912689209,0.27792784571647644,0.5716115236282349,0.331016480922699,0.5295107364654541,0.3676510751247406,0.5520896911621094,0.38417184352874756,0.5807867050170898,0.2812872529029846,0.5873135924339294,0.3252891004085541,0.5546885132789612,0.3551844656467438,0.5626410841941833,0.37316107749938965,0.5783902406692505,O
0.28381747007369995,0.7258404493331909,0.3295176923274994,0.6852716207504272,0.3598651587963104,0.6456418633460999,0.38402438163757324,0.6217581629753113,0.3951358199119568,0.5956318974494934,0.2966805696487427,0.564460039138794,0.335640549659729,0.525650680065155,0.36983436346054077,0.5441170930862427,0.3867812752723694,0.5699808597564697,0.2822434604167938,0.563836395740509,0.3347620368003845,0.5199762582778931,0.3716719448566437,0.544965386390686,0.3870719075202942,0.5768172144889832,0.275391548871994,0.5712807178497314,0.32812902331352234,0.5295345783233643,0.3649931848049164,0.5518815517425537,0.3824535608291626,0.5807371735572815,0.2769307792186737,0.5871607065200806,0.3205523192882538,0.5565913915634155,0.3512040376663208,0.5642079710960388,0.3704497218132019,0.5797408223152161,O
0.2855660021305084,0.7267763018608093,0.33288460969924927,0.6858105659484863,0.36164408922195435,0.6464751362800598,0.38466113805770874,0.6222811937332153,0.3960605561733246,0.5974100232124329,0.29956987500190735,0.5649014711380005,0.3363601863384247,0.524417519569397,0.37068256735801697,0.5424894094467163,0.387299507856369,0.5689062476158142,0.2851322889328003,0.5646006464958191,0.3356587886810303,0.5187870860099792,0.37252742052078247,0.5436373353004456,0.38743072748184204,0.5759658217430115,0.2781983017921448,0.5718739032745361,0.3306565582752228,0.5291646718978882,0.3676237165927887,0.5518332123756409,0.38460975885391235,0.5814329385757446,0.2797641456127167,0.5871645212173462,0.3241040110588074,0.5548737645149231,0.3550148904323578,0.5630611181259155,0.3737568259239197,0.5797119140625,O
0.2876938283443451,0.7216345071792603,0.3350248634815216,0.6808404922485352,0.3642658591270447,0.6432270407676697,0.38763299584388733,0.6176323294639587,0.3982747197151184,0.5916913151741028,0.3052762746810913,0.5615283250808716,0.33975544571876526,0.5206594467163086,0.3729001581668854,0.5369022488594055,0.3894411623477936,0.561610758304596,0.2909950613975525,0.5604295134544373,0.33858761191368103,0.5143111348152161,0.37426337599754333,0.5374623537063599,0.3895188271999359,0.568350613117218,0.2833057940006256,0.5666350722312927,0.33441799879074097,0.523533821105957,0.37000399827957153,0.5459432601928711,0.3868022859096527,0.5757887959480286,0.2833542823791504,0.5808349847793579,0.32833659648895264,0.5506437420845032,0.3586634397506714,0.5579041242599487,0.3775585889816284,0.5734615921974182,O
0.2901255786418915,0.7223507761955261,0.33560606837272644,0.6831610798835754,0.3657781481742859,0.6441178321838379,0.389755517244339,0.6185042858123779,0.39746174216270447,0.5925964117050171,0.30561012029647827,0.560433566570282,0.3415324091911316,0.521514892578125,0.37474626302719116,0.5395307540893555,0.39069968461990356,0.5646193027496338,0.2908995747566223,0.5600042343139648,0.339150071144104,0.5163232684135437,0.3754159212112427,0.5412299633026123,0.3902411162853241,0.5726398825645447,0.28313910961151123,0.5673428177833557,0.3328574597835541,0.5251407623291016,0.3693528175354004,0.5473406910896301,0.38657668232917786,0.5762829780578613,0.2832643985748291,0.5833724141120911,0.32672008872032166,0.5517314076423645,0.3572649657726288,0.559615433216095,0.3760794997215271,0.5757737159729004,O
0.28805485367774963,0.7213757038116455,0.33461371064186096,0.6819205284118652,0.36494719982147217,0.6431223750114441,0.3900946378707886,0.6182733774185181,0.3983876407146454,0.5934656858444214,0.29882875084877014,0.5588603615760803,0.33786046504974365,0.5188596844673157,0.37277889251708984,0.5376541018486023,0.3899717628955841,0.5639622211456299,0.2849728465080261,0.5586913824081421,0.33843091130256653,0.5137866139411926,0.37634024024009705,0.5394245386123657,0.3919500708580017,0.572128415107727,0.27929040789604187,0.5666115283966064,0.33309003710746765,0.5251262187957764,0.37130022048950195,0.5477631092071533,0.38918614387512207,0.5769123435020447,0.2821703553199768,0.5830802917480469,0.32663238048553467,0.5520153045654297,0.3577234745025635,0.5601922869682312,0.37700074911117554,0.5763807892799377,O
0.28755906224250793,0.7175454497337341,0.3340310752391815,0.6792470216751099,0.3650033473968506,0.6397264003753662,0.39014893770217896,0.6140831708908081,0.3972911238670349,0.5882686376571655,0.3026537299156189,0.5553244948387146,0.3391585946083069,0.5144155025482178,0.3734351396560669,0.5336031913757324,0.3890211880207062,0.5612828135490417,0.2883071005344391,0.5549960136413574,0.33830583095550537,0.5097256898880005,0.3753834068775177,0.5347408056259155,0.3897864818572998,0.5674189925193787,0.28082922101020813,0.5621508359909058,0.3334163725376129,0.5209629535675049,0.3705309331417084,0.5436996817588806,0.386930912733078,0.5731799602508545,0.2816106081008911,0.5775863528251648,0.3273996114730835,0.5479019284248352,0.358249306678772,0.5567727088928223,0.37640154361724854,0.5735929608345032,O
0.2834431827068329,0.7118610739707947,0.33044153451919556,0.672717273235321,0.3615896999835968,0.633239209651947,0.3865441083908081,0.6088051795959473,0.39405426383018494,0.5820256471633911,0.29797637462615967,0.5473893284797668,0.3354816436767578,0.5087594985961914,0.36891329288482666,0.5279873013496399,0.3847948908805847,0.5547040104866028,0.28386417031288147,0.546963632106781,0.33498191833496094,0.5041202306747437,0.3713322579860687,0.5290177464485168,0.3858254849910736,0.5612186193466187,0.27691277861595154,0.5552806258201599,0.3294382393360138,0.5138663053512573,0.366256445646286,0.5357521772384644,0.3829928934574127,0.5643933415412903,0.27795255184173584,0.5727177262306213,0.3221031427383423,0.5423579812049866,0.3525852560997009,0.5500045418739319,0.37131422758102417,0.5658130049705505,O
0.27945080399513245,0.7130651473999023,0.3272002339363098,0.6731434464454651,0.35821545124053955,0.6323309540748596,0.38421258330345154,0.6079133749008179,0.3921527862548828,0.5842688679695129,0.29200032353401184,0.5475603938102722,0.3316391110420227,0.5092630386352539,0.366295725107193,0.5271367430686951,0.3832741975784302,0.5534480810165405,0.2781393826007843,0.5477170944213867,0.3305675685405731,0.5046510100364685,0.3684675395488739,0.5287249684333801,0.38464388251304626,0.5613084435462952,0.272429496049881,0.5554640889167786,0.3256630301475525,0.5149237513542175,0.3633636236190796,0.536854088306427,0.38084834814071655,0.5658222436904907,0.27565526962280273,0.5715569853782654,0.3205556571483612,0.5406708121299744,0.3508259952068329,0.5491355657577515,0.3693241775035858,0.5658690929412842,O
0.2764882445335388,0.7156747579574585,0.3246486186981201,0.6754480004310608,0.3554024398326874,0.6342015266418457,0.381151020526886,0.6101219058036804,0.39098772406578064,0.5866312384605408,0.2887994050979614,0.5484327673912048,0.32848450541496277,0.5101111531257629,0.36360445618629456,0.5277136564254761,0.3810243308544159,0.5544573664665222,0.27483054995536804,0.5483105182647705,0.3276599943637848,0.5053535103797913,0.3656913638114929,0.5296684503555298,0.3818051218986511,0.5622118711471558,0.26924312114715576,0.5561091899871826,0.3227176070213318,0.5157457590103149,0.3605353534221649,0.537967324256897,0.3780275881290436,0.5669185519218445,0.2725776433944702,0.5724090337753296,0.31760457158088684,0.5412612557411194,0.3483922481536865,0.549882709980011,0.36721715331077576,0.5667434334754944,O
0.27347826957702637,0.7081828713417053,0.321826696395874,0.6677367687225342,0.3528599143028259,0.6283910870552063,0.3776601552963257,0.6039900183677673,0.38565632700920105,0.5778356194496155,0.2880714237689972,0.5418646335601807,0.3255043029785156,0.5030442476272583,0.35937124490737915,0.5217989683151245,0.3760718107223511,0.5487442016601562,0.27382469177246094,0.5409216284751892,0.32573992013931274,0.49843642115592957,0.36248520016670227,0.5232558250427246,0.37758970260620117,0.556105375289917,0.26660796999931335,0.5486960411071777,0.3214331269264221,0.508526086807251,0.35894984006881714,0.5312406420707703,0.37631192803382874,0.5605344772338867,0.2675051987171173,0.5653748512268066,0.31390830874443054,0.5365828275680542,0.34519895911216736,0.5444051027297974,0.3647429645061493,0.5600603818893433,O
0.27414044737815857,0.7108932733535767,0.3215648829936981,0.6708961725234985,0.3520676791667938,0.6302757263183594,0.3766191601753235,0.6049763560295105,0.3853662610054016,0.5797916054725647,0.2883533537387848,0.5447989106178284,0.3257542848587036,0.5050649642944336,0.36031585931777954,0.5227360725402832,0.37737324833869934,0.5494125485420227,0.2735804617404938,0.5440189838409424,0.3246072828769684,0.49977409839630127,0.362408846616745,0.5239967703819275,0.378203421831131,0.5571527481079102,0.2661798596382141,0.5513671636581421,0.31885021924972534,0.5099133849143982,0.35640421509742737,0.5321739912033081,0.37398040294647217,0.5616307258605957,0.2671367824077606,0.5672658085823059,0.3121151626110077,0.5363786220550537,0.3429557979106903,0.5443453788757324,0.3618582785129547,0.5605629086494446,O
0.2750042974948883,0.7153275609016418,0.3231453597545624,0.6747705936431885,0.35322442650794983,0.6335681080818176,0.377557635307312,0.6081880927085876,0.38582444190979004,0.5828442573547363,0.2898969054222107,0.5506716966629028,0.3283798098564148,0.5103684663772583,0.3627401888370514,0.5278139114379883,0.3790978193283081,0.5539686679840088,0.27546608448028564,0.5495593547821045,0.3274620473384857,0.5034679770469666,0.36514317989349365,0.5284348130226135,0.38021183013916016,0.5616782307624817,0.26831477880477905,0.5560839176177979,0.3216194808483124,0.5131665468215942,0.3587875962257385,0.5368824005126953,0.375216007232666,0.5671218037605286,0.26944416761398315,0.5707803964614868,0.31567952036857605,0.5383572578430176,0.34655940532684326,0.5489577651023865,0.3644844591617584,0.5674998760223389,O
0.2775227129459381,0.7129746675491333,0.32403168082237244,0.6731727123260498,0.35469886660575867,0.6339797377586365,0.3794153034687042,0.6076332926750183,0.38541579246520996,0.5806726217269897,0.29021304845809937,0.5477676391601562,0.3276045322418213,0.5077629685401917,0.36166414618492126,0.5263901948928833,0.3778345584869385,0.5530276298522949,0.2753365635871887,0.546868085861206,0.32624030113220215,0.5029650926589966,0.3633503317832947,0.5276696085929871,0.3786131739616394,0.5601552724838257,0.2679124176502228,0.5540853142738342,0.3213552236557007,0.5128660202026367,0.3580138683319092,0.5356341600418091,0.3748804032802582,0.565552294254303,0.2688363790512085,0.5697465538978577,0.31521084904670715,0.5401912331581116,0.34569022059440613,0.5492495894432068,0.36395373940467834,0.5664950609207153,O
0.2760932147502899,0.7153676748275757,0.3241823613643646,0.6751846075057983,0.3556716740131378,0.6344736218452454,0.3806484043598175,0.6087363958358765,0.38706305623054504,0.5823811888694763,0.291225403547287,0.5498531460762024,0.3304852843284607,0.5105553269386292,0.36473947763442993,0.5288991928100586,0.380619615316391,0.5553076267242432,0.2764011323451996,0.5489706993103027,0.3287162184715271,0.5049639940261841,0.366006076335907,0.5297775268554688,0.38092803955078125,0.562231183052063,0.2692476212978363,0.5561794638633728,0.3229949474334717,0.5152083039283752,0.35963019728660583,0.5382279753684998,0.3759172260761261,0.5678180456161499,0.27089089155197144,0.5715864896774292,0.31766265630722046,0.5407992601394653,0.34786713123321533,0.5509376525878906,0.3652937114238739,0.5688790082931519,O
0.2773183584213257,0.7143990993499756,0.32539576292037964,0.6738431453704834,0.35544779896736145,0.6341085433959961,0.3801453411579132,0.6088472008705139,0.38811352849006653,0.5831570029258728,0.29216158390045166,0.5499512553215027,0.3288249969482422,0.5097407102584839,0.3632599711418152,0.5272777080535889,0.3798362612724304,0.5535879135131836,0.2774486541748047,0.5489983558654785,0.3277484178543091,0.5047789812088013,0.36549004912376404,0.5288150906562805,0.38080304861068726,0.5617566108703613,0.2699653208255768,0.5562083125114441,0.3222750127315521,0.514773964881897,0.36001822352409363,0.5372061133384705,0.3770475387573242,0.5668408870697021,0.27082329988479614,0.5720027685165405,0.3163101375102997,0.5410667061805725,0.3472153842449188,0.5502095818519592,0.36550047993659973,0.5677714347839355,O
0.2763715982437134,0.7160080075263977,0.32364118099212646,0.6760870218276978,0.35458487272262573,0.6353182196617126,0.37945622205734253,0.6102970838546753,0.3888300657272339,0.5856524109840393,0.29060280323028564,0.5500573515892029,0.32902753353118896,0.5107572078704834,0.3637053668498993,0.5293867588043213,0.3804512023925781,0.556226909160614,0.2757582366466522,0.5494722127914429,0.327723890542984,0.5056096911430359,0.3655455410480499,0.5308226943016052,0.38106876611709595,0.5637011528015137,0.26876258850097656,0.5571886301040649,0.32208937406539917,0.5162046551704407,0.3596278131008148,0.539228618144989,0.37702152132987976,0.5687642097473145,0.2702765464782715,0.5734405517578125,0.3153582811355591,0.5426656007766724,0.3462228775024414,0.5511989593505859,0.36510705947875977,0.5677077174186707,O
0.2787698209285736,0.7140040397644043,0.3258955478668213,0.6737062931060791,0.35667693614959717,0.634884774684906,0.3807867765426636,0.6101152896881104,0.3877237141132355,0.5833780169487,0.29479074478149414,0.5496654510498047,0.33094239234924316,0.5089877843856812,0.36493656039237976,0.5277425050735474,0.38080260157585144,0.5547218322753906,0.2797092795372009,0.5486670136451721,0.32914304733276367,0.5041611790657043,0.36610954999923706,0.5290124416351318,0.38086163997650146,0.5623424649238586,0.2712535858154297,0.5557729005813599,0.32309430837631226,0.513941764831543,0.3601508140563965,0.5369179844856262,0.37689846754074097,0.5673615336418152,0.2706763744354248,0.5715147852897644,0.3161449432373047,0.5413827300071716,0.3468998670578003,0.5499753355979919,0.36515891551971436,0.5670171976089478,O
0.28012895584106445,0.7129878997802734,0.3262988328933716,0.6727455854415894,0.35645925998687744,0.6339407563209534,0.38066715002059937,0.6093389987945557,0.38916105031967163,0.5824501514434814,0.2921126186847687,0.5492488145828247,0.3294545114040375,0.5094183683395386,0.3636804521083832,0.5274348258972168,0.38032227754592896,0.5532872676849365,0.2773088812828064,0.5485848188400269,0.328467458486557,0.5038124918937683,0.3661562204360962,0.5280330777168274,0.3819003999233246,0.560638427734375,0.27000942826271057,0.5559979677200317,0.3235474228858948,0.5142785310745239,0.36111024022102356,0.5366815328598022,0.3785439133644104,0.5663408637046814,0.271083801984787,0.5718599557876587,0.3170422315597534,0.5407362580299377,0.34812527894973755,0.5490151643753052,0.36695945262908936,0.565703809261322,O
0.2765994369983673,0.710830807685852,0.3235441744327545,0.6711999773979187,0.35458311438560486,0.6313309669494629,0.37978991866111755,0.6061542630195618,0.38829752802848816,0.5799907445907593,0.28869616985321045,0.5444836616516113,0.3271240293979645,0.5071189403533936,0.36167314648628235,0.5249760150909424,0.3785232901573181,0.5513579249382019,0.27443727850914,0.5441709756851196,0.32663777470588684,0.5029271841049194,0.3641485273838043,0.5267083048820496,0.37997689843177795,0.5586958527565002,0.2678152620792389,0.5521681308746338,0.3220926821231842,0.5140987634658813,0.35977232456207275,0.535721480846405,0.37746548652648926,0.5643249154090881,0.2695736885070801,0.5686199069023132,0.3160274624824524,0.5402007699012756,0.3468114137649536,0.5485437512397766,0.3656070828437805,0.5648598074913025,O
0.2775002717971802,0.7077926993370056,0.3242969512939453,0.6695470213890076,0.3547266125679016,0.6301599144935608,0.3791089951992035,0.6049045920372009,0.3870796859264374,0.5801804661750793,0.29067686200141907,0.5421637892723083,0.3289072811603546,0.502958357334137,0.36342641711235046,0.5224770903587341,0.37999212741851807,0.5500842332839966,0.27587273716926575,0.5418497323989868,0.3285808563232422,0.4991145133972168,0.365772008895874,0.5240521430969238,0.3809545934200287,0.5574806928634644,0.2684788703918457,0.5497940182685852,0.32409802079200745,0.5111345052719116,0.36131638288497925,0.5341735482215881,0.37812739610671997,0.5641945600509644,0.26935112476348877,0.5661360025405884,0.3160700798034668,0.537869930267334,0.3469184339046478,0.5465463399887085,0.36560338735580444,0.5632940530776978,O
0.27599072456359863,0.7072303295135498,0.32291504740715027,0.6671865582466125,0.3530997633934021,0.6277146339416504,0.3783644735813141,0.6029870510101318,0.38668620586395264,0.5784144401550293,0.28612369298934937,0.5430930852890015,0.32541579008102417,0.5041912198066711,0.36048203706741333,0.5225431323051453,0.37759241461753845,0.5490699410438538,0.27220219373703003,0.5426410436630249,0.3255935311317444,0.4995521306991577,0.3634619116783142,0.5242670774459839,0.3792443573474884,0.556435227394104,0.26667022705078125,0.5502045750617981,0.32131484150886536,0.5100232362747192,0.35876888036727905,0.532738447189331,0.3759676218032837,0.5619373917579651,0.26989245414733887,0.5658214092254639,0.31620529294013977,0.5358830690383911,0.3468865156173706,0.5450286269187927,0.3655351996421814,0.5620094537734985,O
0.26809412240982056,0.7094525098800659,0.315555214881897,0.6672458052635193,0.3452009856700897,0.626431405544281,0.37065356969833374,0.6037907600402832,0.3830380141735077,0.5818019509315491,0.2775776982307434,0.5431437492370605,0.3167532980442047,0.5054594278335571,0.35119158029556274,0.5220209360122681,0.3685576915740967,0.5471274256706238,0.26389071345329285,0.543634831905365,0.31728509068489075,0.501420259475708,0.3541899025440216,0.5250213742256165,0.36987510323524475,0.5564156174659729,0.25866860151290894,0.5517677664756775,0.31252968311309814,0.5119047164916992,0.3499526083469391,0.5341706275939941,0.3674563765525818,0.5627157688140869,0.26241546869277954,0.5681943297386169,0.30698904395103455,0.536765456199646,0.33787211775779724,0.5441133379936218,0.35728228092193604,0.559637188911438,O
0.2582913041114807,0.7085914015769958,0.306085467338562,0.6672059893608093,0.3372172713279724,0.6273753643035889,0.3635145425796509,0.603302001953125,0.3710194528102875,0.5775994062423706,0.27431219816207886,0.5455556511878967,0.3089034855365753,0.5052719712257385,0.3421502113342285,0.521486222743988,0.35873305797576904,0.546636164188385,0.25971749424934387,0.5450829267501831,0.3080102801322937,0.5002564191818237,0.3445836305618286,0.5224220156669617,0.36040782928466797,0.5541878938674927,0.25158894062042236,0.5520710349082947,0.30234137177467346,0.5108600854873657,0.33974307775497437,0.5328315496444702,0.35734227299690247,0.5618675947189331,0.2518651485443115,0.5680075883865356,0.29640981554985046,0.5364247560501099,0.3276095688343048,0.5436522960662842,0.34703272581100464,0.5596548914909363,O
0.2542675733566284,0.7084330320358276,0.3007276952266693,0.6680267453193665,0.33178848028182983,0.6266615986824036,0.3577570617198944,0.6003528833389282,0.3636479377746582,0.5744874477386475,0.2703491449356079,0.5438984632492065,0.30433470010757446,0.5028634667396545,0.33700448274612427,0.5200444459915161,0.35258588194847107,0.5456565618515015,0.2551829516887665,0.5438457131385803,0.30197834968566895,0.49793049693107605,0.33884480595588684,0.5205931663513184,0.3543604612350464,0.552888810634613,0.2462303340435028,0.5511506795883179,0.2952043116092682,0.5078949332237244,0.3324730396270752,0.5295785069465637,0.34954833984375,0.5589666366577148,0.24526159465312958,0.5676078200340271,0.2887932062149048,0.5343576073646545,0.31938794255256653,0.5427104830741882,0.3374885022640228,0.5597802400588989,O
0.2557900547981262,0.7081433534622192,0.3016391098499298,0.6712958812713623,0.3328869938850403,0.6288447380065918,0.3581130802631378,0.5996230840682983,0.364246129989624,0.5781002044677734,0.2744508385658264,0.5470583438873291,0.30820438265800476,0.5076802968978882,0.34074777364730835,0.5244572162628174,0.3560177683830261,0.5494301915168762,0.2589212656021118,0.5462520122528076,0.3042726218700409,0.5012221932411194,0.3399675488471985,0.5247920155525208,0.35478511452674866,0.5561558604240417,0.249210923910141,0.5521023273468018,0.2965487837791443,0.5093479752540588,0.3321435749530792,0.5315645933151245,0.3487502634525299,0.5605016350746155,0.24694257974624634,0.5661588311195374,0.2894582748413086,0.5344974994659424,0.31926780939102173,0.5438737869262695,0.33731406927108765,0.5612448453903198,O
0.25716084241867065,0.7111386060714722,0.3039867877960205,0.6728194952011108,0.33452555537223816,0.6314770579338074,0.35933175683021545,0.6044778227806091,0.36923283338546753,0.584075391292572,0.278667688369751,0.552048921585083,0.3115699887275696,0.5123916864395142,0.3436594307422638,0.5295080542564392,0.35873502492904663,0.5550835132598877,0.2629568874835968,0.5509327054023743,0.30716174840927124,0.5051627159118652,0.34249529242515564,0.5291306972503662,0.35672691464424133,0.5608900785446167,0.25290393829345703,0.556366503238678,0.2991807758808136,0.5127030611038208,0.3347349762916565,0.5356740951538086,0.3509368300437927,0.5650181174278259,0.25002890825271606,0.5703282356262207,0.29181501269340515,0.5371935367584229,0.3219320476055145,0.5478006601333618,0.3397764265537262,0.5666716694831848,O
0.2555341422557831,0.7152283191680908,0.3031442165374756,0.6765689849853516,0.3326815366744995,0.6351460218429565,0.3576831817626953,0.6082479357719421,0.366758793592453,0.587512731552124,0.2735522389411926,0.5559607744216919,0.3073272407054901,0.5158020257949829,0.33976927399635315,0.5315796136856079,0.35621845722198486,0.5566828846931458,0.25867021083831787,0.5557335019111633,0.3051586151123047,0.5094822645187378,0.3409288823604584,0.532520055770874,0.3561813533306122,0.5654365420341492,0.24977600574493408,0.5619771480560303,0.29813820123672485,0.5186210870742798,0.33408427238464355,0.541271984577179,0.3508901000022888,0.570949912071228,0.24820226430892944,0.5765222907066345,0.2910037934780121,0.5436767935752869,0.3210807740688324,0.552251935005188,0.3393850326538086,0.5690409541130066,O
0.25735339522361755,0.7241588830947876,0.30418410897254944,0.6849019527435303,0.33473604917526245,0.6435906887054443,0.35975340008735657,0.6165699362754822,0.3673893213272095,0.5927122235298157,0.27655723690986633,0.5649930238723755,0.31048282980918884,0.5245720148086548,0.3434855341911316,0.5409864783287048,0.3592504858970642,0.5664314031600952,0.2622426152229309,0.5652251839637756,0.30825260281562805,0.5182503461837769,0.3450400233268738,0.5415659546852112,0.36073726415634155,0.5734666585922241,0.25295037031173706,0.5710468292236328,0.30154889822006226,0.5284143090248108,0.33808159828186035,0.550216794013977,0.35535064339637756,0.5791189670562744,0.25041401386260986,0.5850118398666382,0.29402729868888855,0.5529207587242126,0.32457900047302246,0.5611240267753601,0.343191534280777,0.5775719285011292,O
0.2598422169685364,0.7277452945709229,0.3066149652004242,0.6879196166992188,0.33652615547180176,0.6458665132522583,0.3611282706260681,0.6173193454742432,0.3675345778465271,0.5935709476470947,0.2777969241142273,0.5679614543914795,0.3101310431957245,0.5272690653800964,0.3428225815296173,0.5428616404533386,0.3594167232513428,0.5669221878051758,0.2628582715988159,0.5678203701972961,0.30673322081565857,0.5207598209381104,0.34291505813598633,0.5426434278488159,0.3590022921562195,0.574308454990387,0.25363945960998535,0.5742461681365967,0.29959675669670105,0.5297459959983826,0.336179256439209,0.5502040982246399,0.35408881306648254,0.5786237716674805,0.2517697513103485,0.5893635749816895,0.2919338345527649,0.5547354817390442,0.3220032751560211,0.5618832111358643,0.34101402759552,0.578331708908081,O
0.26098886132240295,0.7290341258049011,0.30647215247154236,0.688888669013977,0.33554601669311523,0.6474249958992004,0.35914725065231323,0.6208574771881104,0.36745062470436096,0.5957632064819336,0.2777436375617981,0.569142758846283,0.31010186672210693,0.527490496635437,0.34272462129592896,0.544156014919281,0.35872799158096313,0.5699652433395386,0.2628938853740692,0.5687500238418579,0.3076092302799225,0.5214147567749023,0.34334391355514526,0.5450640916824341,0.3579499125480652,0.5774912238121033,0.2537727653980255,0.5751092433929443,0.3004000186920166,0.5302427411079407,0.3363967537879944,0.5523597002029419,0.3530454933643341,0.5815933346748352,0.2517399191856384,0.5899950861930847,0.292581707239151,0.5568752288818359,0.3227429687976837,0.5647210478782654,0.3413892388343811,0.5810677409172058,O
0.26176711916923523,0.7367546558380127,0.3093975782394409,0.6933490037918091,0.337013304233551,0.6533493995666504,0.3603299856185913,0.629106342792511,0.37212073802948,0.606145977973938,0.27537184953689575,0.5744312405586243,0.3125712275505066,0.5357158780097961,0.34675249457359314,0.5521479845046997,0.3636963665485382,0.5771639943122864,0.2616420388221741,0.5756174921989441,0.31127870082855225,0.5303865671157837,0.3485715985298157,0.5534768104553223,0.36458513140678406,0.58505779504776,0.254433810710907,0.5831909775733948,0.3038320541381836,0.5413126349449158,0.3407134711742401,0.5619871616363525,0.3582151532173157,0.590192973613739,0.25432875752449036,0.5984417796134949,0.29757723212242126,0.5665631294250488,0.3277960419654846,0.5734860897064209,0.346480131149292,0.5888841152191162,O
0.2661643922328949,0.7419261932373047,0.3132670223712921,0.6983239650726318,0.33980292081832886,0.656627357006073,0.36190053820610046,0.6317355036735535,0.37813329696655273,0.609981894493103,0.28025153279304504,0.5808654427528381,0.31501898169517517,0.5403491854667664,0.3492818772792816,0.5557929873466492,0.3665708303451538,0.5795792937278748,0.2662459909915924,0.5807526707649231,0.31382766366004944,0.5330796837806702,0.3518102765083313,0.5549872517585754,0.36833328008651733,0.5866538882255554,0.2587934732437134,0.587454617023468,0.3079651892185211,0.5441573858261108,0.3457784354686737,0.5648022294044495,0.3634931743144989,0.593113362789154,0.2581583261489868,0.6020015478134155,0.30090731382369995,0.5688457489013672,0.3320302963256836,0.5764305591583252,0.35104554891586304,0.5928542017936707,O
0.2733692526817322,0.7452985644340515,0.32111474871635437,0.6986391544342041,0.3478745222091675,0.6574594378471375,0.3690529465675354,0.6330327391624451,0.3841223120689392,0.6116077303886414,0.2807770073413849,0.5785960555076599,0.31976741552352905,0.5393270254135132,0.35421836376190186,0.5553508400917053,0.37202250957489014,0.5791928172111511,0.26706215739250183,0.5801742672920227,0.3198245167732239,0.5351462364196777,0.3567468523979187,0.5571725368499756,0.372930109500885,0.5886028409004211,0.26199871301651,0.5894793272018433,0.3144787847995758,0.5461906790733337,0.3509155809879303,0.5666929483413696,0.3680233061313629,0.5952485799789429,0.26528042554855347,0.6058724522590637,0.3081279397010803,0.5715195536613464,0.3375549614429474,0.5779444575309753,0.35556483268737793,0.5933684706687927,O
0.2791067957878113,0.7421516180038452,0.32717880606651306,0.696347713470459,0.3543943166732788,0.6566483974456787,0.3762998878955841,0.6317402720451355,0.3869708180427551,0.6080312132835388,0.285458505153656,0.5774049758911133,0.32530584931373596,0.5373649001121521,0.3597426116466522,0.5547674298286438,0.37751060724258423,0.5797125101089478,0.27196627855300903,0.5785502791404724,0.326066792011261,0.5329675674438477,0.36248791217803955,0.5560662746429443,0.3791334629058838,0.5880595445632935,0.2672257423400879,0.5872656106948853,0.32148340344429016,0.5446215867996216,0.3580451011657715,0.5660423040390015,0.37624096870422363,0.595528781414032,0.2714902460575104,0.6029601097106934,0.315186083316803,0.5702735185623169,0.3448331356048584,0.5761426091194153,0.36421915888786316,0.5908787846565247,O
0.28402504324913025,0.7400023341178894,0.33529967069625854,0.6932699680328369,0.36217212677001953,0.6539088487625122,0.38450270891189575,0.6307107210159302,0.3942732810974121,0.608786404132843,0.2911594808101654,0.5750048756599426,0.3329903483390808,0.5345315933227539,0.36765027046203613,0.5519006252288818,0.3853324353694916,0.5775571465492249,0.2785487473011017,0.5766686201095581,0.33495745062828064,0.5306461453437805,0.37178048491477966,0.5544556975364685,0.387893944978714,0.5866284370422363,0.27490052580833435,0.5858235359191895,0.3309239447116852,0.5418631434440613,0.3678603172302246,0.5644402503967285,0.3850778043270111,0.5943241715431213,0.2805916965007782,0.6020827293395996,0.3243245780467987,0.5676259994506836,0.3540688157081604,0.5745968818664551,0.3730495870113373,0.5903386473655701,O
0.28748619556427,0.7403435707092285,0.3371613919734955,0.6960059404373169,0.3642290234565735,0.6548667550086975,0.38658177852630615,0.6321013569831848,0.4013606011867523,0.6122498512268066,0.2977084517478943,0.574855625629425,0.33980605006217957,0.5337569117546082,0.37415987253189087,0.5519073009490967,0.39129459857940674,0.5789289474487305,0.2849465608596802,0.5757892727851868,0.34171444177627563,0.5291247963905334,0.3783845901489258,0.5544005632400513,0.3932771682739258,0.5879915952682495,0.2813245952129364,0.5847437977790833,0.33681875467300415,0.5404427647590637,0.37367013096809387,0.564947783946991,0.39006268978118896,0.5953814387321472,0.2868148386478424,0.600889265537262,0.33068612217903137,0.5660068988800049,0.36088162660598755,0.5743327140808105,0.37948158383369446,0.5906665325164795,O
0.29012179374694824,0.7420573234558105,0.339292049407959,0.6968159675598145,0.36672061681747437,0.6573197841644287,0.38978680968284607,0.6336574554443359,0.403376966714859,0.611746609210968,0.30086004734039307,0.5757701396942139,0.34256014227867126,0.5349599719047546,0.37690943479537964,0.5529908537864685,0.3938436508178711,0.5797763466835022,0.28819823265075684,0.5761944055557251,0.3443898856639862,0.530498743057251,0.381333589553833,0.5562881827354431,0.39628496766090393,0.5904437303543091,0.2843177020549774,0.5845634937286377,0.3400731384754181,0.5417129993438721,0.37708136439323425,0.5661338567733765,0.39361193776130676,0.5971283316612244,0.2891506552696228,0.6000193357467651,0.33398956060409546,0.5662268400192261,0.36390185356140137,0.5749972462654114,0.3819369077682495,0.5921359062194824,O
0.2935921251773834,0.7390118837356567,0.34336942434310913,0.6937887668609619,0.37058019638061523,0.6556066274642944,0.3930296003818512,0.6320382952690125,0.4073432385921478,0.6124320030212402,0.3042752146720886,0.5740092992782593,0.3453335464000702,0.5318182706832886,0.3801383376121521,0.5511509776115417,0.3976871371269226,0.5788223147392273,0.29150521755218506,0.5753754377365112,0.34798139333724976,0.5279058814048767,0.38474059104919434,0.5540505647659302,0.39954718947410583,0.5886408686637878,0.2877919673919678,0.5846296548843384,0.34370747208595276,0.539868950843811,0.3804590106010437,0.5648001432418823,0.39681121706962585,0.5961863994598389,0.2929372489452362,0.6009240746498108,0.33770668506622314,0.5662466287612915,0.3678564727306366,0.5738338828086853,0.38637861609458923,0.5898576974868774,O
0.30059120059013367,0.7332556843757629,0.35116979479789734,0.6855161190032959,0.37781602144241333,0.6481178998947144,0.4000859260559082,0.6256951689720154,0.4139588177204132,0.6064710021018982,0.3071962594985962,0.5663502812385559,0.3536037802696228,0.5271456241607666,0.38755425810813904,0.547053337097168,0.4047201871871948,0.5739602446556091,0.29566437005996704,0.5678281188011169,0.3560066521167755,0.5233359336853027,0.39190641045570374,0.5484743714332581,0.40749818086624146,0.5824115872383118,0.2940409183502197,0.5779675245285034,0.35236242413520813,0.5357409715652466,0.38859492540359497,0.5590213537216187,0.40545654296875,0.589640200138092,0.3016006350517273,0.5948364734649658,0.3468899130821228,0.5633307695388794,0.37676551938056946,0.5708126425743103,0.3961859941482544,0.5865033864974976,O
0.3048184812068939,0.7307960391044617,0.3566003739833832,0.6836472153663635,0.3843177855014801,0.644867479801178,0.40729108452796936,0.6219689846038818,0.41696977615356445,0.6023889780044556,0.31295695900917053,0.5639027953147888,0.357882559299469,0.5240237712860107,0.3919132649898529,0.5439056158065796,0.4089643359184265,0.5723498463630676,0.3012518584728241,0.5653144121170044,0.3609914779663086,0.5208812952041626,0.39652925729751587,0.547562837600708,0.41131097078323364,0.5819830894470215,0.299250066280365,0.5749143362045288,0.357099711894989,0.5321974754333496,0.3925878405570984,0.5572919845581055,0.4085048735141754,0.5886595845222473,0.3066306710243225,0.5914207100868225,0.3507419228553772,0.557820200920105,0.3797880709171295,0.5660855770111084,0.3983582854270935,0.5825275778770447,O
0.3090542256832123,0.7360844016075134,0.359967976808548,0.6896692514419556,0.38706621527671814,0.650303304195404,0.40966811776161194,0.6278441548347473,0.4219439625740051,0.6089422106742859,0.3148462176322937,0.5685165524482727,0.36051496863365173,0.5292307734489441,0.39527997374534607,0.5478104948997498,0.41302716732025146,0.575090765953064,0.3034231960773468,0.570899248123169,0.36347174644470215,0.5262592434883118,0.40007075667381287,0.5517363548278809,0.41521841287612915,0.5852020978927612,0.30203258991241455,0.580305814743042,0.35912054777145386,0.5390662550926208,0.39575842022895813,0.5623270869255066,0.41225478053092957,0.5918044447898865,0.30987250804901123,0.5959347486495972,0.3544994592666626,0.5632540583610535,0.38384363055229187,0.5716453194618225,0.4022694230079651,0.5883963108062744,O
0.31290292739868164,0.7309827208518982,0.36461716890335083,0.6850719451904297,0.39036667346954346,0.6469013690948486,0.412250280380249,0.6242649555206299,0.4261740446090698,0.6055442094802856,0.31923869252204895,0.5632408261299133,0.36615920066833496,0.5241636037826538,0.4000123143196106,0.5436621308326721,0.4169275462627411,0.5705528855323792,0.3081105649471283,0.5652454495429993,0.36923059821128845,0.5219821929931641,0.4045947194099426,0.5476630926132202,0.41968992352485657,0.5811240077018738,0.3068498373031616,0.5757931470870972,0.36582791805267334,0.5352571606636047,0.40120023488998413,0.5586653351783752,0.4169568419456482,0.5890267491340637,0.3142709732055664,0.5924985408782959,0.35901981592178345,0.5604947209358215,0.3875361680984497,0.5679944157600403,0.40555325150489807,0.5836498737335205,O
0.31737279891967773,0.7120612263679504,0.37037742137908936,0.6678595542907715,0.39825916290283203,0.6284769773483276,0.42114195227622986,0.6042724251747131,0.4338473379611969,0.5896533131599426,0.3265248239040375,0.5426197648048401,0.37672653794288635,0.508670449256897,0.4101009666919708,0.5301238894462585,0.42700716853141785,0.5571727156639099,0.3153420090675354,0.5444785952568054,0.3781747817993164,0.5053281784057617,0.4138188362121582,0.5321686863899231,0.429491251707077,0.5653729438781738,0.3138549029827118,0.55536288022995,0.37384381890296936,0.5164968371391296,0.40992990136146545,0.5396499037742615,0.42611101269721985,0.5690983533859253,0.3208974003791809,0.5731507539749146,0.36822453141212463,0.541619062423706,0.3983922302722931,0.5489397048950195,0.4173438549041748,0.564063549041748,O
0.3194897174835205,0.6946728229522705,0.37112781405448914,0.654168963432312,0.39948925375938416,0.6155559420585632,0.42344793677330017,0.5903077125549316,0.43238624930381775,0.5714308619499207,0.3297950029373169,0.527783989906311,0.37717339396476746,0.4932439625263214,0.4093290865421295,0.5146469473838806,0.426127165555954,0.5420902967453003,0.31802141666412354,0.5286893844604492,0.3795367479324341,0.4896787405014038,0.412953644990921,0.5172687768936157,0.42705246806144714,0.5503743886947632,0.3161332607269287,0.5376829504966736,0.37632492184638977,0.4982110261917114,0.4099760949611664,0.5225598812103271,0.42482173442840576,0.5529037117958069,0.3230985999107361,0.5535624027252197,0.37051957845687866,0.5227211117744446,0.39955011010169983,0.5308260917663574,0.41787129640579224,0.5460844039916992,O
0.32002726197242737,0.6962863206863403,0.37242498993873596,0.6539455056190491,0.39939936995506287,0.6156368255615234,0.4238957464694977,0.5931703448295593,0.4363407790660858,0.5732320547103882,0.330020010471344,0.5288745164871216,0.3768359422683716,0.49062585830688477,0.41054508090019226,0.5128032565116882,0.42683833837509155,0.5419459939002991,0.3189149498939514,0.5295480489730835,0.38071542978286743,0.4877817630767822,0.41570866107940674,0.5163666009902954,0.4297161400318146,0.5507538318634033,0.31789231300354004,0.5390585660934448,0.3775697946548462,0.49950945377349854,0.41239580512046814,0.5260555148124695,0.42713987827301025,0.5569964051246643,0.32599329948425293,0.55617755651474,0.3717859089374542,0.5239729881286621,0.4006720781326294,0.5341013669967651,0.4186459183692932,0.5510299801826477,O
0.3220372498035431,0.6968661546707153,0.3734445571899414,0.6535060405731201,0.40024158358573914,0.6149929761886597,0.42483294010162354,0.592679500579834,0.4382573962211609,0.5735810995101929,0.33162641525268555,0.5294698476791382,0.3782608211040497,0.49160632491111755,0.412081241607666,0.5128653645515442,0.4282820224761963,0.5418580770492554,0.32067105174064636,0.5301057696342468,0.381425142288208,0.4890240430831909,0.416837602853775,0.5163761377334595,0.43118777871131897,0.5506145358085632,0.3197856843471527,0.5395711660385132,0.3784487247467041,0.4997650980949402,0.41374021768569946,0.5250273942947388,0.42894405126571655,0.5556718111038208,0.32800185680389404,0.5562673211097717,0.37358003854751587,0.5242364406585693,0.40258991718292236,0.5339579582214355,0.4206881821155548,0.5509564876556396,O
0.32127705216407776,0.6865803003311157,0.371496319770813,0.646737813949585,0.40041399002075195,0.6092396974563599,0.4263894855976105,0.5844932794570923,0.4351300895214081,0.5597861409187317,0.3338894844055176,0.5214089751243591,0.3778206408023834,0.4853416681289673,0.41104790568351746,0.5075778365135193,0.4262562394142151,0.5372927188873291,0.3227445185184479,0.521117627620697,0.38184159994125366,0.4807141423225403,0.41612398624420166,0.5099959373474121,0.4282993674278259,0.5447136163711548,0.32060426473617554,0.5292244553565979,0.3791569173336029,0.4888871908187866,0.4132429361343384,0.5155017971992493,0.426594078540802,0.5477002859115601,0.32677018642425537,0.545253574848175,0.373544842004776,0.5144585967063904,0.40329036116600037,0.52434241771698,0.4212445914745331,0.541870653629303,O
0.32190564274787903,0.6726295351982117,0.37226444482803345,0.6346753835678101,0.4015130400657654,0.5978472232818604,0.42687779664993286,0.573862612247467,0.43516141176223755,0.5491158366203308,0.33627501130104065,0.5110567808151245,0.3800930082798004,0.47497379779815674,0.412457138299942,0.4983446002006531,0.42738839983940125,0.528497576713562,0.3246835172176361,0.5099829435348511,0.3821951448917389,0.46936801075935364,0.41607606410980225,0.49936443567276,0.42811089754104614,0.5339246988296509,0.3222498595714569,0.5173625349998474,0.3794724643230438,0.47370707988739014,0.4135393798351288,0.5006743669509888,0.4267757833003998,0.5333306193351746,0.3281918168067932,0.5325198173522949,0.3752332627773285,0.4999317228794098,0.40490588545799255,0.51069176197052,0.42185476422309875,0.5291417837142944,O
0.3219248354434967,0.6628782749176025,0.37172916531562805,0.6269239783287048,0.4002229869365692,0.5904707908630371,0.42640867829322815,0.566371738910675,0.4365997612476349,0.5433709025382996,0.3363112211227417,0.5027022957801819,0.37937691807746887,0.4675711393356323,0.4119279086589813,0.4890066683292389,0.42744481563568115,0.5183131694793701,0.3255530893802643,0.5010775327682495,0.3830471932888031,0.4604683220386505,0.4174201190471649,0.48898792266845703,0.4299006462097168,0.5241211652755737,0.3233368694782257,0.5079491138458252,0.38049113750457764,0.46703991293907166,0.4148142337799072,0.4938194751739502,0.4278831481933594,0.5263879299163818,0.32893848419189453,0.5236501097679138,0.3758472502231598,0.4922429919242859,0.4056868851184845,0.5033397674560547,0.4228208065032959,0.5225175619125366,O
0.321142315864563,0.6569027304649353,0.37223440408706665,0.6198027729988098,0.40131956338882446,0.5847653746604919,0.42777523398399353,0.56138014793396,0.4364696741104126,0.5372354984283447,0.3355695307254791,0.4943048655986786,0.38010552525520325,0.4618844985961914,0.41203930974006653,0.4834044873714447,0.42666324973106384,0.5126592516899109,0.3250237703323364,0.4923284351825714,0.38347601890563965,0.4554407298564911,0.417449027299881,0.4832483232021332,0.43056124448776245,0.5183436274528503,0.3231488764286041,0.4989130198955536,0.3813249170780182,0.46163469552993774,0.4151444137096405,0.4878990948200226,0.4285052418708801,0.5207850337028503,0.32940584421157837,0.5148928761482239,0.3770144581794739,0.4862278401851654,0.4063986539840698,0.49702680110931396,0.4237375855445862,0.5161389708518982,O
0.3225245475769043,0.6568558812141418,0.37274861335754395,0.6190047860145569,0.40112870931625366,0.5815185308456421,0.4270811676979065,0.559333860874176,0.43841612339019775,0.5391243696212769,0.33526304364204407,0.49367058277130127,0.3807973265647888,0.46022677421569824,0.41430747509002686,0.4819190204143524,0.42915526032447815,0.5116364359855652,0.32390761375427246,0.49190977215766907,0.3828776478767395,0.45478254556655884,0.4188891053199768,0.4828496277332306,0.4324365258216858,0.5181677341461182,0.32161039113998413,0.49866026639938354,0.37934741377830505,0.45981884002685547,0.4151242971420288,0.48663970828056335,0.42944514751434326,0.5193056464195251,0.327576607465744,0.5144487619400024,0.37519314885139465,0.4853443503379822,0.4050278663635254,0.4975106716156006,0.42227059602737427,0.517197847366333,O
0.32078203558921814,0.655318558216095,0.36966413259506226,0.6177536249160767,0.39814165234565735,0.5805263519287109,0.424506276845932,0.5584192872047424,0.4351438581943512,0.5369148254394531,0.3326030671596527,0.491180956363678,0.37740805745124817,0.4587496817111969,0.4110107421875,0.47986507415771484,0.42619413137435913,0.5089825987815857,0.3212026357650757,0.48962515592575073,0.3790038526058197,0.4533833861351013,0.4155442416667938,0.4804244339466095,0.4300214648246765,0.5151371359825134,0.31877297163009644,0.4963272511959076,0.3763622045516968,0.45896005630493164,0.41266924142837524,0.4849448800086975,0.4277033507823944,0.5172622203826904,0.3245663046836853,0.5120922923088074,0.37279176712036133,0.48378878831863403,0.4026845693588257,0.49549242854118347,0.4198150336742401,0.5149096250534058,O
0.3147391974925995,0.6541032791137695,0.3629761338233948,0.6160157322883606,0.39274945855140686,0.5777950286865234,0.4196985363960266,0.5556595325469971,0.42920589447021484,0.532326877117157,0.32783958315849304,0.49137890338897705,0.37012219429016113,0.4569883346557617,0.40289032459259033,0.4777918756008148,0.4178541898727417,0.506674587726593,0.3158528506755829,0.4900932013988495,0.3706958591938019,0.45219898223876953,0.4061349034309387,0.4791000187397003,0.4204620122909546,0.5130208730697632,0.31173625588417053,0.49682337045669556,0.36700281500816345,0.4577522873878479,0.40267518162727356,0.48219019174575806,0.41813555359840393,0.51297926902771,0.31542596220970154,0.5128375887870789,0.3615415394306183,0.4827757775783539,0.391141414642334,0.49213579297065735,0.40866798162460327,0.5096562504768372,O
0.3097795248031616,0.6506123542785645,0.35750484466552734,0.6133058667182922,0.3875713646411896,0.5756028890609741,0.4139699637889862,0.552888810634613,0.4220618009567261,0.5291681885719299,0.3241305351257324,0.49012646079063416,0.3636399209499359,0.4551849961280823,0.3953856825828552,0.4745902419090271,0.4104349911212921,0.5028014183044434,0.31170761585235596,0.48765048384666443,0.36374327540397644,0.4494537115097046,0.39878320693969727,0.4742853045463562,0.4138485789299011,0.5082000494003296,0.30584317445755005,0.4931198060512543,0.3603338301181793,0.4541328549385071,0.395937442779541,0.47764694690704346,0.4119098484516144,0.5088210701942444,0.3072037994861603,0.5080861449241638,0.3538621962070465,0.4789459705352783,0.38368773460388184,0.48726996779441833,0.4014122784137726,0.5042901039123535,O
0.3063710927963257,0.6495020985603333,0.35362493991851807,0.6126554012298584,0.3830891251564026,0.5739438533782959,0.4093645513057709,0.5507335066795349,0.4199979901313782,0.5285730957984924,0.3208147883415222,0.48810815811157227,0.36049073934555054,0.45452043414115906,0.39241620898246765,0.47327595949172974,0.40819019079208374,0.5007457137107849,0.30869603157043457,0.4858223795890808,0.3606449365615845,0.44768211245536804,0.3959641754627228,0.47185608744621277,0.41144293546676636,0.5053678750991821,0.30364784598350525,0.49144503474235535,0.35785335302352905,0.4520547389984131,0.39357665181159973,0.4752501845359802,0.409814715385437,0.506191074848175,0.3059194087982178,0.5059562921524048,0.3529263734817505,0.47776660323143005,0.38264524936676025,0.48728707432746887,0.4002821743488312,0.5049018263816833,O
0.30006882548332214,0.6437429189682007,0.3469918668270111,0.6067279577255249,0.3772154450416565,0.5714857578277588,0.4028589725494385,0.5488852262496948,0.4096035957336426,0.5202681422233582,0.3207748532295227,0.4882698655128479,0.35471031069755554,0.4501165449619293,0.38506025075912476,0.4689164161682129,0.39945775270462036,0.496695876121521,0.3077983260154724,0.4853893220424652,0.3534238040447235,0.44383227825164795,0.38690340518951416,0.46841779351234436,0.40119943022727966,0.5012940764427185,0.29921743273735046,0.48930129408836365,0.3481404483318329,0.44685134291648865,0.3825797736644745,0.4700375497341156,0.3981953263282776,0.5012776851654053,0.29668667912483215,0.502646803855896,0.34072038531303406,0.47166091203689575,0.3704654574394226,0.4792575240135193,0.38822561502456665,0.49622076749801636,O
0.29317373037338257,0.6402477622032166,0.34104979038238525,0.6054142713546753,0.371416836977005,0.5687748789787292,0.3978204131126404,0.5444505214691162,0.40310990810394287,0.5172864198684692,0.31481143832206726,0.48499006032943726,0.34805068373680115,0.4468643367290497,0.37892359495162964,0.46552520990371704,0.3937961459159851,0.49371370673179626,0.3017117381095886,0.4824991822242737,0.347005695104599,0.44016578793525696,0.3810155391693115,0.46518129110336304,0.3954020142555237,0.4986844062805176,0.29292094707489014,0.485931396484375,0.34185269474983215,0.44393306970596313,0.37642380595207214,0.4675038754940033,0.39140281081199646,0.49950775504112244,0.28961434960365295,0.4985923767089844,0.334291011095047,0.4682197570800781,0.3642444610595703,0.4762495160102844,0.38155677914619446,0.4934465289115906,O
0.291088342666626,0.6464548110961914,0.33745846152305603,0.6105692982673645,0.3667509853839874,0.5713006854057312,0.3923000395298004,0.5475254058837891,0.401400089263916,0.524063766002655,0.31039106845855713,0.49058419466018677,0.3439071774482727,0.45170313119888306,0.3759273886680603,0.4679119288921356,0.3926447033882141,0.4943375587463379,0.2969169318675995,0.4879702627658844,0.341854065656662,0.4448457658290863,0.37781649827957153,0.46816620230674744,0.39418527483940125,0.5016615986824036,0.28924956917762756,0.4916841387748718,0.33725041151046753,0.45020294189453125,0.3731554448604584,0.4730568826198578,0.3900986313819885,0.5038067102432251,0.28829240798950195,0.5039581060409546,0.3302644193172455,0.472164511680603,0.3600645661354065,0.48005783557891846,0.37880024313926697,0.4969373047351837,O
0.28786584734916687,0.64996737241745,0.33301064372062683,0.6126033067703247,0.3628086447715759,0.5742396712303162,0.3884596824645996,0.5501394867897034,0.3948977589607239,0.5258809924125671,0.3055512309074402,0.4921606183052063,0.3386097252368927,0.45321524143218994,0.3704128861427307,0.47030866146087646,0.3868309557437897,0.4972608685493469,0.2919013500213623,0.49075478315353394,0.3370523452758789,0.4478277564048767,0.3726039230823517,0.47091615200042725,0.3887961506843567,0.5042214393615723,0.28350773453712463,0.49524548649787903,0.3318697512149811,0.4536738395690918,0.36736276745796204,0.47600144147872925,0.3840699791908264,0.5067276358604431,0.28159230947494507,0.5085683465003967,0.32409512996673584,0.47699248790740967,0.3535369634628296,0.48403990268707275,0.3717665672302246,0.5002562999725342,O
0.28253182768821716,0.6541231870651245,0.32865679264068604,0.6162651777267456,0.35867854952812195,0.577100932598114,0.3852458894252777,0.5528064966201782,0.3924165964126587,0.5289169549942017,0.2981758117675781,0.495767205953598,0.3340233564376831,0.4567917585372925,0.36685478687286377,0.47311341762542725,0.38366997241973877,0.49986618757247925,0.28464335203170776,0.4943203926086426,0.3321623206138611,0.4508644938468933,0.3685048222541809,0.473896861076355,0.3850037157535553,0.5072055459022522,0.2774786651134491,0.4992961287498474,0.32694029808044434,0.45725351572036743,0.3630310893058777,0.47899994254112244,0.38001349568367004,0.5091181397438049,0.27762648463249207,0.5129437446594238,0.3207491338253021,0.4815690815448761,0.3504234254360199,0.4884115159511566,0.36892271041870117,0.5041631460189819,O
0.2767992615699768,0.6550540924072266,0.32337942719459534,0.6163247227668762,0.3540934920310974,0.579719603061676,0.3798919916152954,0.5546261072158813,0.38286659121513367,0.5267932415008545,0.2973530888557434,0.49946585297584534,0.32861727476119995,0.4592634439468384,0.35995060205459595,0.4754233956336975,0.37622037529945374,0.5016514658927917,0.2834981083869934,0.4976923167705536,0.3265097737312317,0.45261651277542114,0.36084434390068054,0.474977970123291,0.3766675293445587,0.5069631934165955,0.2742595076560974,0.5016907453536987,0.320330411195755,0.4589659571647644,0.35533425211906433,0.4803611636161804,0.3719722032546997,0.510388195514679,0.2715160846710205,0.5147220492362976,0.31317946314811707,0.4823472499847412,0.34282946586608887,0.4890253245830536,0.3612504005432129,0.5053462982177734,O
0.27337512373924255,0.6566684246063232,0.3184194266796112,0.6195880770683289,0.3494575023651123,0.5823618769645691,0.37522852420806885,0.5564862489700317,0.37739962339401245,0.5295647382736206,0.29238441586494446,0.5013761520385742,0.32500505447387695,0.4603438377380371,0.3563893139362335,0.4782964289188385,0.37159866094589233,0.505172073841095,0.2776351869106293,0.5001398324966431,0.3221505284309387,0.45419880747795105,0.35668835043907166,0.47871387004852295,0.37153977155685425,0.5115182399749756,0.26798826456069946,0.5049012899398804,0.31552132964134216,0.4612472355365753,0.3502658009529114,0.4842682182788849,0.36610886454582214,0.5151305794715881,0.2649449110031128,0.5186076760292053,0.30732688307762146,0.4850677251815796,0.3367484211921692,0.49210768938064575,0.35427477955818176,0.5081719756126404,O
0.27075374126434326,0.6606266498565674,0.31554195284843445,0.6244266033172607,0.3461657464504242,0.5855159759521484,0.37214022874832153,0.5603207945823669,0.37876662611961365,0.5366095304489136,0.2900206744670868,0.5048926472663879,0.3220321834087372,0.46391719579696655,0.35374894738197327,0.48081541061401367,0.369656503200531,0.5076380968093872,0.27588772773742676,0.5035642981529236,0.31974199414253235,0.4579693675041199,0.3550006151199341,0.48140817880630493,0.3707215189933777,0.5140125155448914,0.26687753200531006,0.5078470706939697,0.31436261534690857,0.46482381224632263,0.34918636083602905,0.48799481987953186,0.3654439151287079,0.5185183882713318,0.26434871554374695,0.5204605460166931,0.30621159076690674,0.48788008093833923,0.3355617821216583,0.4965338706970215,0.3538491725921631,0.5138522982597351,O
0.26774346828460693,0.663743257522583,0.3135586977005005,0.6265755891799927,0.3442695140838623,0.5882200002670288,0.3702552020549774,0.5643771886825562,0.37762537598609924,0.5401869416236877,0.28708770871162415,0.5073738694190979,0.32039856910705566,0.46756711602211,0.35218188166618347,0.48438191413879395,0.3679037094116211,0.5113365054130554,0.27266940474510193,0.5057302117347717,0.3179049789905548,0.4612804055213928,0.35306721925735474,0.48458749055862427,0.3684439957141876,0.5174892544746399,0.26383551955223083,0.5102531313896179,0.3118576407432556,0.4678749442100525,0.3470858931541443,0.49040117859840393,0.3637247085571289,0.520555317401886,0.2618984282016754,0.523310124874115,0.3044058084487915,0.49245980381965637,0.3339114487171173,0.5007467269897461,0.3524627089500427,0.5172780752182007,O
0.26494908332824707,0.6711713075637817,0.312765508890152,0.6333506107330322,0.34348249435424805,0.5942047238349915,0.3692234754562378,0.5702614784240723,0.3762204051017761,0.5479196906089783,0.2864648103713989,0.5152599215507507,0.32108497619628906,0.47510823607444763,0.35352206230163574,0.4924006760120392,0.3688364326953888,0.5199189186096191,0.272848516702652,0.5133007764816284,0.3196558654308319,0.46884074807167053,0.35593345761299133,0.49406248331069946,0.3704174757003784,0.528248131275177,0.2644023895263672,0.5174469947814941,0.3138428330421448,0.4754074811935425,0.34970104694366455,0.49976202845573425,0.36505332589149475,0.5304519534111023,0.26242801547050476,0.5301507711410522,0.30519160628318787,0.49666300415992737,0.33494752645492554,0.5076049566268921,0.35211774706840515,0.5268306732177734,O
0.265394926071167,0.6785974502563477,0.3126509487628937,0.6412230730056763,0.34194934368133545,0.6014766693115234,0.36683011054992676,0.5779001712799072,0.378152996301651,0.5571070909500122,0.2860625386238098,0.521587610244751,0.3204626142978668,0.48328477144241333,0.35218024253845215,0.4994542598724365,0.3678579032421112,0.5258679986000061,0.27218401432037354,0.5200528502464294,0.3197614848613739,0.47690778970718384,0.35481739044189453,0.5019711852073669,0.36889365315437317,0.5358072519302368,0.26365190744400024,0.5247527360916138,0.313729465007782,0.4842991530895233,0.34840846061706543,0.509244978427887,0.36340928077697754,0.5397536754608154,0.2615744173526764,0.537830650806427,0.30454885959625244,0.5058102607727051,0.3340431749820709,0.5162933468818665,0.35159939527511597,0.5343526601791382,O
0.2631436586380005,0.689505398273468,0.30870965123176575,0.6510642170906067,0.33771729469299316,0.612480878829956,0.36282113194465637,0.5882174372673035,0.3713192641735077,0.5657727122306824,0.28077584505081177,0.5328534841537476,0.31422871351242065,0.49079275131225586,0.3465462327003479,0.5080446004867554,0.3628762662410736,0.5349738597869873,0.26706328988075256,0.5322572588920593,0.31329089403152466,0.4862521290779114,0.34871312975883484,0.5111008286476135,0.36338526010513306,0.5446912050247192,0.25876978039741516,0.5374806523323059,0.3069017231464386,0.4951501190662384,0.34243151545524597,0.518857479095459,0.35854119062423706,0.5490173697471619,0.2569345533847809,0.5507580041885376,0.29955706000328064,0.5184175968170166,0.32924702763557434,0.5275001525878906,0.3470933139324188,0.5442962646484375,O
0.26361486315727234,0.7006548643112183,0.3088568150997162,0.6628574728965759,0.33871781826019287,0.6235184669494629,0.3636346757411957,0.5991533994674683,0.3710435926914215,0.5768803954124451,0.27932289242744446,0.5406469106674194,0.3133210241794586,0.5017342567443848,0.34619221091270447,0.51829993724823,0.36320868134498596,0.5440371036529541,0.2650357484817505,0.5406434535980225,0.3120585083961487,0.49755945801734924,0.3482990264892578,0.5211141705513,0.3643912672996521,0.5532374382019043,0.2564542889595032,0.5467694997787476,0.30664005875587463,0.5077489614486694,0.3425785005092621,0.5301764607429504,0.3597930371761322,0.5588332414627075,0.2553868591785431,0.5607929825782776,0.2996729016304016,0.5314932465553284,0.3293217122554779,0.5407267808914185,0.3474491536617279,0.5569886565208435,O
0.2614988684654236,0.7047686576843262,0.3081287145614624,0.6669567823410034,0.33796876668930054,0.6253736019134521,0.36292117834091187,0.601120114326477,0.3755149841308594,0.58213871717453,0.2806800603866577,0.5445873141288757,0.3155652582645416,0.5067901611328125,0.3475927412509918,0.5242428183555603,0.36250725388526917,0.5500754117965698,0.2658686637878418,0.5431836843490601,0.3131580352783203,0.5007548928260803,0.348585844039917,0.5250680446624756,0.36283227801322937,0.5573915243148804,0.25715717673301697,0.5489826202392578,0.305719792842865,0.5090755820274353,0.34120383858680725,0.5321263074874878,0.35744377970695496,0.561449408531189,0.2557371258735657,0.5632527470588684,0.2978319227695465,0.5335301756858826,0.3273623585700989,0.5429943203926086,0.3453328311443329,0.5599956512451172,O
0.2626224160194397,0.7155274748802185,0.309259295463562,0.6759734749794006,0.33852219581604004,0.6356052160263062,0.36363089084625244,0.6105104088783264,0.3748393654823303,0.5865563750267029,0.2772432267665863,0.5545048117637634,0.31264761090278625,0.5152317881584167,0.3453737199306488,0.5316854119300842,0.36183229088783264,0.5568748712539673,0.2631354331970215,0.555372953414917,0.3114308714866638,0.511184811592102,0.3476472496986389,0.5349311828613281,0.36330169439315796,0.5670811533927917,0.255559504032135,0.5626999139785767,0.3056049048900604,0.5224308371543884,0.3421076238155365,0.5440494418144226,0.35964202880859375,0.5724878311157227,0.25578561425209045,0.5780315399169922,0.29915493726730347,0.545787513256073,0.3290591537952423,0.5530675053596497,0.34742143750190735,0.5685151219367981,O
0.2632802128791809,0.7241394519805908,0.30832746624946594,0.6841753721237183,0.3378564715385437,0.6435649991035461,0.3626936078071594,0.6182454228401184,0.37129488587379456,0.5967475175857544,0.2778555154800415,0.5627089142799377,0.3135073184967041,0.5234336853027344,0.34632763266563416,0.5402843356132507,0.3621898889541626,0.5661299824714661,0.26343101263046265,0.5631892681121826,0.3117400109767914,0.5193809270858765,0.3480651080608368,0.5432149767875671,0.3633189797401428,0.5752347111701965,0.25503066182136536,0.5704317688941956,0.3052586615085602,0.5301955938339233,0.3414788544178009,0.5526473522186279,0.3586316704750061,0.5812707543373108,0.254203200340271,0.5861192345619202,0.2981478273868561,0.5550244450569153,0.3284599184989929,0.5626924633979797,0.34703874588012695,0.5778844356536865,O
0.2629353106021881,0.7266117334365845,0.30938225984573364,0.6866447925567627,0.3386070132255554,0.6458403468132019,0.3623490035533905,0.6205333471298218,0.37163326144218445,0.5974820852279663,0.2779676020145416,0.5648729205131531,0.3141997754573822,0.5259531736373901,0.34767821431159973,0.5433787107467651,0.36409687995910645,0.5686400532722473,0.26316940784454346,0.5649635791778564,0.31206655502319336,0.5202535390853882,0.3486076593399048,0.5441644191741943,0.36377769708633423,0.5759687423706055,0.2551226317882538,0.5724286437034607,0.3049217760562897,0.5305463075637817,0.34127286076545715,0.5527809262275696,0.3579558730125427,0.5814892053604126,0.2547675371170044,0.5883157849311829,0.2966958284378052,0.5562543869018555,0.3271588087081909,0.5644556283950806,0.345930814743042,0.5809155702590942,O
0.2663508653640747,0.7331718802452087,0.31214335560798645,0.6926506757736206,0.3402884006500244,0.652708888053894,0.36314427852630615,0.6284587979316711,0.37851616740226746,0.6022535562515259,0.2827170491218567,0.5711036324501038,0.31945163011550903,0.532943844795227,0.3522477149963379,0.5508906245231628,0.3678039610385895,0.5771395564079285,0.26769566535949707,0.5720648765563965,0.31622642278671265,0.5282536745071411,0.35283422470092773,0.5524461269378662,0.36860302090644836,0.5840604901313782,0.2586117386817932,0.5795871019363403,0.30771932005882263,0.5401374101638794,0.3441941738128662,0.5618875026702881,0.36189737915992737,0.5904435515403748,0.25645706057548523,0.5950750112533569,0.29985472559928894,0.5656179189682007,0.33003947138786316,0.5728303790092468,0.3487027585506439,0.5876086354255676,O
0.2663067877292633,0.7402244806289673,0.3133118152618408,0.6981819272041321,0.3399916887283325,0.6567754745483398,0.362427681684494,0.6330813765525818,0.3768382668495178,0.6093332171440125,0.27917081117630005,0.5766511559486389,0.3182230293750763,0.539371907711029,0.35208484530448914,0.5567671060562134,0.36885344982147217,0.5823851227760315,0.2647695541381836,0.5776618719100952,0.316586434841156,0.5338599681854248,0.35332900285720825,0.5581263303756714,0.3688664734363556,0.5896061062812805,0.25743550062179565,0.5858741998672485,0.3088335394859314,0.5452619194984436,0.34532907605171204,0.5672981142997742,0.36220428347587585,0.595504105091095,0.25737279653549194,0.6018122434616089,0.30189910531044006,0.5710009932518005,0.3322196304798126,0.5791689157485962,0.35069531202316284,0.5945374369621277,O
0.27198657393455505,0.747702419757843,0.3195289969444275,0.7033484578132629,0.34629952907562256,0.6631312966346741,0.36786627769470215,0.6403096914291382,0.3792840242385864,0.6189513802528381,0.28082311153411865,0.5824610590934753,0.32194119691848755,0.543946385383606,0.35583892464637756,0.5623838305473328,0.3732602298259735,0.5875452160835266,0.2669110894203186,0.5837345719337463,0.3216506540775299,0.5387321710586548,0.358501136302948,0.564271867275238,0.3746364116668701,0.5960557460784912,0.2613440454006195,0.5925347805023193,0.3152652680873871,0.5512253046035767,0.351670503616333,0.5750410556793213,0.36856815218925476,0.6041600108146667,0.26383933424949646,0.6087906360626221,0.3079514801502228,0.5767938494682312,0.3376270830631256,0.5852372646331787,0.35606345534324646,0.6008970141410828,O
0.27956604957580566,0.7547594904899597,0.32936009764671326,0.7062375545501709,0.3567805886268616,0.6676794290542603,0.3806079626083374,0.6445830464363098,0.38824865221977234,0.6216021776199341,0.2803952097892761,0.5850247740745544,0.3272612690925598,0.5483739972114563,0.36218374967575073,0.5641955137252808,0.38074174523353577,0.5883071422576904,0.2689227759838104,0.5871924161911011,0.3282585144042969,0.5456110239028931,0.36595815420150757,0.567099392414093,0.3846460282802582,0.5981471538543701,0.266971230506897,0.596737265586853,0.32520413398742676,0.5584753155708313,0.3628120422363281,0.5793882012367249,0.381389319896698,0.6077894568443298,0.2741912007331848,0.613838791847229,0.31961730122566223,0.5829613208770752,0.349315345287323,0.5905519127845764,0.3688367009162903,0.6072947382926941,O
0.2839353382587433,0.7563942074775696,0.3354947566986084,0.7105057239532471,0.36204439401626587,0.6691350936889648,0.38506847620010376,0.6471245288848877,0.3972057104110718,0.6289998888969421,0.2920081615447998,0.5872582793235779,0.33685988187789917,0.5499394536018372,0.37098899483680725,0.5649389624595642,0.389543741941452,0.5876007676124573,0.28034698963165283,0.5895876288414001,0.3383932411670685,0.5465206503868103,0.37521836161613464,0.5688557028770447,0.39255473017692566,0.5997087359428406,0.2778102159500122,0.5996598601341248,0.3349005877971649,0.5596821308135986,0.3716517388820648,0.5829373002052307,0.388950377702713,0.6121364831924438,0.2843601107597351,0.6169606447219849,0.3280569314956665,0.5841482281684875,0.35790538787841797,0.5923438668251038,0.37716081738471985,0.6089850664138794,O
0.2898006737232208,0.7541055083274841,0.34132474660873413,0.7060622572898865,0.36803489923477173,0.6666167974472046,0.390354722738266,0.6450889706611633,0.4068243205547333,0.6279388070106506,0.2995409667491913,0.5851248502731323,0.346586138010025,0.5454889535903931,0.38109809160232544,0.5654641389846802,0.3983345031738281,0.5919650793075562,0.2875903248786926,0.5871853232383728,0.349022775888443,0.5416635274887085,0.38515833020210266,0.5688806772232056,0.39993661642074585,0.6032037734985352,0.2847763001918793,0.5975688099861145,0.34394949674606323,0.5550611019134521,0.38021907210350037,0.5813536047935486,0.39621981978416443,0.6130179762840271,0.29079774022102356,0.6149466037750244,0.33581361174583435,0.5813205242156982,0.3655160069465637,0.5897253155708313,0.3837512731552124,0.6060022711753845,O
0.29594123363494873,0.7418721318244934,0.3453342914581299,0.6982975602149963,0.37355849146842957,0.6587850451469421,0.3956928253173828,0.6350424885749817,0.41063961386680603,0.6168816089630127,0.3078244626522064,0.5731707215309143,0.35331737995147705,0.5341236591339111,0.3870176374912262,0.5555213093757629,0.40225130319595337,0.5821906328201294,0.29506632685661316,0.5756952166557312,0.354295015335083,0.5325073003768921,0.39018014073371887,0.5595887303352356,0.40407678484916687,0.5927424430847168,0.29108622670173645,0.5869038701057434,0.3491232991218567,0.5463991165161133,0.3852183520793915,0.5714397430419922,0.4011939764022827,0.602142870426178,0.29579612612724304,0.6050170660018921,0.3410060703754425,0.573652982711792,0.3705277442932129,0.5815714001655579,0.3885071277618408,0.5969163179397583,O
0.29675981402397156,0.739851713180542,0.3464936912059784,0.6969964504241943,0.3742588758468628,0.6580917835235596,0.3975977897644043,0.6349050998687744,0.41293591260910034,0.6160297989845276,0.30986854434013367,0.5736751556396484,0.35278797149658203,0.5345001816749573,0.38640832901000977,0.5559947490692139,0.40271392464637756,0.5841702222824097,0.2967604696750641,0.5746654868125916,0.35415124893188477,0.531444787979126,0.39014291763305664,0.5596299767494202,0.4045301079750061,0.5940533876419067,0.2925993800163269,0.5838005542755127,0.34985387325286865,0.5442221164703369,0.38592565059661865,0.5712043046951294,0.40195411443710327,0.6028881072998047,0.2972079813480377,0.5999380350112915,0.34320107102394104,0.5688177347183228,0.37320172786712646,0.5789861083030701,0.39150527119636536,0.5964236855506897,O
0.3027181029319763,0.7289797067642212,0.35348427295684814,0.6844637393951416,0.3808216452598572,0.6471455097198486,0.4032279849052429,0.624570906162262,0.4171393811702728,0.6065062880516052,0.3122994303703308,0.5631027221679688,0.3575025200843811,0.5244684219360352,0.391628235578537,0.5452257990837097,0.40776968002319336,0.5715625286102295,0.30020222067832947,0.5648117661476135,0.35936611890792847,0.5228906273841858,0.3951958417892456,0.5490666031837463,0.4095859229564667,0.5815243721008301,0.2972285747528076,0.5752625465393066,0.3560030460357666,0.5366365909576416,0.39143186807632446,0.5616920590400696,0.40686193108558655,0.5916966795921326,0.3030094802379608,0.5926101803779602,0.3490189015865326,0.5625330209732056,0.3783930540084839,0.5717357993125916,0.3965059816837311,0.5879297256469727,O
0.30280008912086487,0.7253860831260681,0.35429254174232483,0.6842297911643982,0.3811872899532318,0.6440477967262268,0.40388762950897217,0.6212313771247864,0.42098522186279297,0.6046895384788513,0.31614407896995544,0.5575204491615295,0.36121901869773865,0.5197189450263977,0.39476069808006287,0.5404179692268372,0.410356342792511,0.5672308206558228,0.303673654794693,0.5587015748023987,0.3628506362438202,0.5179916620254517,0.39824777841567993,0.5448168516159058,0.4118732511997223,0.5779139399528503,0.30037155747413635,0.5689073801040649,0.3588997721672058,0.531733512878418,0.3944452702999115,0.5583221912384033,0.40936166048049927,0.5891444087028503,0.30576980113983154,0.5863144993782043,0.3513127267360687,0.5553431510925293,0.38110461831092834,0.565579891204834,0.3990309238433838,0.5828598737716675,O
0.299594908952713,0.716494619846344,0.34816548228263855,0.6786297559738159,0.37739190459251404,0.6371319890022278,0.4015691578388214,0.6121750473976135,0.41625621914863586,0.5949375033378601,0.31266212463378906,0.5508725643157959,0.3550604581832886,0.5127780437469482,0.3897080421447754,0.5325655937194824,0.40565305948257446,0.5600405931472778,0.29959049820899963,0.5513340830802917,0.3569604158401489,0.5107505321502686,0.39355379343032837,0.5378872156143188,0.4068298041820526,0.5707960724830627,0.2957102060317993,0.5605625510215759,0.3532705008983612,0.5237533450126648,0.3900975286960602,0.5486633777618408,0.405735582113266,0.5784790515899658,0.3002471625804901,0.5771433115005493,0.3469921946525574,0.5500922799110413,0.3771946132183075,0.5600860714912415,0.3949977159500122,0.5768243074417114,O
0.2909325957298279,0.7069851756095886,0.34045493602752686,0.6649268269538879,0.37065061926841736,0.6246952414512634,0.3956488370895386,0.60219407081604,0.40756046772003174,0.5810571312904358,0.3028125762939453,0.5397757291793823,0.345192551612854,0.5035160183906555,0.3791046142578125,0.5230149626731873,0.39586883783340454,0.5492669343948364,0.2894348204135895,0.5401238203048706,0.34583956003189087,0.5003320574760437,0.38204264640808105,0.5263997316360474,0.39662793278694153,0.5587881207466125,0.284933865070343,0.549379289150238,0.3410799503326416,0.510407567024231,0.3780031204223633,0.533163845539093,0.3951999843120575,0.561907172203064,0.288807213306427,0.566695511341095,0.3349609076976776,0.5384869575500488,0.36549001932144165,0.5472120046615601,0.38422662019729614,0.5628135800361633,O
0.2852708697319031,0.6956909894943237,0.3338192105293274,0.6562981009483337,0.3648606538772583,0.616407573223114,0.3897492587566376,0.5938546657562256,0.4016416370868683,0.5717986822128296,0.2995118796825409,0.5293140411376953,0.3407916724681854,0.49406543374061584,0.37385043501853943,0.5142002105712891,0.38972240686416626,0.5404152274131775,0.28590041399002075,0.5287526249885559,0.34096843004226685,0.48989588022232056,0.3763529360294342,0.5163359045982361,0.3905065059661865,0.5481358170509338,0.28044936060905457,0.5369792580604553,0.33659791946411133,0.4998417794704437,0.3726153075695038,0.523316502571106,0.3892075717449188,0.5519084930419922,0.283000648021698,0.5534883737564087,0.3291876018047333,0.5270363688468933,0.3591236174106598,0.5361586809158325,0.3775986135005951,0.5513791441917419,O
0.2817233204841614,0.6786587238311768,0.33082202076911926,0.6432089805603027,0.3627244830131531,0.6037659645080566,0.3881608247756958,0.5802512764930725,0.3962555229663849,0.5566093325614929,0.29850974678993225,0.512455403804779,0.34164923429489136,0.4789411425590515,0.37496569752693176,0.5008227825164795,0.3906222879886627,0.5274997353553772,0.28458690643310547,0.5114150047302246,0.34066301584243774,0.4737638235092163,0.37649503350257874,0.5017343163490295,0.3905502259731293,0.5331109166145325,0.2788768410682678,0.5192667245864868,0.3358137011528015,0.4823751747608185,0.3717423677444458,0.5078858733177185,0.3873492479324341,0.5377163887023926,0.28132694959640503,0.5356558561325073,0.32927897572517395,0.5086383819580078,0.3590981364250183,0.5198261141777039,0.3763973116874695,0.5370199680328369,O
0.28001028299331665,0.6634529232978821,0.3285294771194458,0.6284546852111816,0.3607371151447296,0.5892466902732849,0.3859509229660034,0.565758466720581,0.39501529932022095,0.5452591180801392,0.30024901032447815,0.4976138174533844,0.34107133746147156,0.4643438458442688,0.37340855598449707,0.48748496174812317,0.38858354091644287,0.5145663619041443,0.2854338586330414,0.49588683247566223,0.3395218551158905,0.4585864543914795,0.3748990297317505,0.4880223572254181,0.38887161016464233,0.52070152759552,0.27804434299468994,0.5032573938369751,0.3342980742454529,0.46617984771728516,0.3699054718017578,0.4934070408344269,0.38564780354499817,0.5243712067604065,0.2782145142555237,0.519659698009491,0.3260458707809448,0.49394911527633667,0.35598477721214294,0.5045350790023804,0.37382444739341736,0.5204337239265442,O
0.2816742956638336,0.6618781089782715,0.3284713625907898,0.6250451803207397,0.35997095704078674,0.5868290066719055,0.3856360912322998,0.5638468265533447,0.3982665240764618,0.5425311326980591,0.29929065704345703,0.4963880479335785,0.33965229988098145,0.4608292877674103,0.37299251556396484,0.48289090394973755,0.38827428221702576,0.5102567672729492,0.28470340371131897,0.4947739243507385,0.3390285074710846,0.4556986689567566,0.37533289194107056,0.48452234268188477,0.3892955780029297,0.5181940197944641,0.27761468291282654,0.5016820430755615,0.3336503207683563,0.4648643732070923,0.36982524394989014,0.4922175109386444,0.3854566216468811,0.5240066647529602,0.27807772159576416,0.5176881551742554,0.3255617022514343,0.4915847182273865,0.35617008805274963,0.5037747621536255,0.37404173612594604,0.5226050615310669,O
0.2789776921272278,0.6594882607460022,0.32645052671432495,0.6220647096633911,0.35804283618927,0.5832815766334534,0.3849215507507324,0.5606520175933838,0.39610180258750916,0.5405697226524353,0.2954193949699402,0.49306684732437134,0.3363000452518463,0.4574037492275238,0.37030458450317383,0.47863176465034485,0.3862028419971466,0.5061319470405579,0.28103694319725037,0.49223437905311584,0.3360396921634674,0.45308226346969604,0.37291643023490906,0.4808391332626343,0.387404203414917,0.5145147442817688,0.27448251843452454,0.5001230239868164,0.33098500967025757,0.46350565552711487,0.36771151423454285,0.4896387755870819,0.3837125897407532,0.5204660296440125,0.2757711112499237,0.516944408416748,0.322598397731781,0.4898117184638977,0.353354811668396,0.5006608366966248,0.37185096740722656,0.5184625387191772,O
