0.2963946759700775,0.7432883977890015,0.340095579624176,0.7099943161010742,0.3607899248600006,0.6508057117462158,0.37138545513153076,0.5983608365058899,0.3796078860759735,0.5627925395965576,0.3327832520008087,0.5992530584335327,0.3446882367134094,0.5694835186004639,0.34911203384399414,0.5750191807746887,0.34916189312934875,0.5838812589645386,0.30968981981277466,0.5883414149284363,0.3115060329437256,0.5228087306022644,0.30884459614753723,0.47828030586242676,0.30555281043052673,0.43810608983039856,0.28742578625679016,0.5911691188812256,0.2884235978126526,0.5278986692428589,0.2892634868621826,0.48421475291252136,0.29012608528137207,0.44650697708129883,0.2643623352050781,0.6038879156112671,0.2655823230743408,0.5542482137680054,0.26750653982162476,0.5201395750045776,0.2701142132282257,0.48774418234825134,F
0.2966192662715912,0.7419690489768982,0.34049203991889954,0.7100400924682617,0.3609115779399872,0.649714469909668,0.3709189295768738,0.5965396165847778,0.3794096112251282,0.5621999502182007,0.3328009843826294,0.5989676117897034,0.3441089391708374,0.5704363584518433,0.349481463432312,0.5752527117729187,0.3505467474460602,0.582945704460144,0.3098905384540558,0.5879549384117126,0.3114968240261078,0.5228344798088074,0.3092593252658844,0.47844552993774414,0.30651041865348816,0.43805593252182007,0.2876462936401367,0.5908322930335999,0.28907760977745056,0.5283916592597961,0.2900581955909729,0.48450565338134766,0.29096442461013794,0.4464898109436035,0.2640516757965088,0.603642463684082,0.2656620442867279,0.5536759495735168,0.2677035927772522,0.5191900730133057,0.27032211422920227,0.4864959418773651,F
0.29652735590934753,0.7415347099304199,0.33898043632507324,0.7072582244873047,0.35891905426979065,0.6469677090644836,0.36946332454681396,0.5956119298934937,0.3757752776145935,0.5603083968162537,0.3291960656642914,0.5977048873901367,0.3434816598892212,0.5694955587387085,0.3532838821411133,0.5698217153549194,0.35797619819641113,0.573630690574646,0.30723702907562256,0.5866444110870361,0.3094979226589203,0.5211895704269409,0.3072417080402374,0.4758663773536682,0.3034730553627014,0.434722900390625,0.2854248285293579,0.5895230770111084,0.2869182229042053,0.5263249278068542,0.2881998121738434,0.48218709230422974,0.2887880802154541,0.44434481859207153,0.26195067167282104,0.602316677570343,0.2639482915401459,0.5526012182235718,0.26617661118507385,0.5181096792221069,0.26899492740631104,0.48597845435142517,F
0.2938686013221741,0.7396263480186462,0.33696672320365906,0.7057783007621765,0.3567642867565155,0.6471282243728638,0.3664478063583374,0.5969017148017883,0.374799519777298,0.5629665851593018,0.3280269503593445,0.5989425182342529,0.3411610424518585,0.5724138617515564,0.3492981195449829,0.5725131630897522,0.35302749276161194,0.5739543437957764,0.3059248626232147,0.5873371362686157,0.30811384320259094,0.5230847597122192,0.3066836893558502,0.47899526357650757,0.304665744304657,0.4382436275482178,0.28413134813308716,0.5898500084877014,0.28536587953567505,0.5272456407546997,0.2869953513145447,0.48387977480888367,0.2885670065879822,0.4461110234260559,0.2610512971878052,0.602531909942627,0.2626607120037079,0.5529546141624451,0.2652967572212219,0.5190659761428833,0.2686815559864044,0.48666995763778687,F
0.2964760661125183,0.7384754419326782,0.3388000726699829,0.707207441329956,0.35912302136421204,0.6486595869064331,0.3707771897315979,0.5985862016677856,0.37518221139907837,0.5636506080627441,0.3327637016773224,0.5981897711753845,0.34499406814575195,0.568396806716919,0.34669581055641174,0.5726259350776672,0.34419384598731995,0.5818473100662231,0.30942800641059875,0.5877497792243958,0.31143009662628174,0.523228645324707,0.30856508016586304,0.4801490306854248,0.3051087260246277,0.4415070712566376,0.2872152328491211,0.5913034677505493,0.2883349657058716,0.5296309590339661,0.28916436433792114,0.48748189210891724,0.2899627387523651,0.4506530463695526,0.26467666029930115,0.6041820645332336,0.26618194580078125,0.5555778741836548,0.2683100700378418,0.5224462151527405,0.2714160978794098,0.49044397473335266,F
0.30369728803634644,0.7483299970626831,0.3441821336746216,0.7170681357383728,0.364261269569397,0.6564946174621582,0.37746527791023254,0.6055251955986023,0.38140302896499634,0.5715867280960083,0.3373243510723114,0.6039969325065613,0.34637466073036194,0.568505585193634,0.3493522107601166,0.5763502717018127,0.34927743673324585,0.5900554060935974,0.3151117265224457,0.5945225358009338,0.31666380167007446,0.532287061214447,0.3143719732761383,0.49162548780441284,0.31181401014328003,0.45512646436691284,0.29347842931747437,0.5985507369041443,0.2947300672531128,0.5389205813407898,0.29627883434295654,0.49824094772338867,0.29758262634277344,0.462527334690094,0.27144697308540344,0.6119107604026794,0.2732362747192383,0.5642477869987488,0.27578237652778625,0.5316816568374634,0.27937933802604675,0.4999372065067291,F
0.3081803023815155,0.7469120621681213,0.35014086961746216,0.716495931148529,0.37130242586135864,0.661263108253479,0.38397225737571716,0.6104596853256226,0.3879038095474243,0.5736986398696899,0.3448564410209656,0.609168291091919,0.35654619336128235,0.576250433921814,0.3577462136745453,0.5799692869186401,0.3551664650440216,0.590015172958374,0.32247042655944824,0.5982826352119446,0.3251422643661499,0.5350507497787476,0.32243654131889343,0.4934923052787781,0.31948792934417725,0.4555016756057739,0.30101391673088074,0.600386917591095,0.30253905057907104,0.5402629375457764,0.30392658710479736,0.5003032684326172,0.3052993714809418,0.4658038020133972,0.27921074628829956,0.611770749092102,0.28177642822265625,0.5644441843032837,0.2844569683074951,0.532960832118988,0.28805384039878845,0.5028442144393921,F
0.31116893887519836,0.7413889765739441,0.35439035296440125,0.712730348110199,0.37456679344177246,0.6561005115509033,0.38437795639038086,0.6053376197814941,0.3881663382053375,0.5704985857009888,0.3481113314628601,0.6045874953269958,0.35920387506484985,0.5743029117584229,0.3599374294281006,0.5798730254173279,0.35593631863594055,0.5907201766967773,0.3258557617664337,0.593887984752655,0.32907843589782715,0.5312750935554504,0.32687193155288696,0.4892794191837311,0.32411953806877136,0.45090004801750183,0.30472612380981445,0.5962766408920288,0.30729031562805176,0.5364639163017273,0.30858826637268066,0.49636030197143555,0.30959784984588623,0.4614547789096832,0.2824539542198181,0.6083281636238098,0.28567761182785034,0.5609654784202576,0.28834542632102966,0.5290108323097229,0.2915123403072357,0.4987849295139313,F
0.3107919692993164,0.7382345795631409,0.35248303413391113,0.7086021900177002,0.3738148808479309,0.6535428762435913,0.3840356469154358,0.6037752032279968,0.3884003758430481,0.5677201151847839,0.34816664457321167,0.6017748117446899,0.35915300250053406,0.5717082619667053,0.3614734411239624,0.5787102580070496,0.359438955783844,0.5892845988273621,0.32637718319892883,0.5911826491355896,0.3298129737377167,0.5288095474243164,0.32757315039634705,0.486623078584671,0.324420303106308,0.4480479955673218,0.30505868792533875,0.5933967232704163,0.3084476590156555,0.5336329936981201,0.30992555618286133,0.49245309829711914,0.31075164675712585,0.4567320942878723,0.2822786569595337,0.6047323346138,0.28599029779434204,0.5569136738777161,0.28886228799819946,0.5246076583862305,0.29178181290626526,0.4941907525062561,F
0.31231433153152466,0.7411594986915588,0.35319191217422485,0.7116377353668213,0.37401023507118225,0.6568564176559448,0.3834969997406006,0.6065317392349243,0.3892541229724884,0.570016622543335,0.34698036313056946,0.6046774387359619,0.35728034377098083,0.574074387550354,0.35966363549232483,0.5794149041175842,0.35771870613098145,0.5887988209724426,0.3254301846027374,0.5938915610313416,0.3293680250644684,0.5317122340202332,0.32759177684783936,0.49020153284072876,0.325361967086792,0.45163750648498535,0.3045787513256073,0.5961021184921265,0.30779504776000977,0.5360997915267944,0.3099064528942108,0.49424511194229126,0.3116840124130249,0.4578755795955658,0.2823585867881775,0.6076924800872803,0.28588417172431946,0.5603204965591431,0.2886046767234802,0.5272865295410156,0.2913665175437927,0.495932400226593,F
0.30963248014450073,0.736880898475647,0.35143283009529114,0.7076801061630249,0.37240859866142273,0.6521724462509155,0.38236427307128906,0.6024672985076904,0.388382226228714,0.5668904185295105,0.34757158160209656,0.6001774072647095,0.35810139775276184,0.5706672668457031,0.36145877838134766,0.577771008014679,0.36023199558258057,0.5884111523628235,0.3257187008857727,0.5897697806358337,0.32881850004196167,0.5272029638290405,0.3267848789691925,0.4847909212112427,0.32370176911354065,0.4468555450439453,0.30426594614982605,0.592462956905365,0.3072689175605774,0.5317170023918152,0.3084944784641266,0.49054867029190063,0.30921241641044617,0.4552719295024872,0.28125759959220886,0.6045786142349243,0.28444018959999084,0.5560584664344788,0.28685083985328674,0.5236818790435791,0.2893802523612976,0.4931480288505554,F
0.3090682327747345,0.7382651567459106,0.3499910831451416,0.7092677354812622,0.3704403340816498,0.6520224809646606,0.38121065497398376,0.6017792224884033,0.38565659523010254,0.5667366981506348,0.3460756540298462,0.6020675301551819,0.35669103264808655,0.5718510150909424,0.359696626663208,0.5761913657188416,0.35863128304481506,0.5839115977287292,0.3242383301258087,0.5904017686843872,0.3273121118545532,0.5283064246177673,0.32492396235466003,0.48604118824005127,0.3213801085948944,0.446929395198822,0.30283278226852417,0.5924571752548218,0.3049192726612091,0.5328773856163025,0.3064417839050293,0.49151673913002014,0.3072543740272522,0.45540428161621094,0.28007832169532776,0.6036497354507446,0.28281497955322266,0.5559035539627075,0.28540927171707153,0.5227718949317932,0.2885544002056122,0.49113941192626953,F
0.30876898765563965,0.7370718717575073,0.3497830033302307,0.7072854042053223,0.36907145380973816,0.6499289870262146,0.3796848952770233,0.5999648571014404,0.38600608706474304,0.5658800601959229,0.34154245257377625,0.6002917885780334,0.35148411989212036,0.5702064633369446,0.35647493600845337,0.5772861838340759,0.3568253815174103,0.5866467952728271,0.32085537910461426,0.590254545211792,0.3238857686519623,0.5279146432876587,0.32263240218162537,0.4859342873096466,0.3201241195201874,0.44755834341049194,0.30034616589546204,0.5931506156921387,0.3032616376876831,0.5327983498573303,0.3055497705936432,0.49094992876052856,0.3071545362472534,0.4547692537307739,0.2783290147781372,0.6048858165740967,0.2812225818634033,0.5566644668579102,0.284079909324646,0.5233623385429382,0.287458598613739,0.49190306663513184,F
0.3046807646751404,0.7373069524765015,0.3454677164554596,0.709211528301239,0.36440786719322205,0.6540742516517639,0.37451672554016113,0.6038963794708252,0.3803428113460541,0.5682387351989746,0.3385620713233948,0.6046897172927856,0.3475465476512909,0.5752566456794739,0.35135942697525024,0.5801651477813721,0.3510565757751465,0.5869055390357971,0.31773731112480164,0.593387246131897,0.32075679302215576,0.530803382396698,0.3186471462249756,0.4889017641544342,0.31583988666534424,0.45052415132522583,0.29706570506095886,0.5952770709991455,0.2996753752231598,0.5349559783935547,0.30117425322532654,0.49326857924461365,0.3024296164512634,0.45737361907958984,0.2747306525707245,0.6063963174819946,0.2779049873352051,0.5584315061569214,0.280764639377594,0.5257587432861328,0.2839053273200989,0.49484285712242126,F
0.3068302273750305,0.7382644414901733,0.3479976952075958,0.7093271613121033,0.3672669231891632,0.6535734534263611,0.37772274017333984,0.6036127209663391,0.3826521635055542,0.570235550403595,0.3418472707271576,0.6034135818481445,0.3536427319049835,0.5743175148963928,0.3557649254798889,0.5778146982192993,0.35345259308815,0.5857747197151184,0.3200133740901947,0.5926598906517029,0.32297036051750183,0.5306831002235413,0.3204854726791382,0.48883914947509766,0.31708481907844543,0.4510134756565094,0.2991546094417572,0.5948565602302551,0.3013518750667572,0.5356675386428833,0.30259010195732117,0.4950329065322876,0.3033418655395508,0.46004432439804077,0.2775312662124634,0.6062214970588684,0.2803992033004761,0.5595004558563232,0.2828206419944763,0.5277988314628601,0.2856132984161377,0.49807700514793396,F
0.3070777356624603,0.7370056509971619,0.3480464518070221,0.7072871327400208,0.36654043197631836,0.6498860716819763,0.37629958987236023,0.6002616286277771,0.383405864238739,0.5671975016593933,0.33940839767456055,0.6016013026237488,0.349985271692276,0.5724489688873291,0.3562908172607422,0.5777509808540344,0.3581785559654236,0.5850077271461487,0.3189263343811035,0.5916966199874878,0.32133749127388,0.5297983884811401,0.31964048743247986,0.4880317449569702,0.3169350028038025,0.4499182105064392,0.2985384166240692,0.5943353772163391,0.3006252646446228,0.5344880819320679,0.30230453610420227,0.4933370351791382,0.30350232124328613,0.45791763067245483,0.27669501304626465,0.6056537628173828,0.27963677048683167,0.5577967166900635,0.28217679262161255,0.5251712203025818,0.285207062959671,0.4947018325328827,F
0.30781736969947815,0.7390422224998474,0.3490324020385742,0.7089938521385193,0.36827749013900757,0.6540457606315613,0.37787050008773804,0.6044309139251709,0.38249048590660095,0.5711668729782104,0.34281131625175476,0.6050260663032532,0.35415494441986084,0.5762676000595093,0.3575308620929718,0.5789279341697693,0.35666173696517944,0.5853905081748962,0.32057490944862366,0.5939550995826721,0.32288533449172974,0.5322014093399048,0.32042640447616577,0.4903320074081421,0.31723183393478394,0.4520227313041687,0.2993219494819641,0.5961899757385254,0.30088934302330017,0.5368078947067261,0.3019736111164093,0.4958553612232208,0.3027855157852173,0.46059727668762207,0.27726030349731445,0.6078489422798157,0.2797572612762451,0.5606480240821838,0.2820560038089752,0.5285337567329407,0.2846841514110565,0.498417466878891,F
0.3091231882572174,0.7341787815093994,0.35016930103302,0.7043014168739319,0.3694784343242645,0.648949146270752,0.3786897361278534,0.5996143817901611,0.38530880212783813,0.5654609203338623,0.34400102496147156,0.5997898578643799,0.3558362126350403,0.5722842812538147,0.36043840646743774,0.5735334753990173,0.36075249314308167,0.578874409198761,0.3221089839935303,0.5892811417579651,0.3241760730743408,0.528171181678772,0.32163891196250916,0.4864200949668884,0.31837698817253113,0.44841423630714417,0.301132470369339,0.5919105410575867,0.30303019285202026,0.5326124429702759,0.303786963224411,0.4921431541442871,0.3042375147342682,0.45676499605178833,0.2789110541343689,0.6041519641876221,0.2810836732387543,0.5569928884506226,0.28309011459350586,0.5249908566474915,0.2853437662124634,0.49474573135375977,F
0.31031543016433716,0.733884871006012,0.35117825865745544,0.7037484645843506,0.37114620208740234,0.6489455699920654,0.38033708930015564,0.599515438079834,0.38502034544944763,0.5657922625541687,0.3453209400177002,0.601836621761322,0.35713380575180054,0.5743517279624939,0.36183053255081177,0.5734007954597473,0.36258625984191895,0.5765536427497864,0.32304656505584717,0.5902814269065857,0.32464802265167236,0.528539776802063,0.32202067971229553,0.48654693365097046,0.3189477324485779,0.44819775223731995,0.3017304837703705,0.5920844078063965,0.3030341863632202,0.5332258343696594,0.3040604293346405,0.49208757281303406,0.30500540137290955,0.45663905143737793,0.2793678641319275,0.603512704372406,0.2813642919063568,0.5568239688873291,0.2835214138031006,0.5246642231941223,0.286113440990448,0.4945394992828369,F
0.31009337306022644,0.7344228625297546,0.35134127736091614,0.7044296264648438,0.3713161051273346,0.6490224003791809,0.3804939389228821,0.5990023016929626,0.3851376175880432,0.5653119087219238,0.3443700075149536,0.6010420322418213,0.35594573616981506,0.5750911831855774,0.3614116907119751,0.573957085609436,0.3631064295768738,0.5761804580688477,0.3223273456096649,0.5896890759468079,0.3242146074771881,0.5285108089447021,0.32170534133911133,0.4865456819534302,0.318869024515152,0.44769972562789917,0.30125895142555237,0.5914126634597778,0.30259498953819275,0.5324019193649292,0.3037336766719818,0.4912717044353485,0.30482909083366394,0.4558252990245819,0.27895963191986084,0.6027423739433289,0.2809719145298004,0.5555967092514038,0.2833694815635681,0.5231822729110718,0.28638461232185364,0.4930548071861267,F
0.31020623445510864,0.733694851398468,0.3507492244243622,0.7041235566139221,0.3697575628757477,0.648405134677887,0.3791975975036621,0.5985472202301025,0.3850427269935608,0.5650447607040405,0.34357160329818726,0.60127192735672,0.35571587085723877,0.5758132934570312,0.36275672912597656,0.5735589265823364,0.3656505048274994,0.574293315410614,0.3218216896057129,0.5898615717887878,0.32365208864212036,0.5280659794807434,0.32133322954177856,0.485761821269989,0.31838080286979675,0.4469761550426483,0.300799161195755,0.5917038917541504,0.30219751596450806,0.5320290327072144,0.3033393323421478,0.4906318783760071,0.3043564558029175,0.4549933969974518,0.2785724997520447,0.6029986143112183,0.28052741289138794,0.5555229783058167,0.2828958332538605,0.5229355692863464,0.2859814763069153,0.49266937375068665,F
0.30965757369995117,0.7337722182273865,0.34992870688438416,0.7044785022735596,0.3698968291282654,0.6499127149581909,0.37962618470191956,0.599929928779602,0.38457295298576355,0.5665187239646912,0.344261109828949,0.6011722087860107,0.356732040643692,0.5738920569419861,0.3619202971458435,0.5729493498802185,0.3630041778087616,0.5753504633903503,0.3222638666629791,0.5896140933036804,0.3241432309150696,0.5276867747306824,0.3210781216621399,0.4853896498680115,0.3173224925994873,0.44677650928497314,0.30105826258659363,0.5915206670761108,0.3026826083660126,0.5323728322982788,0.30340540409088135,0.49143075942993164,0.3038209080696106,0.4561315178871155,0.27869412302970886,0.6031854748725891,0.28087297081947327,0.556037187576294,0.2831391394138336,0.5240179300308228,0.28590673208236694,0.4941251277923584,F
0.3073636293411255,0.7330113053321838,0.3478580415248871,0.7040091753005981,0.3668926954269409,0.648712158203125,0.3763788640499115,0.5994237065315247,0.381470650434494,0.5650002360343933,0.3428385257720947,0.6012331247329712,0.3538915812969208,0.5745465159416199,0.359495609998703,0.5738935470581055,0.3612021207809448,0.5760624408721924,0.3210282325744629,0.5894787311553955,0.32282477617263794,0.5273070335388184,0.31992045044898987,0.4851660132408142,0.31606411933898926,0.4471026659011841,0.29957976937294006,0.5912975072860718,0.3010903298854828,0.5314600467681885,0.3021559715270996,0.49042677879333496,0.302851140499115,0.4553421139717102,0.2766887843608856,0.6025867462158203,0.27900901436805725,0.5551169514656067,0.28144848346710205,0.5230893492698669,0.2842654883861542,0.493247926235199,F
0.3085019886493683,0.7338866591453552,0.3485190272331238,0.7027121782302856,0.3666970729827881,0.6488909721374512,0.37557452917099,0.5998104214668274,0.3820398449897766,0.5646781325340271,0.34037673473358154,0.601028323173523,0.35114651918411255,0.5743119120597839,0.3573189079761505,0.573401689529419,0.3595832586288452,0.5753566026687622,0.31900516152381897,0.5898782014846802,0.3209091126918793,0.5280494093894958,0.3185316324234009,0.4861450493335724,0.31540706753730774,0.44735243916511536,0.2982856333255768,0.5919342637062073,0.2997356653213501,0.5327551960945129,0.30100470781326294,0.49144482612609863,0.3021519184112549,0.45578262209892273,0.2763711214065552,0.6034594774246216,0.278064489364624,0.5561003088951111,0.2804010510444641,0.5233516693115234,0.2833411991596222,0.4929977059364319,F
0.3052205443382263,0.7344631552696228,0.3463842272758484,0.7049868702888489,0.3650664985179901,0.6485790610313416,0.3742496967315674,0.5983016490936279,0.3805696964263916,0.5651918649673462,0.33964622020721436,0.6016112565994263,0.3520870804786682,0.5729009509086609,0.3563510775566101,0.574057936668396,0.3563580811023712,0.5783464312553406,0.3179774582386017,0.5900217294692993,0.3203224241733551,0.5282716751098633,0.3177575170993805,0.4864062964916229,0.31436672806739807,0.44783371686935425,0.2969709038734436,0.5919479727745056,0.2984042167663574,0.5328312516212463,0.299382746219635,0.4915772080421448,0.29996034502983093,0.456198513507843,0.27473145723342896,0.6032206416130066,0.277010440826416,0.5556695461273193,0.279441773891449,0.5233578085899353,0.28228917717933655,0.49335816502571106,F
0.3047747313976288,0.7364682555198669,0.34492895007133484,0.7068092226982117,0.3628419041633606,0.6505053639411926,0.3721396327018738,0.600601851940155,0.3781645894050598,0.5659607648849487,0.3367243707180023,0.6034132838249207,0.34813377261161804,0.5748907923698425,0.35458752512931824,0.5745238065719604,0.3571028709411621,0.5770751237869263,0.3157464563846588,0.5924465656280518,0.31782615184783936,0.5305333733558655,0.3154967427253723,0.4884573519229889,0.31225740909576416,0.4496206045150757,0.29499369859695435,0.5948154926300049,0.2958714962005615,0.5352534055709839,0.2969898283481598,0.49400925636291504,0.2978495657444,0.45835310220718384,0.27276578545570374,0.6062160730361938,0.2747798562049866,0.5589245557785034,0.2770891785621643,0.526099443435669,0.28006452322006226,0.4952032268047333,F
0.30435076355934143,0.7341287136077881,0.3438855707645416,0.7035812735557556,0.3618198335170746,0.648434579372406,0.3707532286643982,0.5991012454032898,0.3772561848163605,0.5648238062858582,0.33617374300956726,0.6015708446502686,0.34803712368011475,0.5761882662773132,0.35523292422294617,0.5740330815315247,0.35809311270713806,0.5747015476226807,0.31476542353630066,0.5904864072799683,0.3161526918411255,0.5291816592216492,0.31337109208106995,0.4872182011604309,0.3096831142902374,0.44929397106170654,0.29392510652542114,0.5926356315612793,0.294854074716568,0.533226490020752,0.295634925365448,0.49218907952308655,0.2962588667869568,0.4570808410644531,0.2718408405780792,0.60442715883255,0.27326712012290955,0.5573455095291138,0.2754825949668884,0.5251902937889099,0.2783367931842804,0.49548158049583435,F
0.3037963807582855,0.7360445261001587,0.34428873658180237,0.7058268785476685,0.36280059814453125,0.650094211101532,0.37268078327178955,0.6010740995407104,0.3786777853965759,0.5678457021713257,0.3361375629901886,0.6019785404205322,0.34648075699806213,0.5736966729164124,0.3505198359489441,0.5757442116737366,0.35063016414642334,0.5805872678756714,0.31443849205970764,0.5912877917289734,0.31588679552078247,0.5304507613182068,0.31312549114227295,0.488775372505188,0.3097521662712097,0.4505610466003418,0.29342591762542725,0.5939589738845825,0.2941243350505829,0.5351881384849548,0.29462483525276184,0.49467211961746216,0.2952021062374115,0.4595237970352173,0.2713814079761505,0.6061230897903442,0.273264080286026,0.5590561032295227,0.27532193064689636,0.5270808935165405,0.2780018746852875,0.49691370129585266,F
0.30293673276901245,0.7351559400558472,0.3422499895095825,0.7049487233161926,0.36176812648773193,0.6512691974639893,0.3711473047733307,0.6019280552864075,0.3761587142944336,0.5662771463394165,0.33714255690574646,0.6034842133522034,0.3490481674671173,0.5766340494155884,0.3549745976924896,0.5734268426895142,0.35696840286254883,0.5729745030403137,0.3150222599506378,0.5916709303855896,0.31608209013938904,0.530250608921051,0.3127916753292084,0.4881017208099365,0.3089650869369507,0.4493546485900879,0.2935541272163391,0.5934876203536987,0.29422834515571594,0.5343717932701111,0.2947525084018707,0.4930111765861511,0.29530611634254456,0.45742636919021606,0.27085408568382263,0.6049761176109314,0.27234649658203125,0.5574668049812317,0.2744426131248474,0.5253150463104248,0.2772804796695709,0.4953986406326294,F
0.3032669723033905,0.7355928421020508,0.34317877888679504,0.7043361663818359,0.36104005575180054,0.6491649150848389,0.36952194571495056,0.5997233986854553,0.3753935992717743,0.564846932888031,0.33620989322662354,0.6028228998184204,0.34746649861335754,0.5758980512619019,0.3531975746154785,0.5746610760688782,0.3549761176109314,0.576910138130188,0.31424227356910706,0.5913745164871216,0.31535086035728455,0.5304034948348999,0.3123299181461334,0.4883265495300293,0.3089878559112549,0.4494449496269226,0.2929627001285553,0.5933360457420349,0.29394441843032837,0.5343483686447144,0.29481884837150574,0.49317076802253723,0.2957000434398651,0.4574139714241028,0.2704717218875885,0.6047974228858948,0.27188965678215027,0.5581325888633728,0.2740774154663086,0.5260344743728638,0.27700817584991455,0.4958815276622772,F
0.302663654088974,0.7371042370796204,0.34219229221343994,0.7059699892997742,0.3603798747062683,0.6530084609985352,0.3689848780632019,0.6037701368331909,0.37287893891334534,0.5681026577949524,0.33376556634902954,0.604559063911438,0.34558552503585815,0.5766861438751221,0.3504781723022461,0.5765035152435303,0.35151243209838867,0.5798535943031311,0.31215447187423706,0.593230664730072,0.31356295943260193,0.5314981341362,0.31056472659111023,0.48966652154922485,0.3072495460510254,0.4509456753730774,0.2912960946559906,0.5954820513725281,0.29233497381210327,0.5364664793014526,0.29328182339668274,0.4952845871448517,0.2942681610584259,0.4593912363052368,0.26951682567596436,0.6074417233467102,0.2712402045726776,0.5606699585914612,0.27324312925338745,0.5281365513801575,0.27581313252449036,0.4974905848503113,F
0.30192479491233826,0.7382603287696838,0.34216341376304626,0.7070785164833069,0.36031246185302734,0.6522194147109985,0.36945122480392456,0.6024892330169678,0.3748151659965515,0.5685909986495972,0.3335845470428467,0.6038850545883179,0.3450058102607727,0.5749232172966003,0.34885016083717346,0.578825056552887,0.34828147292137146,0.5861480832099915,0.31206047534942627,0.5936943888664246,0.31377917528152466,0.5318930745124817,0.31070372462272644,0.49006056785583496,0.3069624602794647,0.4517041742801666,0.29112133383750916,0.5967216491699219,0.29202696681022644,0.5374018549919128,0.2924923002719879,0.4962633550167084,0.29294392466545105,0.46061521768569946,0.26908421516418457,0.6092549562454224,0.27054211497306824,0.5620453953742981,0.27276134490966797,0.5297499895095825,0.2756870985031128,0.49912309646606445,F
0.30198934674263,0.7385982871055603,0.34210583567619324,0.7073441743850708,0.36024051904678345,0.6519128680229187,0.36920803785324097,0.6019690632820129,0.3748660385608673,0.5670973062515259,0.3340545892715454,0.6039772629737854,0.3461233079433441,0.5756898522377014,0.3511132597923279,0.5772278308868408,0.35191434621810913,0.5825871229171753,0.3122321665287018,0.5936274528503418,0.31363922357559204,0.5318334102630615,0.31043338775634766,0.4899429380893707,0.3066331744194031,0.4514724612236023,0.2912136912345886,0.5964913368225098,0.29227277636528015,0.5373492240905762,0.29282206296920776,0.4964646100997925,0.29318612813949585,0.4607939124107361,0.2693561613559723,0.6087503433227539,0.27100202441215515,0.5618844032287598,0.2729569971561432,0.5297123789787292,0.27536800503730774,0.499341756105423,F
0.3025563955307007,0.7381574511528015,0.34176939725875854,0.7063501477241516,0.3599894642829895,0.6523047089576721,0.36929136514663696,0.6031749844551086,0.3753478229045868,0.5687617063522339,0.3331184983253479,0.6023584008216858,0.34474724531173706,0.5743160247802734,0.34995585680007935,0.5787619948387146,0.35058099031448364,0.5870697498321533,0.3118666112422943,0.5926029682159424,0.3136289417743683,0.531046986579895,0.31080400943756104,0.4893358647823334,0.3073307275772095,0.45128732919692993,0.2912294268608093,0.5957979559898376,0.2926725149154663,0.5365539193153381,0.2934046685695648,0.49600574374198914,0.29412755370140076,0.46072256565093994,0.2695167660713196,0.6087280511856079,0.2706551253795624,0.562455952167511,0.27268317341804504,0.5305914878845215,0.2754512131214142,0.5002630949020386,F
0.3029317557811737,0.737473726272583,0.34238797426223755,0.7062705159187317,0.36088618636131287,0.6523633003234863,0.3700123727321625,0.603188157081604,0.3751133382320404,0.5688530206680298,0.3348170220851898,0.60318922996521,0.3460545539855957,0.5737532377243042,0.3497201204299927,0.5766862034797668,0.3491919934749603,0.5838000774383545,0.31292060017585754,0.5927414298057556,0.31464090943336487,0.530595600605011,0.31117764115333557,0.48865747451782227,0.3071352541446686,0.4509134888648987,0.29190102219581604,0.5954659581184387,0.29311710596084595,0.5360515117645264,0.29329273104667664,0.495441734790802,0.293559730052948,0.4606133699417114,0.2701873183250427,0.6078983545303345,0.2717078924179077,0.561479389667511,0.2735174596309662,0.5296183228492737,0.2759512662887573,0.4997381865978241,F
0.3041742742061615,0.7362722754478455,0.34408900141716003,0.7044194340705872,0.36185356974601746,0.6495994329452515,0.3709108233451843,0.6000714898109436,0.3767877221107483,0.565781831741333,0.3336004614830017,0.5999855995178223,0.3447425067424774,0.5708330273628235,0.35047778487205505,0.5760471224784851,0.35139936208724976,0.5848926901817322,0.31255730986595154,0.5909498333930969,0.31466221809387207,0.5295146107673645,0.31235235929489136,0.4879622459411621,0.3091992735862732,0.4505184292793274,0.29228436946868896,0.59443199634552,0.2935110330581665,0.5351484417915344,0.29419729113578796,0.49454912543296814,0.29490798711776733,0.4596330523490906,0.2709711790084839,0.6073585748672485,0.2725968658924103,0.5609329342842102,0.27473995089530945,0.5287792086601257,0.27763232588768005,0.4983888268470764,F
0.3029758036136627,0.7347697019577026,0.3431973457336426,0.7045077681541443,0.3606427013874054,0.6493344902992249,0.36877360939979553,0.5994060635566711,0.3756863474845886,0.5661227107048035,0.3342675268650055,0.6009825468063354,0.3463393449783325,0.5713710784912109,0.3508584201335907,0.5746670961380005,0.35083022713661194,0.5811899900436401,0.3129178285598755,0.5906529426574707,0.31515467166900635,0.5287594199180603,0.31224682927131653,0.48695850372314453,0.30867916345596313,0.44909894466400146,0.29234835505485535,0.59348064661026,0.29373058676719666,0.5340115427970886,0.2940567433834076,0.4934318959712982,0.29448312520980835,0.4584606885910034,0.27069416642189026,0.606288731098175,0.2725124955177307,0.5597211718559265,0.27468347549438477,0.5280007123947144,0.27745673060417175,0.49803903698921204,F
0.3030548691749573,0.7360751032829285,0.3429799973964691,0.7052658796310425,0.36201944947242737,0.6513603925704956,0.37183135747909546,0.6027159690856934,0.3747048079967499,0.5683674812316895,0.3356212377548218,0.6012434959411621,0.3450234532356262,0.570737361907959,0.34721997380256653,0.575313150882721,0.3455711901187897,0.5842191576957703,0.31349804997444153,0.5915488004684448,0.31518417596817017,0.5303561091423035,0.31211891770362854,0.48951464891433716,0.3088896870613098,0.45243772864341736,0.2924140691757202,0.5946143865585327,0.2933768630027771,0.5359479188919067,0.29377320408821106,0.49526411294937134,0.29441365599632263,0.4603251814842224,0.27065256237983704,0.6070579886436462,0.2724322974681854,0.560973048210144,0.27394768595695496,0.5290906429290771,0.27600014209747314,0.4988768696784973,F
0.30296793580055237,0.7372641563415527,0.3414750397205353,0.7067171931266785,0.3596089482307434,0.6517052054405212,0.36951300501823425,0.6023335456848145,0.3771962523460388,0.566623866558075,0.3317264914512634,0.6025148034095764,0.3410685956478119,0.5709807276725769,0.3453608751296997,0.5761338472366333,0.34524866938591003,0.58348548412323,0.31126663088798523,0.5927945375442505,0.31366997957229614,0.5318734049797058,0.31155896186828613,0.4911096692085266,0.3087342083454132,0.45415228605270386,0.29108595848083496,0.5957711338996887,0.2928183078765869,0.536691427230835,0.2942076623439789,0.4959481358528137,0.2955898940563202,0.46073925495147705,0.269690603017807,0.6077991127967834,0.2714596092700958,0.5609226226806641,0.2736266255378723,0.5287312269210815,0.27655279636383057,0.49817103147506714,F
0.30097725987434387,0.7372428178787231,0.3408065438270569,0.7060264945030212,0.3579781651496887,0.6509222388267517,0.36540088057518005,0.6010464429855347,0.3723094165325165,0.5651803016662598,0.3290572464466095,0.6008815765380859,0.3370210826396942,0.565724790096283,0.34031787514686584,0.5659016370773315,0.3399913012981415,0.5644713044166565,0.30924123525619507,0.5922399759292603,0.3107334077358246,0.530846357345581,0.30885788798332214,0.4911677837371826,0.3066152334213257,0.4552212953567505,0.2896096110343933,0.5960477590560913,0.2908385992050171,0.5372701287269592,0.29198750853538513,0.4972306489944458,0.2932955324649811,0.4629833698272705,0.2686018645763397,0.6086447834968567,0.27055925130844116,0.5623379945755005,0.2727276384830475,0.5308427214622498,0.27561673521995544,0.5006426572799683,F
0.30211010575294495,0.7391261458396912,0.3405865728855133,0.7071333527565002,0.357421875,0.6537899374961853,0.3659271001815796,0.6055870652198792,0.36850404739379883,0.5691710710525513,0.32829874753952026,0.603442907333374,0.3371673822402954,0.5701556205749512,0.34124279022216797,0.5752859711647034,0.34125277400016785,0.5800153017044067,0.30829283595085144,0.5943828821182251,0.31064561009407043,0.5328590273857117,0.308330237865448,0.49348950386047363,0.3054215908050537,0.45767641067504883,0.2886497378349304,0.5980671644210815,0.2901252508163452,0.5395053029060364,0.2913043200969696,0.4994671940803528,0.2924703359603882,0.4650419354438782,0.268302857875824,0.6106308698654175,0.27046504616737366,0.5642848014831543,0.2728536128997803,0.5322895646095276,0.27621105313301086,0.5016729831695557,F
0.29988789558410645,0.7385386824607849,0.33935028314590454,0.7076126933097839,0.35707759857177734,0.6541875600814819,0.3654646873474121,0.6060611009597778,0.36276277899742126,0.5714448690414429,0.33006682991981506,0.6047900915145874,0.3395971655845642,0.5735223889350891,0.3418918251991272,0.5816108584403992,0.34015217423439026,0.5915476083755493,0.3090725541114807,0.595177948474884,0.31164056062698364,0.5328812599182129,0.3084264099597931,0.49244076013565063,0.3046945035457611,0.4566862881183624,0.28874582052230835,0.5985966324806213,0.29023486375808716,0.5393595099449158,0.29078829288482666,0.499129056930542,0.29140257835388184,0.46503621339797974,0.26805728673934937,0.61155766248703,0.270425945520401,0.5648868083953857,0.2727188169956207,0.5334077477455139,0.27561497688293457,0.5034418702125549,F
0.2998562455177307,0.7389172911643982,0.33766970038414,0.7073183655738831,0.3536718487739563,0.6544644236564636,0.3606796860694885,0.6061528921127319,0.3597068190574646,0.5715311765670776,0.3242701590061188,0.601247251033783,0.330320805311203,0.5582025647163391,0.32981035113334656,0.5483025908470154,0.32637494802474976,0.5366018414497375,0.305503249168396,0.5937210917472839,0.3081431984901428,0.5319404602050781,0.30665555596351624,0.4922902286052704,0.3044920563697815,0.4564233422279358,0.28723427653312683,0.5983240604400635,0.2891687750816345,0.5391468405723572,0.2908654808998108,0.4995698630809784,0.29243984818458557,0.4665476679801941,0.26783299446105957,0.6111716628074646,0.26996973156929016,0.5647831559181213,0.27234944701194763,0.5329456925392151,0.2756845951080322,0.503054678440094,F
0.3006499409675598,0.7386802434921265,0.3383130729198456,0.7097755074501038,0.3548334240913391,0.6557120680809021,0.36325350403785706,0.607356607913971,0.35753944516181946,0.5750755071640015,0.3309594988822937,0.6049652099609375,0.34141311049461365,0.5719045996665955,0.34235766530036926,0.5769304037094116,0.3393084704875946,0.5862042307853699,0.30967116355895996,0.5950387120246887,0.31243476271629333,0.532393217086792,0.30940884351730347,0.4912624955177307,0.3057540953159332,0.45455843210220337,0.28938212990760803,0.5987241864204407,0.29026132822036743,0.5399110913276672,0.2906537353992462,0.5004361271858215,0.2910956144332886,0.4668560028076172,0.2690948247909546,0.6117026805877686,0.2708536386489868,0.5653191804885864,0.2729783058166504,0.5340039134025574,0.275931715965271,0.5043190121650696,F
0.3006528913974762,0.7397577166557312,0.338196724653244,0.7081652879714966,0.35344719886779785,0.6550936698913574,0.36021506786346436,0.6073675155639648,0.3591495752334595,0.5735535025596619,0.32695457339286804,0.6046653389930725,0.3358900547027588,0.568625271320343,0.3369344472885132,0.5739797949790955,0.33395668864250183,0.5795906186103821,0.30749592185020447,0.5955615639686584,0.31076279282569885,0.5338267087936401,0.30851757526397705,0.49452224373817444,0.3057071566581726,0.45944082736968994,0.28822582960128784,0.5994930267333984,0.29050272703170776,0.5404502153396606,0.2918749749660492,0.4999074935913086,0.29324862360954285,0.4652746915817261,0.26807063817977905,0.6123809814453125,0.26996371150016785,0.5656269788742065,0.27218198776245117,0.5336936712265015,0.275399774312973,0.5028868913650513,F
0.30023208260536194,0.7389301061630249,0.33860155940055847,0.7077468633651733,0.3536427319049835,0.6547864079475403,0.3605175316333771,0.6065560579299927,0.35842272639274597,0.5737719535827637,0.3275688588619232,0.6044090390205383,0.3362884521484375,0.5694174766540527,0.3370756208896637,0.5757861137390137,0.33380454778671265,0.5825521945953369,0.3077870011329651,0.5955600142478943,0.31049495935440063,0.5338104367256165,0.3082403540611267,0.494600772857666,0.30551233887672424,0.4597287178039551,0.2886871099472046,0.599338173866272,0.29000359773635864,0.5409910678863525,0.29111847281455994,0.5020195841789246,0.29222193360328674,0.469224214553833,0.26925182342529297,0.6119817495346069,0.2703666090965271,0.5658847689628601,0.2721152603626251,0.5348777174949646,0.2748810350894928,0.5055549144744873,F
0.30048951506614685,0.7389280200004578,0.337605357170105,0.7084950804710388,0.35284894704818726,0.6560242176055908,0.3596162796020508,0.6083387732505798,0.3574772775173187,0.5743740200996399,0.32764527201652527,0.6056817173957825,0.3372170329093933,0.5725242495536804,0.33931776881217957,0.5764650702476501,0.3375585675239563,0.5813824534416199,0.30773571133613586,0.5957469344139099,0.31062790751457214,0.534218966960907,0.30805549025535583,0.4943125247955322,0.3050163686275482,0.4590279459953308,0.28800830245018005,0.5988429188728333,0.28953683376312256,0.5402525067329407,0.2906404435634613,0.5001415610313416,0.29193422198295593,0.46623778343200684,0.2675490975379944,0.6110684275627136,0.26918086409568787,0.5648006200790405,0.2713153660297394,0.5333089232444763,0.27461114525794983,0.5032498836517334,F
0.29499176144599915,0.739526629447937,0.3338342607021332,0.7092918157577515,0.3498270511627197,0.6565914750099182,0.35727381706237793,0.6084707975387573,0.35162729024887085,0.5759600400924683,0.3256092071533203,0.6070584654808044,0.334720253944397,0.5733039379119873,0.33430638909339905,0.5829637050628662,0.32916590571403503,0.5942345261573792,0.3058117926120758,0.5969743132591248,0.309519499540329,0.534745454788208,0.30698543787002563,0.4946240186691284,0.3037954866886139,0.4596215486526489,0.2860785722732544,0.5995038151741028,0.2882020175457001,0.5401357412338257,0.2894167900085449,0.4996933043003082,0.2906627655029297,0.466228723526001,0.2654481530189514,0.6112828850746155,0.2677442729473114,0.5647579431533813,0.27036577463150024,0.5333008766174316,0.27379339933395386,0.5036782026290894,F
0.2935926020145416,0.7405142784118652,0.3300083875656128,0.7112032175064087,0.3439366817474365,0.6551107168197632,0.3449941873550415,0.6044701933860779,0.33798837661743164,0.5709497332572937,0.3257116973400116,0.6029217839241028,0.32265982031822205,0.5519042611122131,0.3158946931362152,0.5192182064056396,0.3090280294418335,0.49125105142593384,0.30731096863746643,0.5962697863578796,0.3060300946235657,0.5340176224708557,0.30456048250198364,0.49135321378707886,0.30384960770606995,0.4538782238960266,0.28905045986175537,0.5996149778366089,0.2884293794631958,0.5404019355773926,0.28992998600006104,0.5006799697875977,0.2916931211948395,0.46943598985671997,0.26907798647880554,0.6096193194389343,0.27125534415245056,0.5627433061599731,0.2740735411643982,0.5311524868011475,0.2777215540409088,0.5024686455726624,F
0.2947011888027191,0.7406424880027771,0.330867737531662,0.7129341959953308,0.34488147497177124,0.6552572250366211,0.34618890285491943,0.6040558218955994,0.3376625180244446,0.571209728717804,0.32748785614967346,0.6023609638214111,0.3251758813858032,0.5545902848243713,0.3179051876068115,0.5271176695823669,0.31041744351387024,0.5035285949707031,0.30890795588493347,0.5958333015441895,0.3073565661907196,0.5353303551673889,0.30552777647972107,0.4928921163082123,0.30419012904167175,0.4554871916770935,0.2906789779663086,0.5998291373252869,0.2904670238494873,0.5426194667816162,0.29139021039009094,0.5022759437561035,0.29195839166641235,0.4694269299507141,0.27079886198043823,0.609761655330658,0.2724873125553131,0.5635796785354614,0.27489233016967773,0.5321304798126221,0.27795782685279846,0.5029752254486084,F
0.29637327790260315,0.7416450381278992,0.33348536491394043,0.7135759592056274,0.34869539737701416,0.6585915684700012,0.35180655121803284,0.6088045835494995,0.34601759910583496,0.5749247670173645,0.32988712191581726,0.6045216917991638,0.3295010030269623,0.5582801699638367,0.32335400581359863,0.532687246799469,0.3166373074054718,0.5101542472839355,0.3111311197280884,0.5972426533699036,0.3103896379470825,0.5369992852210999,0.3086395859718323,0.49498385190963745,0.3072056472301483,0.4576479196548462,0.29276683926582336,0.6003301739692688,0.29279372096061707,0.5432969331741333,0.29378944635391235,0.502988338470459,0.29457348585128784,0.47017601132392883,0.27286747097969055,0.6095882058143616,0.2746082842350006,0.5631608366966248,0.27717211842536926,0.5318440198898315,0.2807164490222931,0.5028370022773743,F
0.29668906331062317,0.7411661148071289,0.334532767534256,0.7172995209693909,0.35090357065200806,0.6595928072929382,0.354921817779541,0.6088495850563049,0.3430626690387726,0.57941073179245,0.33450430631637573,0.6103353500366211,0.33947935700416565,0.5733396410942078,0.33371853828430176,0.5802091956138611,0.3250434696674347,0.5904818177223206,0.31452712416648865,0.5996840596199036,0.31639736890792847,0.5383711457252502,0.3147349953651428,0.4971722960472107,0.31319791078567505,0.46056708693504333,0.29482725262641907,0.6014803647994995,0.29614588618278503,0.5428516864776611,0.2975286841392517,0.5015948414802551,0.29879724979400635,0.46765875816345215,0.2742398977279663,0.6101906299591064,0.2761331796646118,0.562883198261261,0.2789086699485779,0.5311930179595947,0.28279978036880493,0.5014112591743469,F
0.2988654375076294,0.738686740398407,0.3368067443370819,0.7103161215782166,0.3535881042480469,0.6567552089691162,0.3566212058067322,0.6067899465560913,0.34605151414871216,0.5761982202529907,0.3316919207572937,0.600382387638092,0.3284235894680023,0.5484228730201721,0.32052716612815857,0.5141556262969971,0.312500536441803,0.48564058542251587,0.31274178624153137,0.5944139361381531,0.3120390772819519,0.5324741005897522,0.3110903799533844,0.4895824193954468,0.31039682030677795,0.4526083469390869,0.2940920889377594,0.5986086130142212,0.29521018266677856,0.5398955941200256,0.29785990715026855,0.49938148260116577,0.3001410961151123,0.4668712317943573,0.27342522144317627,0.6095819473266602,0.2755790054798126,0.5633631348609924,0.27803537249565125,0.5321843028068542,0.2810267210006714,0.5037619471549988,F
0.29916054010391235,0.7428137063980103,0.3368138074874878,0.7142396569252014,0.3546265661716461,0.660546064376831,0.3596051037311554,0.6108258962631226,0.3502044081687927,0.5796421766281128,0.33118200302124023,0.6036788821220398,0.3311363160610199,0.5546383857727051,0.3247329592704773,0.5262125134468079,0.3174450099468231,0.5017499327659607,0.3121730387210846,0.5963396430015564,0.3129245638847351,0.5350241661071777,0.3119286000728607,0.4922555088996887,0.3108751177787781,0.4541398584842682,0.2934851348400116,0.5998791456222534,0.2955212891101837,0.5413831472396851,0.2982674539089203,0.49972963333129883,0.3004821836948395,0.4654501676559448,0.2730868458747864,0.610454797744751,0.27535924315452576,0.5639532804489136,0.27829039096832275,0.5322422385215759,0.2820518910884857,0.5028266906738281,F
0.29705870151519775,0.7457809448242188,0.3386460840702057,0.7229711413383484,0.3609904944896698,0.6663044095039368,0.37071436643600464,0.6155011653900146,0.3546316623687744,0.5960811376571655,0.33529412746429443,0.6103721261024475,0.3455876410007477,0.5790346264839172,0.34331652522087097,0.5920591354370117,0.3363351821899414,0.6052851676940918,0.3137873709201813,0.5988499522209167,0.31970474123954773,0.536260187625885,0.3216570019721985,0.49612540006637573,0.3224545121192932,0.4582807421684265,0.29273688793182373,0.6013468503952026,0.29341185092926025,0.5420045852661133,0.2958745062351227,0.5014862418174744,0.29808980226516724,0.4663692116737366,0.27157533168792725,0.6135959029197693,0.27289265394210815,0.5666629672050476,0.27497902512550354,0.5352559089660645,0.2777007818222046,0.5051602125167847,F
0.2961038053035736,0.7488341331481934,0.33648747205734253,0.723213255405426,0.3568958044052124,0.6684942245483398,0.36601200699806213,0.618463933467865,0.35820144414901733,0.5907000303268433,0.32685449719429016,0.6096732020378113,0.3345116674900055,0.5688509941101074,0.3318854868412018,0.569258451461792,0.32545650005340576,0.5681189298629761,0.30761057138442993,0.600119411945343,0.3127538859844208,0.5360075235366821,0.3138125538825989,0.49651068449020386,0.3136632740497589,0.46071869134902954,0.2887421250343323,0.6042167544364929,0.2912600338459015,0.5432943105697632,0.29380491375923157,0.5024108290672302,0.29555830359458923,0.46742501854896545,0.26850053668022156,0.6181586384773254,0.2701759934425354,0.5710477232933044,0.2720530033111572,0.5384151935577393,0.27397045493125916,0.5071688890457153,F
0.2937197983264923,0.7505906224250793,0.33463412523269653,0.726044237613678,0.3558042049407959,0.6708576083183289,0.36612990498542786,0.6211609840393066,0.3566732704639435,0.5909240245819092,0.33051931858062744,0.6167898178100586,0.3406503200531006,0.5865475535392761,0.3375181257724762,0.6017105579376221,0.3290803134441376,0.6171473860740662,0.3091731071472168,0.6042243838310242,0.3165365159511566,0.540481448173523,0.3186607360839844,0.498623251914978,0.31947046518325806,0.460315465927124,0.288239449262619,0.6061309576034546,0.2892024517059326,0.5451332330703735,0.29064613580703735,0.5038344264030457,0.2918652594089508,0.4679839611053467,0.2674107253551483,0.6188949346542358,0.2685069739818573,0.5712776780128479,0.2700071632862091,0.5394465923309326,0.27160555124282837,0.5085753798484802,F
0.29429545998573303,0.7492710947990417,0.3355399966239929,0.7208683490753174,0.3551163673400879,0.6676713824272156,0.3638090193271637,0.6188176274299622,0.356469064950943,0.589557945728302,0.32648780941963196,0.6141573786735535,0.3379713296890259,0.5794454216957092,0.3400651514530182,0.5887162685394287,0.3370934724807739,0.600380539894104,0.3062897026538849,0.6038289666175842,0.3126614987850189,0.5397754907608032,0.31438112258911133,0.49976426362991333,0.3150414228439331,0.464581698179245,0.28659939765930176,0.6065870523452759,0.2906268239021301,0.5461305379867554,0.29457366466522217,0.5053269863128662,0.29802462458610535,0.4711382985115051,0.2661912739276886,0.6192924380302429,0.2688460648059845,0.5730685591697693,0.2720605731010437,0.5410642027854919,0.2758546471595764,0.51069575548172,F
0.2931200861930847,0.7508882880210876,0.3344430923461914,0.722350537776947,0.3544102609157562,0.6675091981887817,0.36387765407562256,0.6183763742446899,0.3559635579586029,0.5889158248901367,0.32568177580833435,0.6148662567138672,0.33596116304397583,0.5803769826889038,0.33643072843551636,0.5919166803359985,0.3316783308982849,0.6045452952384949,0.3054335415363312,0.6044273376464844,0.3106696307659149,0.5405914783477783,0.31127867102622986,0.5004887580871582,0.31092169880867004,0.4651212990283966,0.285606324672699,0.6072622537612915,0.28969377279281616,0.546809732913971,0.29374152421951294,0.5060971975326538,0.2970632016658783,0.47170498967170715,0.26510006189346313,0.6198259592056274,0.2682948112487793,0.5729817748069763,0.2716488838195801,0.5410581827163696,0.2754306197166443,0.510519802570343,F
0.2924720346927643,0.7513909935951233,0.3331710696220398,0.7240089178085327,0.35326868295669556,0.6700868606567383,0.3626197576522827,0.6210401058197021,0.3581101894378662,0.589298665523529,0.3276716470718384,0.6168453097343445,0.3380705714225769,0.584182858467102,0.33824819326400757,0.5963262319564819,0.33343955874443054,0.6105434894561768,0.3066469132900238,0.6058284044265747,0.31199342012405396,0.5412739515304565,0.31220000982284546,0.49992650747299194,0.3113730847835541,0.4635232090950012,0.28630247712135315,0.6082402467727661,0.2895452678203583,0.5468565821647644,0.29239097237586975,0.5057924389839172,0.29477620124816895,0.47124719619750977,0.2655304968357086,0.620704174041748,0.2679053843021393,0.5736550092697144,0.27067267894744873,0.54180508852005,0.2736551761627197,0.5114380717277527,F
0.29468268156051636,0.7495123147964478,0.3350338041782379,0.7207467555999756,0.3541131913661957,0.6684892773628235,0.36336567997932434,0.6203980445861816,0.36120614409446716,0.5877090096473694,0.3269488513469696,0.6145430207252502,0.3386075496673584,0.5840708017349243,0.3430238366127014,0.592889130115509,0.3425576090812683,0.6046131253242493,0.30660173296928406,0.6045465469360352,0.3114526867866516,0.540411114692688,0.3116067051887512,0.49893563985824585,0.3102059066295624,0.4618508815765381,0.2866593301296234,0.6074158549308777,0.2892110347747803,0.5466470718383789,0.29175958037376404,0.5055460333824158,0.2935851216316223,0.4705565571784973,0.2660077214241028,0.6202629804611206,0.26782000064849854,0.5737556219100952,0.2702186405658722,0.5415647625923157,0.27287358045578003,0.5111472606658936,F
0.29470035433769226,0.7485978007316589,0.3354688882827759,0.7200261950492859,0.3550700843334198,0.667234480381012,0.365010529756546,0.6193084120750427,0.36189302802085876,0.5869359374046326,0.32691851258277893,0.6139898896217346,0.33810797333717346,0.582883358001709,0.3418557643890381,0.5936756134033203,0.34039396047592163,0.6065672039985657,0.3065793216228485,0.6039322018623352,0.31137630343437195,0.5402963757514954,0.3113974332809448,0.4991859495639801,0.309974730014801,0.46307116746902466,0.28665387630462646,0.606895923614502,0.28982046246528625,0.5463711619377136,0.292930543422699,0.5052310228347778,0.2952618896961212,0.47037553787231445,0.2663104236125946,0.6193930506706238,0.26848745346069336,0.5723804235458374,0.27125194668769836,0.5401628613471985,0.27450644969940186,0.5096405148506165,F
0.2954697608947754,0.7482330799102783,0.335432767868042,0.7190660238265991,0.3548787534236908,0.6669173240661621,0.3651481866836548,0.6190510392189026,0.36159029603004456,0.5863115191459656,0.3272576630115509,0.6124427318572998,0.3376174867153168,0.5800008773803711,0.34034693241119385,0.5895083546638489,0.33805105090141296,0.6002041697502136,0.3068963885307312,0.602347195148468,0.31112074851989746,0.5391080975532532,0.3108857274055481,0.4987175762653351,0.30938848853111267,0.46338748931884766,0.2869078516960144,0.605076014995575,0.29000282287597656,0.5453819632530212,0.29299676418304443,0.5048362016677856,0.2952726185321808,0.4707879424095154,0.2663692533969879,0.6175224184989929,0.2689397633075714,0.5713149905204773,0.2716105580329895,0.5395346283912659,0.27468395233154297,0.5095169544219971,F
0.2949770390987396,0.7468708753585815,0.33598628640174866,0.7195384502410889,0.35581064224243164,0.6662713289260864,0.3655436635017395,0.6178476810455322,0.3625508248806,0.5860193967819214,0.32944750785827637,0.6123001575469971,0.33979952335357666,0.5810028910636902,0.3424035906791687,0.5913208723068237,0.339935839176178,0.6036942601203918,0.3086443543434143,0.6018732786178589,0.31224721670150757,0.5383932590484619,0.3115544319152832,0.49725282192230225,0.3094559907913208,0.4613436162471771,0.28833553194999695,0.6047373414039612,0.2910749912261963,0.5447943806648254,0.29364052414894104,0.5044444799423218,0.29537642002105713,0.4703129529953003,0.2674923241138458,0.617510974407196,0.26993489265441895,0.5708951354026794,0.27246490120887756,0.5392642617225647,0.2751493752002716,0.5092389583587646,F
0.29676002264022827,0.7468359470367432,0.3366834819316864,0.7183138132095337,0.3561025857925415,0.6660534739494324,0.36610186100006104,0.6186255812644958,0.364804208278656,0.5860102772712708,0.32846057415008545,0.6111998558044434,0.33900412917137146,0.5820900201797485,0.3428969979286194,0.5937585830688477,0.3415873646736145,0.606839120388031,0.30822956562042236,0.6015484929084778,0.3122081458568573,0.5389754772186279,0.3116374909877777,0.4979245364665985,0.30975544452667236,0.4609678387641907,0.2882787883281708,0.604750394821167,0.29147207736968994,0.5449540615081787,0.2940084636211395,0.5044020414352417,0.29583418369293213,0.4694899916648865,0.2676647901535034,0.6176059246063232,0.2705027759075165,0.5712546110153198,0.27315059304237366,0.5391595363616943,0.2759978771209717,0.5084369778633118,F
0.29665130376815796,0.7471174001693726,0.3369831144809723,0.7198159098625183,0.35686296224594116,0.6661264300346375,0.36715027689933777,0.6176992058753967,0.363505095243454,0.5869117975234985,0.3300568461418152,0.6131150722503662,0.34123313426971436,0.583645761013031,0.34447726607322693,0.5935640931129456,0.3429848253726959,0.6049132347106934,0.30916473269462585,0.6025278568267822,0.3130204379558563,0.5395824909210205,0.31208860874176025,0.49825266003608704,0.3102169334888458,0.46160149574279785,0.28876930475234985,0.6052913665771484,0.29128730297088623,0.5452958941459656,0.29373329877853394,0.5047764778137207,0.2956484854221344,0.4699835181236267,0.2681613266468048,0.6179728507995605,0.27037695050239563,0.5718814134597778,0.2727276682853699,0.5402680039405823,0.27550220489501953,0.5099405646324158,F
0.2977953851222992,0.7467660903930664,0.3375927209854126,0.7179599404335022,0.35746151208877563,0.6659409403800964,0.36761265993118286,0.6183596849441528,0.36663520336151123,0.585132360458374,0.330812931060791,0.6142517328262329,0.341979444026947,0.585991621017456,0.34673842787742615,0.5928945541381836,0.34696823358535767,0.6019783616065979,0.30980974435806274,0.6032148003578186,0.31368109583854675,0.5403527617454529,0.3126337230205536,0.49853819608688354,0.3104640543460846,0.46129587292671204,0.28930070996284485,0.6055037379264832,0.291891485452652,0.5455611944198608,0.2940550744533539,0.504772424697876,0.29566287994384766,0.46984294056892395,0.26848268508911133,0.6178988814353943,0.27100807428359985,0.5716531872749329,0.273382306098938,0.5397074222564697,0.2759173810482025,0.5094836950302124,F
0.2967667877674103,0.7461415529251099,0.3372355103492737,0.7169618606567383,0.3567699193954468,0.6646090745925903,0.36615899205207825,0.6170110702514648,0.36544832587242126,0.5842164158821106,0.3297841548919678,0.6130672693252563,0.34153133630752563,0.584682285785675,0.3462112545967102,0.5927714705467224,0.3459324538707733,0.6018364429473877,0.30931076407432556,0.6024081707000732,0.31346285343170166,0.5395743250846863,0.31272804737091064,0.49786168336868286,0.31051164865493774,0.46063506603240967,0.2890200912952423,0.6048092842102051,0.29134029150009155,0.5451551675796509,0.29345136880874634,0.5043283700942993,0.2948978543281555,0.46939724683761597,0.2679155766963959,0.6170729994773865,0.2700888514518738,0.570532500743866,0.2725818455219269,0.5387478470802307,0.27532970905303955,0.5085440874099731,F
0.2961398661136627,0.7453361749649048,0.336672842502594,0.7169473767280579,0.35661712288856506,0.6657289266586304,0.36666643619537354,0.6182467341423035,0.3670690655708313,0.5845934152603149,0.3302379250526428,0.612294614315033,0.3417109251022339,0.5829803347587585,0.3472743630409241,0.5901950597763062,0.3478887975215912,0.5990438461303711,0.30956801772117615,0.6016604900360107,0.3129821717739105,0.5390925407409668,0.3121089041233063,0.4977836310863495,0.30990836024284363,0.4611250162124634,0.2891680896282196,0.6042165756225586,0.2915348410606384,0.5447664260864258,0.2935474216938019,0.5045424103736877,0.2949633300304413,0.47024744749069214,0.26813822984695435,0.6166625618934631,0.27063116431236267,0.5705714821815491,0.27297210693359375,0.5389803647994995,0.2755223512649536,0.5092070698738098,F
0.29784631729125977,0.7457415461540222,0.33720633387565613,0.7170012593269348,0.3567405343055725,0.6647997498512268,0.3667505383491516,0.6171718239784241,0.3677317202091217,0.5835132002830505,0.3298569917678833,0.6106253862380981,0.34195876121520996,0.5806836485862732,0.34919673204421997,0.5864723324775696,0.35152801871299744,0.5941489934921265,0.3095889687538147,0.6004084944725037,0.31318196654319763,0.5379931330680847,0.312864750623703,0.4964948892593384,0.31093093752861023,0.45907434821128845,0.2894321084022522,0.6032888293266296,0.2916882634162903,0.5438786149024963,0.29386797547340393,0.5029575228691101,0.29529744386672974,0.46765390038490295,0.2683383822441101,0.6160516738891602,0.27058276534080505,0.569561779499054,0.27294108271598816,0.5377776026725769,0.275635689496994,0.5076818466186523,F
0.29722851514816284,0.746271014213562,0.33726435899734497,0.717877209186554,0.3570026159286499,0.665340006351471,0.3670656681060791,0.6167054772377014,0.36765509843826294,0.5836014747619629,0.32983866333961487,0.6123126149177551,0.34197551012039185,0.5821109414100647,0.3479098379611969,0.5886905789375305,0.34883061051368713,0.5967161059379578,0.30938225984573364,0.6013959050178528,0.31351763010025024,0.5385746359825134,0.3128832280635834,0.4974295496940613,0.31096169352531433,0.4606931209564209,0.2891918420791626,0.6037619709968567,0.2917667031288147,0.5442739129066467,0.2942765951156616,0.5041326284408569,0.2960734963417053,0.4699551463127136,0.26842737197875977,0.6158559918403625,0.2707604169845581,0.5695968270301819,0.2732905149459839,0.5378475189208984,0.27625858783721924,0.5077928304672241,F
0.2976422905921936,0.7478685975074768,0.3370443284511566,0.7183480858802795,0.3562241494655609,0.666143536567688,0.36608514189720154,0.6181949377059937,0.3682318925857544,0.5838118195533752,0.3305474817752838,0.6120957732200623,0.3445126712322235,0.5837056040763855,0.3532038927078247,0.5862254500389099,0.3571302592754364,0.5910433530807495,0.310030072927475,0.6008169651031494,0.31324484944343567,0.5380785465240479,0.31234610080718994,0.49629196524620056,0.3100774586200714,0.45909368991851807,0.2895776629447937,0.6034467220306396,0.29142582416534424,0.5434908866882324,0.2937162518501282,0.5029327273368835,0.29540976881980896,0.46784794330596924,0.2686329483985901,0.6164044737815857,0.270087867975235,0.5704025626182556,0.27219340205192566,0.5386450886726379,0.27482762932777405,0.508303165435791,F
0.2980693578720093,0.7483810782432556,0.33860495686531067,0.7187464237213135,0.3574801981449127,0.6642836332321167,0.36634498834609985,0.6159644722938538,0.3671659231185913,0.5842108130455017,0.33044421672821045,0.6133556365966797,0.34287670254707336,0.5847344994544983,0.3495376706123352,0.5888678431510925,0.3513530492782593,0.5960058569908142,0.30948206782341003,0.6024749279022217,0.3128502666950226,0.5401979088783264,0.312200665473938,0.49808067083358765,0.310427725315094,0.4604628086090088,0.28885868191719055,0.6049559712409973,0.29096004366874695,0.5453487634658813,0.293362021446228,0.5043997764587402,0.2952639162540436,0.4694468379020691,0.267692506313324,0.617285430431366,0.2696322202682495,0.5712775588035583,0.2718307077884674,0.5391779541969299,0.2745053768157959,0.5087470412254333,F
0.29649513959884644,0.7476471066474915,0.3364231586456299,0.7194318771362305,0.3556807041168213,0.6662924289703369,0.365646094083786,0.6175352931022644,0.36721667647361755,0.5852761268615723,0.3296905755996704,0.6136631965637207,0.34314456582069397,0.5852065682411194,0.3501793444156647,0.5869698524475098,0.3525095582008362,0.5918315649032593,0.30887073278427124,0.6025885343551636,0.3123478889465332,0.539933979511261,0.3111836612224579,0.497774213552475,0.3089747130870819,0.4602263569831848,0.2884907126426697,0.60475754737854,0.29058653116226196,0.5448541641235352,0.29267066717147827,0.5043320059776306,0.29427921772003174,0.4697180688381195,0.2674967646598816,0.6171109080314636,0.2693299353122711,0.5710821747779846,0.27193236351013184,0.5396324396133423,0.2751297652721405,0.5098602771759033,F
0.2971993684768677,0.7481313347816467,0.33769768476486206,0.7177169919013977,0.35634946823120117,0.664230465888977,0.3652215600013733,0.616276741027832,0.36855119466781616,0.5831735134124756,0.32790282368659973,0.6130396723747253,0.3407033681869507,0.5825667381286621,0.3499488830566406,0.5860912799835205,0.35418859124183655,0.5915212035179138,0.3079644441604614,0.6029976606369019,0.31161993741989136,0.5404230952262878,0.3112603724002838,0.4984111785888672,0.3091692626476288,0.46107640862464905,0.28813621401786804,0.6058161854743958,0.29019951820373535,0.5459498763084412,0.292490690946579,0.5055168271064758,0.29402950406074524,0.4711221754550934,0.26746949553489685,0.6182447075843811,0.2692567706108093,0.5722853541374207,0.2715796232223511,0.5402875542640686,0.2744092345237732,0.5100505948066711,F
0.297100692987442,0.7465083003044128,0.3370876610279083,0.7174999713897705,0.35615217685699463,0.6656515002250671,0.3655993938446045,0.6179149746894836,0.36803749203681946,0.5840185284614563,0.32955336570739746,0.6134851574897766,0.3419196605682373,0.5858888030052185,0.3486088216304779,0.5898972153663635,0.3506903648376465,0.5962953567504883,0.3088051378726959,0.6026254892349243,0.3121403455734253,0.5397675037384033,0.31066349148750305,0.4973219037055969,0.3079056143760681,0.46017831563949585,0.2884114682674408,0.6051344871520996,0.29061412811279297,0.5454433560371399,0.2924003601074219,0.5051808953285217,0.2937907874584198,0.4709123373031616,0.26743999123573303,0.6177757978439331,0.26959308981895447,0.5717360973358154,0.27205589413642883,0.5402688980102539,0.2749249041080475,0.5104871392250061,F
0.2973352074623108,0.7464497089385986,0.33727753162384033,0.7162599563598633,0.3558601140975952,0.6645334362983704,0.36498039960861206,0.6167363524436951,0.3688368499279022,0.5823420286178589,0.3280010223388672,0.6115598678588867,0.34008854627609253,0.5804241895675659,0.3481835126876831,0.5838720798492432,0.3515404760837555,0.5884212851524353,0.30791640281677246,0.6011762619018555,0.31147679686546326,0.5383173823356628,0.31146439909935,0.4975890517234802,0.31012052297592163,0.46195948123931885,0.2880227863788605,0.6037871241569519,0.29036661982536316,0.543904721736908,0.2928357422351837,0.5037302374839783,0.294848769903183,0.4697682559490204,0.2675701379776001,0.6163238286972046,0.26963502168655396,0.5703235268592834,0.27206557989120483,0.5385047793388367,0.27508512139320374,0.508672297000885,F
0.29778194427490234,0.7473704218864441,0.33708497881889343,0.717281699180603,0.35608163475990295,0.6647838354110718,0.36588066816329956,0.6169677376747131,0.36767882108688354,0.5832479596138,0.329517662525177,0.6120244264602661,0.34138941764831543,0.5830010175704956,0.3485419750213623,0.58768630027771,0.3510601222515106,0.5946817398071289,0.3087705373764038,0.6015102863311768,0.3120858669281006,0.5385936498641968,0.3111269474029541,0.49700093269348145,0.3089829683303833,0.46012428402900696,0.28838083148002625,0.6041714549064636,0.29056254029273987,0.544295072555542,0.29305320978164673,0.5038120746612549,0.29502302408218384,0.46932879090309143,0.2676258385181427,0.6166157722473145,0.2694360911846161,0.5700750946998596,0.27184340357780457,0.5382390022277832,0.274893581867218,0.5083134174346924,F
0.297725111246109,0.7480933666229248,0.33751341700553894,0.7186017632484436,0.3565540313720703,0.6652786135673523,0.36603590846061707,0.6173826456069946,0.3670918345451355,0.5844274163246155,0.3305627107620239,0.6132594347000122,0.3428589701652527,0.585504412651062,0.34887316823005676,0.5896278619766235,0.35027825832366943,0.5964539647102356,0.3096262216567993,0.6027202606201172,0.3128560185432434,0.5395570397377014,0.3112773895263672,0.496803879737854,0.30835679173469543,0.45876550674438477,0.28908589482307434,0.6055335998535156,0.29131239652633667,0.5451119542121887,0.2933328449726105,0.5042049288749695,0.2946876883506775,0.46919021010398865,0.2679845988750458,0.6181912422180176,0.2696768641471863,0.5719006061553955,0.27207690477371216,0.5401623249053955,0.2748925983905792,0.5101842284202576,F
0.2971603572368622,0.7493279576301575,0.3357855975627899,0.7198531627655029,0.35521161556243896,0.666549563407898,0.36513975262641907,0.6181203126907349,0.36857789754867554,0.5833941698074341,0.32940274477005005,0.613301694393158,0.34295448660850525,0.5840772390365601,0.3519879877567291,0.5837717652320862,0.3564087748527527,0.5862711071968079,0.30900922417640686,0.6022052764892578,0.31218084692955017,0.539574921131134,0.31069859862327576,0.4972965121269226,0.30784788727760315,0.45931822061538696,0.2886095345020294,0.604983925819397,0.29061031341552734,0.544989824295044,0.29240772128105164,0.5040852427482605,0.2935514450073242,0.4688301980495453,0.26733410358428955,0.6179470419883728,0.2689923644065857,0.5719053149223328,0.2709141671657562,0.5399724245071411,0.2732676863670349,0.5096650123596191,F
0.29742905497550964,0.7492324113845825,0.3375287353992462,0.7185295820236206,0.3560863435268402,0.6655983924865723,0.36501646041870117,0.6172502040863037,0.3686116635799408,0.5829090476036072,0.3294498026371002,0.6134405136108398,0.34124431014060974,0.5850830078125,0.348225861787796,0.5901584029197693,0.35054367780685425,0.5979995131492615,0.3084811270236969,0.6029648184776306,0.3112766742706299,0.5401600003242493,0.31025585532188416,0.49792367219924927,0.3080393970012665,0.46044042706489563,0.2880498170852661,0.6058339476585388,0.2899417579174042,0.5460130572319031,0.2920467257499695,0.5053766369819641,0.293636292219162,0.4704698920249939,0.2672135531902313,0.6187933683395386,0.26861000061035156,0.5727640390396118,0.27091822028160095,0.5409854650497437,0.27364253997802734,0.5106731653213501,F
0.2967607378959656,0.7483539581298828,0.3363896310329437,0.7190651297569275,0.35564693808555603,0.6672298312187195,0.3652656376361847,0.6190345883369446,0.36883604526519775,0.5838417410850525,0.3286309540271759,0.6130502820014954,0.3404695391654968,0.5830610394477844,0.347265362739563,0.5891292691230774,0.34927213191986084,0.5972051024436951,0.3080342411994934,0.602660596370697,0.3112446367740631,0.5393021106719971,0.3102325201034546,0.4978939890861511,0.3079192042350769,0.4620029628276825,0.2877265512943268,0.6055794954299927,0.2900015413761139,0.5457005500793457,0.29236793518066406,0.5054305791854858,0.29417529702186584,0.4713154435157776,0.26685211062431335,0.618469774723053,0.2686131000518799,0.5720470547676086,0.27108120918273926,0.5403479337692261,0.27404507994651794,0.5104057788848877,F
0.2985665798187256,0.7448108792304993,0.3389442563056946,0.7151349782943726,0.3576340079307556,0.6625804305076599,0.36682718992233276,0.615231990814209,0.37015724182128906,0.5818554162979126,0.33157989382743835,0.6104109287261963,0.3439156413078308,0.5820649862289429,0.3506401777267456,0.5837278366088867,0.3531363904476166,0.588853657245636,0.3105817139148712,0.5998705625534058,0.3133011758327484,0.5366826057434082,0.31171920895576477,0.4946211576461792,0.30921050906181335,0.4580589830875397,0.2899504601955414,0.6026127934455872,0.29166343808174133,0.542455792427063,0.29326826333999634,0.5016255378723145,0.2945100665092468,0.46717435121536255,0.26860594749450684,0.6154026985168457,0.27024561166763306,0.5691945552825928,0.2721638083457947,0.5371899604797363,0.2745824456214905,0.5072239637374878,F
0.3039887249469757,0.7434424161911011,0.34521207213401794,0.7134489417076111,0.3648901879787445,0.6601388454437256,0.3765818774700165,0.6125718355178833,0.37659430503845215,0.5822659134864807,0.33541515469551086,0.6084123253822327,0.34902799129486084,0.5806599259376526,0.35687077045440674,0.5814403295516968,0.3605368733406067,0.5879281163215637,0.3142223656177521,0.598220944404602,0.3172954022884369,0.5346513390541077,0.3164174258708954,0.4922637343406677,0.3144112229347229,0.4546836316585541,0.29363420605659485,0.6007920503616333,0.29438772797584534,0.5403256416320801,0.2960052192211151,0.49927493929862976,0.2971827983856201,0.46408188343048096,0.2726214528083801,0.6135379076004028,0.27354541420936584,0.5669588446617126,0.2753196060657501,0.5348986387252808,0.27790287137031555,0.5048702955245972,F
0.3058869540691376,0.7497749328613281,0.344445139169693,0.7210490703582764,0.36871179938316345,0.6662380695343018,0.3823747932910919,0.6192646622657776,0.3856329023838043,0.5892219543457031,0.33409079909324646,0.6136011481285095,0.3524664342403412,0.583022952079773,0.3676269054412842,0.5832704901695251,0.37827426195144653,0.5880210399627686,0.31454989314079285,0.6009177565574646,0.3229764699935913,0.5376839637756348,0.32665231823921204,0.4943716526031494,0.3279915750026703,0.45456504821777344,0.2945907711982727,0.6029021143913269,0.2941853702068329,0.542055606842041,0.2954465448856354,0.500543475151062,0.29647213220596313,0.4646407961845398,0.2737051546573639,0.6168593764305115,0.27451491355895996,0.5683982372283936,0.2758316099643707,0.5350341796875,0.2777780592441559,0.5041555762290955,F
0.3069649338722229,0.7475959062576294,0.3464052081108093,0.7206469178199768,0.3705902397632599,0.6661992073059082,0.3845455050468445,0.619172990322113,0.38952216506004333,0.5917695164680481,0.33558544516563416,0.6115838289260864,0.3559825122356415,0.5820203423500061,0.3732815384864807,0.5811960101127625,0.38580721616744995,0.5856772661209106,0.31669843196868896,0.5996370911598206,0.32456231117248535,0.5345177054405212,0.32719793915748596,0.49119216203689575,0.3275114893913269,0.45283135771751404,0.2972727417945862,0.6015701293945312,0.2989594042301178,0.5387630462646484,0.3011936545372009,0.49755775928497314,0.3027569353580475,0.4625025987625122,0.2762101888656616,0.6156325936317444,0.27862218022346497,0.5668774247169495,0.28074294328689575,0.5338371992111206,0.2831578254699707,0.503716766834259,F
0.3100357949733734,0.7506969571113586,0.3493844270706177,0.7238337397575378,0.37530648708343506,0.6733940243721008,0.3895941376686096,0.6303850412368774,0.3952256739139557,0.6010712385177612,0.3422625660896301,0.6145880222320557,0.3628784418106079,0.5878545641899109,0.3810455799102783,0.5887212157249451,0.3946312367916107,0.5929457545280457,0.323851615190506,0.6028714179992676,0.3339415490627289,0.5383812189102173,0.33863234519958496,0.4949839115142822,0.3404325544834137,0.45657044649124146,0.3045559525489807,0.6043367385864258,0.3057849705219269,0.5423516631126404,0.3087490499019623,0.5012866258621216,0.31092754006385803,0.46570885181427,0.28391316533088684,0.6176967024803162,0.2861861288547516,0.5688639283180237,0.2890358567237854,0.5363695025444031,0.2920668125152588,0.5062517523765564,F
0.30804407596588135,0.7513918876647949,0.34812772274017334,0.7267148494720459,0.3745383620262146,0.6736947298049927,0.3907662034034729,0.6266966462135315,0.397491991519928,0.5976848602294922,0.34163224697113037,0.6158530712127686,0.3627357482910156,0.5891216993331909,0.3799426853656769,0.5895216464996338,0.3920426070690155,0.59428870677948,0.3229120969772339,0.6032107472419739,0.33082589507102966,0.5384215116500854,0.3336872458457947,0.4944921135902405,0.3344045579433441,0.4551185965538025,0.3036845326423645,0.6052047610282898,0.30574697256088257,0.5430856943130493,0.3086514472961426,0.5018988847732544,0.3106314241886139,0.4663826823234558,0.28270477056503296,0.6193021535873413,0.28547340631484985,0.5705115795135498,0.287254273891449,0.5368300080299377,0.2892138957977295,0.5054616332054138,F
0.307792603969574,0.7516371011734009,0.3472881317138672,0.7273520231246948,0.3735326826572418,0.6732473373413086,0.38963010907173157,0.6257505416870117,0.39919447898864746,0.5977063179016113,0.3398781716823578,0.6132614016532898,0.3604165315628052,0.5872443318367004,0.3777485489845276,0.592168390750885,0.38957205414772034,0.5998602509498596,0.32232749462127686,0.6025490164756775,0.3299247920513153,0.538833498954773,0.3314923346042633,0.4951580762863159,0.33072546124458313,0.45651471614837646,0.30385303497314453,0.6050631999969482,0.3074550926685333,0.5428385734558105,0.3109077513217926,0.5016452074050903,0.31309857964515686,0.46614766120910645,0.28313151001930237,0.6187038421630859,0.2869739532470703,0.570356011390686,0.28968799114227295,0.5368183851242065,0.29269683361053467,0.5057591199874878,F
0.30675771832466125,0.7501190304756165,0.34568172693252563,0.7254924178123474,0.373688668012619,0.6753008961677551,0.39206990599632263,0.6312703490257263,0.40177106857299805,0.6003119945526123,0.3404006063938141,0.6139748692512512,0.36111634969711304,0.5901196002960205,0.37957724928855896,0.594379723072052,0.3925199508666992,0.6012327075004578,0.3233787417411804,0.6030208468437195,0.3305441737174988,0.5382762551307678,0.33147603273391724,0.4937968850135803,0.3301556408405304,0.4548741281032562,0.30549460649490356,0.6051030158996582,0.3099386394023895,0.5423774123191833,0.31378278136253357,0.5012082457542419,0.3161787986755371,0.4658808410167694,0.28574806451797485,0.6183978319168091,0.290388286113739,0.569627583026886,0.2934284806251526,0.5360751748085022,0.29640427231788635,0.505010187625885,F
0.30462419986724854,0.7501368522644043,0.34489181637763977,0.7266446352005005,0.3718082010746002,0.6741875410079956,0.3907319903373718,0.6273120045661926,0.4003845453262329,0.5973464250564575,0.3400079309940338,0.6151768565177917,0.3613841235637665,0.5903447866439819,0.37931299209594727,0.5952215790748596,0.39199668169021606,0.6024661660194397,0.3223438858985901,0.6027749180793762,0.3305180072784424,0.5386751294136047,0.33256983757019043,0.4950804114341736,0.3323826491832733,0.45622408390045166,0.3038521707057953,0.604070246219635,0.3084525167942047,0.541789174079895,0.31213849782943726,0.5002992749214172,0.31443336606025696,0.46437302231788635,0.28330421447753906,0.6170758008956909,0.2878153622150421,0.5690056085586548,0.29072901606559753,0.5364906787872314,0.293780654668808,0.5066852569580078,F
0.30004438757896423,0.7507944703102112,0.3428460657596588,0.7267104387283325,0.36642351746559143,0.6714217066764832,0.3803407847881317,0.6208985447883606,0.3859426975250244,0.5929464101791382,0.33881524205207825,0.615756094455719,0.35709017515182495,0.5889570713043213,0.36899328231811523,0.5904071927070618,0.3760640025138855,0.5960298776626587,0.3185942769050598,0.603497326374054,0.3269728124141693,0.5397396087646484,0.3288838565349579,0.49671539664268494,0.32960671186447144,0.4581645429134369,0.298492968082428,0.604668915271759,0.3035013675689697,0.5427258014678955,0.30666711926460266,0.5011945962905884,0.3094172179698944,0.4661394953727722,0.27661845088005066,0.6173104643821716,0.28128504753112793,0.5687401294708252,0.284414678812027,0.5357298254966736,0.2882803678512573,0.5061792135238647,F
0.2995791733264923,0.7503193616867065,0.3424888253211975,0.7249061465263367,0.3678358495235443,0.6738494038581848,0.38200557231903076,0.6259855628013611,0.38586586713790894,0.591395378112793,0.34043440222740173,0.6166048049926758,0.3540268838405609,0.5908346176147461,0.3609662652015686,0.5941322445869446,0.3635115623474121,0.6004148721694946,0.3199441134929657,0.6040267944335938,0.32749199867248535,0.5404030084609985,0.32906457781791687,0.49762821197509766,0.329820841550827,0.459871768951416,0.2992916703224182,0.6039575338363647,0.30540773272514343,0.5427027344703674,0.3100084364414215,0.5017572641372681,0.3141675591468811,0.4673701822757721,0.2773178517818451,0.6142755150794983,0.28315311670303345,0.5671254396438599,0.2876306474208832,0.5350807905197144,0.2924013137817383,0.5056447982788086,F
0.29583245515823364,0.7491129636764526,0.33869993686676025,0.7238894701004028,0.36255767941474915,0.673327624797821,0.3755844533443451,0.6256618499755859,0.3765161335468292,0.5910114049911499,0.33937597274780273,0.6182444095611572,0.35174885392189026,0.5901116728782654,0.3545181155204773,0.5983097553253174,0.3530256748199463,0.6066031455993652,0.31892064213752747,0.604784369468689,0.32695361971855164,0.5422545671463013,0.3285694122314453,0.5007379055023193,0.3297608494758606,0.4626835584640503,0.297787606716156,0.6050444841384888,0.30466151237487793,0.544994056224823,0.3094332218170166,0.5032577514648438,0.31388700008392334,0.4679810404777527,0.2749079465866089,0.6154120564460754,0.2815157473087311,0.5676735043525696,0.28626909852027893,0.5349096059799194,0.29113951325416565,0.5042796730995178,F
0.29549849033355713,0.7499955296516418,0.3377004563808441,0.7238204479217529,0.36097320914268494,0.6741544604301453,0.3728160858154297,0.6264519095420837,0.3764341175556183,0.5894043445587158,0.337647408246994,0.6160595417022705,0.34921714663505554,0.5853805541992188,0.35060057044029236,0.5951343178749084,0.34754717350006104,0.6063252687454224,0.31763774156570435,0.6041672825813293,0.32520145177841187,0.5414113402366638,0.3274127244949341,0.501035213470459,0.32896921038627625,0.46418750286102295,0.2973071336746216,0.6053659915924072,0.30364829301834106,0.5461820960044861,0.30842259526252747,0.5052011013031006,0.3125518262386322,0.4697829484939575,0.2753048241138458,0.6165408492088318,0.2805585265159607,0.5695597529411316,0.2848932147026062,0.5371343493461609,0.2890743911266327,0.5061565041542053,F
0.29345476627349854,0.7508752942085266,0.333999902009964,0.7250828146934509,0.35705846548080444,0.6751881837844849,0.3680601418018341,0.6275439262390137,0.3676239550113678,0.5904516577720642,0.33530059456825256,0.6173548102378845,0.34580716490745544,0.585064172744751,0.3442467153072357,0.595716655254364,0.33773499727249146,0.6086851358413696,0.31536349654197693,0.6048856377601624,0.32340267300605774,0.5419524312019348,0.32540738582611084,0.5003976821899414,0.3268585503101349,0.4625438451766968,0.29535773396492004,0.6056849956512451,0.30249300599098206,0.5452678799629211,0.30721601843833923,0.5038758516311646,0.3112441897392273,0.4688515067100525,0.27388447523117065,0.6163081526756287,0.2798284888267517,0.5687789916992188,0.28450843691825867,0.5366882681846619,0.2888907194137573,0.5061959028244019,F
0.2917088270187378,0.7504334449768066,0.3325941264629364,0.7270334959030151,0.35609927773475647,0.6776454448699951,0.3657322824001312,0.6291821002960205,0.3639422059059143,0.5935272574424744,0.33674561977386475,0.6210751533508301,0.34772899746894836,0.5884365439414978,0.3463422358036041,0.5935314297676086,0.3406204879283905,0.6010081768035889,0.3160781264305115,0.6078141927719116,0.3237780034542084,0.5448119044303894,0.3251945972442627,0.5032172203063965,0.3261324167251587,0.4656910300254822,0.2953844964504242,0.6076675057411194,0.30204999446868896,0.5475277900695801,0.3070438504219055,0.5064272284507751,0.31130746006965637,0.47152483463287354,0.27291205525398254,0.6170610785484314,0.2788686454296112,0.5686575174331665,0.2841286361217499,0.5371721386909485,0.28940460085868835,0.507238507270813,F
0.2909855544567108,0.7509559988975525,0.3304673433303833,0.7274344563484192,0.3536794185638428,0.6781179904937744,0.3641869127750397,0.6309032440185547,0.3611745834350586,0.5933492183685303,0.33851492404937744,0.6201198101043701,0.34772151708602905,0.5874199867248535,0.343397855758667,0.5932891368865967,0.33459824323654175,0.6033592820167542,0.3177057206630707,0.6072302460670471,0.3244458734989166,0.5441712737083435,0.3256479799747467,0.5021474957466125,0.3262503743171692,0.46464186906814575,0.29698315262794495,0.6073837280273438,0.3028640151023865,0.5480722188949585,0.3071765899658203,0.5075852274894714,0.31058454513549805,0.47346925735473633,0.274572491645813,0.6165653467178345,0.27984392642974854,0.5691996216773987,0.2845442295074463,0.5383959412574768,0.28928300738334656,0.5094151496887207,F
0.2898920774459839,0.7553347945213318,0.32860636711120605,0.7315026521682739,0.35210323333740234,0.680583655834198,0.35973984003067017,0.6312793493270874,0.3519778251647949,0.5974822044372559,0.3333975076675415,0.6186596155166626,0.33768728375434875,0.5723892450332642,0.32889029383659363,0.561397910118103,0.31765618920326233,0.5519179701805115,0.3142039477825165,0.6077347993850708,0.31931212544441223,0.5446258783340454,0.3211541771888733,0.5031899809837341,0.32284030318260193,0.46620994806289673,0.29485175013542175,0.6094715595245361,0.30010053515434265,0.5493864417076111,0.3049478828907013,0.5079739093780518,0.3087489902973175,0.4740033745765686,0.2732977867126465,0.6195095777511597,0.2776617109775543,0.571610152721405,0.28236618638038635,0.5397634506225586,0.2870694398880005,0.5101059079170227,F
0.29012712836265564,0.7526000142097473,0.3294306695461273,0.7307887673377991,0.35189929604530334,0.6807706356048584,0.36063912510871887,0.631977379322052,0.35426953434944153,0.5968652963638306,0.33561739325523376,0.6211448907852173,0.34221941232681274,0.5842093825340271,0.33395299315452576,0.5897899866104126,0.32184821367263794,0.597625195980072,0.31502771377563477,0.6089364290237427,0.32037127017974854,0.5451278686523438,0.3212059438228607,0.5039997696876526,0.3221077024936676,0.46743595600128174,0.29490405321121216,0.6093332171440125,0.29971885681152344,0.549861490726471,0.3036627471446991,0.5090132355690002,0.30695974826812744,0.4749388098716736,0.27351245284080505,0.6183680891990662,0.2778427302837372,0.5709127187728882,0.2820258140563965,0.5396608114242554,0.28625065088272095,0.5101750493049622,F
