0.34044891595840454,0.8680741786956787,0.3861050605773926,0.8362230062484741,0.4157341718673706,0.772124171257019,0.3952908515930176,0.7264856100082397,0.35991427302360535,0.7310252785682678,0.39770108461380005,0.6794316172599792,0.40290534496307373,0.6114941239356995,0.40300264954566956,0.5694879293441772,0.40192684531211853,0.5311757326126099,0.36905255913734436,0.6718342900276184,0.37254229187965393,0.5989222526550293,0.3737083077430725,0.5505566000938416,0.3732306957244873,0.5077813863754272,0.34335654973983765,0.6823369264602661,0.3452221751213074,0.6125970482826233,0.3486485779285431,0.5655181407928467,0.3499704599380493,0.5235264897346497,0.316638708114624,0.7065856456756592,0.31750091910362244,0.6496961116790771,0.32169032096862793,0.6118793487548828,0.325181782245636,0.5767714381217957,B
0.3413102328777313,0.8647926449775696,0.3873501718044281,0.8324128985404968,0.41733935475349426,0.7687775492668152,0.39475539326667786,0.7232674956321716,0.3585868179798126,0.726614773273468,0.39905792474746704,0.6763222217559814,0.40401092171669006,0.6082251071929932,0.4035927951335907,0.5666757822036743,0.40222620964050293,0.5286020040512085,0.3699968457221985,0.6684314012527466,0.3732205927371979,0.5958033800125122,0.3742671608924866,0.5480557680130005,0.3739025890827179,0.505538821220398,0.3440571427345276,0.6785978078842163,0.34604406356811523,0.6093704104423523,0.3496299982070923,0.5628759860992432,0.3513045907020569,0.5207828283309937,0.31737220287323,0.7027668356895447,0.3180782198905945,0.646484911441803,0.3224588632583618,0.6095648407936096,0.3261750340461731,0.5750350952148438,B
0.3410339653491974,0.8595521450042725,0.3861727714538574,0.8273736834526062,0.4160618782043457,0.7639389038085938,0.3943024277687073,0.7185406684875488,0.3585664927959442,0.7227253913879395,0.3981878161430359,0.6719239950180054,0.4031254053115845,0.6041247844696045,0.4028996229171753,0.5629177093505859,0.4016830325126648,0.5251172780990601,0.3694077134132385,0.6642074584960938,0.3729425370693207,0.5917894840240479,0.3743579685688019,0.544371485710144,0.3743102252483368,0.5020978450775146,0.3438095450401306,0.6740385293960571,0.3459182381629944,0.6055406332015991,0.3497898280620575,0.5597183108329773,0.351726233959198,0.5183892846107483,0.3174176514148712,0.6974043846130371,0.3183358609676361,0.6411945223808289,0.32246825098991394,0.604453444480896,0.32601356506347656,0.5698354840278625,B
0.3381388187408447,0.8505046367645264,0.38292646408081055,0.818578839302063,0.41170060634613037,0.7541695833206177,0.3898969888687134,0.7076329588890076,0.35475897789001465,0.7112982273101807,0.39395198225975037,0.6630711555480957,0.400020956993103,0.5953758358955383,0.40010833740234375,0.5540714263916016,0.3988025486469269,0.5165842771530151,0.3653654158115387,0.6557960510253906,0.36950498819351196,0.5831665992736816,0.37133532762527466,0.5360162258148193,0.3710884153842926,0.49479997158050537,0.3402383327484131,0.6655621528625488,0.342678964138031,0.5973641872406006,0.346788227558136,0.5522433519363403,0.3486616313457489,0.5120647549629211,0.3142186999320984,0.6887943148612976,0.31496763229370117,0.6331849098205566,0.3190082013607025,0.5962579846382141,0.3221217095851898,0.5616538524627686,B
0.3375209867954254,0.838323712348938,0.383915513753891,0.8082569241523743,0.4133402705192566,0.7437845468521118,0.3913154602050781,0.6971815824508667,0.3555963337421417,0.6980176568031311,0.3957708477973938,0.6531463265419006,0.402402400970459,0.5856279134750366,0.4020836651325226,0.5435575246810913,0.3995855152606964,0.5061140060424805,0.36672863364219666,0.6441049575805664,0.37156563997268677,0.5707555413246155,0.37317049503326416,0.5224114656448364,0.3725823163986206,0.4808446168899536,0.34087440371513367,0.6528165340423584,0.3436651825904846,0.5831127166748047,0.3481720983982086,0.5377575159072876,0.35052353143692017,0.4972037076950073,0.31462499499320984,0.6752443313598633,0.3164321780204773,0.6203036308288574,0.32124584913253784,0.5847626328468323,0.325137197971344,0.551889955997467,B
0.34158581495285034,0.8322444558143616,0.38950157165527344,0.8018169403076172,0.4171590209007263,0.7347612380981445,0.3920268714427948,0.6886991858482361,0.35563698410987854,0.6928561925888062,0.39820244908332825,0.6444985866546631,0.4031655490398407,0.5764821171760559,0.40253397822380066,0.5342124104499817,0.40036410093307495,0.4967188239097595,0.3686748445034027,0.6367650032043457,0.37246304750442505,0.563610851764679,0.3739866614341736,0.5154263973236084,0.37382522225379944,0.47422224283218384,0.3426201343536377,0.6464604735374451,0.3443346917629242,0.5772310495376587,0.34875258803367615,0.531471312046051,0.35117292404174805,0.49095672369003296,0.31635919213294983,0.6698324680328369,0.31805849075317383,0.6141222715377808,0.322955459356308,0.5778482556343079,0.32705679535865784,0.5441279411315918,B
0.34394004940986633,0.808444619178772,0.3890804052352905,0.7790060639381409,0.41665977239608765,0.712884247303009,0.3909718096256256,0.6659278273582458,0.3553605377674103,0.6649066209793091,0.396283894777298,0.623799741268158,0.4009148180484772,0.5561237335205078,0.40066030621528625,0.5151552557945251,0.39882099628448486,0.47923505306243896,0.36685410141944885,0.6165261268615723,0.3702031075954437,0.5432303547859192,0.37105438113212585,0.4953303933143616,0.3701099157333374,0.45397475361824036,0.34130796790122986,0.625438928604126,0.3436286747455597,0.5566813349723816,0.3475056290626526,0.5119475722312927,0.3495367765426636,0.4715311527252197,0.31463146209716797,0.6471408009529114,0.3165687620639801,0.5923817753791809,0.3205273449420929,0.5567030310630798,0.32374468445777893,0.5219701528549194,B
0.34376639127731323,0.7764896154403687,0.38841912150382996,0.7458460927009583,0.41582751274108887,0.6815425753593445,0.3910081386566162,0.6350297927856445,0.3566378653049469,0.6363416910171509,0.39821112155914307,0.5944151878356934,0.4028625190258026,0.5275653600692749,0.4026086628437042,0.48731571435928345,0.40110543370246887,0.4534895718097687,0.3690613806247711,0.5876420736312866,0.3731699287891388,0.5149842500686646,0.37482988834381104,0.46721577644348145,0.3755549490451813,0.4258843660354614,0.3436925709247589,0.596482515335083,0.3462977707386017,0.5279158353805542,0.35055649280548096,0.4829182028770447,0.353407621383667,0.4427342414855957,0.31764084100723267,0.6176687479019165,0.31997647881507874,0.5626028776168823,0.323607861995697,0.5266358852386475,0.32670438289642334,0.49168744683265686,B
0.34598949551582336,0.7380314469337463,0.3915174901485443,0.709696352481842,0.42035162448883057,0.6479690670967102,0.3967031240463257,0.6024681329727173,0.3622548580169678,0.5989012122154236,0.40567874908447266,0.562049925327301,0.41057059168815613,0.49580705165863037,0.41103076934814453,0.4547036290168762,0.4106755554676056,0.41998404264450073,0.376370906829834,0.553772509098053,0.3810885548591614,0.48172226548194885,0.383174329996109,0.4340730309486389,0.3846810460090637,0.392805814743042,0.3505050539970398,0.5615307092666626,0.3539377748966217,0.4937223494052887,0.3584701716899872,0.44855406880378723,0.3618569076061249,0.4082079529762268,0.32353854179382324,0.5816778540611267,0.32668793201446533,0.5273131132125854,0.33111199736595154,0.491743266582489,0.3357868492603302,0.45676958560943604,B
0.3491855263710022,0.7166337966918945,0.39462605118751526,0.6902803182601929,0.4225625991821289,0.6261830925941467,0.39848771691322327,0.5781220197677612,0.3631359040737152,0.5784611105918884,0.4091913104057312,0.5405773520469666,0.41679394245147705,0.47469377517700195,0.41864722967147827,0.43386101722717285,0.41849005222320557,0.3996517062187195,0.3804367482662201,0.5313146710395813,0.38705235719680786,0.4589325487613678,0.3910224139690399,0.41122502088546753,0.3931892514228821,0.3708909749984741,0.3546346127986908,0.5379468202590942,0.3587660491466522,0.46976661682128906,0.36538708209991455,0.425150603055954,0.37006181478500366,0.3864456117153168,0.32735759019851685,0.5566312670707703,0.3309645652770996,0.5020831823348999,0.3365013599395752,0.4670328199863434,0.3419269919395447,0.4338698387145996,B
0.34726682305336,0.7189121246337891,0.3914549648761749,0.6920202374458313,0.418849378824234,0.6311101913452148,0.39299091696739197,0.5861033797264099,0.35740259289741516,0.585949182510376,0.40897420048713684,0.5420734286308289,0.41614818572998047,0.47483304142951965,0.4176872968673706,0.4325686991214752,0.41751331090927124,0.3944185972213745,0.37963783740997314,0.5322717428207397,0.38617831468582153,0.4597022533416748,0.38940301537513733,0.41071683168411255,0.39110562205314636,0.36812445521354675,0.35321950912475586,0.5400022268295288,0.3574466109275818,0.4709065854549408,0.36406856775283813,0.42524927854537964,0.36875006556510925,0.38628214597702026,0.32594460248947144,0.5600292682647705,0.33013755083084106,0.5044578313827515,0.33671510219573975,0.4679393768310547,0.34320640563964844,0.43432581424713135,B
0.34787002205848694,0.7194193601608276,0.39240095019340515,0.6921576857566833,0.41942331194877625,0.6300409436225891,0.39201071858406067,0.5841421484947205,0.3547416627407074,0.5856520533561707,0.4087839126586914,0.5417969822883606,0.41515371203422546,0.4752618074417114,0.41633662581443787,0.43400120735168457,0.4162791073322296,0.3964386582374573,0.3792892396450043,0.5325362086296082,0.3851468861103058,0.4600847363471985,0.38814058899879456,0.41168642044067383,0.3898942470550537,0.3691282272338867,0.3528405427932739,0.5411790609359741,0.35710275173187256,0.47253113985061646,0.3635408580303192,0.4267369210720062,0.36797213554382324,0.3869572877883911,0.3254164457321167,0.5622435212135315,0.3299790918827057,0.5064684152603149,0.33672061562538147,0.46981167793273926,0.34314218163490295,0.43567079305648804,B
0.3485773503780365,0.7104026675224304,0.39416611194610596,0.683529257774353,0.4220266044139862,0.621265172958374,0.39644303917884827,0.575604259967804,0.3601335287094116,0.5760069489479065,0.4100629389286041,0.534035325050354,0.4167194068431854,0.4671004116535187,0.41750454902648926,0.42545372247695923,0.41652095317840576,0.3880321979522705,0.38127633929252625,0.5245007276535034,0.387328565120697,0.4521792531013489,0.39017271995544434,0.4036867320537567,0.3911760449409485,0.36139464378356934,0.3552379608154297,0.5317983627319336,0.3594573736190796,0.4639192819595337,0.3658287823200226,0.4189029335975647,0.3698982894420624,0.3798489570617676,0.3279452323913574,0.5509986281394958,0.3313388228416443,0.4957759976387024,0.3373909592628479,0.45987313985824585,0.34320396184921265,0.4268399477005005,B
0.33703336119651794,0.7101274728775024,0.3814057409763336,0.6818095445632935,0.4070722460746765,0.6169871687889099,0.3792865574359894,0.5718236565589905,0.34295105934143066,0.5745219588279724,0.39886194467544556,0.5312870144844055,0.4048995077610016,0.46517446637153625,0.406034380197525,0.4231776297092438,0.4062192738056183,0.3857611417770386,0.36949366331100464,0.5221337080001831,0.3754870593547821,0.44970250129699707,0.37844961881637573,0.401552677154541,0.38044020533561707,0.3608856201171875,0.34316137433052063,0.5300466418266296,0.3486918807029724,0.46061941981315613,0.35440585017204285,0.41494879126548767,0.3585774302482605,0.3763774037361145,0.31559157371520996,0.5500825047492981,0.3202611804008484,0.49354174733161926,0.32683929800987244,0.45660239458084106,0.33364254236221313,0.4223727583885193,B
0.31774935126304626,0.7126537561416626,0.3629544675350189,0.6817947030067444,0.3871423006057739,0.6154681444168091,0.3571968078613281,0.5695779919624329,0.320098340511322,0.5768009424209595,0.37501633167266846,0.532945454120636,0.3809221684932709,0.4675826132297516,0.38282880187034607,0.4262709617614746,0.3835705816745758,0.39037543535232544,0.3453145921230316,0.5242943167686462,0.3513079583644867,0.45221367478370667,0.35415470600128174,0.4042428135871887,0.3559841513633728,0.36369431018829346,0.3187897801399231,0.533294141292572,0.32412636280059814,0.46501654386520386,0.3299698829650879,0.41920214891433716,0.3339684307575226,0.3802891969680786,0.2917696535587311,0.5542905330657959,0.29787757992744446,0.49761882424354553,0.30346667766571045,0.4615284204483032,0.30820173025131226,0.4287654757499695,B
0.30216625332832336,0.71579509973526,0.34644025564193726,0.6784532070159912,0.3709973394870758,0.6091083288192749,0.349530428647995,0.565051794052124,0.3164840638637543,0.5823955535888672,0.33950942754745483,0.5284996628761292,0.33817270398139954,0.46384766697883606,0.3345903158187866,0.42407694458961487,0.3301924169063568,0.3876889944076538,0.31032225489616394,0.5266678929328918,0.3075534999370575,0.45395952463150024,0.3055328130722046,0.40675032138824463,0.30141571164131165,0.36560022830963135,0.28705114126205444,0.5407488346099854,0.2829088568687439,0.4719616770744324,0.2831125557422638,0.42780113220214844,0.2806577682495117,0.38877996802330017,0.2650069296360016,0.5663884282112122,0.2630789577960968,0.5097380876541138,0.26395511627197266,0.47319847345352173,0.26373398303985596,0.4386478364467621,B
0.3003050684928894,0.7206524014472961,0.3445895314216614,0.6836668848991394,0.3672039210796356,0.6193864941596985,0.3495118319988251,0.5777501463890076,0.31764912605285645,0.5854367017745972,0.3368912935256958,0.5340688228607178,0.3333576023578644,0.4685077965259552,0.3277759253978729,0.4287906587123871,0.32130423188209534,0.3928869366645813,0.30922576785087585,0.5335887670516968,0.30398446321487427,0.46196335554122925,0.29833242297172546,0.4145439863204956,0.2912693917751312,0.3739476203918457,0.2858878970146179,0.5486626625061035,0.28009238839149475,0.4802830219268799,0.27730700373649597,0.43529999256134033,0.27218765020370483,0.3969480097293854,0.2628750205039978,0.5749566555023193,0.2590073347091675,0.5190942287445068,0.2582189440727234,0.4819883704185486,0.2561398148536682,0.44870126247406006,B
0.3019269108772278,0.724399745464325,0.34870967268943787,0.6864565014839172,0.373576283454895,0.6213542222976685,0.35251423716545105,0.580676257610321,0.31885263323783875,0.5921869874000549,0.3395128548145294,0.5386652946472168,0.3360612690448761,0.4732789695262909,0.3303758203983307,0.4332403540611267,0.3242509663105011,0.39749446511268616,0.3111988306045532,0.5374066829681396,0.30528002977371216,0.4660097360610962,0.30045607686042786,0.41826164722442627,0.29493623971939087,0.3778890371322632,0.2879962623119354,0.5514897704124451,0.2813631296157837,0.48372504115104675,0.27945905923843384,0.4381004571914673,0.2760929763317108,0.3996869921684265,0.2658557593822479,0.5772571563720703,0.26103222370147705,0.5224664211273193,0.26077693700790405,0.4853059649467468,0.26011842489242554,0.45165276527404785,B
0.3084520101547241,0.7254750728607178,0.35000672936439514,0.6859586238861084,0.37155216932296753,0.6244123578071594,0.35948532819747925,0.584320604801178,0.3294049799442291,0.5911357402801514,0.3328973948955536,0.5425978302955627,0.3263111710548401,0.47786498069763184,0.31991010904312134,0.4388619661331177,0.31312593817710876,0.4027749300003052,0.3090328276157379,0.5453096628189087,0.3004675507545471,0.4729408919811249,0.2937285304069519,0.4255932867527008,0.28589221835136414,0.38404345512390137,0.28897735476493835,0.5627848505973816,0.2794972062110901,0.49288415908813477,0.27496638894081116,0.4489106833934784,0.2691212296485901,0.40951046347618103,0.2697780430316925,0.5914354920387268,0.2611578106880188,0.5370597839355469,0.25798025727272034,0.5002139806747437,0.2539295554161072,0.4661857485771179,B
0.3131182789802551,0.724938690662384,0.3539389967918396,0.686024010181427,0.3751295208930969,0.623609721660614,0.36260417103767395,0.5822271108627319,0.33250656723976135,0.5895729660987854,0.3351929485797882,0.544167160987854,0.32757413387298584,0.47978341579437256,0.3202158510684967,0.4407150447368622,0.31232017278671265,0.4039122462272644,0.3116866648197174,0.5472036004066467,0.30305877327919006,0.47543349862098694,0.2961660921573639,0.4278448820114136,0.28777873516082764,0.3852788805961609,0.2920432984828949,0.5637216567993164,0.28263145685195923,0.494353711605072,0.2777878940105438,0.4495459198951721,0.2709888219833374,0.4093519449234009,0.27330082654953003,0.5907526612281799,0.2652975618839264,0.5355736017227173,0.26287415623664856,0.49811336398124695,0.2596394717693329,0.46281036734580994,B
0.3208100199699402,0.722858190536499,0.35881179571151733,0.6860042810440063,0.3786335289478302,0.6225505471229553,0.36911359429359436,0.5823928713798523,0.3418561518192291,0.5925865769386292,0.3393508791923523,0.5427591800689697,0.3316320776939392,0.4807559847831726,0.32516568899154663,0.442823588848114,0.3184524178504944,0.40715357661247253,0.3178829252719879,0.5462814569473267,0.3091212809085846,0.4769527018070221,0.3028150200843811,0.42996466159820557,0.29511505365371704,0.3879106640815735,0.30014941096305847,0.563588559627533,0.2905356287956238,0.4958077371120453,0.28591617941856384,0.45099762082099915,0.2792178988456726,0.410910040140152,0.2840607166290283,0.5919225215911865,0.2763042747974396,0.5373462438583374,0.27355313301086426,0.5003383159637451,0.2697983682155609,0.46532779932022095,B
0.32671305537223816,0.7223426699638367,0.36402639746665955,0.6847426891326904,0.3827126622200012,0.6222793459892273,0.3752863109111786,0.5804397463798523,0.35076916217803955,0.5910617113113403,0.34286022186279297,0.5428433418273926,0.33481961488723755,0.48123568296432495,0.3284730017185211,0.4430724084377289,0.3219226598739624,0.407290518283844,0.32339155673980713,0.5473626852035522,0.314800500869751,0.47843822836875916,0.3083151876926422,0.4311860203742981,0.30034053325653076,0.3888699412345886,0.30769777297973633,0.5657712817192078,0.29804518818855286,0.4975493848323822,0.29293784499168396,0.4527473449707031,0.2860890030860901,0.4126199781894684,0.29390770196914673,0.5952650308609009,0.28520750999450684,0.5416802763938904,0.2823312282562256,0.5047541856765747,0.2788175344467163,0.4698856472969055,B
0.3242454528808594,0.7285245656967163,0.367060124874115,0.6935537457466125,0.3886692523956299,0.6313883066177368,0.37687334418296814,0.5896551609039307,0.3464328646659851,0.5978524684906006,0.35130879282951355,0.5490607023239136,0.3466752767562866,0.48606207966804504,0.3416217565536499,0.4468396306037903,0.3359820544719696,0.4104229807853699,0.3273850977420807,0.5500335097312927,0.3211054503917694,0.48026397824287415,0.3163612186908722,0.43296748399734497,0.3107980489730835,0.3907800018787384,0.307211309671402,0.5656822919845581,0.30019286274909973,0.4971708059310913,0.29744911193847656,0.45148324966430664,0.29350244998931885,0.41095298528671265,0.28807446360588074,0.5927616953849792,0.2820751965045929,0.5378890633583069,0.2810646593570709,0.5010035037994385,0.28000959753990173,0.4663391709327698,B
0.32051530480384827,0.7335642576217651,0.36594629287719727,0.7006862759590149,0.390490859746933,0.6377027630805969,0.37123873829841614,0.5950304269790649,0.33866581320762634,0.604473888874054,0.3625854551792145,0.5541952252388,0.36292019486427307,0.49050331115722656,0.3594461679458618,0.44966647028923035,0.35460489988327026,0.4133002758026123,0.3354273736476898,0.5506333112716675,0.33444657921791077,0.4796713888645172,0.33192670345306396,0.43166452646255493,0.3278229832649231,0.39091724157333374,0.31189578771591187,0.5632904767990112,0.3084980547428131,0.4960612654685974,0.3081313371658325,0.4496482014656067,0.30604177713394165,0.4103269577026367,0.28836116194725037,0.5879307985305786,0.28598541021347046,0.5327478051185608,0.2870291471481323,0.4962270259857178,0.2875365912914276,0.4629667401313782,B
0.31908828020095825,0.7313227653503418,0.3647242784500122,0.6995580196380615,0.39185309410095215,0.6358677744865417,0.3708031177520752,0.592890202999115,0.33693838119506836,0.600121021270752,0.3686070740222931,0.5531811714172363,0.3713369071483612,0.4889739155769348,0.36910372972488403,0.4482775330543518,0.36541518568992615,0.4119855761528015,0.34083765745162964,0.5470002293586731,0.342126727104187,0.4760417640209198,0.3418351113796234,0.42891669273376465,0.3398698568344116,0.38830405473709106,0.316718727350235,0.5570979714393616,0.3161046802997589,0.4903595447540283,0.3185654878616333,0.4450761377811432,0.31882068514823914,0.40562331676483154,0.2925547957420349,0.5791283845901489,0.2918270528316498,0.524472713470459,0.29507243633270264,0.4890209436416626,0.297472208738327,0.45668914914131165,B
0.32084059715270996,0.7292860746383667,0.36699020862579346,0.6999561190605164,0.39453595876693726,0.6369711756706238,0.36967265605926514,0.5919632911682129,0.3340967297554016,0.5947093367576599,0.3777928352355957,0.5538063049316406,0.382781445980072,0.4889650344848633,0.3825697898864746,0.4483226239681244,0.3806774318218231,0.4119650721549988,0.34937164187431335,0.5450828671455383,0.35331329703330994,0.47344568371772766,0.35512304306030273,0.4262956380844116,0.3554700016975403,0.3856712579727173,0.32420602440834045,0.5531415939331055,0.32630807161331177,0.4860205054283142,0.33124175667762756,0.44182485342025757,0.3337220549583435,0.40394312143325806,0.298117995262146,0.5732539892196655,0.30070003867149353,0.5183982849121094,0.30548685789108276,0.48343515396118164,0.3096131682395935,0.45092952251434326,B
0.3210715651512146,0.727576494216919,0.36483272910118103,0.6989067792892456,0.3906949460506439,0.6363897323608398,0.3634544014930725,0.5905948281288147,0.3271771967411041,0.5920639634132385,0.3810589015483856,0.5516069531440735,0.38619470596313477,0.4857274889945984,0.3861161470413208,0.44518476724624634,0.3846520781517029,0.408610999584198,0.35229429602622986,0.5423327684402466,0.3578067421913147,0.4724956154823303,0.35994336009025574,0.4257931709289551,0.3610072135925293,0.384571373462677,0.32651782035827637,0.549413800239563,0.3308544456958771,0.4834950566291809,0.3366599678993225,0.44020870327949524,0.3406204879283905,0.4035261273384094,0.2998795509338379,0.5677043199539185,0.3039376437664032,0.5131511688232422,0.3098774552345276,0.47780296206474304,0.3159458637237549,0.4454548954963684,B
0.32311978936195374,0.7309343814849854,0.3668084144592285,0.7010824680328369,0.3923113942146301,0.6388148665428162,0.36273857951164246,0.5934938788414001,0.32477110624313354,0.5968640446662903,0.3850715756416321,0.5563858151435852,0.3912556767463684,0.48972299695014954,0.3915649652481079,0.44867444038391113,0.39001238346099854,0.4112061858177185,0.35679444670677185,0.5461491942405701,0.3638933598995209,0.4745839536190033,0.36652782559394836,0.4268447160720825,0.36780691146850586,0.3850645422935486,0.33113527297973633,0.5521498918533325,0.3371642231941223,0.4849836826324463,0.3433445394039154,0.4405561089515686,0.34677934646606445,0.40382862091064453,0.3045881688594818,0.5690059661865234,0.31035950779914856,0.5130153894424438,0.316509872674942,0.4767325520515442,0.3222668468952179,0.4440169632434845,B
0.33151131868362427,0.7212911248207092,0.3691437840461731,0.6902740001678467,0.392234742641449,0.6328943371772766,0.35982537269592285,0.5912960767745972,0.32471877336502075,0.5862879753112793,0.38968825340270996,0.5503709316253662,0.39262115955352783,0.48130348324775696,0.39156046509742737,0.4394742548465729,0.3897039592266083,0.40116026997566223,0.3616916239261627,0.5408490896224976,0.3654986619949341,0.46755868196487427,0.3660258650779724,0.41940009593963623,0.3662252426147461,0.37716448307037354,0.33697113394737244,0.5462568998336792,0.3400709331035614,0.4784453809261322,0.3445083498954773,0.4349694848060608,0.34753990173339844,0.398296594619751,0.31169459223747253,0.5623049736022949,0.31526580452919006,0.5059812068939209,0.3203023076057434,0.47109633684158325,0.3256678283214569,0.43895310163497925,B
0.3386228680610657,0.7155281901359558,0.3739495575428009,0.6839473843574524,0.39277538657188416,0.6256949305534363,0.3593462109565735,0.5846888422966003,0.3250579237937927,0.5767343044281006,0.3904097080230713,0.5429682731628418,0.3893730938434601,0.4737226366996765,0.3866386115550995,0.43146753311157227,0.3836929202079773,0.39299720525741577,0.3631930947303772,0.5334315299987793,0.36288219690322876,0.46006500720977783,0.36154043674468994,0.41130512952804565,0.36096394062042236,0.3690120577812195,0.3392854332923889,0.5390973091125488,0.33978772163391113,0.47069990634918213,0.3425046503543854,0.4261004328727722,0.3447367548942566,0.3886929154396057,0.3154149651527405,0.5564528703689575,0.317008912563324,0.5007030963897705,0.32024845480918884,0.4658474624156952,0.3243585228919983,0.43396392464637756,B
0.342205286026001,0.7191845178604126,0.3786725401878357,0.6903189420700073,0.39398616552352905,0.6277012228965759,0.3559887111186981,0.5844939947128296,0.32074132561683655,0.5753471851348877,0.38925856351852417,0.5451937317848206,0.3867204487323761,0.4763859212398529,0.38359585404396057,0.4335002303123474,0.38010552525520325,0.3947789967060089,0.3625330924987793,0.5370022654533386,0.3617609143257141,0.4620104134082794,0.3609682619571686,0.41192716360092163,0.36085978150367737,0.36861366033554077,0.33940279483795166,0.5439106822013855,0.33960282802581787,0.4739392399787903,0.342800498008728,0.4279736876487732,0.3449365496635437,0.3900371491909027,0.316689133644104,0.5616148710250854,0.31847941875457764,0.5036346912384033,0.3217466175556183,0.46690797805786133,0.32550933957099915,0.4333803355693817,B
0.3463781774044037,0.723724365234375,0.3803764283657074,0.6952502727508545,0.39298713207244873,0.6321790218353271,0.3534252643585205,0.5884148478507996,0.3175051808357239,0.5812264084815979,0.3854997456073761,0.5489328503608704,0.37995776534080505,0.4804389476776123,0.37541598081588745,0.43788015842437744,0.37114280462265015,0.3994412124156952,0.35930007696151733,0.5408595204353333,0.3548727035522461,0.46676111221313477,0.3519161343574524,0.41745099425315857,0.3502233028411865,0.3740350902080536,0.33708375692367554,0.5476567149162292,0.3349927067756653,0.4780789315700531,0.3359174132347107,0.4320340156555176,0.3360142409801483,0.39283251762390137,0.3152976930141449,0.5653973817825317,0.3137573003768921,0.509039044380188,0.3155611455440521,0.4729378819465637,0.3181622624397278,0.4393089711666107,B
0.34840354323387146,0.7237838506698608,0.37901267409324646,0.6960510015487671,0.3873909115791321,0.6377672553062439,0.34685176610946655,0.5961802005767822,0.3124171793460846,0.584875226020813,0.3777836263179779,0.5542552471160889,0.3675638437271118,0.4869324564933777,0.3605596125125885,0.44509947299957275,0.3549347221851349,0.40717458724975586,0.3523682653903961,0.5461661219596863,0.34341245889663696,0.4715999364852905,0.33848151564598083,0.4221014380455017,0.3363877534866333,0.37715214490890503,0.3315509557723999,0.5527253150939941,0.3253333866596222,0.48402923345565796,0.32376810908317566,0.4384656548500061,0.3231869041919708,0.3991283178329468,0.3120688498020172,0.5700660347938538,0.3074902892112732,0.5156378746032715,0.30723053216934204,0.48063936829566956,0.30826491117477417,0.44681835174560547,B
0.3415105640888214,0.7106220722198486,0.3708176910877228,0.6828906536102295,0.3787385821342468,0.627731442451477,0.34624385833740234,0.5837513208389282,0.3144865930080414,0.5599876642227173,0.3730866312980652,0.5469378232955933,0.36486512422561646,0.480058491230011,0.35865306854248047,0.4378715753555298,0.3540460169315338,0.39941561222076416,0.3485483229160309,0.5377486348152161,0.3419133424758911,0.4629135727882385,0.3384600579738617,0.4132336974143982,0.3374306559562683,0.36834704875946045,0.3282891511917114,0.5423261523246765,0.3218229115009308,0.4755060076713562,0.321266770362854,0.43267470598220825,0.32206112146377563,0.39496394991874695,0.3100737929344177,0.5573768019676208,0.30732348561286926,0.5027859807014465,0.3076935410499573,0.46798232197761536,0.3090652525424957,0.4336246848106384,B
0.3363722562789917,0.6867963075637817,0.3657446801662445,0.6625425815582275,0.37186843156814575,0.6066060066223145,0.3395650386810303,0.5611348748207092,0.30971759557724,0.5340589284896851,0.36607474088668823,0.5285786986351013,0.3587000370025635,0.46215495467185974,0.35323572158813477,0.41910964250564575,0.3490085005760193,0.37932953238487244,0.3424275815486908,0.5184305906295776,0.3376343548297882,0.4435262084007263,0.336063951253891,0.39292311668395996,0.33704814314842224,0.3472079038619995,0.322834312915802,0.5222123265266418,0.31833615899086,0.45883896946907043,0.3197592794895172,0.41629087924957275,0.32221779227256775,0.3783876299858093,0.30569952726364136,0.5356636047363281,0.305362343788147,0.48148900270462036,0.30688342452049255,0.44747394323349,0.308921754360199,0.4128894805908203,B
0.33583977818489075,0.6829453706741333,0.36223649978637695,0.6583691239356995,0.36413851380348206,0.6052535772323608,0.3310932517051697,0.5633596777915955,0.3049931824207306,0.5349374413490295,0.3629399240016937,0.5282073616981506,0.3551095128059387,0.4625038206577301,0.34990614652633667,0.4192489981651306,0.3456341326236725,0.37956908345222473,0.3399744927883148,0.5181146264076233,0.33440911769866943,0.4415353238582611,0.3326570689678192,0.39056307077407837,0.3331877589225769,0.34461840987205505,0.3210628926753998,0.5222674608230591,0.31524020433425903,0.4591377377510071,0.3143312335014343,0.41908958554267883,0.31442782282829285,0.3835737109184265,0.30517053604125977,0.5355801582336426,0.3052641749382019,0.4844130575656891,0.3072766363620758,0.45426425337791443,0.30983081459999084,0.4243364930152893,B
0.33494049310684204,0.6900992393493652,0.3631271719932556,0.6679420471191406,0.36764848232269287,0.612218976020813,0.3331092596054077,0.5680550336837769,0.30517449975013733,0.5417664051055908,0.3623490333557129,0.5321955680847168,0.35392695665359497,0.4668358564376831,0.34868359565734863,0.4238056540489197,0.34449446201324463,0.3841440677642822,0.3384299874305725,0.5215074419975281,0.3333424925804138,0.4459448754787445,0.33114510774612427,0.3952540159225464,0.3313318192958832,0.3494558334350586,0.318989634513855,0.5253918170928955,0.31505492329597473,0.4579349458217621,0.31553274393081665,0.4144126772880554,0.3168391287326813,0.37607043981552124,0.3019077181816101,0.5397815108299255,0.3016056418418884,0.4844384789466858,0.3031187653541565,0.4507262110710144,0.30569761991500854,0.41746872663497925,B
0.33782780170440674,0.6943731307983398,0.3762572407722473,0.6682562828063965,0.3949064016342163,0.6141075491905212,0.3653404712677002,0.5722843408584595,0.33295515179634094,0.5568409562110901,0.3932844400405884,0.5329993367195129,0.39879265427589417,0.46674731373786926,0.40039950609207153,0.42537862062454224,0.4000706076622009,0.3869224786758423,0.3651815950870514,0.5203102231025696,0.37156566977500916,0.4487404525279999,0.37382030487060547,0.40164536237716675,0.3756214380264282,0.358447790145874,0.34093767404556274,0.5244316458702087,0.3472641408443451,0.45683032274246216,0.35301682353019714,0.41187870502471924,0.357604444026947,0.37135469913482666,0.31634682416915894,0.5400075316429138,0.32323500514030457,0.4859183728694916,0.3290906250476837,0.45200759172439575,0.33471107482910156,0.4190947711467743,B
0.3401853144168854,0.6976375579833984,0.3797489106655121,0.6728566884994507,0.40247151255607605,0.6145311594009399,0.3743205666542053,0.5679599642753601,0.34073325991630554,0.5552606582641602,0.39899566769599915,0.5338841676712036,0.4052749276161194,0.46737509965896606,0.40661901235580444,0.42500030994415283,0.4062396287918091,0.3867638111114502,0.37112438678741455,0.5217697620391846,0.37705859541893005,0.4480047821998596,0.37979376316070557,0.4001074433326721,0.3821007311344147,0.3584290146827698,0.34605464339256287,0.526629626750946,0.35170233249664307,0.4572877585887909,0.3575637936592102,0.41224193572998047,0.3616526424884796,0.37413740158081055,0.3202228844165802,0.543232262134552,0.3256877064704895,0.48740172386169434,0.3316114544868469,0.45191770792007446,0.3376868665218353,0.41919299960136414,B
0.3444122076034546,0.7006847262382507,0.38964390754699707,0.6783056259155273,0.41933563351631165,0.6181235909461975,0.3973119854927063,0.569621205329895,0.36230167746543884,0.5636692047119141,0.41013970971107483,0.5355647206306458,0.41972750425338745,0.470351904630661,0.4224708080291748,0.4286692142486572,0.4232289493083954,0.39121806621551514,0.38145583868026733,0.5237757563591003,0.38765308260917664,0.45141780376434326,0.390993595123291,0.40440887212753296,0.39319372177124023,0.36386433243751526,0.35560569167137146,0.529725193977356,0.361228346824646,0.4618505835533142,0.367727130651474,0.417981892824173,0.3721150755882263,0.3802897036075592,0.3293311595916748,0.5473542809486389,0.33506813645362854,0.4935269355773926,0.34123700857162476,0.45794427394866943,0.34730350971221924,0.4244895279407501,B
0.346073180437088,0.7099724411964417,0.39331528544425964,0.687161922454834,0.42250704765319824,0.6272556781768799,0.4029747247695923,0.5789599418640137,0.36810821294784546,0.5767940878868103,0.40790051221847534,0.5423275828361511,0.4173317849636078,0.4781429171562195,0.4196471869945526,0.4379245638847351,0.4203212261199951,0.4033135771751404,0.37961387634277344,0.532941460609436,0.38617798686027527,0.46158674359321594,0.38894766569137573,0.41451287269592285,0.3892671763896942,0.37518802285194397,0.35437700152397156,0.5399218797683716,0.35894259810447693,0.4723697304725647,0.36413395404815674,0.42963841557502747,0.36602669954299927,0.39337149262428284,0.32782742381095886,0.558925211429596,0.33242493867874146,0.5073295831680298,0.33846887946128845,0.47290217876434326,0.3434736430644989,0.44111812114715576,B
0.3466707170009613,0.7146617770195007,0.39261525869369507,0.6908116936683655,0.4218897819519043,0.6329566240310669,0.4037618041038513,0.5855958461761475,0.3700813353061676,0.580933153629303,0.406651109457016,0.5473160147666931,0.415372371673584,0.48296311497688293,0.4172547161579132,0.44260385632514954,0.4174790382385254,0.4069141745567322,0.3789329528808594,0.5383619666099548,0.3849601447582245,0.4674915671348572,0.3872217535972595,0.42072921991348267,0.3873571753501892,0.38159286975860596,0.35426831245422363,0.5454278588294983,0.35789692401885986,0.4787786900997162,0.36286500096321106,0.43582695722579956,0.36488252878189087,0.399882435798645,0.3285367488861084,0.5640056133270264,0.3322204649448395,0.5112382769584656,0.33775556087493896,0.4763387441635132,0.34247836470603943,0.4446191191673279,B
0.34602195024490356,0.7304463386535645,0.3911959230899811,0.7074001431465149,0.4170980155467987,0.6468568444252014,0.39528778195381165,0.5992948412895203,0.3610818386077881,0.5942615270614624,0.4068339467048645,0.5634868741035461,0.41484999656677246,0.498571515083313,0.41667139530181885,0.45866596698760986,0.4168061316013336,0.42470675706863403,0.37899675965309143,0.5542356967926025,0.38707420229911804,0.483134388923645,0.39147475361824036,0.4359114170074463,0.3936558663845062,0.3970245122909546,0.3537070155143738,0.5607407689094543,0.35994237661361694,0.493389368057251,0.3675052523612976,0.45056837797164917,0.37157654762268066,0.41480159759521484,0.32679498195648193,0.5784850716590881,0.33247700333595276,0.5252251625061035,0.33889397978782654,0.4909736216068268,0.3445243835449219,0.45972493290901184,B
0.34440818428993225,0.7646945714950562,0.38764023780822754,0.7383225560188293,0.41178032755851746,0.676970899105072,0.3922150135040283,0.6308069229125977,0.3591156005859375,0.6220101118087769,0.4024193286895752,0.594243586063385,0.40850573778152466,0.528037428855896,0.4096946120262146,0.48761266469955444,0.4098072052001953,0.45310282707214355,0.37439557909965515,0.586340069770813,0.3807758390903473,0.5156986117362976,0.3839918375015259,0.4689740240573883,0.3859129548072815,0.42965078353881836,0.3487361967563629,0.5936851501464844,0.35429900884628296,0.5266793370246887,0.35969582200050354,0.4831278324127197,0.3630739450454712,0.44489726424217224,0.3220059871673584,0.6126126050949097,0.32659244537353516,0.5591657757759094,0.3320765197277069,0.5238410234451294,0.33737513422966003,0.49058327078819275,B
0.34189003705978394,0.8189554810523987,0.38518214225769043,0.7912580966949463,0.40922287106513977,0.7283208966255188,0.38344767689704895,0.6844287514686584,0.348728746175766,0.6825771331787109,0.3956819474697113,0.6444337964057922,0.4004223048686981,0.5769426226615906,0.4007475972175598,0.5366029739379883,0.39914777874946594,0.5029898881912231,0.3667512536048889,0.6362525224685669,0.3714632987976074,0.5628925561904907,0.3741934299468994,0.5167322754859924,0.3753805458545685,0.4788225293159485,0.3407464921474457,0.6440361738204956,0.34372344613075256,0.575456440448761,0.3491973876953125,0.5313372611999512,0.35319581627845764,0.4929899275302887,0.3139537572860718,0.6648614406585693,0.3165290653705597,0.6111014485359192,0.3212801218032837,0.5767526626586914,0.3258020579814911,0.5446587204933167,B
0.3397137224674225,0.8457075357437134,0.38304877281188965,0.8145737648010254,0.40539246797561646,0.7521891593933105,0.3808894753456116,0.7103188633918762,0.3469671607017517,0.7068988680839539,0.3921199440956116,0.6659525632858276,0.396986722946167,0.5998017191886902,0.3968842327594757,0.5587647557258606,0.395337849855423,0.5233335494995117,0.3632844090461731,0.6594246625900269,0.36910873651504517,0.5882474780082703,0.37106823921203613,0.5408656597137451,0.37118205428123474,0.5011262893676758,0.3373861610889435,0.6693668961524963,0.3407173156738281,0.6009134650230408,0.3447696566581726,0.5563162565231323,0.34618186950683594,0.5171031355857849,0.31079891324043274,0.6926884651184082,0.31322991847991943,0.6389147639274597,0.31689751148223877,0.6035712361335754,0.31953445076942444,0.5702703595161438,B
0.3382903039455414,0.8600349426269531,0.3807162642478943,0.8268523812294006,0.40423130989074707,0.7665122747421265,0.3792248070240021,0.7231101393699646,0.3452598452568054,0.7213982343673706,0.38981664180755615,0.681140124797821,0.39394429326057434,0.6138257384300232,0.3933474123477936,0.5736570954322815,0.39177000522613525,0.5380609035491943,0.3605017066001892,0.6738417744636536,0.3653276264667511,0.6019430756568909,0.36725789308547974,0.5549823641777039,0.3678903579711914,0.5143420696258545,0.33459165692329407,0.6829096674919128,0.338000625371933,0.6147142648696899,0.3430677056312561,0.5704314708709717,0.3459431827068329,0.5317397713661194,0.30795052647590637,0.7051786184310913,0.3105207681655884,0.6497743129730225,0.3155534267425537,0.6139976978302002,0.3201727271080017,0.5812188386917114,B
0.3365055322647095,0.8596475124359131,0.3783436119556427,0.8252336382865906,0.40318429470062256,0.7624719142913818,0.3797776699066162,0.7185028791427612,0.3457019329071045,0.7149407267570496,0.3886985182762146,0.6783106923103333,0.3946405053138733,0.613598108291626,0.39484697580337524,0.5726892352104187,0.3938615918159485,0.5352890491485596,0.35982754826545715,0.6710299253463745,0.3647995889186859,0.6008464694023132,0.36745360493659973,0.5541996955871582,0.3688255250453949,0.5127211809158325,0.33371585607528687,0.6815626621246338,0.3348948657512665,0.6143625974655151,0.33900880813598633,0.569329023361206,0.34180110692977905,0.5292645692825317,0.3068626821041107,0.7053021192550659,0.3068099021911621,0.6514288187026978,0.3106415569782257,0.6146963834762573,0.31445589661598206,0.5802626013755798,B
0.33685004711151123,0.8580954074859619,0.3804227113723755,0.8240988850593567,0.4050717353820801,0.76287442445755,0.3801408112049103,0.7197935581207275,0.3459741473197937,0.7169415354728699,0.3891637325286865,0.6791009902954102,0.39314955472946167,0.6128547787666321,0.3918991982936859,0.5716197490692139,0.3894156813621521,0.5342730283737183,0.36002522706985474,0.671711266040802,0.36347562074661255,0.6000445485115051,0.3646511137485504,0.5529316067695618,0.36485719680786133,0.5118957757949829,0.33381524682044983,0.6819116473197937,0.335146427154541,0.6129186749458313,0.33901941776275635,0.5683432221412659,0.3414154350757599,0.5291318893432617,0.3071475327014923,0.7056999206542969,0.307729035615921,0.6522972583770752,0.31175166368484497,0.6162022352218628,0.3156243562698364,0.5822480916976929,B
0.33624395728111267,0.8561522960662842,0.37838488817214966,0.8229110836982727,0.40316352248191833,0.7623786330223083,0.37983202934265137,0.7195654511451721,0.3462889790534973,0.716655969619751,0.38692909479141235,0.6767327189445496,0.3921501934528351,0.6108903288841248,0.39116084575653076,0.5694541931152344,0.38877174258232117,0.5322660803794861,0.35723963379859924,0.6700546145439148,0.3613337278366089,0.5990839004516602,0.36167848110198975,0.5518146753311157,0.36043575406074524,0.5116449594497681,0.33062201738357544,0.680711030960083,0.33047425746917725,0.6125137805938721,0.3321768045425415,0.5681658983230591,0.33230581879615784,0.5305601358413696,0.3033480644226074,0.704887866973877,0.3000330626964569,0.6508319973945618,0.3002205491065979,0.6136757731437683,0.30000653862953186,0.579802930355072,B
0.33550938963890076,0.8551255464553833,0.37812966108322144,0.8212113380432129,0.403393417596817,0.7581782937049866,0.3780401051044464,0.7154509425163269,0.3430118262767792,0.7169231176376343,0.3865458071231842,0.6773166060447693,0.39266353845596313,0.6103762984275818,0.3928530812263489,0.5679861307144165,0.3910996913909912,0.5304427146911621,0.35635021328926086,0.6697751879692078,0.3601669371128082,0.598581850528717,0.36103445291519165,0.5506772994995117,0.3604888916015625,0.5098637342453003,0.32932791113853455,0.6798373460769653,0.32726964354515076,0.6108779311180115,0.32769855856895447,0.5669634938240051,0.32742738723754883,0.5300588607788086,0.3018612861633301,0.7035751342773438,0.29042747616767883,0.6511365175247192,0.2843066453933716,0.6152106523513794,0.2785737216472626,0.582450270652771,B
0.3356599509716034,0.8548014163970947,0.37879619002342224,0.8210565447807312,0.4039272665977478,0.7579066157341003,0.3794524371623993,0.7152579426765442,0.3437136113643646,0.7174500226974487,0.38682839274406433,0.6782292723655701,0.39370137453079224,0.6106359958648682,0.3945026099681854,0.5677030086517334,0.3931036591529846,0.5296652317047119,0.3561387062072754,0.6702110171318054,0.35956475138664246,0.5970523357391357,0.360774427652359,0.5486839413642883,0.3600805997848511,0.5083822011947632,0.32897859811782837,0.679949164390564,0.3261162340641022,0.6106319427490234,0.32680395245552063,0.5650186538696289,0.3261738419532776,0.5272404551506042,0.3016752302646637,0.7032898664474487,0.29215967655181885,0.6499965786933899,0.2880997359752655,0.6127908825874329,0.28427088260650635,0.5792728662490845,B
0.335207998752594,0.8540152907371521,0.378803551197052,0.8203905820846558,0.4038160443305969,0.7563608884811401,0.37899982929229736,0.7129998207092285,0.3434917628765106,0.7154962420463562,0.38657763600349426,0.6765298843383789,0.3935350477695465,0.6097325682640076,0.394259512424469,0.5671079158782959,0.3927763104438782,0.5292931795120239,0.3558260500431061,0.6685844659805298,0.3595779538154602,0.5963338613510132,0.3609277307987213,0.5483037233352661,0.3603191375732422,0.5081838369369507,0.3285592794418335,0.6784093976020813,0.3255137801170349,0.6098741292953491,0.3263895511627197,0.5647209286689758,0.32582125067710876,0.5271850824356079,0.30118921399116516,0.7016924619674683,0.29257312417030334,0.6485533714294434,0.2891651690006256,0.6117112040519714,0.2858096957206726,0.5786752104759216,B
0.33530110120773315,0.852490246295929,0.37839311361312866,0.8184590339660645,0.40365731716156006,0.7554516196250916,0.3783542513847351,0.7124457359313965,0.34244397282600403,0.7133080363273621,0.38656577467918396,0.6749323606491089,0.3938101828098297,0.6083697080612183,0.3945809602737427,0.5659456253051758,0.393242746591568,0.5279085636138916,0.3555088937282562,0.6670436263084412,0.35918882489204407,0.5950756669044495,0.3603367507457733,0.5472484230995178,0.35969623923301697,0.5068451166152954,0.3280670940876007,0.6771458983421326,0.3246910870075226,0.6091342568397522,0.32521459460258484,0.5642045736312866,0.3244781494140625,0.5262776613235474,0.3007822632789612,0.7009798288345337,0.29279759526252747,0.6481808423995972,0.28969496488571167,0.6117271184921265,0.28660720586776733,0.5787279605865479,B
0.33511337637901306,0.851635217666626,0.37884944677352905,0.8179650902748108,0.404524564743042,0.75514817237854,0.37920936942100525,0.7116160988807678,0.34364861249923706,0.7111368179321289,0.38643622398376465,0.6759668588638306,0.3938201367855072,0.6087716817855835,0.39477717876434326,0.5661001205444336,0.3936920464038849,0.528075098991394,0.3553333282470703,0.6676391959190369,0.3586847484111786,0.5944039821624756,0.3596348166465759,0.5466197729110718,0.3587653636932373,0.50702965259552,0.3282342553138733,0.6770876049995422,0.3249531388282776,0.608352541923523,0.3254592716693878,0.5635284781455994,0.32452449202537537,0.5264281630516052,0.30149728059768677,0.700286328792572,0.2942105233669281,0.6468101739883423,0.29158395528793335,0.6103208065032959,0.28868553042411804,0.5779762268066406,B
0.33574336767196655,0.8523240089416504,0.37913793325424194,0.8195953369140625,0.4041118323802948,0.7585585713386536,0.38138967752456665,0.7158345580101013,0.3467772603034973,0.71553635597229,0.3867526650428772,0.677108645439148,0.39487409591674805,0.6099192500114441,0.396839439868927,0.5668103098869324,0.396774560213089,0.528668224811554,0.3556379973888397,0.6686586141586304,0.35869643092155457,0.5949862599372864,0.3593904674053192,0.546720564365387,0.35824742913246155,0.5070945024490356,0.32834935188293457,0.6781622767448425,0.32448670268058777,0.6096280813217163,0.3246731758117676,0.5640940070152283,0.3236013948917389,0.5264394283294678,0.3015006184577942,0.7016044855117798,0.2936844825744629,0.6485671401023865,0.290971040725708,0.6119365692138672,0.28830456733703613,0.5793580412864685,B
0.3357648551464081,0.8513333797454834,0.3787882626056671,0.8185209631919861,0.4043620526790619,0.7573338150978088,0.38058239221572876,0.7143716812133789,0.34543150663375854,0.7124692797660828,0.3878364562988281,0.676913321018219,0.3985184133052826,0.6097570657730103,0.4018627405166626,0.5669621825218201,0.40262463688850403,0.528885006904602,0.3560831844806671,0.6681001782417297,0.35973411798477173,0.5945837497711182,0.36039993166923523,0.5464743375778198,0.35917016863822937,0.5063446760177612,0.3285243809223175,0.6773411631584167,0.32474392652511597,0.6091889142990112,0.3246484398841858,0.5639811754226685,0.32333168387413025,0.5262391567230225,0.3016292154788971,0.7005285024642944,0.29390254616737366,0.6474400162696838,0.290779709815979,0.6107358932495117,0.28777140378952026,0.577773928642273,B
0.3355606496334076,0.851509690284729,0.37830907106399536,0.8188040256500244,0.40431076288223267,0.7591756582260132,0.3804616332054138,0.7171154022216797,0.3457765579223633,0.716010570526123,0.3887520730495453,0.6784752011299133,0.403011679649353,0.6120526790618896,0.4087875485420227,0.5692352056503296,0.41159409284591675,0.530428409576416,0.3563491404056549,0.6687383651733398,0.3606222867965698,0.5948888063430786,0.3616907298564911,0.546249270439148,0.36090266704559326,0.5055062174797058,0.32842573523521423,0.6776620149612427,0.32441186904907227,0.6096323728561401,0.32448112964630127,0.5634621977806091,0.32359376549720764,0.5246773958206177,0.30173423886299133,0.7008427381515503,0.2942691743373871,0.64816814661026,0.29106348752975464,0.6115861535072327,0.28798091411590576,0.5786408185958862,B
0.335574209690094,0.8507067561149597,0.3788478374481201,0.8175444006919861,0.4044112265110016,0.7566197514533997,0.37981081008911133,0.7139660120010376,0.3444582521915436,0.7145416736602783,0.38857948780059814,0.6780917644500732,0.4025381803512573,0.6122288703918457,0.4078842103481293,0.569644033908844,0.4103386104106903,0.5308910012245178,0.3564569056034088,0.6685023903846741,0.3615562617778778,0.5952877402305603,0.36341115832328796,0.5470080375671387,0.3630809187889099,0.5064254403114319,0.3287397623062134,0.6774479746818542,0.3244183361530304,0.609455406665802,0.32447636127471924,0.5636928677558899,0.323398232460022,0.5250542759895325,0.30214953422546387,0.7005170583724976,0.29473525285720825,0.6480507850646973,0.2918979823589325,0.6115904450416565,0.2890561819076538,0.5785214900970459,B
0.3358336389064789,0.8503638505935669,0.3791581392288208,0.8189488649368286,0.40518301725387573,0.7589483857154846,0.38189002871513367,0.7159698009490967,0.3467366397380829,0.7135224938392639,0.38909414410591125,0.6776835918426514,0.4013678729534149,0.6119162440299988,0.4061150848865509,0.569423258304596,0.40824398398399353,0.5307900309562683,0.35725143551826477,0.6678701639175415,0.361501008272171,0.5948473215103149,0.3630128502845764,0.5467364192008972,0.3625982701778412,0.5061944723129272,0.32964378595352173,0.6768582463264465,0.32527098059654236,0.6092286705970764,0.3252759575843811,0.5635289549827576,0.3242103159427643,0.5250611901283264,0.30294284224510193,0.6999327540397644,0.29606568813323975,0.6466156840324402,0.293550580739975,0.6098698973655701,0.2909790277481079,0.5768085718154907,B
0.33525460958480835,0.8497041463851929,0.37871065735816956,0.8170098662376404,0.40466663241386414,0.7554904818534851,0.3795575201511383,0.7121044397354126,0.344095915555954,0.711598813533783,0.38897496461868286,0.6764954328536987,0.40215253829956055,0.6107283234596252,0.40703457593917847,0.5685178637504578,0.40911948680877686,0.5306369066238403,0.35680609941482544,0.6664088368415833,0.36200687289237976,0.593326985836029,0.36393430829048157,0.5454051494598389,0.36379382014274597,0.5054160952568054,0.32903769612312317,0.6747573018074036,0.3253849744796753,0.606976330280304,0.32593199610710144,0.5616843104362488,0.32536599040031433,0.5238154530525208,0.30236807465553284,0.6972209215164185,0.2965112328529358,0.644146740436554,0.2945782542228699,0.6080169081687927,0.29252681136131287,0.5758275389671326,B
0.33615005016326904,0.8493327498435974,0.38010373711586,0.8163926601409912,0.40503495931625366,0.7533903121948242,0.38067546486854553,0.7099959254264832,0.34546491503715515,0.7087555527687073,0.3893539607524872,0.6727624535560608,0.39542433619499207,0.6084493398666382,0.3958706557750702,0.5669019222259521,0.3947623372077942,0.5293843746185303,0.35894107818603516,0.6645543575286865,0.363234281539917,0.5929144620895386,0.3655688166618347,0.5466665625572205,0.3665374517440796,0.507112979888916,0.3317267596721649,0.6744073629379272,0.3319474756717682,0.6066965460777283,0.33584728837013245,0.5616495609283447,0.3384121358394623,0.5227683782577515,0.30440476536750793,0.6973499059677124,0.3030959367752075,0.6428859233856201,0.30572792887687683,0.6066567897796631,0.3087436258792877,0.5729557275772095,B
0.3361247777938843,0.850128710269928,0.38003382086753845,0.8155820369720459,0.40409818291664124,0.7537509799003601,0.3795682489871979,0.7103774547576904,0.34579014778137207,0.7065286040306091,0.38878387212753296,0.6715429425239563,0.3929620385169983,0.6064006090164185,0.3920477330684662,0.5657644271850586,0.38968002796173096,0.5286955833435059,0.36000141501426697,0.6641657948493958,0.3632545471191406,0.5932908654212952,0.36436301469802856,0.5466321110725403,0.36465418338775635,0.5053915977478027,0.3340931236743927,0.6738922595977783,0.3357312083244324,0.6060165166854858,0.33985209465026855,0.5620442032814026,0.3425062894821167,0.5230830907821655,0.30753031373023987,0.6969156861305237,0.3086415231227875,0.6430414319038391,0.3129833936691284,0.607416033744812,0.31731605529785156,0.5736343264579773,B
0.3369712233543396,0.8497562408447266,0.3807368576526642,0.8159665465354919,0.4055022895336151,0.7549683451652527,0.38194891810417175,0.7109842300415039,0.3483087122440338,0.7066857218742371,0.3897073268890381,0.670982837677002,0.392566442489624,0.6056135892868042,0.39071762561798096,0.5648451447486877,0.38767552375793457,0.5276120901107788,0.361345499753952,0.6641710996627808,0.36333516240119934,0.5938847064971924,0.3636779487133026,0.5472696423530579,0.36307957768440247,0.5059832334518433,0.33574479818344116,0.6740467548370361,0.3366498649120331,0.6070029735565186,0.3402789831161499,0.5634775757789612,0.3423349857330322,0.5245110392570496,0.30924493074417114,0.6969965696334839,0.3103881776332855,0.6434258818626404,0.314786821603775,0.6076842546463013,0.31915372610092163,0.5737103819847107,B
0.336845338344574,0.8503388166427612,0.380389928817749,0.8165104985237122,0.4057677686214447,0.7558713555335999,0.3830704689025879,0.7111419439315796,0.3492782711982727,0.7055580019950867,0.3892059922218323,0.6724420189857483,0.3924832344055176,0.605600893497467,0.39129647612571716,0.5651483535766602,0.3889926075935364,0.5282111167907715,0.3612397313117981,0.6648597121238708,0.36364346742630005,0.5941250920295715,0.36412498354911804,0.547705352306366,0.3637210428714752,0.5066874623298645,0.33601483702659607,0.6742370128631592,0.3373490571975708,0.6060075759887695,0.34077540040016174,0.5622815489768982,0.34286150336265564,0.5230159163475037,0.30968165397644043,0.6971645951271057,0.3099364936351776,0.6433881521224976,0.3135969042778015,0.6077448129653931,0.31726646423339844,0.5738852620124817,B
0.3369404077529907,0.846853494644165,0.379631370306015,0.8148287534713745,0.40633583068847656,0.7536148428916931,0.38437801599502563,0.7090049386024475,0.35027015209198,0.7037686109542847,0.38966086506843567,0.6735073924064636,0.39752548933029175,0.6066405177116394,0.39829620718955994,0.5642656087875366,0.3972657322883606,0.5270205736160278,0.3606084883213043,0.6651968955993652,0.3667616546154022,0.59352046251297,0.3689383268356323,0.5454009771347046,0.3699500262737274,0.504493236541748,0.3338453769683838,0.6742529273033142,0.3346865177154541,0.6048789024353027,0.33807265758514404,0.5609895586967468,0.3409930467605591,0.5239846110343933,0.3056100010871887,0.6967255473136902,0.29264286160469055,0.6447905898094177,0.2865857481956482,0.6093007326126099,0.2819555997848511,0.5762987732887268,B
0.3360064625740051,0.8452993035316467,0.3792191743850708,0.8134392499923706,0.40451693534851074,0.7529115676879883,0.3818895220756531,0.7093315720558167,0.3469344973564148,0.7064151763916016,0.3894343078136444,0.6774642467498779,0.4040573835372925,0.6099338531494141,0.4098691940307617,0.5666567087173462,0.41288647055625916,0.5284013748168945,0.3588605523109436,0.6678565740585327,0.36556774377822876,0.5948797464370728,0.3683304190635681,0.545795738697052,0.36957839131355286,0.5047416687011719,0.3311520218849182,0.6769903898239136,0.32989147305488586,0.6069256067276001,0.33297839760780334,0.5600829124450684,0.33578455448150635,0.5211679935455322,0.3033294975757599,0.7001739144325256,0.28363409638404846,0.6507880687713623,0.2733270525932312,0.6151459813117981,0.26560014486312866,0.5822808742523193,B
0.336381196975708,0.8451201319694519,0.37885409593582153,0.8142850995063782,0.40468451380729675,0.7545702457427979,0.3814511299133301,0.7113070487976074,0.34554383158683777,0.7077898979187012,0.3899449408054352,0.6773197650909424,0.4051297903060913,0.6102221012115479,0.41130194067955017,0.5671088695526123,0.414608895778656,0.5293341875076294,0.3587830066680908,0.6669179201126099,0.36551350355148315,0.5939008593559265,0.36869490146636963,0.5446684956550598,0.3702864348888397,0.5039386749267578,0.3302818536758423,0.6761977672576904,0.32829147577285767,0.6066425442695618,0.3309175670146942,0.5599297285079956,0.33347412943840027,0.5215184092521667,0.3016115128993988,0.700073778629303,0.28300967812538147,0.6508768200874329,0.2730822265148163,0.6152997612953186,0.26551035046577454,0.5825972557067871,B
0.33495721220970154,0.8466734886169434,0.3773350715637207,0.8158186674118042,0.4030902683734894,0.7567943334579468,0.38153788447380066,0.7130315899848938,0.34644457697868347,0.7076475024223328,0.38926538825035095,0.6796078085899353,0.4066031277179718,0.6129236221313477,0.41384685039520264,0.5694862008094788,0.41832560300827026,0.5309128165245056,0.3577049672603607,0.668978214263916,0.364109605550766,0.5951599478721619,0.3668179214000702,0.545586347579956,0.36808598041534424,0.5040979385375977,0.32925254106521606,0.6781425476074219,0.32715579867362976,0.6078274250030518,0.3291321098804474,0.5611189603805542,0.33098989725112915,0.5224322080612183,0.3012727200984955,0.70184326171875,0.28344038128852844,0.6520350575447083,0.27393150329589844,0.6158958077430725,0.2667718827724457,0.5824413299560547,B
0.3342953324317932,0.8476305603981018,0.37605851888656616,0.8175749778747559,0.402751088142395,0.7587832808494568,0.3795795440673828,0.7158105373382568,0.3433517813682556,0.7127197980880737,0.38945430517196655,0.6790908575057983,0.4042700231075287,0.6134081482887268,0.41064995527267456,0.5706470608711243,0.4141450822353363,0.5323062539100647,0.3582976162433624,0.6685608625411987,0.3653371036052704,0.5952877998352051,0.3688914179801941,0.5464950203895569,0.37038275599479675,0.5052584409713745,0.33042189478874207,0.6766915917396545,0.32957062125205994,0.6094533205032349,0.3325652480125427,0.5627130270004272,0.3344854414463043,0.5232211351394653,0.30219605565071106,0.6983264684677124,0.2939869463443756,0.6459631323814392,0.2905884087085724,0.6085606813430786,0.28801992535591125,0.5736844539642334,B
0.33306291699409485,0.847908079624176,0.37603795528411865,0.8164017200469971,0.4023837447166443,0.7570840120315552,0.3787022829055786,0.7134029269218445,0.3436893820762634,0.7086819410324097,0.3910123109817505,0.6808359026908875,0.4101150929927826,0.6161037087440491,0.4190308153629303,0.5747383236885071,0.4250407814979553,0.5373780727386475,0.3595564365386963,0.6692946553230286,0.36743080615997314,0.5961197018623352,0.3713324964046478,0.5478644371032715,0.3733025789260864,0.5067739486694336,0.33113589882850647,0.6771689057350159,0.3297261893749237,0.6073541641235352,0.33219996094703674,0.561588704586029,0.33390262722969055,0.522741436958313,0.30264684557914734,0.6994625926017761,0.28934264183044434,0.6473434567451477,0.28233203291893005,0.6105763912200928,0.2765956223011017,0.576055645942688,B
0.33378955721855164,0.8470273017883301,0.3750428557395935,0.8159388303756714,0.4004055857658386,0.7594810128211975,0.37714850902557373,0.7164888978004456,0.34427231550216675,0.7077608108520508,0.3900459408760071,0.6830279231071472,0.41234517097473145,0.6213410496711731,0.42255857586860657,0.5810480713844299,0.4296075403690338,0.5445117354393005,0.35915958881378174,0.6708630323410034,0.3680403232574463,0.5971671938896179,0.37225428223609924,0.5489742755889893,0.3745206296443939,0.5078163146972656,0.3309082090854645,0.6786567568778992,0.33025556802749634,0.6089372038841248,0.3325653374195099,0.5625271797180176,0.33427342772483826,0.522952139377594,0.30266404151916504,0.7007877826690674,0.28798815608024597,0.6486254930496216,0.2797081470489502,0.6117892861366272,0.27299919724464417,0.5773001909255981,B
0.33398473262786865,0.8479430079460144,0.37570011615753174,0.8183965682983398,0.40187695622444153,0.7614029049873352,0.37966662645339966,0.7175235152244568,0.34593018889427185,0.7096495628356934,0.3913751244544983,0.6845733523368835,0.4138841927051544,0.6235447525978088,0.42446577548980713,0.5837676525115967,0.43175849318504333,0.5479701161384583,0.35985714197158813,0.6713576912879944,0.36834728717803955,0.5970632433891296,0.3724146783351898,0.5489838123321533,0.37434306740760803,0.5084678530693054,0.33120453357696533,0.6783910989761353,0.33055564761161804,0.6087590456008911,0.3333892822265625,0.5611424446105957,0.3353349566459656,0.5208247900009155,0.302634060382843,0.6995868682861328,0.29137253761291504,0.6465407609939575,0.28565043210983276,0.6081246733665466,0.28119534254074097,0.5724848508834839,B
0.3332309424877167,0.847514271736145,0.3755096197128296,0.8170633912086487,0.40175172686576843,0.7595030069351196,0.3785189688205719,0.7154101729393005,0.3449752926826477,0.7090040445327759,0.3904126286506653,0.6838289499282837,0.4124622642993927,0.6233832836151123,0.42292389273643494,0.5839611291885376,0.4304499328136444,0.548265814781189,0.3593079745769501,0.6710553765296936,0.36800915002822876,0.5979129076004028,0.37248069047927856,0.5497573614120483,0.37509989738464355,0.5090808868408203,0.3312712609767914,0.6779001951217651,0.33119410276412964,0.6087821125984192,0.33451229333877563,0.562058687210083,0.336941659450531,0.5228577852249146,0.30354031920433044,0.6987760066986084,0.29371264576911926,0.6460094451904297,0.28928157687187195,0.6080103516578674,0.2858843207359314,0.5728740692138672,B
0.3346749544143677,0.8472756743431091,0.37743809819221497,0.8156741857528687,0.403310090303421,0.7579319477081299,0.3799251616001129,0.7153709530830383,0.3465379476547241,0.7080639004707336,0.3918705880641937,0.6827948689460754,0.4123184382915497,0.620472252368927,0.42204439640045166,0.5803869962692261,0.4288150370121002,0.5438191890716553,0.35978737473487854,0.6717697381973267,0.36721256375312805,0.598839282989502,0.3713616132736206,0.5509647130966187,0.37392565608024597,0.5100497603416443,0.3311305046081543,0.680223822593689,0.3284480571746826,0.6106177568435669,0.3303009867668152,0.5639814734458923,0.33198854327201843,0.5239056944847107,0.3034974932670593,0.7027173042297363,0.29364609718322754,0.6497155427932739,0.28845739364624023,0.6122218370437622,0.2843570113182068,0.5774955153465271,B
0.33409518003463745,0.847307562828064,0.3778630197048187,0.8164963126182556,0.40370750427246094,0.7555447816848755,0.3805440664291382,0.7114721536636353,0.3449249565601349,0.7090951204299927,0.3902530074119568,0.6780747175216675,0.40437743067741394,0.6136743426322937,0.4104240834712982,0.5717677474021912,0.4135797917842865,0.5338385105133057,0.3583981692790985,0.6678610444068909,0.3639969825744629,0.595862627029419,0.36686259508132935,0.5478529334068298,0.36750686168670654,0.507229745388031,0.33045411109924316,0.6759490370750427,0.32799777388572693,0.6085222959518433,0.3300931453704834,0.5635491609573364,0.3307453393936157,0.5257688760757446,0.3032383918762207,0.6976561546325684,0.2977086007595062,0.6451760530471802,0.2969713509082794,0.609041690826416,0.29628199338912964,0.5764957666397095,B
0.3347068428993225,0.8479657173156738,0.37832069396972656,0.8167273998260498,0.4040093421936035,0.7544747591018677,0.37890881299972534,0.71061772108078,0.34281376004219055,0.7075003981590271,0.3900771141052246,0.6759935021400452,0.40066981315612793,0.6113881468772888,0.4048498868942261,0.5703373551368713,0.40698277950286865,0.5330552458763123,0.35911858081817627,0.6662721633911133,0.3643132448196411,0.5947040319442749,0.36722028255462646,0.5474717020988464,0.368583083152771,0.5068061351776123,0.3320452868938446,0.6745851039886475,0.33317050337791443,0.6078439950942993,0.3382146656513214,0.5635107755661011,0.3418046236038208,0.5253371000289917,0.30532824993133545,0.6957138180732727,0.30509376525878906,0.6428154706954956,0.30858343839645386,0.6073310375213623,0.3124024569988251,0.5745148658752441,B
0.33558812737464905,0.8500584363937378,0.3798350393772125,0.8154719471931458,0.4055897295475006,0.7543224692344666,0.3813653290271759,0.7109021544456482,0.34695178270339966,0.7066287994384766,0.3894200623035431,0.6741405725479126,0.3956376910209656,0.6106169819831848,0.3962491452693939,0.5707747936248779,0.3954525291919708,0.5336242318153381,0.36021631956100464,0.665645182132721,0.3642481565475464,0.5952271223068237,0.3665962815284729,0.549064040184021,0.36809414625167847,0.5072343945503235,0.3341366648674011,0.6747708320617676,0.33602219820022583,0.6083106994628906,0.3410259187221527,0.5646219849586487,0.34454864263534546,0.5250253081321716,0.30764564871788025,0.6969859004020691,0.30987510085105896,0.6435450911521912,0.3150290548801422,0.6079285144805908,0.31996041536331177,0.5741974711418152,B
0.3351714015007019,0.8493322730064392,0.3781993091106415,0.81403648853302,0.4041614830493927,0.7543488144874573,0.38080722093582153,0.7099316120147705,0.347519189119339,0.7024398446083069,0.38872429728507996,0.6731060147285461,0.3940016031265259,0.6082589626312256,0.39299166202545166,0.5677800178527832,0.39048290252685547,0.5301967859268188,0.3607821762561798,0.6650217771530151,0.36547917127609253,0.5952180624008179,0.36675602197647095,0.5486331582069397,0.3667069375514984,0.506780743598938,0.33521875739097595,0.6735783815383911,0.33792784810066223,0.6067783832550049,0.3419583737850189,0.5627239942550659,0.34436362981796265,0.5229717493057251,0.3082502484321594,0.6951045393943787,0.3098412752151489,0.6418911814689636,0.31474757194519043,0.6062268018722534,0.3194887340068817,0.5723572373390198,B
0.3356200158596039,0.8464217782020569,0.3792586326599121,0.8133000731468201,0.40515604615211487,0.7532775402069092,0.3824065327644348,0.7086971402168274,0.34906914830207825,0.7028933167457581,0.3891955018043518,0.6708255410194397,0.39443182945251465,0.6073080897331238,0.39388710260391235,0.567577600479126,0.3918992280960083,0.5309983491897583,0.3612067401409149,0.6624254584312439,0.3653723895549774,0.5928683280944824,0.36684903502464294,0.5466203689575195,0.3671087920665741,0.505513608455658,0.33569690585136414,0.6707665920257568,0.3377560079097748,0.6043766140937805,0.3417641818523407,0.5606361627578735,0.3442215025424957,0.5211123824119568,0.30882811546325684,0.6922730207443237,0.31003981828689575,0.6388967037200928,0.3148364722728729,0.6039927005767822,0.3196179270744324,0.5708609819412231,B
0.3346911668777466,0.843591570854187,0.3791603147983551,0.8159568309783936,0.4094528555870056,0.7643885016441345,0.39449435472488403,0.7220318913459778,0.36312177777290344,0.7144709229469299,0.3898963928222656,0.6713739633560181,0.3945907652378082,0.6073847413063049,0.3943046033382416,0.5664998292922974,0.39310216903686523,0.5288205146789551,0.3614819645881653,0.6635043025016785,0.36569714546203613,0.5931357145309448,0.36706364154815674,0.546291708946228,0.36777764558792114,0.5042403340339661,0.33561062812805176,0.6722373366355896,0.33815649151802063,0.6055037379264832,0.3420802652835846,0.5610624551773071,0.34496814012527466,0.5208391547203064,0.30911311507225037,0.6939031481742859,0.3111972212791443,0.6403598189353943,0.3157130479812622,0.604885458946228,0.32046207785606384,0.5704978108406067,B
0.3358974754810333,0.8452533483505249,0.37978509068489075,0.8156229257583618,0.40973326563835144,0.767976701259613,0.3944850564002991,0.7277373671531677,0.36412313580513,0.7134329080581665,0.390300452709198,0.6748727560043335,0.39472147822380066,0.6088008880615234,0.3944041430950165,0.5679481029510498,0.39335232973098755,0.5296390056610107,0.36213821172714233,0.6665886044502258,0.36565694212913513,0.5951133966445923,0.36624661087989807,0.5476354956626892,0.3666344881057739,0.5050604343414307,0.3364982604980469,0.6744676232337952,0.3393557369709015,0.6066527962684631,0.3428463637828827,0.5619895458221436,0.34558120369911194,0.5218809843063354,0.309944748878479,0.6953576803207397,0.31191587448120117,0.6414358615875244,0.3160760700702667,0.6057840585708618,0.3206752836704254,0.5715979337692261,B
0.3359602987766266,0.8461762070655823,0.38048800826072693,0.8168261051177979,0.40973830223083496,0.7609901428222656,0.3939279019832611,0.7161083221435547,0.36120396852493286,0.7106130123138428,0.38955456018447876,0.6720516085624695,0.3942398726940155,0.6070166230201721,0.3939867913722992,0.5666536092758179,0.3928155303001404,0.5290482640266418,0.36212435364723206,0.6640855073928833,0.3656471073627472,0.5941801071166992,0.3670659065246582,0.5476528406143188,0.3675263524055481,0.5060754418373108,0.3372623920440674,0.6725652813911438,0.339635968208313,0.6061680316925049,0.3437976837158203,0.5617932677268982,0.3465096652507782,0.5222420692443848,0.3111497163772583,0.6938743591308594,0.31222009658813477,0.640325665473938,0.31637996435165405,0.6045171022415161,0.32044628262519836,0.570716381072998,B
0.3372587561607361,0.8464498519897461,0.38054007291793823,0.8149147629737854,0.4077128469944,0.7563952207565308,0.3886510133743286,0.7128288745880127,0.3553655743598938,0.7118833065032959,0.39057812094688416,0.6706742644309998,0.39569681882858276,0.6054642796516418,0.3955862522125244,0.5651562213897705,0.3942597210407257,0.5280264019966125,0.3630400002002716,0.6628389358520508,0.36691516637802124,0.5933270454406738,0.368463933467865,0.5466411113739014,0.3687214255332947,0.5048643350601196,0.33811184763908386,0.671690046787262,0.34025460481643677,0.60530024766922,0.3444358706474304,0.5610548853874207,0.3471381366252899,0.5216179490089417,0.3119131922721863,0.6934220194816589,0.31267374753952026,0.6397857069969177,0.317106693983078,0.6038416624069214,0.3215107023715973,0.5702417492866516,B
0.33800363540649414,0.8437201380729675,0.38002824783325195,0.811382532119751,0.40478941798210144,0.7502842545509338,0.38240405917167664,0.7061020135879517,0.3492127060890198,0.7041569948196411,0.3915247917175293,0.6676490902900696,0.3966691792011261,0.6042092442512512,0.3962065279483795,0.5642938017845154,0.3942692279815674,0.5275489091873169,0.36416369676589966,0.6595975756645203,0.36816027760505676,0.5909845232963562,0.3696010410785675,0.5447537899017334,0.3696339428424835,0.5031610727310181,0.33918944001197815,0.6686501502990723,0.34079694747924805,0.6032903790473938,0.34465721249580383,0.5598111152648926,0.34693998098373413,0.5203314423561096,0.31283673644065857,0.6907122135162354,0.31349891424179077,0.6378009915351868,0.3181421756744385,0.6026986837387085,0.32286739349365234,0.569424569606781,B
0.3384946882724762,0.8465796709060669,0.3803974390029907,0.8125013113021851,0.40404731035232544,0.7503827214241028,0.3783603310585022,0.7065340876579285,0.34416431188583374,0.706217348575592,0.39165371656417847,0.6689801216125488,0.39647552371025085,0.6049072742462158,0.39600563049316406,0.5646504759788513,0.39413776993751526,0.5272775888442993,0.3634565770626068,0.6611635088920593,0.36771368980407715,0.591995120048523,0.3697897791862488,0.5454311370849609,0.3705552816390991,0.5035526752471924,0.33814626932144165,0.6706385612487793,0.34015509486198425,0.6044069528579712,0.3451031446456909,0.560122549533844,0.34831440448760986,0.5203154683113098,0.31188449263572693,0.6931489706039429,0.31405091285705566,0.6393934488296509,0.3191797435283661,0.6031122803688049,0.3240434229373932,0.5691138505935669,B
0.3379615545272827,0.8471598625183105,0.37994280457496643,0.8124670386314392,0.40307533740997314,0.750402569770813,0.3764895796775818,0.7065892815589905,0.3423680067062378,0.7071275115013123,0.392196923494339,0.6700609922409058,0.39673036336898804,0.6060832738876343,0.3962976932525635,0.5660616159439087,0.3944483995437622,0.5287964344024658,0.3642127215862274,0.6626822352409363,0.3686986565589905,0.5932992100715637,0.3705027997493744,0.5466043949127197,0.37110579013824463,0.5044263601303101,0.3390074074268341,0.6722737550735474,0.34129488468170166,0.6062620282173157,0.346011757850647,0.5620309710502625,0.34908926486968994,0.5225893259048462,0.3127782344818115,0.6943715214729309,0.31498008966445923,0.6406014561653137,0.3199424743652344,0.6041088700294495,0.32468143105506897,0.5700281858444214,B
0.33820998668670654,0.8460586071014404,0.3805023729801178,0.8112289905548096,0.4035554826259613,0.7484699487686157,0.3774411380290985,0.7050583362579346,0.34293127059936523,0.7060943245887756,0.3924701511859894,0.6676689982414246,0.39687079191207886,0.6034841537475586,0.3960927128791809,0.563280463218689,0.39375609159469604,0.5261753797531128,0.3646518886089325,0.6607648730278015,0.36858347058296204,0.5916167497634888,0.3701339364051819,0.5446428060531616,0.3703383207321167,0.5024000406265259,0.3391917943954468,0.6708976030349731,0.3409677743911743,0.6050955057144165,0.3454873561859131,0.5607168078422546,0.3481925129890442,0.521005392074585,0.3124709129333496,0.6933769583702087,0.3143438994884491,0.6395391225814819,0.319378137588501,0.603421688079834,0.3242224454879761,0.5695867538452148,B
0.3382730484008789,0.8454001545906067,0.38039857149124146,0.8106522560119629,0.40412214398384094,0.7467601895332336,0.3776322603225708,0.7025441527366638,0.34257134795188904,0.704497754573822,0.3921910226345062,0.6661339402198792,0.39721205830574036,0.6029036045074463,0.39652517437934875,0.5630038380622864,0.3942462205886841,0.5259566307067871,0.3642805516719818,0.6584854125976562,0.3684367835521698,0.5903804898262024,0.37018585205078125,0.5440160632133484,0.3704799711704254,0.5017473101615906,0.33891838788986206,0.6680926084518433,0.3407941460609436,0.6034947037696838,0.3456611931324005,0.5599297285079956,0.348536878824234,0.5205212235450745,0.31255999207496643,0.6900370717048645,0.3146769404411316,0.6369132995605469,0.32002463936805725,0.601161777973175,0.3250807821750641,0.5675739645957947,B
0.3377096652984619,0.8430179357528687,0.3800521194934845,0.8091225624084473,0.4041081368923187,0.7470446228981018,0.37850379943847656,0.7025378942489624,0.34417951107025146,0.7021653652191162,0.39330488443374634,0.6638810038566589,0.3979223668575287,0.6008808612823486,0.3973716199398041,0.5611472725868225,0.39529356360435486,0.5241751670837402,0.3653671443462372,0.6559447646141052,0.3696850538253784,0.5873188972473145,0.3715675473213196,0.5410200953483582,0.3721659779548645,0.498953640460968,0.3398529291152954,0.6654276847839355,0.3419433832168579,0.6002212762832642,0.3466888666152954,0.5569769740104675,0.34944236278533936,0.5179905891418457,0.3133099377155304,0.6877051591873169,0.31572043895721436,0.6341251134872437,0.3207848072052002,0.5984184145927429,0.3253262937068939,0.564861536026001,B
0.3384917080402374,0.8414884805679321,0.3809625804424286,0.8070581555366516,0.40567705035209656,0.7445003986358643,0.3794170022010803,0.7002199292182922,0.34421980381011963,0.6998803615570068,0.3939116299152374,0.6629565954208374,0.3989787697792053,0.5988770723342896,0.3983891010284424,0.5586281418800354,0.3963886499404907,0.5214264988899231,0.3658392131328583,0.6546174883842468,0.3707236349582672,0.585860550403595,0.3727042078971863,0.5392103791236877,0.3733973205089569,0.4971419870853424,0.34038758277893066,0.6634901762008667,0.3431854248046875,0.598579466342926,0.3482059836387634,0.5549923777580261,0.3513648509979248,0.5156811475753784,0.3139803409576416,0.6850681900978088,0.316658616065979,0.6318308115005493,0.3217340111732483,0.5964334607124329,0.32637953758239746,0.5631270408630371,B
0.33889806270599365,0.8405348062515259,0.38151198625564575,0.8058793544769287,0.40568530559539795,0.7422494292259216,0.37988683581352234,0.6979284286499023,0.3447762429714203,0.7008486986160278,0.393271267414093,0.6616626977920532,0.3989376723766327,0.5982985496520996,0.39876148104667664,0.5584906935691833,0.39712172746658325,0.5217726230621338,0.36571013927459717,0.6535013318061829,0.3707009255886078,0.5851364135742188,0.37291815876960754,0.5390067100524902,0.3736969232559204,0.4974035322666168,0.34076327085494995,0.6627521514892578,0.3434808850288391,0.5975589156150818,0.3484504222869873,0.5542499423027039,0.35152241587638855,0.5149766802787781,0.3150189220905304,0.685053825378418,0.31733107566833496,0.6321337223052979,0.322477787733078,0.5966464281082153,0.32706552743911743,0.5633348822593689,B
0.33938074111938477,0.8388879299163818,0.3821304440498352,0.8058962821960449,0.40700942277908325,0.7444435954093933,0.3812851011753082,0.7005557417869568,0.34685999155044556,0.70109623670578,0.3950289189815521,0.6621960997581482,0.4002857208251953,0.5990259051322937,0.39996960759162903,0.559117317199707,0.3981774151325226,0.5218111872673035,0.36692216992378235,0.6538832187652588,0.37184953689575195,0.5851252675056458,0.37378960847854614,0.5387750267982483,0.3742959201335907,0.4966385066509247,0.3415262997150421,0.6628061532974243,0.34449300169944763,0.5976485013961792,0.3493611514568329,0.554348349571228,0.352189838886261,0.5152534246444702,0.3152233958244324,0.6844029426574707,0.31804147362709045,0.6311953067779541,0.32335472106933594,0.5956200361251831,0.32821813225746155,0.5619912147521973,B
0.3397364318370819,0.8332023620605469,0.3820838928222656,0.8008354902267456,0.40711256861686707,0.7385557889938354,0.38069477677345276,0.6944618225097656,0.3457954227924347,0.6952447295188904,0.3958960175514221,0.656609296798706,0.4014819860458374,0.5924814939498901,0.40070074796676636,0.5519818663597107,0.398159384727478,0.5150015950202942,0.3678310215473175,0.6482733488082886,0.3729090094566345,0.579613447189331,0.3747100234031677,0.5332534313201904,0.3748377859592438,0.4920674264431,0.3424484431743622,0.656887948513031,0.345310240983963,0.5921613574028015,0.35024797916412354,0.5488764047622681,0.3532674014568329,0.5099737644195557,0.31606656312942505,0.6781752109527588,0.3185231387615204,0.6258542537689209,0.3239900469779968,0.5911046862602234,0.32911354303359985,0.5585383772850037,B
0.3406628668308258,0.8221026062965393,0.38321131467819214,0.7900813221931458,0.4092274308204651,0.7264652252197266,0.38225579261779785,0.6811553239822388,0.3472066819667816,0.6822369694709778,0.3973749279975891,0.6457077860832214,0.4047769606113434,0.5831180810928345,0.4056740403175354,0.5433389544487,0.4044104814529419,0.5073416829109192,0.369096040725708,0.6365333795547485,0.37553808093070984,0.5680615901947021,0.3786761164665222,0.5220833420753479,0.3797907531261444,0.48129144310951233,0.3436685800552368,0.6444092988967896,0.34739699959754944,0.5796735882759094,0.35336971282958984,0.5366688966751099,0.3571772277355194,0.49763166904449463,0.31700289249420166,0.6650888323783875,0.3200659453868866,0.613231360912323,0.32560741901397705,0.5792462229728699,0.3306712508201599,0.5466805696487427,B
0.3387089669704437,0.8026765584945679,0.38128045201301575,0.7738941311836243,0.40823784470558167,0.7128009796142578,0.3829410970211029,0.6660014986991882,0.3479502201080322,0.6630204319953918,0.3978826105594635,0.631187915802002,0.40568554401397705,0.5680810213088989,0.4068537652492523,0.5277311205863953,0.4058683514595032,0.4917409121990204,0.36958378553390503,0.6212323904037476,0.37694987654685974,0.551347017288208,0.3805762529373169,0.5052844285964966,0.382293164730072,0.465034544467926,0.3441542387008667,0.6277272701263428,0.3492997884750366,0.5617417097091675,0.3558237850666046,0.5189330577850342,0.3604014813899994,0.48053860664367676,0.317391961812973,0.646293580532074,0.3215176463127136,0.5938755869865417,0.32745110988616943,0.5597949028015137,0.3331330716609955,0.5272097587585449,B
0.3391244411468506,0.7840706706047058,0.3816646635532379,0.7567914128303528,0.4073408544063568,0.6941497325897217,0.3833175301551819,0.6468638181686401,0.34937024116516113,0.6420486569404602,0.39924538135528564,0.613949716091156,0.4074397683143616,0.5500699281692505,0.4087650179862976,0.5094083547592163,0.4078427255153656,0.47426652908325195,0.3710705637931824,0.6043769121170044,0.3782256245613098,0.5339510440826416,0.3817548155784607,0.48741188645362854,0.38353320956230164,0.4477304518222809,0.34520044922828674,0.6110082268714905,0.35012882947921753,0.5442157983779907,0.35644304752349854,0.5012022852897644,0.3610859513282776,0.46288374066352844,0.31804370880126953,0.6292580366134644,0.3223456144332886,0.5771881937980652,0.32830193638801575,0.543113112449646,0.3341362178325653,0.510464608669281,B
0.338188499212265,0.768934428691864,0.38121652603149414,0.7438828945159912,0.40726569294929504,0.680977463722229,0.3831443190574646,0.6329041719436646,0.34864839911460876,0.6273524165153503,0.40081554651260376,0.6025503277778625,0.4129895567893982,0.5378650426864624,0.4176488518714905,0.49579596519470215,0.41944265365600586,0.46007707715034485,0.37146705389022827,0.5910747051239014,0.3804756999015808,0.5205460786819458,0.3848123550415039,0.4729674160480499,0.38691577315330505,0.4345887005329132,0.3445679247379303,0.5965824723243713,0.34798896312713623,0.5292320251464844,0.3532257378101349,0.4854336977005005,0.3571396470069885,0.4492185711860657,0.316542387008667,0.6136778593063354,0.31822746992111206,0.56098872423172,0.32251760363578796,0.52618408203125,0.3271504342556,0.49439266324043274,B
0.3362327814102173,0.7683772444725037,0.37945646047592163,0.7407935261726379,0.40634649991989136,0.6805762648582458,0.3838660418987274,0.6329123973846436,0.3493705987930298,0.6272352933883667,0.3990672528743744,0.602676510810852,0.4158075451850891,0.5385178327560425,0.4226096272468567,0.4968383014202118,0.4258740544319153,0.4600149393081665,0.36941462755203247,0.5895172953605652,0.3818311095237732,0.5191043615341187,0.38792288303375244,0.4708588123321533,0.3915257751941681,0.43031418323516846,0.34145811200141907,0.5950774550437927,0.34361979365348816,0.5261032581329346,0.34807974100112915,0.4811703562736511,0.35159510374069214,0.44411301612854004,0.31251370906829834,0.6146820187568665,0.2987446188926697,0.5637664198875427,0.2917196750640869,0.5277414321899414,0.2866445481777191,0.4946948289871216,B
0.33479228615760803,0.769912600517273,0.37796467542648315,0.7432230114936829,0.403665155172348,0.6819409728050232,0.3813402056694031,0.6350350379943848,0.3463679254055023,0.6311739683151245,0.3965911567211151,0.6041751503944397,0.4131201207637787,0.5395487546920776,0.4200248718261719,0.4978700280189514,0.42339640855789185,0.4611906111240387,0.3673365116119385,0.5913407206535339,0.37969425320625305,0.5193411111831665,0.38629254698753357,0.4722934067249298,0.39021772146224976,0.4331604242324829,0.33930346369743347,0.5977787375450134,0.340988427400589,0.5281277298927307,0.34584560990333557,0.48249268531799316,0.34930285811424255,0.444444864988327,0.3102229833602905,0.6181809306144714,0.2960655093193054,0.5666534900665283,0.2883668541908264,0.530410885810852,0.2822577953338623,0.49605104327201843,B
