0.30009180307388306,0.7532817125320435,0.3346410095691681,0.725777268409729,0.35245031118392944,0.6704172492027283,0.33187079429626465,0.6230899691581726,0.306460440158844,0.5905154943466187,0.3565468490123749,0.6056839227676392,0.35272687673568726,0.5454149842262268,0.3447871804237366,0.5037096738815308,0.3353527784347534,0.4648939371109009,0.33217471837997437,0.5980784893035889,0.34304922819137573,0.525240957736969,0.35108453035354614,0.4886854588985443,0.3557629883289337,0.45607101917266846,0.3062070608139038,0.607787549495697,0.3038460314273834,0.5535216331481934,0.3083897531032562,0.6000362634658813,0.3111138939857483,0.6324407458305359,0.2799287736415863,0.6291013956069946,0.28243035078048706,0.5962327122688293,0.2888198792934418,0.6291426420211792,0.290621280670166,0.6538612842559814,R
0.30182790756225586,0.7530637383460999,0.3369607627391815,0.725913941860199,0.3552846610546112,0.6702191233634949,0.33380183577537537,0.6236501932144165,0.308786541223526,0.5893766283988953,0.35843706130981445,0.6045167446136475,0.3551275432109833,0.5447772741317749,0.34796759486198425,0.5032396912574768,0.3393203616142273,0.4651182293891907,0.333530992269516,0.5973355770111084,0.3446410596370697,0.5237585306167603,0.35290515422821045,0.48711204528808594,0.3577176034450531,0.4556971490383148,0.307526171207428,0.60740727186203,0.30614081025123596,0.5555098056793213,0.3106202483177185,0.6025827527046204,0.3129254877567291,0.6343756914138794,0.2813565731048584,0.6290180087089539,0.284855455160141,0.596677839756012,0.2911888062953949,0.6318912506103516,0.2925911545753479,0.6576880812644958,R
0.3052316904067993,0.7533087134361267,0.3407394587993622,0.725862443447113,0.3594176471233368,0.6704078912734985,0.33861321210861206,0.6229841709136963,0.31329524517059326,0.5891562104225159,0.36260077357292175,0.6036664843559265,0.35936737060546875,0.5440115928649902,0.3517516255378723,0.502457320690155,0.3428061902523041,0.464315265417099,0.33760014176368713,0.5967388153076172,0.34903088212013245,0.5236124992370605,0.3566916882991791,0.4870694875717163,0.3609328269958496,0.45618003606796265,0.3115417957305908,0.6067714691162109,0.30989524722099304,0.5548697710037231,0.31346336007118225,0.6011090874671936,0.31545552611351013,0.6342491507530212,0.28555160760879517,0.6281057596206665,0.28793543577194214,0.5965872406959534,0.2942415177822113,0.6304122805595398,0.29633235931396484,0.6565014123916626,R
0.3008686900138855,0.7535419464111328,0.3362373411655426,0.7293758392333984,0.355118066072464,0.6745049953460693,0.33396151661872864,0.6267793774604797,0.30689722299575806,0.5945926308631897,0.3562099039554596,0.6080926656723022,0.3531058132648468,0.5480867624282837,0.34513166546821594,0.5081871747970581,0.3349570035934448,0.4708385765552521,0.3317839503288269,0.6011428236961365,0.34267207980155945,0.5269251465797424,0.350803017616272,0.48871535062789917,0.35509079694747925,0.45706117153167725,0.3059932589530945,0.6106950044631958,0.30442899465560913,0.5593506693840027,0.30927419662475586,0.6067726016044617,0.3115893304347992,0.6389995217323303,0.27997255325317383,0.6301939487457275,0.2842605412006378,0.5977838635444641,0.29091569781303406,0.6320177912712097,0.29274430871009827,0.6569007635116577,R
0.30069515109062195,0.757249116897583,0.33392277359962463,0.7308576107025146,0.3503163754940033,0.6751713156700134,0.3300662934780121,0.6288735866546631,0.30319178104400635,0.5984813570976257,0.35413801670074463,0.6102542877197266,0.35110291838645935,0.550203800201416,0.34311798214912415,0.5105500221252441,0.3326760232448578,0.4727496802806854,0.33023151755332947,0.6036118268966675,0.3408244252204895,0.5297370553016663,0.34881335496902466,0.4925391674041748,0.35248804092407227,0.4598029851913452,0.30460330843925476,0.61406409740448,0.3015442192554474,0.5608764886856079,0.3067774474620819,0.6083734035491943,0.3092949688434601,0.640134871006012,0.2796574532985687,0.6354516744613647,0.2825576364994049,0.6014850735664368,0.28871017694473267,0.6347586512565613,0.2897706925868988,0.6592047214508057,R
0.2936421036720276,0.7536180019378662,0.32683563232421875,0.7262424826622009,0.3437483012676239,0.6725543737411499,0.3204379081726074,0.6283982992172241,0.2953304946422577,0.596770703792572,0.3453991711139679,0.6050747036933899,0.33950918912887573,0.5449157357215881,0.3304886817932129,0.5042406320571899,0.32017311453819275,0.4676525592803955,0.3209396302700043,0.5989531874656677,0.33013588190078735,0.5262177586555481,0.3367033898830414,0.48715513944625854,0.3399145305156708,0.4557604193687439,0.29557594656944275,0.609203040599823,0.2914254367351532,0.5572678446769714,0.29584214091300964,0.6029130220413208,0.2986783981323242,0.6363688111305237,0.27054914832115173,0.6296694874763489,0.27247703075408936,0.5976128578186035,0.2790260314941406,0.6297107934951782,0.281780481338501,0.6541450619697571,R
0.2926987409591675,0.7556371688842773,0.32555872201919556,0.7278021574020386,0.3403208553791046,0.6733953952789307,0.31623345613479614,0.6286957263946533,0.28915607929229736,0.6015047430992126,0.343092143535614,0.6072661280632019,0.33823326230049133,0.5486596822738647,0.32874351739883423,0.5090305805206299,0.3169008195400238,0.471843957901001,0.3186021149158478,0.6004778742790222,0.3276597559452057,0.5299155712127686,0.33312636613845825,0.4918471574783325,0.33512094616889954,0.45832186937332153,0.2930492162704468,0.6110440492630005,0.2881183624267578,0.5562310218811035,0.29280778765678406,0.6022893190383911,0.2959180772304535,0.6353145837783813,0.2680026888847351,0.6336969137191772,0.26807212829589844,0.5989735722541809,0.27476373314857483,0.631277322769165,0.2774447798728943,0.6572741270065308,R
0.2932455837726593,0.7486464977264404,0.3276147246360779,0.7183792591094971,0.34308966994285583,0.6629918217658997,0.31952401995658875,0.619138240814209,0.29282233119010925,0.5901178121566772,0.3478075861930847,0.597844123840332,0.3415907919406891,0.5396416187286377,0.3320246934890747,0.49965906143188477,0.3203849494457245,0.46330294013023376,0.32273155450820923,0.5907026529312134,0.3327171802520752,0.5205264091491699,0.33775240182876587,0.4832502603530884,0.33971458673477173,0.45123711228370667,0.29637157917022705,0.6013950109481812,0.29158708453178406,0.5496524572372437,0.2953377068042755,0.595118522644043,0.29888850450515747,0.6276236176490784,0.27041149139404297,0.6243815422058105,0.27039262652397156,0.5947166681289673,0.27638256549835205,0.6275618672370911,0.2795705795288086,0.652520477771759,R
0.288679838180542,0.7510180473327637,0.32198089361190796,0.7210302352905273,0.3374843895435333,0.6660662889480591,0.31398072838783264,0.6216856837272644,0.2868976593017578,0.595090925693512,0.33908677101135254,0.5995824337005615,0.333562433719635,0.5407634973526001,0.32378220558166504,0.5010257363319397,0.3116514980792999,0.4642227292060852,0.3148355484008789,0.5933899283409119,0.32318800687789917,0.5225639343261719,0.3281779885292053,0.4832780361175537,0.3297795355319977,0.4497807025909424,0.2894529104232788,0.6041603684425354,0.28438201546669006,0.5528264045715332,0.2897762060165405,0.5987427234649658,0.29344549775123596,0.6315315365791321,0.2645323574542999,0.6258323788642883,0.2654482424259186,0.592882513999939,0.2729235589504242,0.6247403025627136,0.27662619948387146,0.6497982740402222,R
0.28668951988220215,0.7531737685203552,0.3185514509677887,0.725591242313385,0.33285200595855713,0.6698115468025208,0.3097321689128876,0.6251269578933716,0.2813267707824707,0.5989204049110413,0.3349415361881256,0.6028696298599243,0.3292396664619446,0.5432050228118896,0.3188028931617737,0.5034329295158386,0.3055308163166046,0.4660162329673767,0.31038185954093933,0.59572434425354,0.31826940178871155,0.5236032009124756,0.3233570158481598,0.4851070046424866,0.32452085614204407,0.4512649178504944,0.2848847806453705,0.6063264012336731,0.2794633209705353,0.5531055927276611,0.28586074709892273,0.6002091765403748,0.28993529081344604,0.6335350871086121,0.2602769136428833,0.6287357211112976,0.2614418864250183,0.5970041751861572,0.2691962718963623,0.6290496587753296,0.27236443758010864,0.6537153124809265,R
0.2845751643180847,0.7467243671417236,0.31847959756851196,0.7164860367774963,0.33324378728866577,0.660236656665802,0.3072175085544586,0.6177815794944763,0.2790031433105469,0.5898469686508179,0.3331601619720459,0.5950455069541931,0.32568347454071045,0.5347163081169128,0.31562650203704834,0.49389374256134033,0.3035408556461334,0.4568861424922943,0.30795642733573914,0.5894724130630493,0.31645092368125916,0.516845703125,0.32215264439582825,0.47871845960617065,0.3241547644138336,0.44523856043815613,0.28206852078437805,0.6009138822555542,0.2751702070236206,0.5452077388763428,0.28107044100761414,0.5949127078056335,0.2853625416755676,0.628908097743988,0.2558416724205017,0.6248314380645752,0.25591450929641724,0.5898392200469971,0.26275405287742615,0.6249055862426758,0.26545560359954834,0.65088951587677,R
0.2836950719356537,0.7494586706161499,0.31639888882637024,0.7190493941307068,0.3303678035736084,0.6640211343765259,0.3059839606285095,0.6210210919380188,0.2780633568763733,0.5942726135253906,0.33234748244285583,0.5974400043487549,0.32546424865722656,0.5375697612762451,0.315040647983551,0.49673527479171753,0.30291756987571716,0.4593413472175598,0.30752381682395935,0.5909137725830078,0.31515100598335266,0.5187722444534302,0.3197871148586273,0.47926437854766846,0.32144469022750854,0.4456132650375366,0.28154903650283813,0.6016433238983154,0.2757321000099182,0.5495599508285522,0.2809996008872986,0.5961220264434814,0.28479453921318054,0.6295572519302368,0.25618818402290344,0.6238447427749634,0.25524410605430603,0.5916821360588074,0.2616940438747406,0.6240676045417786,0.26436692476272583,0.649642825126648,R
0.28255051374435425,0.7492785453796387,0.31527093052864075,0.7196341753005981,0.3292688727378845,0.6646952629089355,0.30426961183547974,0.6224715709686279,0.2765677571296692,0.5949485301971436,0.3310573101043701,0.5989193320274353,0.32409730553627014,0.539000391960144,0.3133940100669861,0.49821558594703674,0.30115628242492676,0.4607122540473938,0.30608218908309937,0.5925590395927429,0.3136559724807739,0.5192747116088867,0.31771180033683777,0.47979414463043213,0.3187730610370636,0.4458530843257904,0.27985095977783203,0.603000819683075,0.2742129862308502,0.549839437007904,0.2793150544166565,0.5986741185188293,0.28261512517929077,0.6340450048446655,0.2542177438735962,0.6254575848579407,0.25418657064437866,0.593016505241394,0.2605116367340088,0.6286137700080872,0.2625042200088501,0.6567636132240295,R
0.2842661440372467,0.7412258386611938,0.31821221113204956,0.7096721529960632,0.3317945599555969,0.653468906879425,0.30732259154319763,0.6112858057022095,0.2801470160484314,0.584256649017334,0.33412083983421326,0.5887766480445862,0.3274589776992798,0.5296359658241272,0.31767210364341736,0.4895789623260498,0.3057345449924469,0.4529271125793457,0.3094508647918701,0.5824635624885559,0.31807005405426025,0.5117838382720947,0.3223263621330261,0.4740116596221924,0.32355186343193054,0.44045841693878174,0.28337034583091736,0.593801736831665,0.27752822637557983,0.539028525352478,0.28164780139923096,0.5861574411392212,0.28533631563186646,0.619089663028717,0.2576809525489807,0.6173003315925598,0.2573321759700775,0.586423397064209,0.2637270390987396,0.6201845407485962,0.2670733332633972,0.6448463201522827,R
0.2858906388282776,0.7402838468551636,0.32032424211502075,0.7088208198547363,0.33578091859817505,0.6514539122581482,0.3108023405075073,0.6070019602775574,0.282858282327652,0.5786904096603394,0.33702996373176575,0.5879313349723816,0.3299294412136078,0.5278959274291992,0.31958675384521484,0.4873068034648895,0.3080923557281494,0.45003193616867065,0.3121401369571686,0.5808476805686951,0.3207995891571045,0.5098831057548523,0.32506999373435974,0.4711337089538574,0.32660970091819763,0.43774324655532837,0.28658443689346313,0.5907688736915588,0.28045862913131714,0.5384546518325806,0.28430819511413574,0.585345447063446,0.2877662479877472,0.6193103194236755,0.26154595613479614,0.6124823689460754,0.2596055865287781,0.582516074180603,0.26573261618614197,0.6155979037284851,0.2690998613834381,0.641416072845459,R
0.2879139184951782,0.7429289817810059,0.32195645570755005,0.7112933397293091,0.3361181914806366,0.6543354392051697,0.31084367632865906,0.6105250120162964,0.28257492184638977,0.584370493888855,0.3363132178783417,0.5918134450912476,0.33002620935440063,0.5318102240562439,0.319472074508667,0.49241557717323303,0.30692318081855774,0.4556485116481781,0.3114635944366455,0.5862024426460266,0.3201642632484436,0.5127097368240356,0.3243792951107025,0.47385653853416443,0.32518208026885986,0.4397427439689636,0.28614839911460876,0.5972121357917786,0.2797911465167999,0.5447548031806946,0.28622663021087646,0.5925280451774597,0.2906641960144043,0.6259028315544128,0.26122674345970154,0.6197859048843384,0.26022472977638245,0.5860852599143982,0.2673933804035187,0.6204208731651306,0.27056002616882324,0.6478704214096069,R
0.28918614983558655,0.7400179505348206,0.3229050040245056,0.7086341977119446,0.33797577023506165,0.6530373096466064,0.3132771849632263,0.6096972823143005,0.28543150424957275,0.5825954079627991,0.33862942457199097,0.5887020230293274,0.33172544836997986,0.5292630195617676,0.3213037848472595,0.48843035101890564,0.30908748507499695,0.451117604970932,0.31388258934020996,0.5828440189361572,0.3223860561847687,0.5101370811462402,0.32659608125686646,0.4714905023574829,0.32792821526527405,0.4380696415901184,0.2883409261703491,0.5940709114074707,0.2828086316585541,0.5412282347679138,0.28789275884628296,0.5893508195877075,0.2920466363430023,0.6231921911239624,0.2630791664123535,0.6170228719711304,0.2615799307823181,0.5852656960487366,0.2686848044395447,0.6192342042922974,0.27237382531166077,0.6450546383857727,R
0.28878751397132874,0.7431944012641907,0.322312593460083,0.7115397453308105,0.3362804651260376,0.6556957364082336,0.31199562549591064,0.6126992702484131,0.2836683392524719,0.5867739915847778,0.3378467261791229,0.591477632522583,0.33134445548057556,0.5309839248657227,0.32097241282463074,0.49129462242126465,0.3083241581916809,0.45461320877075195,0.3130996823310852,0.5860710144042969,0.32077333331108093,0.5129068493843079,0.32470935583114624,0.4736478328704834,0.32522910833358765,0.4392378032207489,0.28790661692619324,0.5974743366241455,0.2800491452217102,0.5457770824432373,0.28647565841674805,0.5932596921920776,0.2913351356983185,0.6256139278411865,0.26279938220977783,0.6201592087745667,0.2601276636123657,0.5862464904785156,0.2675999701023102,0.6200301647186279,0.2716773450374603,0.6465635299682617,R
0.288588285446167,0.7406964898109436,0.3213496804237366,0.7107762694358826,0.33618175983428955,0.656125009059906,0.31179913878440857,0.6133403182029724,0.2838999032974243,0.5868420600891113,0.3359551429748535,0.5903526544570923,0.32908740639686584,0.5308533906936646,0.3186056315898895,0.49058273434638977,0.3060590326786041,0.45406436920166016,0.31125301122665405,0.5852176547050476,0.31849977374076843,0.5124790668487549,0.32283541560173035,0.4737933874130249,0.3238658905029297,0.4408445954322815,0.28621721267700195,0.5970479846000671,0.27898573875427246,0.545124888420105,0.28567594289779663,0.5913957953453064,0.2904517948627472,0.6240043044090271,0.2617015242576599,0.6202836036682129,0.2594621479511261,0.5878721475601196,0.2668730318546295,0.6202082633972168,0.27059075236320496,0.6453583240509033,R
0.28611046075820923,0.7455388307571411,0.3199014365673065,0.714783251285553,0.3335624933242798,0.6589107513427734,0.30931803584098816,0.6153467893600464,0.2806251347064972,0.5918753743171692,0.3342899680137634,0.5943630337715149,0.32773715257644653,0.5346351265907288,0.3170908987522125,0.4951910376548767,0.30389323830604553,0.4588391184806824,0.30908823013305664,0.5885364413261414,0.3171146512031555,0.5167375802993774,0.32116585969924927,0.47831687331199646,0.32131990790367126,0.4460166394710541,0.2832886278629303,0.5999068021774292,0.27637770771980286,0.5488796830177307,0.2828506827354431,0.5954242944717407,0.2874038517475128,0.6279966235160828,0.2580423355102539,0.6224903464317322,0.25639528036117554,0.5901968479156494,0.26407119631767273,0.6221013069152832,0.2682451903820038,0.6472066640853882,R
0.28744199872016907,0.7488590478897095,0.32028529047966003,0.7185416221618652,0.3351728320121765,0.6615874767303467,0.3105546534061432,0.6173520088195801,0.2823222577571869,0.590534508228302,0.33605700731277466,0.5965166687965393,0.32891958951950073,0.5361499190330505,0.31810906529426575,0.49615418910980225,0.30598410964012146,0.45940709114074707,0.3109157681465149,0.5907192826271057,0.3182052671909332,0.5181241035461426,0.32209691405296326,0.4797883927822113,0.3230975270271301,0.4467843174934387,0.28527387976646423,0.6020393967628479,0.2789284884929657,0.549555242061615,0.2843293249607086,0.5966383218765259,0.28831377625465393,0.6305944323539734,0.2604813575744629,0.6244789958000183,0.2575971484184265,0.5936071872711182,0.26469340920448303,0.6262869238853455,0.26864907145500183,0.6520218253135681,R
0.28852400183677673,0.747573733329773,0.3222026526927948,0.7143394947052002,0.33631378412246704,0.6581229567527771,0.3120802938938141,0.6151065826416016,0.28450652956962585,0.5881360769271851,0.3368377387523651,0.5940980315208435,0.3296308219432831,0.5343062877655029,0.31913894414901733,0.4936334192752838,0.30721667408943176,0.4567221999168396,0.312095582485199,0.589297354221344,0.3198416233062744,0.5165181756019592,0.32376301288604736,0.4774579405784607,0.32482895255088806,0.44410738348960876,0.2864091992378235,0.6012527942657471,0.28005877137184143,0.5486730337142944,0.28523769974708557,0.5979783535003662,0.2892005145549774,0.6326913833618164,0.26098713278770447,0.624816358089447,0.25899961590766907,0.5915805697441101,0.2658838629722595,0.626926839351654,0.26930758357048035,0.6540334224700928,R
0.2889617085456848,0.7511453628540039,0.32265549898147583,0.7180684804916382,0.3363697826862335,0.6622177958488464,0.3131338953971863,0.6190508604049683,0.285754531621933,0.5918803215026855,0.3371841311454773,0.5979185700416565,0.33005908131599426,0.5371314883232117,0.31953108310699463,0.4970594048500061,0.30773019790649414,0.46025729179382324,0.3123283386230469,0.5929386019706726,0.3195810317993164,0.5193883776664734,0.32373765110969543,0.4796706438064575,0.325018048286438,0.44571855664253235,0.28667545318603516,0.6046789884567261,0.2811671793460846,0.552331805229187,0.2866959273815155,0.5999957919120789,0.2902482748031616,0.634885311126709,0.2613818347454071,0.627817690372467,0.2604570686817169,0.5946296453475952,0.26719239354133606,0.6290624737739563,0.2701026201248169,0.6573535799980164,R
0.28253626823425293,0.7522833347320557,0.31659555435180664,0.7229781746864319,0.3316870927810669,0.6662784814834595,0.308681458234787,0.6191493272781372,0.27999529242515564,0.5921058654785156,0.332343727350235,0.6021494269371033,0.3268035352230072,0.5410329103469849,0.31615889072418213,0.5006125569343567,0.30311036109924316,0.4631512761116028,0.30688244104385376,0.5961340665817261,0.3159601092338562,0.5220495462417603,0.3223630487918854,0.4827267527580261,0.3241882026195526,0.44973668456077576,0.28079283237457275,0.6069020628929138,0.27592572569847107,0.5503198504447937,0.2830091416835785,0.5965904593467712,0.2865423560142517,0.63176429271698,0.25492408871650696,0.6293345093727112,0.25625017285346985,0.5916178226470947,0.2641119062900543,0.623846173286438,0.2662235200405121,0.6518076062202454,R
0.27655622363090515,0.7476854920387268,0.31100109219551086,0.7159253358840942,0.3278253972530365,0.6585844159126282,0.3036970794200897,0.6147294044494629,0.2752203941345215,0.5874139070510864,0.32571250200271606,0.5938937067985535,0.31860408186912537,0.5327024459838867,0.308235228061676,0.491802453994751,0.29563334584236145,0.45442092418670654,0.3002939224243164,0.5875183343887329,0.3093456029891968,0.5134240984916687,0.314298540353775,0.47473421692848206,0.3154594600200653,0.44196826219558716,0.2738329768180847,0.5983098149299622,0.2696823179721832,0.540644109249115,0.27364012598991394,0.5923011302947998,0.27608582377433777,0.6291102766990662,0.24720509350299835,0.6220818758010864,0.24892088770866394,0.585196316242218,0.2546422481536865,0.6217857003211975,0.2561294436454773,0.6500880718231201,R
0.2735537588596344,0.7474793791770935,0.30907827615737915,0.7138924598693848,0.32436403632164,0.6547334790229797,0.29953911900520325,0.6082894802093506,0.27031081914901733,0.5798062682151794,0.3231368660926819,0.5915314555168152,0.316834956407547,0.5292758345603943,0.3067285418510437,0.4868127703666687,0.2948486804962158,0.4484962224960327,0.2968275845050812,0.5861064195632935,0.30640286207199097,0.5100788474082947,0.3125147521495819,0.469341903924942,0.31458571553230286,0.43489623069763184,0.26978224515914917,0.5976396203041077,0.2645745277404785,0.5429324507713318,0.2709451913833618,0.5933632850646973,0.2743431329727173,0.6297909021377563,0.24268564581871033,0.6216179728507996,0.24474352598190308,0.5831794142723083,0.2522124946117401,0.6192755103111267,0.2541118860244751,0.6486911773681641,R
0.27785393595695496,0.750665545463562,0.313092440366745,0.7160213589668274,0.32788440585136414,0.6562734842300415,0.3013511300086975,0.6099376678466797,0.2712882459163666,0.5830184817314148,0.32738998532295227,0.5941709280014038,0.32087013125419617,0.5312333703041077,0.3104824423789978,0.4900563657283783,0.29917603731155396,0.45263129472732544,0.3008204400539398,0.5894680023193359,0.30873075127601624,0.516089141368866,0.3119143545627594,0.47578635811805725,0.31219810247421265,0.4413377046585083,0.27358949184417725,0.6003272533416748,0.27013278007507324,0.5460073947906494,0.27572575211524963,0.5909833908081055,0.27876025438308716,0.6257266998291016,0.24677950143814087,0.6221376061439514,0.2469373643398285,0.5881622433662415,0.25594276189804077,0.6206456422805786,0.26032930612564087,0.6494702696800232,R
0.2770133316516876,0.752360999584198,0.31331902742385864,0.7184811234474182,0.3274405896663666,0.6585363149642944,0.30200913548469543,0.612496018409729,0.2734300494194031,0.5838627219200134,0.3268442451953888,0.5972470045089722,0.32008251547813416,0.5347733497619629,0.3094960153102875,0.49223291873931885,0.2974158525466919,0.4540233314037323,0.3010566830635071,0.5920895934104919,0.3098905384540558,0.5159736275672913,0.3139628469944,0.47578608989715576,0.31506672501564026,0.4429303705692291,0.2742271423339844,0.6030292510986328,0.27035433053970337,0.5475355982780457,0.27510374784469604,0.5968194007873535,0.2781549096107483,0.6331629157066345,0.24719183146953583,0.6258033514022827,0.24724222719669342,0.5896316766738892,0.2550737261772156,0.6259608864784241,0.25861191749572754,0.6559549570083618,R
0.27626264095306396,0.7542592287063599,0.3122170865535736,0.7218747735023499,0.32735949754714966,0.6623430252075195,0.30170461535453796,0.6155782341957092,0.27174651622772217,0.5887807011604309,0.3259585201740265,0.5985934734344482,0.31905534863471985,0.5362250208854675,0.3080310523509979,0.4942363202571869,0.2951486110687256,0.45613396167755127,0.30008411407470703,0.5931152701377869,0.30862563848495483,0.5171589851379395,0.312973290681839,0.47692054510116577,0.31391337513923645,0.44293683767318726,0.27331259846687317,0.6038645505905151,0.2688765525817871,0.5508877038955688,0.2751106321811676,0.5993978381156921,0.2787242829799652,0.6344755291938782,0.24652275443077087,0.625469982624054,0.2474920153617859,0.5916756987571716,0.25509318709373474,0.6262987852096558,0.25791025161743164,0.6542631983757019,R
0.2800447642803192,0.7566159963607788,0.315687358379364,0.7248631715774536,0.32914432883262634,0.662666916847229,0.3008498251438141,0.6183726787567139,0.27020689845085144,0.5950601100921631,0.3281671702861786,0.6003116369247437,0.32040467858314514,0.5372601747512817,0.3096553385257721,0.4962427020072937,0.297478586435318,0.4590185880661011,0.30263176560401917,0.5978756546974182,0.3100576400756836,0.5206988453865051,0.3142600655555725,0.48070430755615234,0.3143277168273926,0.4456290006637573,0.27635273337364197,0.6107397675514221,0.2706419825553894,0.5588558316230774,0.2791088819503784,0.6091551184654236,0.2832588255405426,0.6426411867141724,0.25029081106185913,0.6342445015907288,0.25208795070648193,0.5997989177703857,0.26132625341415405,0.6363593935966492,0.2637297809123993,0.6642854809761047,R
0.2832678556442261,0.7575947046279907,0.31583845615386963,0.7315888404846191,0.32949620485305786,0.6754141449928284,0.2988905906677246,0.6360048055648804,0.26877206563949585,0.6086090207099915,0.3324583172798157,0.6029884219169617,0.32581138610839844,0.5416684150695801,0.3159618377685547,0.5009418725967407,0.3040158152580261,0.46386581659317017,0.30648064613342285,0.5971512794494629,0.31377527117729187,0.5251715779304504,0.31728971004486084,0.4854080080986023,0.3173300325870514,0.4513115882873535,0.2808862328529358,0.6071771383285522,0.2775927186012268,0.5616782307624817,0.28332263231277466,0.6033679246902466,0.28606632351875305,0.6357523202896118,0.25699537992477417,0.6276974678039551,0.26039427518844604,0.6073975563049316,0.269091933965683,0.6394897699356079,0.27350661158561707,0.6648504137992859,R
0.28440454602241516,0.7611151933670044,0.3165053725242615,0.7350283265113831,0.32890236377716064,0.6797968745231628,0.29993879795074463,0.6417223215103149,0.27218514680862427,0.6123983263969421,0.3317386507987976,0.606107234954834,0.32590192556381226,0.5459392666816711,0.31689825654029846,0.5051130056381226,0.30514779686927795,0.4674910008907318,0.3062198758125305,0.5994635224342346,0.31525883078575134,0.527157187461853,0.3197026252746582,0.4862499237060547,0.32045501470565796,0.4499981999397278,0.2808247208595276,0.6103745698928833,0.2783125340938568,0.5610800385475159,0.28311872482299805,0.6062334179878235,0.2856719493865967,0.6398105621337891,0.25739988684654236,0.6340986490249634,0.26194390654563904,0.6109324097633362,0.2709699273109436,0.6446171998977661,0.2758876383304596,0.6702630519866943,R
0.28306347131729126,0.7672325968742371,0.31500792503356934,0.7414774894714355,0.32723405957221985,0.6880775690078735,0.29992353916168213,0.6513313055038452,0.2723822593688965,0.622900664806366,0.3307499885559082,0.6125426292419434,0.32396724820137024,0.5511190891265869,0.3144780993461609,0.5111790299415588,0.30274468660354614,0.4752958416938782,0.30570343136787415,0.6073944568634033,0.31515923142433167,0.5339028239250183,0.31957027316093445,0.4932289719581604,0.3206210732460022,0.45929810404777527,0.2805550694465637,0.6191796660423279,0.27675479650497437,0.5718059539794922,0.28023380041122437,0.6180859208106995,0.28279757499694824,0.6517755389213562,0.2573893666267395,0.6428391337394714,0.26023173332214355,0.6181538701057434,0.2681623697280884,0.6519036293029785,0.27326083183288574,0.6772872805595398,R
0.28393182158470154,0.766849160194397,0.315321683883667,0.7406666278839111,0.3277321755886078,0.6875335574150085,0.3020481765270233,0.643736720085144,0.2777245342731476,0.605346143245697,0.3338545560836792,0.6155701875686646,0.32748717069625854,0.5561719536781311,0.31788063049316406,0.5156555771827698,0.30638355016708374,0.47873079776763916,0.30959415435791016,0.6098403334617615,0.3176172375679016,0.5348017811775208,0.3224203288555145,0.49526429176330566,0.3234812915325165,0.462920606136322,0.28427761793136597,0.6207694411277771,0.278929203748703,0.5746389031410217,0.28434300422668457,0.6203953623771667,0.286939799785614,0.6518440842628479,0.25929534435272217,0.6427068710327148,0.26295357942581177,0.6142044067382812,0.2705990672111511,0.6507445573806763,0.27341145277023315,0.6777067184448242,R
0.28369423747062683,0.7674481272697449,0.31574803590774536,0.7401553988456726,0.3274351954460144,0.6864144206047058,0.3031274676322937,0.6407511830329895,0.28030139207839966,0.6012462973594666,0.333578497171402,0.6159679293632507,0.32767608761787415,0.5574259161949158,0.3181139826774597,0.5158379673957825,0.3067273497581482,0.4783395528793335,0.3089672029018402,0.6117398738861084,0.31698790192604065,0.5355257987976074,0.32317548990249634,0.49608784914016724,0.32570624351501465,0.4639885425567627,0.2827903628349304,0.6242296695709229,0.27940833568573,0.5758068561553955,0.2853282392024994,0.6237065196037292,0.28772562742233276,0.6561703681945801,0.2570503056049347,0.6479082703590393,0.2620476484298706,0.6140825152397156,0.27034610509872437,0.6507541537284851,0.2730051279067993,0.6780673265457153,R
0.2833297848701477,0.7708066701889038,0.3174273669719696,0.740813672542572,0.3313882350921631,0.6846224665641785,0.30926454067230225,0.6369379758834839,0.2883351445198059,0.5951218605041504,0.33799174427986145,0.6170149445533752,0.3323940634727478,0.5580061674118042,0.32314032316207886,0.5184859037399292,0.3125980794429779,0.4821587800979614,0.3125463128089905,0.6123923659324646,0.3215400278568268,0.5390268564224243,0.32617443799972534,0.5006119608879089,0.328273743391037,0.4680705666542053,0.2858947515487671,0.624625027179718,0.2823587954044342,0.5777965784072876,0.2865925133228302,0.6256399750709534,0.28946375846862793,0.6570841670036316,0.25948798656463623,0.6483250260353088,0.2636774480342865,0.6173518896102905,0.27120310068130493,0.6560156941413879,0.2746514081954956,0.6835324168205261,R
0.2799675166606903,0.7687684893608093,0.3131629228591919,0.7408364415168762,0.3277139365673065,0.6863808035850525,0.3066225051879883,0.6377784609794617,0.2850118577480316,0.5976546406745911,0.3339618444442749,0.6206657886505127,0.3291759788990021,0.5619608163833618,0.32011234760284424,0.5219900608062744,0.30948105454444885,0.48525023460388184,0.30928516387939453,0.6153261065483093,0.3192466199398041,0.5410951375961304,0.3251676559448242,0.5033111572265625,0.3279053866863251,0.4715759754180908,0.28282439708709717,0.6263924837112427,0.278916597366333,0.5758638381958008,0.2828913629055023,0.6250563859939575,0.2853703498840332,0.6583375334739685,0.25623372197151184,0.6491182446479797,0.2604135572910309,0.6154550909996033,0.2669602334499359,0.6545476317405701,0.2694950997829437,0.6830074787139893,R
0.27821624279022217,0.7684973478317261,0.3123868703842163,0.7388266324996948,0.32731014490127563,0.6843691468238831,0.30623215436935425,0.6368272304534912,0.28349223732948303,0.5991735458374023,0.33296096324920654,0.6181362867355347,0.3277580738067627,0.5601463317871094,0.3187418580055237,0.5191810131072998,0.30817627906799316,0.4825171232223511,0.30862173438072205,0.6126977205276489,0.3176223635673523,0.5400652885437012,0.32286351919174194,0.501592218875885,0.3248708248138428,0.4699106514453888,0.2827545702457428,0.6238101720809937,0.2770237624645233,0.5766091346740723,0.2816733419895172,0.6239152550697327,0.2850278615951538,0.6563289165496826,0.25627145171165466,0.6463348269462585,0.25843366980552673,0.6146175861358643,0.2661682963371277,0.6510250568389893,0.27017754316329956,0.6781306266784668,R
0.2782402038574219,0.7726368308067322,0.31194189190864563,0.7428369522094727,0.3262054920196533,0.6885523200035095,0.3051103949546814,0.6407910585403442,0.2832210063934326,0.601822018623352,0.33316871523857117,0.6216927170753479,0.32761380076408386,0.5630337595939636,0.3180942237377167,0.5224243998527527,0.3070553243160248,0.4853406548500061,0.3087207078933716,0.6161339282989502,0.31805720925331116,0.5434017181396484,0.32352888584136963,0.5044271945953369,0.3259626030921936,0.4724433124065399,0.282571017742157,0.6267874240875244,0.2783180773258209,0.579027533531189,0.2821557819843292,0.627223014831543,0.2847001850605011,0.6609482169151306,0.2559141218662262,0.648749828338623,0.2589310109615326,0.6158856153488159,0.26576775312423706,0.6524902582168579,0.2689227759838104,0.6803684234619141,R
0.2770865857601166,0.7727702260017395,0.3114317059516907,0.7426585555076599,0.325835645198822,0.6887603402137756,0.3046266734600067,0.6411359310150146,0.28233781456947327,0.6014202833175659,0.33305874466896057,0.622353732585907,0.3273065686225891,0.5638110637664795,0.3180626332759857,0.522193193435669,0.30751094222068787,0.4851267337799072,0.30863380432128906,0.6168609261512756,0.317271888256073,0.5441986918449402,0.32270926237106323,0.5063785910606384,0.3251136839389801,0.47623059153556824,0.28208088874816895,0.6271944642066956,0.277995765209198,0.5805535316467285,0.28181153535842896,0.6280785202980042,0.2839741110801697,0.6613417863845825,0.2547667622566223,0.6485015153884888,0.25854045152664185,0.6161174774169922,0.26574695110321045,0.6531738638877869,0.2685922086238861,0.6817004084587097,R
0.2784874439239502,0.7725812792778015,0.3128768801689148,0.7427442073822021,0.32764413952827454,0.6891083121299744,0.30503764748573303,0.6412087678909302,0.28259482979774475,0.6014842987060547,0.3332677483558655,0.621696412563324,0.32787859439849854,0.5640426874160767,0.31894493103027344,0.5223572254180908,0.3085215389728546,0.4852963089942932,0.30885016918182373,0.6165655851364136,0.31762170791625977,0.5433293581008911,0.3229371905326843,0.5051748156547546,0.3250630497932434,0.4745336174964905,0.2828385829925537,0.6276605129241943,0.27890250086784363,0.5802097320556641,0.28291723132133484,0.626369059085846,0.2849847376346588,0.6584780216217041,0.2559228837490082,0.6499224305152893,0.2591085135936737,0.6165128946304321,0.26645657420158386,0.653170645236969,0.2693435251712799,0.6816042065620422,R
0.27928969264030457,0.7740314602851868,0.312925785779953,0.7445181608200073,0.3272959291934967,0.6892586946487427,0.30510497093200684,0.6413854956626892,0.28244495391845703,0.6015625,0.33506855368614197,0.6227303743362427,0.32914209365844727,0.5641874074935913,0.31982335448265076,0.522443413734436,0.30911490321159363,0.48509681224823,0.31058269739151,0.6172841787338257,0.31908372044563293,0.5435799360275269,0.32437270879745483,0.505525529384613,0.3264380693435669,0.4743073284626007,0.2843661904335022,0.6278544664382935,0.2794959247112274,0.5790425539016724,0.28373998403549194,0.626758337020874,0.28626054525375366,0.6594414710998535,0.25757303833961487,0.6495022773742676,0.26039502024650574,0.6158779859542847,0.26729878783226013,0.6526697874069214,0.27004873752593994,0.680341362953186,R
0.27787286043167114,0.7760879397392273,0.31180644035339355,0.746155858039856,0.32536786794662476,0.6931114792823792,0.30385473370552063,0.6462174654006958,0.281331330537796,0.6077591776847839,0.3329935669898987,0.6258578300476074,0.32875359058380127,0.567853569984436,0.31965142488479614,0.5270808935165405,0.3084796965122223,0.48992782831192017,0.3086627125740051,0.619329571723938,0.31848329305648804,0.5467975735664368,0.32377293705940247,0.5074869394302368,0.32584264874458313,0.4752911329269409,0.28205201029777527,0.6292678117752075,0.27829936146736145,0.5817871689796448,0.2822920083999634,0.6302526593208313,0.28478115797042847,0.6643875241279602,0.2550845444202423,0.650405764579773,0.2582941949367523,0.617015540599823,0.2654276192188263,0.6537749171257019,0.2686600983142853,0.6825764179229736,R
0.2780725955963135,0.7769310474395752,0.312552809715271,0.7465744614601135,0.3269782066345215,0.6915901303291321,0.30464884638786316,0.6445426344871521,0.28159886598587036,0.6060174107551575,0.3327343463897705,0.6251962184906006,0.3272063732147217,0.5667065382003784,0.31821295619010925,0.5248532891273499,0.307849258184433,0.48767057061195374,0.30851516127586365,0.6196801662445068,0.3175063133239746,0.5468600392341614,0.32272422313690186,0.5088728666305542,0.32480373978614807,0.4785293936729431,0.2822207808494568,0.629838764667511,0.2775968909263611,0.5824170112609863,0.2818143665790558,0.6305923461914062,0.28451135754585266,0.6643185019493103,0.255376935005188,0.6512227654457092,0.258222371339798,0.6191439032554626,0.26561716198921204,0.6563103199005127,0.26890888810157776,0.6847906708717346,R
0.27753332257270813,0.7785204648971558,0.3110072910785675,0.7489250302314758,0.324767142534256,0.6939147114753723,0.30203893780708313,0.6473779082298279,0.27824273705482483,0.6098839044570923,0.3306882977485657,0.6271927952766418,0.32537874579429626,0.568763256072998,0.3160683214664459,0.5277657508850098,0.30483418703079224,0.4905204176902771,0.30644330382347107,0.6211400628089905,0.3161151111125946,0.5478681921958923,0.3221387565135956,0.5095763206481934,0.32450610399246216,0.4785792827606201,0.28017058968544006,0.6314123868942261,0.27590471506118774,0.5824593901634216,0.2804381549358368,0.6325666308403015,0.28312793374061584,0.6670727133750916,0.2535982131958008,0.6530994176864624,0.256166934967041,0.6194228529930115,0.2637549042701721,0.6574958562850952,0.26722830533981323,0.6863697171211243,R
0.2747706472873688,0.7778739333152771,0.30908170342445374,0.7473002076148987,0.32358095049858093,0.6939470767974854,0.3007467985153198,0.647167444229126,0.2774057686328888,0.609043300151825,0.3300897777080536,0.6273239850997925,0.32418709993362427,0.5695135593414307,0.31429359316825867,0.5288216471672058,0.30301040410995483,0.49201685190200806,0.30543896555900574,0.6211634874343872,0.3140600919723511,0.5494711995124817,0.3187638223171234,0.5105618238449097,0.32066190242767334,0.47857463359832764,0.27907177805900574,0.6314626932144165,0.2731035053730011,0.5838814973831177,0.27726835012435913,0.6317736506462097,0.2803986966609955,0.6657171249389648,0.25224408507347107,0.6533674001693726,0.25404563546180725,0.621364951133728,0.26142945885658264,0.6584446430206299,0.2652340829372406,0.687036395072937,R
0.27661430835723877,0.7787590026855469,0.3100205063819885,0.7475118637084961,0.32470402121543884,0.6933726668357849,0.3016321361064911,0.646177351474762,0.27792689204216003,0.6071291565895081,0.3310129642486572,0.627997636795044,0.3249586522579193,0.5697400569915771,0.31514257192611694,0.5284868478775024,0.30388689041137695,0.4909183979034424,0.30657070875167847,0.6220805644989014,0.31513771414756775,0.5501582026481628,0.3199199438095093,0.5120588541030884,0.3215043246746063,0.4796246290206909,0.28034356236457825,0.6319140195846558,0.2746402621269226,0.5846587419509888,0.27907493710517883,0.6324679851531982,0.2819341719150543,0.6651748418807983,0.2534884214401245,0.6528602242469788,0.2551143765449524,0.6215124726295471,0.2624390721321106,0.6580729484558105,0.2658865451812744,0.6854528188705444,R
0.27551865577697754,0.778483510017395,0.30942046642303467,0.7481552958488464,0.32411035895347595,0.693108320236206,0.30157706141471863,0.6460254192352295,0.2780265212059021,0.6077704429626465,0.329709529876709,0.6271224021911621,0.32406505942344666,0.5684957504272461,0.3147779703140259,0.5268383622169495,0.3041730225086212,0.4898577332496643,0.30549412965774536,0.6216685175895691,0.31435737013816833,0.5499374866485596,0.31930476427078247,0.5109666585922241,0.3209680914878845,0.4784679412841797,0.27926313877105713,0.6319409608840942,0.273573637008667,0.5834359526634216,0.2775057256221771,0.6313628554344177,0.2800368070602417,0.6649107336997986,0.2521950304508209,0.6535031199455261,0.25419747829437256,0.6212794780731201,0.2615494132041931,0.6576791405677795,0.26491087675094604,0.6853445768356323,R
0.27746909856796265,0.7793904542922974,0.31111085414886475,0.7487725019454956,0.32512280344963074,0.6925191283226013,0.3018507659435272,0.645735502243042,0.2783195972442627,0.606901228427887,0.33063676953315735,0.626780092716217,0.3246501684188843,0.5680439472198486,0.3150460124015808,0.5268838405609131,0.30423569679260254,0.4898148477077484,0.30592018365859985,0.6215519905090332,0.3140229284763336,0.549618124961853,0.3193935751914978,0.5113525390625,0.3214314579963684,0.47908562421798706,0.27944859862327576,0.6323717832565308,0.27409785985946655,0.5823195576667786,0.2789308726787567,0.6302640438079834,0.28177976608276367,0.6633613109588623,0.25264599919319153,0.6544716954231262,0.2550465762615204,0.6213971376419067,0.26264292001724243,0.6574217081069946,0.2657654881477356,0.6844977140426636,R
0.2763436436653137,0.7794672250747681,0.3104763925075531,0.7481768727302551,0.3242311179637909,0.6940416693687439,0.3004416227340698,0.6478515267372131,0.2771322727203369,0.6101993918418884,0.3301140069961548,0.6291549205780029,0.324176549911499,0.5705224275588989,0.3143065273761749,0.5287591814994812,0.3035486042499542,0.491580605506897,0.30535173416137695,0.6235377788543701,0.3135547339916229,0.5514783263206482,0.31830596923828125,0.5123523473739624,0.3206358551979065,0.48036718368530273,0.2784769535064697,0.6336900591850281,0.27395251393318176,0.5853099822998047,0.2779870331287384,0.6337388157844543,0.2805730402469635,0.6681714653968811,0.25110048055648804,0.6551979780197144,0.2540311813354492,0.6211251020431519,0.2613125443458557,0.6577057242393494,0.26428624987602234,0.6863529086112976,R
0.27619320154190063,0.7801834344863892,0.3092304766178131,0.7484033703804016,0.32294782996177673,0.6930314302444458,0.30038225650787354,0.6466782689094543,0.27665388584136963,0.609654426574707,0.32924821972846985,0.6283482313156128,0.3234609067440033,0.5695728063583374,0.3140002489089966,0.528223991394043,0.30329638719558716,0.49124330282211304,0.3051318824291229,0.622835636138916,0.31352195143699646,0.5514870285987854,0.31823697686195374,0.5123188495635986,0.31976473331451416,0.4796028137207031,0.2791891098022461,0.6330002546310425,0.2727549970149994,0.5854262709617615,0.27705565094947815,0.6322235465049744,0.2798089385032654,0.6655452847480774,0.25290417671203613,0.654366672039032,0.2543697655200958,0.6221538186073303,0.2615864872932434,0.6574222445487976,0.26473018527030945,0.6850128173828125,R
0.27660685777664185,0.7792598009109497,0.31061023473739624,0.748211145401001,0.3245924711227417,0.6935039162635803,0.30076560378074646,0.6475549936294556,0.27683863043785095,0.6098902225494385,0.3300144076347351,0.6279276609420776,0.3237428367137909,0.569908082485199,0.3139839172363281,0.5288461446762085,0.3032454252243042,0.49207979440689087,0.3054157793521881,0.622623860836029,0.3128131031990051,0.5515996217727661,0.3171032667160034,0.5128875970840454,0.31860071420669556,0.48050951957702637,0.2789628803730011,0.6333920359611511,0.2736778259277344,0.584621250629425,0.27824029326438904,0.6314617991447449,0.2809368371963501,0.6646209359169006,0.25208425521850586,0.6557194590568542,0.25456759333610535,0.623582661151886,0.2623591125011444,0.6595725417137146,0.26560431718826294,0.6876826882362366,R
0.27602720260620117,0.7795511484146118,0.30968573689460754,0.7487566471099854,0.3238777816295624,0.692184329032898,0.29928556084632874,0.6447535157203674,0.2753107249736786,0.6066410541534424,0.32936298847198486,0.6290083527565002,0.3237404525279999,0.5694968104362488,0.3144037425518036,0.5283980369567871,0.30367302894592285,0.4917544722557068,0.30514729022979736,0.6241770386695862,0.3135603368282318,0.5522338151931763,0.3183993399143219,0.5126115083694458,0.31994935870170593,0.47886690497398376,0.279577374458313,0.6344655752182007,0.27372297644615173,0.5865145921707153,0.2784794270992279,0.6328438520431519,0.2811984419822693,0.6647474765777588,0.25336870551109314,0.6549381613731384,0.2554799020290375,0.622164249420166,0.26250991225242615,0.6569202542304993,0.26496621966362,0.6831836104393005,R
0.27603721618652344,0.7786129117012024,0.3093944191932678,0.7469221949577332,0.32316988706588745,0.690507173538208,0.30006518959999084,0.6436859369277954,0.2761516869068146,0.6071162819862366,0.329955130815506,0.6277562975883484,0.3242964744567871,0.5679064393043518,0.3151423931121826,0.5264495611190796,0.30469629168510437,0.4896782636642456,0.3058241903781891,0.6224539875984192,0.31376510858535767,0.5503389239311218,0.3185408115386963,0.5104889869689941,0.32022202014923096,0.4765288233757019,0.28037142753601074,0.6327130198478699,0.27351611852645874,0.584234893321991,0.2780712842941284,0.63007652759552,0.28107720613479614,0.6619146466255188,0.25464242696762085,0.6538689136505127,0.25542187690734863,0.620566189289093,0.26258206367492676,0.6545094847679138,0.2658228576183319,0.6806747317314148,R
0.2770736515522003,0.7785478830337524,0.310897558927536,0.7475112676620483,0.32364293932914734,0.6909369230270386,0.2985548973083496,0.6444487571716309,0.27375084161758423,0.6089065670967102,0.3293611407279968,0.6275545954704285,0.32381951808929443,0.5684628486633301,0.3146618604660034,0.5265042781829834,0.3039851784706116,0.4893885850906372,0.3049623668193817,0.622721254825592,0.31321850419044495,0.5508300065994263,0.31824102997779846,0.511809766292572,0.3197137415409088,0.4790650010108948,0.2787376940250397,0.6335937976837158,0.272452175617218,0.5843786001205444,0.2778826951980591,0.6300557851791382,0.28103578090667725,0.6625016331672668,0.251935750246048,0.655592143535614,0.25414761900901794,0.6222479939460754,0.2627357840538025,0.6567435264587402,0.2666201889514923,0.6840371489524841,R
0.28081515431404114,0.7809828519821167,0.3157952129840851,0.7484070658683777,0.32871437072753906,0.6927510499954224,0.30355310440063477,0.646996796131134,0.279561311006546,0.6095322966575623,0.334506630897522,0.6274862885475159,0.3292628228664398,0.5702908039093018,0.3203848600387573,0.5303770303726196,0.31048423051834106,0.49457818269729614,0.3096264898777008,0.6231421828269958,0.3171299993991852,0.5531757473945618,0.32202866673469543,0.5145647525787354,0.32454797625541687,0.48205041885375977,0.2832717299461365,0.634536623954773,0.2788800597190857,0.5895156860351562,0.28370603919029236,0.6338729858398438,0.28684356808662415,0.6643185615539551,0.25652414560317993,0.656280517578125,0.25970351696014404,0.623684823513031,0.2673521339893341,0.6586475372314453,0.27091991901397705,0.6856391429901123,R
0.28829774260520935,0.7783575057983398,0.3234912157058716,0.7476006150245667,0.3378274440765381,0.6941056251525879,0.31370195746421814,0.6464167237281799,0.29091113805770874,0.6080099940299988,0.3440779447555542,0.6279736161231995,0.3388812243938446,0.5730429291725159,0.3303494453430176,0.5341125726699829,0.3213967978954315,0.4990212917327881,0.3187045156955719,0.6231626272201538,0.3279004693031311,0.5538288950920105,0.33376216888427734,0.5158268213272095,0.3374805748462677,0.4836063086986542,0.29177969694137573,0.6343107223510742,0.2886919677257538,0.5889611840248108,0.2929503917694092,0.6349246501922607,0.29613521695137024,0.6669302582740784,0.2648928761482239,0.6560773253440857,0.2682689428329468,0.6229366660118103,0.2755677103996277,0.6587264537811279,0.27899664640426636,0.6861453056335449,R
0.29185837507247925,0.7741429805755615,0.3267672061920166,0.7434365749359131,0.3396740257740021,0.6875247359275818,0.31632161140441895,0.6414029002189636,0.2926168739795685,0.6038797497749329,0.34852755069732666,0.6252315044403076,0.34306174516677856,0.5691723823547363,0.3345182538032532,0.5291634798049927,0.3247074484825134,0.49317842721939087,0.3244840204715729,0.6196708083152771,0.3335375487804413,0.5496023297309875,0.3386499881744385,0.5134652853012085,0.34075137972831726,0.4829874634742737,0.2984115183353424,0.6296664476394653,0.29376232624053955,0.5831300020217896,0.29799631237983704,0.6297925710678101,0.30106502771377563,0.6602025628089905,0.27167749404907227,0.6512194871902466,0.2740499973297119,0.6186738610267639,0.28105682134628296,0.6561026573181152,0.2839834690093994,0.6837723255157471,R
0.29235801100730896,0.7685396671295166,0.32673171162605286,0.7368882894515991,0.3403830826282501,0.683417797088623,0.31828925013542175,0.6369801759719849,0.2954094409942627,0.6003206968307495,0.3464662730693817,0.6245332360267639,0.3425460755825043,0.5674789547920227,0.33454591035842896,0.52667635679245,0.32470476627349854,0.49025237560272217,0.32281702756881714,0.6199808120727539,0.3324096202850342,0.5485934019088745,0.33798661828041077,0.5105271339416504,0.33995068073272705,0.4782775044441223,0.2972446084022522,0.6308900713920593,0.29284411668777466,0.5811836123466492,0.29811179637908936,0.6256504058837891,0.30135515332221985,0.6562955975532532,0.2709040641784668,0.6521774530410767,0.27361494302749634,0.6163126826286316,0.28082799911499023,0.6493174433708191,0.2836887836456299,0.6748620867729187,R
0.29358601570129395,0.765194833278656,0.3281383514404297,0.7357050776481628,0.34342730045318604,0.681360125541687,0.31923094391822815,0.634763240814209,0.29511886835098267,0.5987818837165833,0.3500904440879822,0.6202125549316406,0.3451102375984192,0.5636481642723083,0.33635759353637695,0.5232137441635132,0.3261565566062927,0.4871424436569214,0.32581937313079834,0.6150598526000977,0.3348903954029083,0.5444090366363525,0.339656263589859,0.5071431398391724,0.34138503670692444,0.47482967376708984,0.30026572942733765,0.6255913972854614,0.29514020681381226,0.5786491632461548,0.2994796335697174,0.6252763271331787,0.3025015890598297,0.6555764079093933,0.2739472985267639,0.6470118761062622,0.27579325437545776,0.6154758334159851,0.2826037108898163,0.6508734226226807,0.28533294796943665,0.6762546300888062,R
0.29459884762763977,0.77007657289505,0.32707479596138,0.7405294179916382,0.34155991673469543,0.6856371164321899,0.31837478280067444,0.6406010389328003,0.2945065498352051,0.6077517867088318,0.3475337624549866,0.6248943209648132,0.3436036705970764,0.5676729083061218,0.33470654487609863,0.527794361114502,0.3235853612422943,0.4914717376232147,0.3234946131706238,0.6203391551971436,0.3335624933242798,0.5488098859786987,0.3384366035461426,0.5102430582046509,0.33922243118286133,0.4769771695137024,0.29776015877723694,0.6310850977897644,0.29320308566093445,0.581006646156311,0.29872623085975647,0.6297020316123962,0.30160170793533325,0.6616259217262268,0.27207818627357483,0.6526070237159729,0.2754613161087036,0.6164215803146362,0.28210335969924927,0.6527698040008545,0.2836820185184479,0.6802152395248413,R
0.2939797639846802,0.7684957981109619,0.32720014452934265,0.7370624542236328,0.34218573570251465,0.6813117265701294,0.31927967071533203,0.635711669921875,0.29547053575515747,0.6025488972663879,0.34715503454208374,0.622037410736084,0.34220999479293823,0.5636746883392334,0.33355841040611267,0.5238770246505737,0.3234224021434784,0.48852938413619995,0.3231774866580963,0.6182877421379089,0.3321337103843689,0.5465588569641113,0.3372640311717987,0.5085569620132446,0.33926355838775635,0.47527098655700684,0.2978980541229248,0.6296132802963257,0.29284319281578064,0.5828601717948914,0.29813581705093384,0.6301510334014893,0.3013092577457428,0.6602668762207031,0.27221202850341797,0.6508705019950867,0.274258553981781,0.616185188293457,0.2801877558231354,0.6509357690811157,0.2813499867916107,0.6757599711418152,R
0.29370391368865967,0.7689688205718994,0.32579129934310913,0.7382364273071289,0.3410332202911377,0.6834239959716797,0.31762126088142395,0.6394827365875244,0.29296037554740906,0.6064978837966919,0.3459149897098541,0.6214472055435181,0.3405596613883972,0.5636208653450012,0.33163487911224365,0.5233052968978882,0.321088582277298,0.48754844069480896,0.3221379816532135,0.617458701133728,0.33080294728279114,0.5453457832336426,0.3356185853481293,0.5079150795936584,0.33700525760650635,0.4758058190345764,0.29716476798057556,0.6289234757423401,0.2913905084133148,0.5828813314437866,0.2969593405723572,0.6317691206932068,0.30035802721977234,0.6630664467811584,0.27197110652923584,0.6507638096809387,0.27341195940971375,0.6171268820762634,0.2804775834083557,0.6535909175872803,0.2830495536327362,0.6797597408294678,R
0.2930435836315155,0.7699271440505981,0.3261618912220001,0.7365308403968811,0.34139201045036316,0.6807619333267212,0.31774598360061646,0.6344723105430603,0.29371377825737,0.5997903347015381,0.34696274995803833,0.6208729147911072,0.3409871757030487,0.5629720687866211,0.3318590521812439,0.5228233337402344,0.3213196396827698,0.4873496890068054,0.32290980219841003,0.6174190044403076,0.33111780881881714,0.5449193716049194,0.33564579486846924,0.5080198049545288,0.33697593212127686,0.47727781534194946,0.2975846529006958,0.6290560960769653,0.2920527756214142,0.5857840776443481,0.29701828956604004,0.6347783803939819,0.3001105785369873,0.6656672358512878,0.27143242955207825,0.6507178544998169,0.2732071876525879,0.6180935502052307,0.2787328362464905,0.6550596356391907,0.2800826132297516,0.6807579398155212,R
0.29316192865371704,0.768007218837738,0.3263193964958191,0.7356420755386353,0.3408454358577728,0.6806870102882385,0.3186376690864563,0.6346545815467834,0.2950149178504944,0.6000635623931885,0.34706464409828186,0.6197816729545593,0.34172990918159485,0.5625640749931335,0.33309805393218994,0.5226094722747803,0.32284942269325256,0.4871324300765991,0.32340744137763977,0.6159453988075256,0.3316235840320587,0.5437638759613037,0.33592015504837036,0.5064466595649719,0.33735260367393494,0.47515997290611267,0.29823577404022217,0.6274287700653076,0.29227331280708313,0.5841253995895386,0.29737943410873413,0.6315792202949524,0.3011336028575897,0.6621834635734558,0.27246013283729553,0.6490945816040039,0.2737673819065094,0.6179236173629761,0.2799128592014313,0.6546053290367126,0.2821462154388428,0.6810668110847473,R
0.2924208641052246,0.7680078744888306,0.3255312740802765,0.7351270318031311,0.3404058814048767,0.679920494556427,0.3162732422351837,0.6362186074256897,0.29176580905914307,0.6037647724151611,0.3450057804584503,0.6185060143470764,0.33971676230430603,0.5612393021583557,0.3307817876338959,0.5216492414474487,0.3202528655529022,0.4865342080593109,0.32103899121284485,0.6149731874465942,0.3298698961734772,0.5430318117141724,0.33438146114349365,0.5060869455337524,0.33566340804100037,0.4746503233909607,0.29566457867622375,0.6267426609992981,0.2896326184272766,0.5811295509338379,0.2954184412956238,0.630578339099884,0.29922616481781006,0.661597728729248,0.27032238245010376,0.6489511728286743,0.27140316367149353,0.6152806878089905,0.27825456857681274,0.6519730687141418,0.2806023359298706,0.6780226230621338,R
0.29215002059936523,0.7693021893501282,0.32534298300743103,0.7362630367279053,0.339949369430542,0.6804597973823547,0.31613677740097046,0.6343044638633728,0.29225054383277893,0.5994558334350586,0.346132755279541,0.6200632452964783,0.33997148275375366,0.5614848136901855,0.33117151260375977,0.521634578704834,0.32105475664138794,0.4862227737903595,0.3220769166946411,0.6165265440940857,0.3305916488170624,0.5430535078048706,0.3347527086734772,0.5062394738197327,0.3356914520263672,0.47542518377304077,0.29688161611557007,0.6279457807540894,0.29109427332878113,0.5835546255111694,0.29603111743927,0.6323451995849609,0.29929032921791077,0.6631003022193909,0.27099430561065674,0.6496150493621826,0.2724277079105377,0.6172420382499695,0.2788158059120178,0.655301034450531,0.2812093198299408,0.6824753284454346,R
0.29082950949668884,0.7703259587287903,0.3240804076194763,0.7377424240112305,0.3393595814704895,0.6837573647499084,0.3168419599533081,0.6384165287017822,0.2924995720386505,0.6043844819068909,0.34504371881484985,0.6218686103820801,0.3401320278644562,0.5639755725860596,0.331529438495636,0.5242390632629395,0.3214360773563385,0.48899519443511963,0.32146188616752625,0.617988646030426,0.3302856683731079,0.5454932451248169,0.334811806678772,0.507909893989563,0.336174339056015,0.4760940670967102,0.2962135970592499,0.629222571849823,0.29081517457962036,0.5849998593330383,0.2966143488883972,0.6340785622596741,0.3003280460834503,0.6653804183006287,0.2702670991420746,0.650835394859314,0.2725270092487335,0.6181139349937439,0.279331237077713,0.6551660895347595,0.28179091215133667,0.68172287940979,R
0.29175084829330444,0.7695844173431396,0.3263728618621826,0.7362462878227234,0.3409143388271332,0.681843101978302,0.318753182888031,0.6361318230628967,0.2948392331600189,0.6024577021598816,0.3458905518054962,0.6210973858833313,0.34114688634872437,0.5631638765335083,0.3331199884414673,0.5233193039894104,0.3236449658870697,0.48801517486572266,0.3221173584461212,0.6171649098396301,0.3310115337371826,0.5453211069107056,0.33573582768440247,0.5081280469894409,0.3375767171382904,0.4770243763923645,0.29671841859817505,0.6285507678985596,0.29122328758239746,0.5838913917541504,0.29616832733154297,0.6314948797225952,0.29982197284698486,0.6632842421531677,0.27030181884765625,0.6501044034957886,0.2717345952987671,0.6184526085853577,0.27881407737731934,0.6546258330345154,0.28236818313598633,0.6815188527107239,R
0.2919342517852783,0.7711752653121948,0.3260577917098999,0.7383378744125366,0.341286301612854,0.6827400922775269,0.3195066452026367,0.6368014216423035,0.2954656481742859,0.6025071144104004,0.3466366231441498,0.6208418011665344,0.34187954664230347,0.5630441308021545,0.3339376747608185,0.5226796269416809,0.3243998885154724,0.4872317314147949,0.3225959241390228,0.6169121861457825,0.3315823972225189,0.5449687242507935,0.3364109694957733,0.5080824494361877,0.33794671297073364,0.47743070125579834,0.2968798577785492,0.6284530758857727,0.29190579056739807,0.5828728675842285,0.2967197299003601,0.6315737962722778,0.29991742968559265,0.6631888151168823,0.27018091082572937,0.650460422039032,0.2721077501773834,0.6177740097045898,0.2785579264163971,0.6548627018928528,0.2811974287033081,0.6815080046653748,R
0.29079219698905945,0.7702234983444214,0.3252469003200531,0.7387860417366028,0.3413049876689911,0.6838217377662659,0.3179668188095093,0.636669933795929,0.2934417426586151,0.6024060249328613,0.3465360999107361,0.6230563521385193,0.3416009247303009,0.5641794204711914,0.33365896344184875,0.5240085124969482,0.3241400122642517,0.4884944558143616,0.3227345943450928,0.6190447807312012,0.3319006562232971,0.5454775094985962,0.33649250864982605,0.509065568447113,0.33771660923957825,0.4784708023071289,0.2975107729434967,0.629884660243988,0.29190754890441895,0.5852633714675903,0.2972174286842346,0.6341260671615601,0.3007920980453491,0.664767861366272,0.2712065875530243,0.6509521007537842,0.2731953561306,0.6205934882164001,0.2802557051181793,0.6589274406433105,0.2831130027770996,0.6860238313674927,R
0.2933984696865082,0.7692332863807678,0.3265807628631592,0.7371318340301514,0.34171178936958313,0.6814953684806824,0.3196653425693512,0.6355034708976746,0.2949123978614807,0.601725161075592,0.3471391201019287,0.6215717792510986,0.34281453490257263,0.5634517669677734,0.33500880002975464,0.5241239666938782,0.3251601457595825,0.4884326457977295,0.3234330713748932,0.6174866557121277,0.33317723870277405,0.5449861884117126,0.3383326828479767,0.5092284679412842,0.3399617373943329,0.4781552851200104,0.2977645695209503,0.6284680366516113,0.2924659848213196,0.5833634734153748,0.29724550247192383,0.6322073340415955,0.3006931245326996,0.663260817527771,0.2711026072502136,0.649424135684967,0.2728513479232788,0.6195806860923767,0.2791796922683716,0.6570093035697937,0.2816941440105438,0.6828952431678772,R
0.2931286096572876,0.7671225070953369,0.3266820013523102,0.7358394265174866,0.34269773960113525,0.6809147000312805,0.31895849108695984,0.6356744766235352,0.29519161581993103,0.6008824110031128,0.3491387963294983,0.6210560202598572,0.3436591923236847,0.5633538365364075,0.3351626992225647,0.5236115455627441,0.32527410984039307,0.4881296753883362,0.3250430226325989,0.6165462136268616,0.33376678824424744,0.5444278717041016,0.3384053707122803,0.5081892013549805,0.33999964594841003,0.4776455760002136,0.2996428906917572,0.6273410320281982,0.2936244308948517,0.5831866264343262,0.29868724942207336,0.6319776177406311,0.3023012578487396,0.6624568700790405,0.27341440320014954,0.6483510732650757,0.27439069747924805,0.618097186088562,0.2809811532497406,0.6557701230049133,0.2837388813495636,0.6818438172340393,R
0.2936632037162781,0.7658259272575378,0.3259153664112091,0.7353482842445374,0.3419240713119507,0.6807524561882019,0.3184945285320282,0.6352254748344421,0.29454007744789124,0.6013410687446594,0.34719574451446533,0.6205548644065857,0.3426670432090759,0.5619145631790161,0.33483392000198364,0.5220174789428711,0.3247126638889313,0.4860683083534241,0.32353323698043823,0.6168583035469055,0.33366715908050537,0.5435375571250916,0.3391425609588623,0.507488489151001,0.3407588303089142,0.47596198320388794,0.2982858419418335,0.6279786825180054,0.2928111255168915,0.5827715992927551,0.2983531653881073,0.6316143870353699,0.3021129071712494,0.6610957384109497,0.2723296284675598,0.6491100788116455,0.273362398147583,0.617229700088501,0.27999958395957947,0.653997540473938,0.2821981906890869,0.6788111329078674,R
0.29423433542251587,0.7658862471580505,0.32746443152427673,0.73342365026474,0.3428448438644409,0.6783600449562073,0.3198378384113312,0.6328642964363098,0.29592540860176086,0.5988031625747681,0.34854602813720703,0.6181989312171936,0.34400126338005066,0.5612188577651978,0.3360172212123871,0.5216382145881653,0.32621249556541443,0.4863396883010864,0.32459232211112976,0.6143391132354736,0.33431166410446167,0.5427213907241821,0.339124858379364,0.5065856575965881,0.34042903780937195,0.4756016731262207,0.29919594526290894,0.6259027719497681,0.293435275554657,0.5793700218200684,0.29856494069099426,0.627606213092804,0.30229485034942627,0.6584569215774536,0.273101806640625,0.647918164730072,0.2734796106815338,0.6161998510360718,0.2801654636859894,0.6521919965744019,0.28321540355682373,0.6772894859313965,R
0.29315584897994995,0.7636495232582092,0.3269508481025696,0.7314535975456238,0.3421802818775177,0.6770074367523193,0.31949084997177124,0.63113933801651,0.29537761211395264,0.5971624255180359,0.3481360375881195,0.6166121363639832,0.3438488841056824,0.5594441294670105,0.3359501361846924,0.5200609564781189,0.32627058029174805,0.4846612215042114,0.32424822449684143,0.6124042272567749,0.3337119221687317,0.5408319234848022,0.3383089005947113,0.5042465329170227,0.33978575468063354,0.47291621565818787,0.2987409234046936,0.6235949993133545,0.29300564527511597,0.5787062048912048,0.2982034385204315,0.6271505951881409,0.302274227142334,0.6576990485191345,0.272506445646286,0.6455384492874146,0.27303358912467957,0.615139365196228,0.2802560329437256,0.6519376039505005,0.2839064300060272,0.6776843667030334,R
0.29424411058425903,0.7642489671707153,0.3278825283050537,0.7312449216842651,0.34267982840538025,0.6760134696960449,0.31968000531196594,0.6303669810295105,0.2958650588989258,0.5966475009918213,0.34907829761505127,0.6163747310638428,0.344301700592041,0.5592570304870605,0.3356577455997467,0.5192856192588806,0.3254280388355255,0.4833608865737915,0.3249988257884979,0.6121656894683838,0.3345508277416229,0.5412315726280212,0.33898845314979553,0.5044869184494019,0.3402952551841736,0.47296497225761414,0.29965507984161377,0.6238327622413635,0.29313960671424866,0.5771843791007996,0.29836592078208923,0.6238918304443359,0.3024960458278656,0.6545972228050232,0.2740534543991089,0.6463177800178528,0.273377001285553,0.6137917041778564,0.2802748680114746,0.648575484752655,0.28381529450416565,0.674319863319397,R
0.2945215702056885,0.7641574144363403,0.32770851254463196,0.7323118448257446,0.34315186738967896,0.6774066686630249,0.31990575790405273,0.632052481174469,0.296176016330719,0.5979697108268738,0.3486146032810211,0.6176643967628479,0.343976229429245,0.5601363778114319,0.33550673723220825,0.5208684802055359,0.32543689012527466,0.48518967628479004,0.32473325729370117,0.6134455800056458,0.3341471552848816,0.541637659072876,0.33873897790908813,0.5055364370346069,0.3402436375617981,0.4738397002220154,0.29958343505859375,0.6245710253715515,0.29332980513572693,0.5784757137298584,0.29872196912765503,0.626745343208313,0.3028562366962433,0.6570335626602173,0.27387911081314087,0.6463602185249329,0.2737526297569275,0.6148326396942139,0.28043824434280396,0.6514841318130493,0.2835173010826111,0.6772391200065613,R
0.2940220236778259,0.7662435173988342,0.3260805904865265,0.7342852354049683,0.3413984179496765,0.6796088814735413,0.31929048895835876,0.6347302794456482,0.29554298520088196,0.6012647151947021,0.34717249870300293,0.6187546253204346,0.3429355025291443,0.5614657998085022,0.33423715829849243,0.522089421749115,0.32356375455856323,0.48604416847229004,0.32352009415626526,0.6150418519973755,0.3340010344982147,0.5429574251174927,0.3387220501899719,0.5073645710945129,0.34005194902420044,0.47590750455856323,0.29811790585517883,0.6264734864234924,0.29280975461006165,0.5800580978393555,0.2979389727115631,0.6290045976638794,0.3017936050891876,0.6586766242980957,0.27214059233665466,0.6492354273796082,0.2722107172012329,0.6163166761398315,0.279514878988266,0.6524103283882141,0.28273579478263855,0.6774507761001587,R
0.293486624956131,0.7656497359275818,0.3271005153656006,0.732874870300293,0.34174931049346924,0.6775321960449219,0.3191966414451599,0.632255494594574,0.29487282037734985,0.5990092158317566,0.346839040517807,0.6179152727127075,0.3418393135070801,0.5597316026687622,0.33367857336997986,0.520050585269928,0.32404956221580505,0.48454976081848145,0.32274651527404785,0.6143088936805725,0.3323230743408203,0.5414364337921143,0.3377014398574829,0.5047523379325867,0.33972427248954773,0.4732288718223572,0.29736822843551636,0.6261906027793884,0.29188910126686096,0.5783176422119141,0.29743945598602295,0.6270830631256104,0.3013782203197479,0.6584739685058594,0.27133435010910034,0.6488056182861328,0.27173367142677307,0.6146302819252014,0.2789829671382904,0.6508172154426575,0.2822716236114502,0.6770675182342529,R
0.2934776246547699,0.7661272883415222,0.3270060122013092,0.7330673933029175,0.34149497747421265,0.6778412461280823,0.3175603747367859,0.6320415139198303,0.29370006918907166,0.5984342694282532,0.3475469946861267,0.6189178824424744,0.34237003326416016,0.5614956021308899,0.3339462876319885,0.5222265124320984,0.32396039366722107,0.4868796467781067,0.32368069887161255,0.614719808101654,0.3334020972251892,0.5425522923469543,0.3379211127758026,0.5063515901565552,0.3388812243938446,0.4753466844558716,0.2986556887626648,0.6258951425552368,0.29275208711624146,0.5786784291267395,0.297953337430954,0.6266307830810547,0.30164897441864014,0.6570144295692444,0.27293860912323,0.6476024389266968,0.2732020914554596,0.614500880241394,0.2800925374031067,0.6503893733024597,0.2833317816257477,0.67596834897995,R
0.2948436737060547,0.7659217715263367,0.3283894956111908,0.7332826852798462,0.34287694096565247,0.6788675785064697,0.32068681716918945,0.6340243220329285,0.29676690697669983,0.6010169386863708,0.3475970923900604,0.6183324456214905,0.3427988886833191,0.5608298182487488,0.33439263701438904,0.5215332508087158,0.3245180547237396,0.4859551191329956,0.32361504435539246,0.6142202019691467,0.33297064900398254,0.5425823330879211,0.3378676772117615,0.5063145160675049,0.339682936668396,0.4754326343536377,0.29812660813331604,0.6259713172912598,0.29342010617256165,0.5767379999160767,0.29848119616508484,0.6246844530105591,0.3020521104335785,0.6564255356788635,0.27200737595558167,0.6487601399421692,0.27262237668037415,0.6150584816932678,0.2797415554523468,0.6510810852050781,0.2829958200454712,0.6780282855033875,R
0.29365378618240356,0.7662425637245178,0.3271268308162689,0.7335410118103027,0.34239885210990906,0.6780394315719604,0.3189978301525116,0.6318128705024719,0.2950356900691986,0.5973017811775208,0.34839537739753723,0.6193114519119263,0.34284526109695435,0.5616472959518433,0.3342093825340271,0.5221496820449829,0.32396218180656433,0.48659592866897583,0.32430529594421387,0.6149884462356567,0.3337864279747009,0.54304039478302,0.33854928612709045,0.5068826079368591,0.3396868109703064,0.4767054319381714,0.2990304231643677,0.6258800029754639,0.2931133210659027,0.5803055167198181,0.2982182502746582,0.6289465427398682,0.3018023371696472,0.6599329113960266,0.2729734480381012,0.6470685601234436,0.2733704149723053,0.6150534152984619,0.2802298367023468,0.6519250869750977,0.2834041118621826,0.6781877279281616,R
0.2936807870864868,0.7664197683334351,0.32694822549819946,0.7345316410064697,0.3417237102985382,0.6789702773094177,0.31864264607429504,0.6336658000946045,0.2951381206512451,0.599506676197052,0.34684380888938904,0.6188821196556091,0.34217098355293274,0.5613985657691956,0.33388254046440125,0.5215807557106018,0.32351234555244446,0.48590022325515747,0.32307302951812744,0.6151162385940552,0.33340853452682495,0.5426416397094727,0.3383777141571045,0.5064674615859985,0.3395889401435852,0.4761822819709778,0.29777801036834717,0.6265201568603516,0.29267430305480957,0.5791829228401184,0.29762670397758484,0.6279909610748291,0.30108287930488586,0.6587452292442322,0.27146339416503906,0.6486274600028992,0.27216440439224243,0.6148601174354553,0.2789531946182251,0.651746392250061,0.28168028593063354,0.6781618595123291,R
0.29353606700897217,0.767434298992157,0.32728251814842224,0.7349613308906555,0.3433237373828888,0.6794596910476685,0.31987741589546204,0.6339089870452881,0.29511183500289917,0.6005876660346985,0.3475261330604553,0.6198521256446838,0.3424074053764343,0.5624461770057678,0.3335139751434326,0.5230515003204346,0.32319942116737366,0.48713618516921997,0.3233785629272461,0.6156530976295471,0.3329886198043823,0.5439447164535522,0.3380544185638428,0.508194088935852,0.3398268222808838,0.47598177194595337,0.2979259192943573,0.6268236041069031,0.2926841676235199,0.5804184675216675,0.2990287244319916,0.6299551725387573,0.30330541729927063,0.6601763367652893,0.27183228731155396,0.6490650773048401,0.2720429003238678,0.6159985661506653,0.2800033688545227,0.6520441174507141,0.2835122048854828,0.6771664023399353,R
0.293458491563797,0.7651358246803284,0.3267590403556824,0.7329434156417847,0.34210649132728577,0.6792243719100952,0.31899482011795044,0.6340356469154358,0.2945135831832886,0.6015292406082153,0.34721118211746216,0.6184780597686768,0.3427185118198395,0.5612298250198364,0.33463752269744873,0.5217652916908264,0.3248210549354553,0.4864092469215393,0.323172003030777,0.6142572164535522,0.3327714502811432,0.5424927473068237,0.3373278081417084,0.5059704184532166,0.33867427706718445,0.4746774435043335,0.29780930280685425,0.6254326701164246,0.29147273302078247,0.5796418786048889,0.29645466804504395,0.6273901462554932,0.30046015977859497,0.6583274006843567,0.27174752950668335,0.6469329595565796,0.27101513743400574,0.6150363087654114,0.2776479721069336,0.6509802937507629,0.2810050845146179,0.6769586205482483,R
0.29410868883132935,0.7638199329376221,0.3269643187522888,0.7320789694786072,0.34266600012779236,0.6784467101097107,0.3190552890300751,0.633574366569519,0.29507336020469666,0.600362241268158,0.3473386764526367,0.617961049079895,0.3425530791282654,0.5614522695541382,0.3337976932525635,0.522168755531311,0.32338279485702515,0.48652318120002747,0.323219895362854,0.6134107708930969,0.33322131633758545,0.5424351692199707,0.3380809426307678,0.5064290165901184,0.33973681926727295,0.47493088245391846,0.29777172207832336,0.6243866086006165,0.29282939434051514,0.5775717496871948,0.2980594038963318,0.6252277493476868,0.30185386538505554,0.655627965927124,0.2717856168746948,0.646252453327179,0.27206119894981384,0.615071177482605,0.27937909960746765,0.6502068638801575,0.2829727232456207,0.6749802231788635,R
0.29463711380958557,0.7681523561477661,0.327401727437973,0.7359366416931152,0.3428002595901489,0.6801471710205078,0.31917980313301086,0.6350218057632446,0.2951846420764923,0.6014726758003235,0.34802666306495667,0.620414674282074,0.34317144751548767,0.5630210638046265,0.33448296785354614,0.5238726735115051,0.3242111802101135,0.4879639446735382,0.32394397258758545,0.6158658266067505,0.3341149389743805,0.5448089241981506,0.33901992440223694,0.5089142322540283,0.3405066430568695,0.4761703610420227,0.2985113561153412,0.6268149614334106,0.2933664917945862,0.5784264206886292,0.2990821301937103,0.6278554797172546,0.3030411899089813,0.6583484411239624,0.27257150411605835,0.6490598917007446,0.2726913392543793,0.6157404780387878,0.2801816761493683,0.6517195701599121,0.28349384665489197,0.6769019365310669,R
0.29392698407173157,0.7684859037399292,0.3273109197616577,0.7350797057151794,0.34191450476646423,0.6804047226905823,0.32003360986709595,0.6360723376274109,0.2962893843650818,0.6028574109077454,0.34750017523765564,0.6185460090637207,0.3425073027610779,0.5613136291503906,0.3340359628200531,0.5221045017242432,0.32420802116394043,0.48671257495880127,0.3229568302631378,0.6139886379241943,0.3324548006057739,0.5427209734916687,0.3376303017139435,0.5061891078948975,0.33960244059562683,0.47568678855895996,0.2972787916660309,0.6256190538406372,0.29182812571525574,0.5777235627174377,0.2965683937072754,0.6262816786766052,0.3001771867275238,0.6583625674247742,0.2713600695133209,0.6482792496681213,0.2710125744342804,0.6144371628761292,0.2774233818054199,0.6504458785057068,0.28093865513801575,0.6769163012504578,R
0.2940245270729065,0.7673237919807434,0.32691246271133423,0.7361692190170288,0.3426814079284668,0.6813126802444458,0.3186553418636322,0.635776162147522,0.2942417860031128,0.601966917514801,0.3466939330101013,0.620176374912262,0.3418102562427521,0.5625051856040955,0.3332388401031494,0.5231829881668091,0.3231523931026459,0.4877798557281494,0.3225230574607849,0.6158320903778076,0.3324228823184967,0.5426300168037415,0.33773574233055115,0.506928563117981,0.3394821286201477,0.4764500856399536,0.2973651885986328,0.6271308064460754,0.29266810417175293,0.5794299244880676,0.2985635995864868,0.6283484697341919,0.30232614278793335,0.6591306328773499,0.27172142267227173,0.6490159630775452,0.2719671130180359,0.6152998805046082,0.2793836295604706,0.6518163084983826,0.28265380859375,0.6778362989425659,R
0.2935178577899933,0.7671295404434204,0.32629209756851196,0.7353260517120361,0.3414946496486664,0.6807582974433899,0.31864088773727417,0.6358417272567749,0.294634610414505,0.6022584438323975,0.3463812470436096,0.6195727586746216,0.34167131781578064,0.5618329048156738,0.33336418867111206,0.5230754613876343,0.3233852684497833,0.4879685044288635,0.32243478298187256,0.6153396368026733,0.3326249122619629,0.5434384942054749,0.33750492334365845,0.5076144933700562,0.3388727307319641,0.47713643312454224,0.2971438467502594,0.6263282895088196,0.29177772998809814,0.5807822942733765,0.2968749403953552,0.6303830146789551,0.300619900226593,0.6619129776954651,0.271115243434906,0.648134708404541,0.2716379761695862,0.6158174276351929,0.2781582474708557,0.6536753177642822,0.28117889165878296,0.6806533336639404,R
0.2941949963569641,0.7673792839050293,0.32805293798446655,0.7336212396621704,0.3428524136543274,0.679287314414978,0.31995508074760437,0.6345409154891968,0.2957723140716553,0.6024448871612549,0.34775248169898987,0.6189648509025574,0.3428015112876892,0.562149703502655,0.33426398038864136,0.5230103731155396,0.3242729902267456,0.48762303590774536,0.32333749532699585,0.6145857572555542,0.33331143856048584,0.5436173677444458,0.33809182047843933,0.5076436996459961,0.3397514522075653,0.4769115447998047,0.2976004183292389,0.6260517835617065,0.29294493794441223,0.5775923728942871,0.29772841930389404,0.6264274716377258,0.3013448715209961,0.6593950986862183,0.2713186740875244,0.6489700675010681,0.2715544104576111,0.6151061654090881,0.2788271903991699,0.6512539386749268,0.28277331590652466,0.678778350353241,R
0.2935921251773834,0.7663485407829285,0.3268001675605774,0.7343734502792358,0.34239816665649414,0.6797853112220764,0.3194326162338257,0.6340484023094177,0.29548558592796326,0.599992036819458,0.34842395782470703,0.6195924878120422,0.3430667519569397,0.5624909996986389,0.33440014719963074,0.5238196849822998,0.3243134319782257,0.48888882994651794,0.32397323846817017,0.6148815155029297,0.3329041302204132,0.5439081192016602,0.337656706571579,0.5078035593032837,0.3393567204475403,0.4767686128616333,0.29841503500938416,0.625702440738678,0.2934030592441559,0.579287052154541,0.2984158396720886,0.6271692514419556,0.3019377291202545,0.6578840017318726,0.2724420726299286,0.6468191146850586,0.27289557456970215,0.6148762106895447,0.27933943271636963,0.6508223414421082,0.2821730971336365,0.6766652464866638,R
0.2936331331729889,0.7664958238601685,0.32679760456085205,0.7338185906410217,0.34176331758499146,0.6796686053276062,0.31910884380340576,0.6351450085639954,0.29533788561820984,0.6018425822257996,0.34711363911628723,0.619670569896698,0.34270337224006653,0.5624758005142212,0.33401283621788025,0.5229464769363403,0.32334262132644653,0.4869271516799927,0.32315072417259216,0.6153948903083801,0.3334703743457794,0.5438898801803589,0.3382973074913025,0.5076735019683838,0.33969470858573914,0.47643107175827026,0.2978886067867279,0.6265223026275635,0.29190725088119507,0.5792226195335388,0.29682236909866333,0.6270913481712341,0.3008551299571991,0.6580541729927063,0.2720816731452942,0.6481889486312866,0.27093154191970825,0.6153578162193298,0.2777823209762573,0.6503031253814697,0.28159210085868835,0.6753449440002441,R
0.2942381203174591,0.7670016288757324,0.32805317640304565,0.7330312728881836,0.34238260984420776,0.67876136302948,0.3191114664077759,0.6342081427574158,0.295529842376709,0.6012572646141052,0.3474932312965393,0.6191150546073914,0.3422081172466278,0.5621129274368286,0.3336373567581177,0.5229790210723877,0.32362401485443115,0.4875807464122772,0.3230939209461212,0.6151847839355469,0.33302679657936096,0.543572723865509,0.33793210983276367,0.5082197189331055,0.33955371379852295,0.47793176770210266,0.2974787652492523,0.6269333958625793,0.29276037216186523,0.5775977373123169,0.297498881816864,0.6259239912033081,0.3009687066078186,0.6577796936035156,0.27118974924087524,0.6497746109962463,0.2712225615978241,0.6146660447120667,0.27815747261047363,0.6502783894538879,0.2815884053707123,0.676795244216919,R
0.29369398951530457,0.7683627009391785,0.32705816626548767,0.7342411875724792,0.34198901057243347,0.6796921491622925,0.3187193274497986,0.6354140639305115,0.2949584722518921,0.6034265160560608,0.3469424843788147,0.6200212836265564,0.3420979976654053,0.5627106428146362,0.3334723711013794,0.5238189697265625,0.3234993815422058,0.48854178190231323,0.32288944721221924,0.6161644458770752,0.3326575458049774,0.5451087951660156,0.3375115990638733,0.5095422863960266,0.33936387300491333,0.47838208079338074,0.2975861728191376,0.6277353763580322,0.29223161935806274,0.5807448625564575,0.2974424660205841,0.6288072466850281,0.30134817957878113,0.6595591902732849,0.2717210352420807,0.6498780250549316,0.2708539366722107,0.6154341101646423,0.2777164876461029,0.6505810618400574,0.2811388373374939,0.6763454675674438,R
0.2932696044445038,0.7682090401649475,0.328010231256485,0.7342698574066162,0.3416379988193512,0.6793763041496277,0.3189268708229065,0.6348640322685242,0.29558637738227844,0.6016440391540527,0.3470284342765808,0.6194720268249512,0.3423183858394623,0.5626242756843567,0.3340047001838684,0.5233467221260071,0.3245098888874054,0.48766711354255676,0.32269904017448425,0.6147580742835999,0.33232277631759644,0.5444318056106567,0.33703842759132385,0.5085713863372803,0.33874303102493286,0.47801733016967773,0.2971470057964325,0.6260627508163452,0.2926826477050781,0.5777457356452942,0.29719075560569763,0.6264349818229675,0.3004749119281769,0.659183919429779,0.2709769904613495,0.6486771702766418,0.2713785171508789,0.6147041320800781,0.27845925092697144,0.6508272886276245,0.2824597656726837,0.6782892942428589,R
0.2928342819213867,0.7666960954666138,0.32770758867263794,0.7337329387664795,0.3421889841556549,0.677679717540741,0.3188968002796173,0.6331449151039124,0.29466894268989563,0.6007195115089417,0.34797537326812744,0.6182463765144348,0.3428966999053955,0.5610294342041016,0.3346160352230072,0.5216453075408936,0.324876993894577,0.4864843487739563,0.3235059976577759,0.6144261360168457,0.33270877599716187,0.5428009033203125,0.3377934694290161,0.5069422721862793,0.339537650346756,0.4764900803565979,0.29783061146736145,0.6260779500007629,0.29251420497894287,0.5788567066192627,0.29801952838897705,0.6278010010719299,0.3018185496330261,0.6587791442871094,0.27154725790023804,0.6482335329055786,0.2715396583080292,0.614143967628479,0.2790483832359314,0.6499547362327576,0.28267332911491394,0.6757980585098267,R
0.29385653138160706,0.7670696973800659,0.3282736837863922,0.7344006896018982,0.34310248494148254,0.6797406077384949,0.3200925588607788,0.6341160535812378,0.2960529923439026,0.6008028984069824,0.34720543026924133,0.6195737719535828,0.342543363571167,0.5627055168151855,0.33400970697402954,0.5232357978820801,0.32383090257644653,0.48724988102912903,0.32291269302368164,0.6147539019584656,0.3332424461841583,0.5435029864311218,0.3384682536125183,0.506951630115509,0.3400691747665405,0.47585195302963257,0.2973959743976593,0.6257433891296387,0.29233354330062866,0.5764423608779907,0.297393798828125,0.6248840689659119,0.3009437024593353,0.6574919819831848,0.271211713552475,0.6474971175193787,0.2712213099002838,0.6129189133644104,0.27846455574035645,0.6484463214874268,0.2821645736694336,0.6755980849266052,R
0.29362109303474426,0.766584038734436,0.32733434438705444,0.7339873909950256,0.3426710367202759,0.6795141100883484,0.3196319043636322,0.6349337100982666,0.2953716516494751,0.6021414995193481,0.34770071506500244,0.6191161870956421,0.3429698348045349,0.5621424913406372,0.3344675302505493,0.5234998464584351,0.3246535360813141,0.4883807301521301,0.3233252167701721,0.6148413419723511,0.3327484726905823,0.5441908240318298,0.3377473056316376,0.5081536173820496,0.33964356780052185,0.4770885109901428,0.2979243993759155,0.626321017742157,0.2921364903450012,0.5792722702026367,0.2975288927555084,0.6271044015884399,0.3014986515045166,0.6580646634101868,0.2720303237438202,0.6481455564498901,0.27129876613616943,0.6144168376922607,0.2783803939819336,0.6496932506561279,0.2819536626338959,0.6756883859634399,R
