0.29351502656936646,0.7675478458404541,0.33101871609687805,0.7531735897064209,0.3583543002605438,0.7238340973854065,0.3481624126434326,0.6971702575683594,0.3259468972682953,0.6778063178062439,0.35040146112442017,0.6183256506919861,0.35647767782211304,0.5467545986175537,0.35896456241607666,0.5017656683921814,0.35866060853004456,0.46520769596099854,0.31858181953430176,0.6210709810256958,0.3170422315597534,0.5924022793769836,0.31637364625930786,0.6385450959205627,0.3161991834640503,0.675045907497406,0.289900541305542,0.630648672580719,0.2865945100784302,0.6052979826927185,0.2906954884529114,0.6463753581047058,0.2929694652557373,0.6782757639884949,0.2629573345184326,0.6453734636306763,0.2629782259464264,0.61732017993927,0.2705153226852417,0.6472456455230713,0.2754235863685608,0.6737580895423889,D
0.2936415374279022,0.7683663964271545,0.3308061361312866,0.7544832825660706,0.3583524823188782,0.7244634032249451,0.3481186628341675,0.6975469589233398,0.3263118863105774,0.6783146858215332,0.35061323642730713,0.6186930537223816,0.3565616309642792,0.5471740365028381,0.35886356234550476,0.5021779537200928,0.3582026958465576,0.4649689793586731,0.3189603388309479,0.6207683086395264,0.31742942333221436,0.5923824310302734,0.31644368171691895,0.6391867399215698,0.31565847992897034,0.675588846206665,0.29050278663635254,0.6301525235176086,0.28749290108680725,0.6044817566871643,0.2911890149116516,0.6467126607894897,0.2927391529083252,0.6785796880722046,0.26355084776878357,0.6448372602462769,0.26402395963668823,0.6167944669723511,0.27119168639183044,0.6478096842765808,0.2756328284740448,0.6743066310882568,D
0.2923479974269867,0.7683224678039551,0.32983890175819397,0.7543275356292725,0.35727375745773315,0.7254493832588196,0.3469822108745575,0.6986454129219055,0.3243611752986908,0.6796348094940186,0.3484070897102356,0.6199049949645996,0.3536338806152344,0.5488051772117615,0.35527074337005615,0.5039330720901489,0.354408860206604,0.467553973197937,0.3169997036457062,0.6226704716682434,0.31518280506134033,0.5946887731552124,0.31400802731513977,0.641287624835968,0.31327345967292786,0.6772780418395996,0.28870755434036255,0.6323681473731995,0.28476306796073914,0.6076417565345764,0.2886258065700531,0.6495180130004883,0.2905119061470032,0.6802754998207092,0.2618856430053711,0.647145688533783,0.26167845726013184,0.619640588760376,0.2688373923301697,0.6504594087600708,0.27328410744667053,0.6762097477912903,D
0.291858971118927,0.7703045606613159,0.3297206461429596,0.7563600540161133,0.35706356167793274,0.7263072729110718,0.34711819887161255,0.6991321444511414,0.3236673176288605,0.6814801096916199,0.3473939895629883,0.6203595399856567,0.3532421588897705,0.5505370497703552,0.35540100932121277,0.5058332681655884,0.3547109365463257,0.46953967213630676,0.31619298458099365,0.6226595640182495,0.31431275606155396,0.5942521691322327,0.3136085569858551,0.6411207914352417,0.31339389085769653,0.6773400902748108,0.2880649268627167,0.6326392889022827,0.2845175266265869,0.6082028746604919,0.28859710693359375,0.6502358317375183,0.2904689908027649,0.6809942126274109,0.26124346256256104,0.6479473114013672,0.26144370436668396,0.6198810935020447,0.26865872740745544,0.6507580876350403,0.27295249700546265,0.676628828048706,D
0.29665523767471313,0.7743357419967651,0.33306536078453064,0.7579372525215149,0.3612782955169678,0.7262521982192993,0.35345813632011414,0.6987931728363037,0.3312963545322418,0.6801337599754333,0.3523615598678589,0.621688961982727,0.35788026452064514,0.5514815449714661,0.36010676622390747,0.5059505701065063,0.3592016100883484,0.46858441829681396,0.32062405347824097,0.623749315738678,0.31908997893333435,0.5951017737388611,0.31830695271492004,0.6439645886421204,0.3179861307144165,0.6795165538787842,0.29175493121147156,0.6335784196853638,0.28953856229782104,0.6071838736534119,0.2932277023792267,0.6508986949920654,0.29453274607658386,0.6819478869438171,0.2641105651855469,0.6496524810791016,0.2649032771587372,0.6208787560462952,0.271855890750885,0.6525152325630188,0.27581796050071716,0.6778731346130371,D
0.29578810930252075,0.7703891396522522,0.3343357443809509,0.7527252435684204,0.3602587580680847,0.7188530564308167,0.34965479373931885,0.6909970641136169,0.3258020281791687,0.6758859157562256,0.3512890934944153,0.617892324924469,0.357269823551178,0.5467361807823181,0.3585430681705475,0.502875804901123,0.3573046028614044,0.4665372967720032,0.3202511668205261,0.6211937069892883,0.31762322783470154,0.5905497670173645,0.3176424205303192,0.6363770961761475,0.3184462785720825,0.6729349493980408,0.2919076085090637,0.6320306658744812,0.2872515320777893,0.6068964600563049,0.2918945252895355,0.6477896571159363,0.2948470115661621,0.6791791915893555,0.2650671601295471,0.648164689540863,0.2644590139389038,0.6193049550056458,0.27245062589645386,0.6487626433372498,0.2776349186897278,0.6747110486030579,D
0.2958236336708069,0.7680925130844116,0.33344003558158875,0.7506452202796936,0.359785795211792,0.7185560464859009,0.3495780825614929,0.6908349990844727,0.3259384334087372,0.673799991607666,0.34951213002204895,0.6154584884643555,0.35521259903907776,0.5447109937667847,0.35675638914108276,0.5004181861877441,0.3557184040546417,0.4639957547187805,0.3184243440628052,0.6191497445106506,0.31619665026664734,0.5891109704971313,0.3168397545814514,0.6347792148590088,0.3174883723258972,0.670700192451477,0.29026976227760315,0.6301485300064087,0.2860083281993866,0.603244423866272,0.2913702428340912,0.6441651582717896,0.2942577004432678,0.6755396723747253,0.26356881856918335,0.6464177370071411,0.26302915811538696,0.6162116527557373,0.271365225315094,0.6454314589500427,0.27649739384651184,0.671593427658081,D
0.2980821430683136,0.7680176496505737,0.3348533511161804,0.7505931854248047,0.3619096279144287,0.7183563113212585,0.35330936312675476,0.6905322074890137,0.3311346769332886,0.6723642349243164,0.3523749113082886,0.6151485443115234,0.3575141429901123,0.5442591309547424,0.3594003915786743,0.4993133544921875,0.35838210582733154,0.46236857771873474,0.3207925260066986,0.6183196306228638,0.3187880516052246,0.5890025496482849,0.31893274188041687,0.6362438797950745,0.3190602958202362,0.6724856495857239,0.2921713590621948,0.6293354630470276,0.28918972611427307,0.6022061109542847,0.2939988374710083,0.6440082788467407,0.29607078433036804,0.6755155324935913,0.2649552822113037,0.6461486220359802,0.264931321144104,0.6173141002655029,0.2732149660587311,0.6468599438667297,0.27820146083831787,0.6721137166023254,D
0.29913923144340515,0.7667129039764404,0.3371221721172333,0.7497586011886597,0.36382293701171875,0.7163635492324829,0.3599611520767212,0.6847026348114014,0.3366777300834656,0.6669159531593323,0.35450708866119385,0.6145822405815125,0.36146119236946106,0.543479323387146,0.3641277849674225,0.4989882707595825,0.3638099431991577,0.4613281488418579,0.3236778974533081,0.6179620027542114,0.32273751497268677,0.5811707377433777,0.32328709959983826,0.6275641322135925,0.32359710335731506,0.66459721326828,0.2952324450016022,0.6288904547691345,0.2923583686351776,0.5968316793441772,0.29797226190567017,0.6393010020256042,0.30098211765289307,0.6731534600257874,0.26871436834335327,0.6455396413803101,0.2678948938846588,0.6130396723747253,0.2770004868507385,0.6428187489509583,0.28279808163642883,0.670211911201477,D
0.295463502407074,0.7663924098014832,0.33315980434417725,0.7497038245201111,0.35968828201293945,0.7154653072357178,0.35092952847480774,0.6847714185714722,0.32679811120033264,0.6647133231163025,0.3554116487503052,0.6153776049613953,0.364540159702301,0.5456252098083496,0.36883699893951416,0.5011798143386841,0.3693300187587738,0.46417805552482605,0.32426896691322327,0.6159042119979858,0.3220074474811554,0.5796834826469421,0.3205934166908264,0.6248853206634521,0.32003164291381836,0.6610923409461975,0.2955217659473419,0.6246658563613892,0.290555477142334,0.5928335189819336,0.2944430708885193,0.6321543455123901,0.29636532068252563,0.6635568141937256,0.2691119313240051,0.6393586993217468,0.26795533299446106,0.6073926091194153,0.2755016088485718,0.6342019438743591,0.28046995401382446,0.6595173478126526,D
0.2915452718734741,0.7694427967071533,0.32820597290992737,0.7546088695526123,0.3554784059524536,0.7242193222045898,0.34732693433761597,0.6958628296852112,0.32334744930267334,0.6735172867774963,0.3508632183074951,0.618292510509491,0.3589821457862854,0.5484867095947266,0.3618834614753723,0.5036291480064392,0.3617161512374878,0.4668101966381073,0.3190194368362427,0.6181215643882751,0.316882461309433,0.5862191915512085,0.3137524425983429,0.6324089765548706,0.3124178349971771,0.669297456741333,0.2899034321308136,0.6259522438049316,0.2855716049671173,0.5965542197227478,0.2874787151813507,0.6366073489189148,0.28812268376350403,0.6690459847450256,0.26290273666381836,0.6395893692970276,0.2615199387073517,0.6075741648674011,0.2670791745185852,0.6364390254020691,0.2704853117465973,0.6639626026153564,D
0.29201385378837585,0.7716571092605591,0.32929953932762146,0.7547165155410767,0.3568018972873688,0.7205502390861511,0.3447231352329254,0.690163791179657,0.3184081017971039,0.6722815632820129,0.35040926933288574,0.6174735426902771,0.35826489329338074,0.5480979681015015,0.36122769117355347,0.5039142370223999,0.3612777292728424,0.4670138657093048,0.31860390305519104,0.6174905300140381,0.3157311677932739,0.5846132636070251,0.3136101961135864,0.6307183504104614,0.312976598739624,0.6682252287864685,0.28961828351020813,0.62625652551651,0.2843138873577118,0.5974639058113098,0.2874928116798401,0.6379417181015015,0.28954604268074036,0.6709755659103394,0.2629687786102295,0.6412368416786194,0.26071062684059143,0.611663818359375,0.26783064007759094,0.6399785876274109,0.27316907048225403,0.6665726900100708,D
0.2909429669380188,0.7706487774848938,0.32877758145332336,0.7541157007217407,0.35614877939224243,0.7202171683311462,0.3442426323890686,0.69065260887146,0.3179744482040405,0.6731588244438171,0.3489711880683899,0.6175751686096191,0.35659995675086975,0.5475366711616516,0.359598845243454,0.503348708152771,0.3595482110977173,0.4663393199443817,0.3171331286430359,0.6183311343193054,0.314799040555954,0.5852946639060974,0.3125647008419037,0.6320192813873291,0.3114914894104004,0.669567883014679,0.28826025128364563,0.6274651288986206,0.28279030323028564,0.5980901122093201,0.2862406373023987,0.6388396620750427,0.2882789671421051,0.6720349788665771,0.26199302077293396,0.6426100730895996,0.2597861886024475,0.6118859648704529,0.2672315239906311,0.6403964161872864,0.2725660800933838,0.6674551367759705,D
0.28944703936576843,0.7692233324050903,0.32633012533187866,0.7530367374420166,0.35261282324790955,0.7203856110572815,0.34148815274238586,0.6917290091514587,0.31593218445777893,0.6720271706581116,0.3470956087112427,0.617134153842926,0.35479268431663513,0.5471817255020142,0.3575590252876282,0.5026416778564453,0.35726699233055115,0.4652566611766815,0.31560081243515015,0.6171391010284424,0.31282952427864075,0.5839373469352722,0.3099038302898407,0.6309967041015625,0.3088833689689636,0.6686497926712036,0.2868305742740631,0.625541627407074,0.2815907299518585,0.594980001449585,0.2840375006198883,0.6354831457138062,0.2851826250553131,0.6685217618942261,0.260658323764801,0.6399840116500854,0.25899654626846313,0.6085634231567383,0.2654362916946411,0.6367925405502319,0.26963165402412415,0.6641581654548645,D
0.2898211181163788,0.7703650593757629,0.32626521587371826,0.7551217079162598,0.3529575765132904,0.7258816361427307,0.34214550256729126,0.6976622343063354,0.3194167912006378,0.6757391691207886,0.3474710285663605,0.6190168261528015,0.3540022075176239,0.549060046672821,0.3566543161869049,0.5037974715232849,0.3566555976867676,0.4669985771179199,0.315732479095459,0.6189243793487549,0.3117062449455261,0.5867204666137695,0.3087397515773773,0.6320777535438538,0.30836746096611023,0.6689021587371826,0.28679707646369934,0.6267027854919434,0.28081855177879333,0.597925066947937,0.28289860486984253,0.6365499496459961,0.2847155034542084,0.669032871723175,0.2605498135089874,0.6403363943099976,0.25790324807167053,0.6102938652038574,0.26385268568992615,0.6372436881065369,0.2688353359699249,0.6637762784957886,D
0.2914324700832367,0.7725199460983276,0.32798951864242554,0.7556970119476318,0.35428929328918457,0.7223477363586426,0.34286046028137207,0.6928561925888062,0.316997230052948,0.6741209030151367,0.3479979932308197,0.6178645491600037,0.3552919328212738,0.5490155816078186,0.3580707907676697,0.5046177506446838,0.3581494092941284,0.46748220920562744,0.316334992647171,0.6182990670204163,0.3134387731552124,0.5850335359573364,0.3104259967803955,0.6316125392913818,0.30970048904418945,0.6682656407356262,0.2873486280441284,0.6272702813148499,0.28192663192749023,0.5979959964752197,0.2844788730144501,0.6383880972862244,0.2863796651363373,0.6715508699417114,0.26111167669296265,0.6425585746765137,0.2590380012989044,0.612218976020813,0.26567700505256653,0.6397866606712341,0.2708375155925751,0.6667505502700806,D
0.2910347878932953,0.7714203000068665,0.32743173837661743,0.7548990249633789,0.3542563319206238,0.7225030660629272,0.3417791724205017,0.6943788528442383,0.3164517283439636,0.6760430335998535,0.34799888730049133,0.619150698184967,0.35518553853034973,0.5496165752410889,0.3580731749534607,0.5048379302024841,0.3578431010246277,0.4678522050380707,0.3160367012023926,0.6198078393936157,0.31271374225616455,0.5876267552375793,0.3098212778568268,0.634880781173706,0.30908286571502686,0.6711397171020508,0.28739121556282043,0.6285219788551331,0.2818487584590912,0.599264919757843,0.28423455357551575,0.6406502723693848,0.28592249751091003,0.6724341511726379,0.26116490364074707,0.6432062983512878,0.2590174973011017,0.6139558553695679,0.2655196189880371,0.6425415277481079,0.2704540193080902,0.668057918548584,D
0.2908450663089752,0.771260678768158,0.3277835547924042,0.7552171945571899,0.3540627658367157,0.7215842604637146,0.3409320116043091,0.6925016045570374,0.3156962990760803,0.6736265420913696,0.3476579189300537,0.6184614896774292,0.3549266755580902,0.5490270256996155,0.3575925827026367,0.5047507882118225,0.35707032680511475,0.46812498569488525,0.3158860504627228,0.6189388036727905,0.3119726777076721,0.5868107080459595,0.30955976247787476,0.6330469250679016,0.3087427020072937,0.6706535220146179,0.2872471809387207,0.6278280019760132,0.2813512980937958,0.5997723340988159,0.2842029929161072,0.6397116184234619,0.2857769727706909,0.67195063829422,0.26119908690452576,0.6425549983978271,0.2586807906627655,0.6130912899971008,0.2653532922267914,0.640650749206543,0.2701442539691925,0.6665945053100586,D
0.2921099364757538,0.771652102470398,0.32904934883117676,0.7546786665916443,0.3560788035392761,0.7218194007873535,0.34606754779815674,0.6925203800201416,0.32143133878707886,0.6735115051269531,0.35041186213493347,0.6193154454231262,0.3578818142414093,0.5505107045173645,0.3614441454410553,0.5056204199790955,0.36166566610336304,0.46829068660736084,0.31874606013298035,0.6204496622085571,0.3159007430076599,0.5868273973464966,0.3132556974887848,0.6338341236114502,0.31220531463623047,0.6699582934379578,0.28976619243621826,0.6300867199897766,0.28561103343963623,0.5980865955352783,0.28821122646331787,0.6402122378349304,0.28945955634117126,0.6728872656822205,0.2628902792930603,0.6461690664291382,0.2609596252441406,0.6141623258590698,0.26776546239852905,0.6432490348815918,0.27254006266593933,0.6695305109024048,D
0.2927173376083374,0.7683500051498413,0.33100342750549316,0.7501744627952576,0.3577035367488861,0.7168911695480347,0.3572736978530884,0.6838635206222534,0.33586883544921875,0.6649879217147827,0.35143017768859863,0.6209543943405151,0.36171165108680725,0.5513607859611511,0.36657002568244934,0.5068062543869019,0.3677234649658203,0.4684545695781708,0.32200947403907776,0.6216484308242798,0.3230190575122833,0.5797734260559082,0.32419732213020325,0.6237996816635132,0.3239476978778839,0.6582522988319397,0.2940337061882019,0.6304685473442078,0.2930358946323395,0.5936774015426636,0.29980459809303284,0.633383572101593,0.3019596040248871,0.6656445860862732,0.26726382970809937,0.6453118324279785,0.26795676350593567,0.6089555621147156,0.27755066752433777,0.6359151601791382,0.2821272313594818,0.6619975566864014,D
0.2917580306529999,0.766431450843811,0.331498920917511,0.7517942190170288,0.3580256700515747,0.7180691957473755,0.35694432258605957,0.6846345663070679,0.3348509967327118,0.6646796464920044,0.3518238663673401,0.6184444427490234,0.3628878891468048,0.5494332909584045,0.3676094114780426,0.5057977437973022,0.3686833381652832,0.4689220190048218,0.3216947913169861,0.6198365688323975,0.32188016176223755,0.5795593857765198,0.32246825098991394,0.6237462759017944,0.3227662742137909,0.6585197448730469,0.29347193241119385,0.6288965344429016,0.2909339368343353,0.5933060050010681,0.29674315452575684,0.6330459117889404,0.29902470111846924,0.6655017137527466,0.2669833302497864,0.643627405166626,0.26756229996681213,0.6083808541297913,0.27677416801452637,0.6354213953018188,0.2817249298095703,0.6614928245544434,D
0.28987500071525574,0.7720634937286377,0.33018603920936584,0.7564148306846619,0.35885509848594666,0.7206248641014099,0.35718047618865967,0.6867415308952332,0.3336525559425354,0.6707099676132202,0.34950563311576843,0.620222270488739,0.3605070114135742,0.5509074330329895,0.3659074306488037,0.5080605149269104,0.3673861026763916,0.47110357880592346,0.31980326771736145,0.6213346123695374,0.3215109705924988,0.5848139524459839,0.32433342933654785,0.6288915872573853,0.32412073016166687,0.6636238694190979,0.29148420691490173,0.6310789585113525,0.2908285856246948,0.5954724550247192,0.29857853055000305,0.6363252401351929,0.3005625903606415,0.6689388155937195,0.2637096643447876,0.6465193033218384,0.2667643129825592,0.6108555197715759,0.27741628885269165,0.6391980051994324,0.28205016255378723,0.6658693552017212,D
0.2923250198364258,0.7701733112335205,0.3323816657066345,0.754381000995636,0.3612733483314514,0.72022545337677,0.3674739599227905,0.6870511770248413,0.3474012017250061,0.6688238382339478,0.35267794132232666,0.622016191482544,0.3638118505477905,0.5503862500190735,0.369937539100647,0.5067322254180908,0.3716425895690918,0.4685903787612915,0.32363489270210266,0.623473584651947,0.3287287950515747,0.5825893878936768,0.3325282633304596,0.6274968385696411,0.3317278027534485,0.6606859564781189,0.29586517810821533,0.6324830055236816,0.2978929579257965,0.5952710509300232,0.30710774660110474,0.6365681290626526,0.3095645606517792,0.6673306822776794,0.2688792645931244,0.6466030478477478,0.2726169526576996,0.6096365451812744,0.28475221991539,0.6372888684272766,0.2906007468700409,0.6622531414031982,D
0.29482221603393555,0.7671718597412109,0.337704598903656,0.7535145282745361,0.37027856707572937,0.7141636610031128,0.37621209025382996,0.6740818023681641,0.3500157296657562,0.6554446816444397,0.35668864846229553,0.618825376033783,0.36670982837677,0.5470235347747803,0.37104523181915283,0.5048992037773132,0.3719198703765869,0.4673941731452942,0.3275899589061737,0.6180275678634644,0.3330127000808716,0.5647031664848328,0.3353740870952606,0.6112983226776123,0.334377259016037,0.6456495523452759,0.2996205687522888,0.6243867874145508,0.3007461428642273,0.5761341452598572,0.30873775482177734,0.616567850112915,0.3097817599773407,0.6495311856269836,0.27177348732948303,0.6358318328857422,0.2748244106769562,0.5902148485183716,0.2848840355873108,0.6165760159492493,0.28803279995918274,0.6443227529525757,D
0.2975956201553345,0.7713953852653503,0.34371528029441833,0.7555330395698547,0.3811798691749573,0.7101581692695618,0.38657304644584656,0.6613025665283203,0.3566150367259979,0.6520634293556213,0.36319053173065186,0.6197407245635986,0.37208929657936096,0.5510834455490112,0.37529048323631287,0.509553074836731,0.37570005655288696,0.47179940342903137,0.3350110948085785,0.616730809211731,0.34122908115386963,0.5609709620475769,0.3428984582424164,0.6059657335281372,0.3403409719467163,0.639427900314331,0.3076495826244354,0.621680736541748,0.3102933168411255,0.5707185864448547,0.31763315200805664,0.6092705130577087,0.3165382146835327,0.6412429213523865,0.27938950061798096,0.63172447681427,0.28487277030944824,0.5832938551902771,0.29459577798843384,0.6072449684143066,0.29540762305259705,0.6350197196006775,D
0.3012715280056,0.772179126739502,0.3474777340888977,0.755876362323761,0.3837715983390808,0.7095687985420227,0.38649123907089233,0.6609771847724915,0.35635504126548767,0.6465203166007996,0.3678678870201111,0.6158472299575806,0.37502792477607727,0.5497028231620789,0.3771861493587494,0.5092571973800659,0.37741345167160034,0.47264522314071655,0.33972808718681335,0.6120823621749878,0.3458581566810608,0.5587469935417175,0.34741106629371643,0.6030888557434082,0.3445585370063782,0.6384895443916321,0.3121563196182251,0.6177161931991577,0.31451520323753357,0.5677372813224792,0.3219852149486542,0.6052792072296143,0.3206554055213928,0.6394874453544617,0.2837461531162262,0.6290248036384583,0.2893538773059845,0.5800812840461731,0.2995815873146057,0.6026732921600342,0.3008572459220886,0.6308050155639648,D
0.2998543381690979,0.7719650268554688,0.34684857726097107,0.7561242580413818,0.38244009017944336,0.7086026668548584,0.3840072453022003,0.6626707315444946,0.3535723090171814,0.6498286724090576,0.3653734624385834,0.6188598275184631,0.3716852366924286,0.5496417880058289,0.3725374639034271,0.5082168579101562,0.3717578947544098,0.4707028567790985,0.337204247713089,0.6157892346382141,0.3426697254180908,0.5612053871154785,0.34273001551628113,0.6050379276275635,0.34042710065841675,0.6404984593391418,0.3097529113292694,0.6214761137962341,0.3104313313961029,0.5679080486297607,0.3164573907852173,0.605208694934845,0.31591418385505676,0.6398234963417053,0.2821848690509796,0.6330453157424927,0.28574687242507935,0.5836027264595032,0.2938787341117859,0.6057022213935852,0.29503217339515686,0.6336500644683838,D
0.29821935296058655,0.7735641002655029,0.3441968262195587,0.7575526237487793,0.3783837556838989,0.7144531607627869,0.3806298077106476,0.6708461046218872,0.353190153837204,0.6526339650154114,0.3621712625026703,0.6225760579109192,0.3690808117389679,0.5532056093215942,0.37066322565078735,0.5104110836982727,0.36943310499191284,0.4722781479358673,0.3337838351726532,0.6201819181442261,0.339192271232605,0.5668256282806396,0.3408680260181427,0.6102176308631897,0.3384030759334564,0.6466326713562012,0.3063013553619385,0.6257545948028564,0.3074105679988861,0.5764580368995667,0.31439363956451416,0.6123127937316895,0.3136596381664276,0.6459006667137146,0.27889660000801086,0.6357971429824829,0.28302979469299316,0.5868112444877625,0.2916889190673828,0.6078219413757324,0.29245293140411377,0.6350691914558411,D
0.2961047291755676,0.7746248841285706,0.3389737606048584,0.7591840028762817,0.3707495629787445,0.7197104096412659,0.3758731186389923,0.679284930229187,0.35051682591438293,0.6581827402114868,0.3564757704734802,0.6246370673179626,0.36496835947036743,0.5555217862129211,0.36713191866874695,0.512151837348938,0.3663487732410431,0.47468242049217224,0.32831546664237976,0.624447762966156,0.33325743675231934,0.5721787214279175,0.33746713399887085,0.6125979423522949,0.33782148361206055,0.64814293384552,0.30110397934913635,0.6316227316856384,0.30189594626426697,0.5853277444839478,0.3123786449432373,0.6176201701164246,0.3150372803211212,0.6512722373008728,0.27455395460128784,0.6429370641708374,0.27789878845214844,0.5971179008483887,0.2888185977935791,0.6156740188598633,0.2928024232387543,0.6421776413917542,D
0.29261428117752075,0.7772327661514282,0.3338514268398285,0.7603123188018799,0.36347073316574097,0.7216001749038696,0.37012815475463867,0.685696542263031,0.3485289216041565,0.6632251739501953,0.3502695858478546,0.6266418695449829,0.3607582151889801,0.5568035244941711,0.3643411099910736,0.5133118033409119,0.3641868531703949,0.47591686248779297,0.32309821248054504,0.6276088356971741,0.3291509747505188,0.5767037868499756,0.3349575996398926,0.6150386333465576,0.33544692397117615,0.6488286256790161,0.29656150937080383,0.6362504959106445,0.2988895773887634,0.5894322395324707,0.31064489483833313,0.6218087077140808,0.313464492559433,0.6538224816322327,0.2704266309738159,0.6495845913887024,0.27514058351516724,0.6050603985786438,0.2874789535999298,0.6252248883247375,0.29234665632247925,0.6507372856140137,D
0.29202818870544434,0.7781556248664856,0.3328759968280792,0.7616952657699585,0.36244410276412964,0.7244044542312622,0.36703789234161377,0.6884737610816956,0.3438149094581604,0.6671373844146729,0.3497318923473358,0.6288539171218872,0.3598212003707886,0.5580492615699768,0.36348679661750793,0.5145007967948914,0.36340421438217163,0.47729331254959106,0.32165324687957764,0.630145251750946,0.3271442949771881,0.5804166197776794,0.33134621381759644,0.6204208731651306,0.3311203122138977,0.6531941294670105,0.2947957515716553,0.638564944267273,0.2962154150009155,0.5914837121963501,0.3063341975212097,0.6249778270721436,0.3086778521537781,0.6562259197235107,0.2688474655151367,0.6518977284431458,0.27289921045303345,0.6074733138084412,0.28442877531051636,0.6283692717552185,0.2890387177467346,0.653705358505249,D
0.2917764186859131,0.7781937718391418,0.3328807055950165,0.7629901170730591,0.36139458417892456,0.7248101830482483,0.36333945393562317,0.689195454120636,0.33952751755714417,0.6698402166366577,0.34988197684288025,0.6279370784759521,0.35821133852005005,0.5581876039505005,0.36127951741218567,0.5154035687446594,0.3604198098182678,0.4788970649242401,0.3210427165031433,0.6297167539596558,0.32453858852386475,0.5834031105041504,0.32811471819877625,0.6252702474594116,0.3274862468242645,0.6579451560974121,0.2937968969345093,0.6387918591499329,0.29381394386291504,0.5952824950218201,0.30283719301223755,0.631049394607544,0.3044644594192505,0.6617074012756348,0.26746854186058044,0.6526053547859192,0.2703095078468323,0.6102076768875122,0.2812477946281433,0.6332417130470276,0.2856627404689789,0.6579003930091858,D
0.2910457253456116,0.7790008187294006,0.33130815625190735,0.7631467580795288,0.35926151275634766,0.7261250615119934,0.36050206422805786,0.6910848617553711,0.3370895981788635,0.6703739166259766,0.3484692871570587,0.6289069652557373,0.35757720470428467,0.56011563539505,0.3609430491924286,0.5174046158790588,0.360250324010849,0.4811568856239319,0.31927943229675293,0.6303854584693909,0.3222697377204895,0.5855201482772827,0.32651960849761963,0.6267355680465698,0.32619738578796387,0.6600988507270813,0.2918676435947418,0.6396877765655518,0.29210591316223145,0.5981016159057617,0.3012734055519104,0.6330114603042603,0.3028737008571625,0.6639200448989868,0.2653423547744751,0.653651237487793,0.26795488595962524,0.6124678254127502,0.2794550657272339,0.6344673037528992,0.2845405638217926,0.6587912440299988,D
0.2908535897731781,0.7786857485771179,0.33158302307128906,0.7627232074737549,0.36138513684272766,0.7267440557479858,0.36208048462867737,0.6908079385757446,0.3368948698043823,0.6722634434700012,0.34905633330345154,0.6283549070358276,0.35756856203079224,0.5600561499595642,0.36034655570983887,0.5175666809082031,0.3596011996269226,0.4810693860054016,0.31971028447151184,0.6302503347396851,0.3228873908519745,0.584491491317749,0.3270343840122223,0.626278817653656,0.3271094560623169,0.6596189141273499,0.29242658615112305,0.6398616433143616,0.2932468354701996,0.5995216965675354,0.30251333117485046,0.6354590058326721,0.3045087158679962,0.6666555404663086,0.26596254110336304,0.6539952754974365,0.26885414123535156,0.6123902201652527,0.2804698944091797,0.635494589805603,0.2854602336883545,0.6606324315071106,D
0.2893064320087433,0.7785492539405823,0.3287973403930664,0.761658787727356,0.35583654046058655,0.7248461246490479,0.35574352741241455,0.6907533407211304,0.33239537477493286,0.6686069965362549,0.3463100492954254,0.6303786039352417,0.35489436984062195,0.5609453916549683,0.35808542370796204,0.5179516077041626,0.356971800327301,0.4817362427711487,0.31676334142684937,0.6323521733283997,0.3182211220264435,0.5885310173034668,0.32105734944343567,0.6294156908988953,0.32051047682762146,0.6620432734489441,0.2894115149974823,0.6413886547088623,0.2875867187976837,0.5978080630302429,0.29545465111732483,0.6317556500434875,0.29672616720199585,0.6631852984428406,0.2630935311317444,0.6553443074226379,0.2633797526359558,0.6140421032905579,0.2739274501800537,0.6354826092720032,0.27880096435546875,0.6603164672851562,D
0.28438323736190796,0.7816588282585144,0.3210754692554474,0.7622123956680298,0.34505265951156616,0.7238682508468628,0.33795762062072754,0.6913283467292786,0.31255415081977844,0.6715258955955505,0.33814433217048645,0.6251367330551147,0.34306609630584717,0.5583710670471191,0.34328383207321167,0.51506108045578,0.3407374322414398,0.4789799451828003,0.3078536093235016,0.6260991096496582,0.3057986795902252,0.5882548689842224,0.3048730790615082,0.6329784393310547,0.3045866787433624,0.66774582862854,0.2794709801673889,0.6362239122390747,0.27551740407943726,0.5956274271011353,0.28008198738098145,0.6330767273902893,0.281544029712677,0.6663069128990173,0.2535337209701538,0.6539818048477173,0.25221478939056396,0.6168872714042664,0.26028117537498474,0.6400895714759827,0.2652905583381653,0.6652566194534302,D
0.28266212344169617,0.7840393781661987,0.3208848237991333,0.7635238170623779,0.34645622968673706,0.7241135835647583,0.3351244330406189,0.6917333602905273,0.3078218400478363,0.6746469736099243,0.3340359330177307,0.6258928775787354,0.33909136056900024,0.5601909756660461,0.3389401435852051,0.5184025764465332,0.3358539938926697,0.4828263521194458,0.30258315801620483,0.6267316341400146,0.30050358176231384,0.5919376611709595,0.30301934480667114,0.6344177722930908,0.30380979180336,0.670299768447876,0.27363312244415283,0.6378546953201294,0.26887238025665283,0.6011682748794556,0.2749035954475403,0.6376009583473206,0.2766990661621094,0.6697669625282288,0.24658101797103882,0.655816376209259,0.24445222318172455,0.619581937789917,0.25384092330932617,0.6432265043258667,0.25906065106391907,0.6685914397239685,D
0.28713518381118774,0.7835604548454285,0.32494810223579407,0.7647831439971924,0.3539661169052124,0.7279057502746582,0.349334716796875,0.6925564408302307,0.3232767581939697,0.6773709654808044,0.3397125005722046,0.63226717710495,0.34622812271118164,0.5644223690032959,0.3486422598361969,0.5205893516540527,0.3480743169784546,0.4836462140083313,0.31043800711631775,0.6318098902702332,0.3094859719276428,0.6008711457252502,0.31102925539016724,0.6433581113815308,0.3104516863822937,0.6787728071212769,0.28285208344459534,0.6404752731323242,0.2806653082370758,0.6105741262435913,0.28703072667121887,0.6471124291419983,0.2886589467525482,0.6784661412239075,0.25654926896095276,0.654423177242279,0.2565958499908447,0.6220144629478455,0.26568523049354553,0.6465758681297302,0.26988348364830017,0.6717142462730408,D
0.2884885370731354,0.7797279953956604,0.32767462730407715,0.7621077299118042,0.35499799251556396,0.7271536588668823,0.3497981131076813,0.692970871925354,0.32527756690979004,0.6757202744483948,0.341901570558548,0.626876175403595,0.3485570251941681,0.5606646537780762,0.3500143885612488,0.5187645554542542,0.34844449162483215,0.48371583223342896,0.31171467900276184,0.6289436221122742,0.31056785583496094,0.5942867398262024,0.3135339617729187,0.6358107924461365,0.3140827715396881,0.6707806587219238,0.2837614417076111,0.6396275758743286,0.28201648592948914,0.6087938547134399,0.28923189640045166,0.6456892490386963,0.2910125255584717,0.6773809194564819,0.2569693326950073,0.655532956123352,0.25797706842422485,0.6210910677909851,0.2678529620170593,0.6460607647895813,0.272136390209198,0.6714946627616882,D
0.28929609060287476,0.7795772552490234,0.32867878675460815,0.7618591785430908,0.35604164004325867,0.725801944732666,0.35171186923980713,0.6915768384933472,0.32725876569747925,0.6746077537536621,0.341587096452713,0.6265076994895935,0.3483967185020447,0.5602990984916687,0.35008567571640015,0.5185227394104004,0.3485422432422638,0.4830637574195862,0.3115829825401306,0.6290387511253357,0.3103407323360443,0.5948543548583984,0.3143167495727539,0.6369867324829102,0.3153887391090393,0.6719563603401184,0.2838353216648102,0.6400957107543945,0.2813935875892639,0.6078681349754333,0.28930148482322693,0.6449112892150879,0.29167434573173523,0.6765210628509521,0.2570224404335022,0.6562545895576477,0.2576986849308014,0.6220725178718567,0.2683161497116089,0.646528422832489,0.27351734042167664,0.6709989905357361,D
0.29003578424453735,0.7801347970962524,0.32916563749313354,0.7625108957290649,0.3562537729740143,0.7274065017700195,0.35327526926994324,0.6935847997665405,0.3296034336090088,0.6773678064346313,0.34264829754829407,0.62718665599823,0.3488040864467621,0.5615540146827698,0.350334495306015,0.5194478034973145,0.3485686182975769,0.48396551609039307,0.31282466650009155,0.6298916935920715,0.3105669617652893,0.5959829092025757,0.31459882855415344,0.638198733329773,0.3161456286907196,0.6724390387535095,0.2851446270942688,0.6409464478492737,0.28211164474487305,0.6101325154304504,0.2901424169540405,0.6481326818466187,0.29288190603256226,0.6791306138038635,0.25834402441978455,0.6570805311203003,0.25886479020118713,0.6231822967529297,0.2692662179470062,0.6494408845901489,0.27442261576652527,0.6745598316192627,D
0.29042676091194153,0.7771966457366943,0.3293587565422058,0.7597326040267944,0.3555867075920105,0.7254592776298523,0.3529966473579407,0.6926131248474121,0.33075135946273804,0.6733020544052124,0.3431400656700134,0.6252943277359009,0.34969672560691833,0.5603598356246948,0.3511265516281128,0.5187267065048218,0.34940463304519653,0.48403406143188477,0.313240647315979,0.6272644996643066,0.3116912841796875,0.5937405824661255,0.3151783049106598,0.6359598636627197,0.31631091237068176,0.6709163188934326,0.2853243350982666,0.6383387446403503,0.28333911299705505,0.6081101298332214,0.2910432815551758,0.6453060507774353,0.2934105694293976,0.6764208078384399,0.2585933208465576,0.6547672748565674,0.2600163519382477,0.6223374009132385,0.2703007161617279,0.6475527882575989,0.2751755714416504,0.6719468832015991,D
0.2916957437992096,0.7774713039398193,0.3302561938762665,0.7599249482154846,0.3562403619289398,0.7257264256477356,0.3540365695953369,0.6923787593841553,0.33175408840179443,0.6732017993927002,0.3439531922340393,0.6263307929039001,0.35060107707977295,0.5610137581825256,0.35237187147140503,0.5190770030021667,0.35102540254592896,0.48380714654922485,0.31428205966949463,0.6285379528999329,0.3124805986881256,0.5925215482711792,0.3164452910423279,0.6335646510124207,0.3183027505874634,0.6683720350265503,0.28649821877479553,0.6396896243095398,0.2841799557209015,0.6067112684249878,0.2923746109008789,0.6434041261672974,0.2954893708229065,0.6753294467926025,0.2598778307437897,0.6563667058944702,0.2607157230377197,0.6213240027427673,0.2712298035621643,0.6462517380714417,0.27658259868621826,0.6718905568122864,D
0.2911395728588104,0.7785783410072327,0.3302925229072571,0.7610284686088562,0.3568829894065857,0.7258381843566895,0.3552857041358948,0.6917145848274231,0.3318430781364441,0.6740064024925232,0.34369468688964844,0.6272470355033875,0.35111433267593384,0.5615261793136597,0.3534224331378937,0.5196036696434021,0.3521338701248169,0.4838816225528717,0.3143994212150574,0.62933349609375,0.3129752278327942,0.5920764803886414,0.317269891500473,0.633748471736908,0.3186233341693878,0.6687303781509399,0.286910742521286,0.6401442289352417,0.28529638051986694,0.6061826944351196,0.2936904728412628,0.6431240439414978,0.2961413860321045,0.6751861572265625,0.26040202379226685,0.6560208201408386,0.2615669071674347,0.6207661032676697,0.27227938175201416,0.6452142596244812,0.2771870195865631,0.6703636050224304,D
0.2926422953605652,0.7785449028015137,0.33177632093429565,0.7604911923408508,0.35877034068107605,0.7253410816192627,0.3562532067298889,0.6914419531822205,0.33403831720352173,0.6735126972198486,0.34601274132728577,0.6262171268463135,0.35412654280662537,0.5613848567008972,0.35681891441345215,0.5196022987365723,0.35619011521339417,0.4844227135181427,0.3161375820636749,0.6277527809143066,0.3144136965274811,0.591437816619873,0.31867170333862305,0.6336066126823425,0.3203614056110382,0.6690784692764282,0.28806790709495544,0.6384327411651611,0.2862911820411682,0.6073634028434753,0.2951197326183319,0.6451817154884338,0.2980377674102783,0.6769623160362244,0.26093313097953796,0.6547065377235413,0.26276975870132446,0.6205074191093445,0.27357980608940125,0.6461648941040039,0.278419554233551,0.671545147895813,D
0.2920336425304413,0.7803680300712585,0.33188754320144653,0.7610478401184082,0.3605627715587616,0.7246980667114258,0.35891491174697876,0.6898876428604126,0.3355990946292877,0.6730825304985046,0.3462473452091217,0.62807697057724,0.35485056042671204,0.5633634328842163,0.35803335905075073,0.5220080614089966,0.3579578399658203,0.4863537549972534,0.31669509410858154,0.6294456124305725,0.31605449318885803,0.5922443270683289,0.32117587327957153,0.6339802145957947,0.3229312598705292,0.6693949103355408,0.28894662857055664,0.6400534510612488,0.28802043199539185,0.6070937514305115,0.2973291277885437,0.644904613494873,0.30033940076828003,0.6769123673439026,0.2618994414806366,0.6561393737792969,0.26443126797676086,0.6206263303756714,0.2755754888057709,0.6464096307754517,0.2803243100643158,0.6721744537353516,D
0.2921741008758545,0.7785789370536804,0.33203598856925964,0.7619709968566895,0.3605208694934845,0.7286922931671143,0.3651120662689209,0.6966543793678284,0.3460911512374878,0.6779669523239136,0.34735649824142456,0.6296467781066895,0.35569512844085693,0.5627042055130005,0.3590441346168518,0.5215299129486084,0.35925617814064026,0.48600441217422485,0.31790080666542053,0.6310359239578247,0.31878143548965454,0.5935518145561218,0.3255530893802643,0.6347431540489197,0.3284144103527069,0.6692535877227783,0.2897084355354309,0.6414495706558228,0.28991058468818665,0.6076586246490479,0.30150097608566284,0.6452202200889587,0.30631208419799805,0.6766864061355591,0.2626526355743408,0.6574832201004028,0.2658892273902893,0.622974157333374,0.2789098024368286,0.6484403610229492,0.2858212888240814,0.6730642914772034,D
0.2937993109226227,0.7790313363075256,0.3346632719039917,0.7604488134384155,0.362731397151947,0.7286499738693237,0.37262269854545593,0.6991674304008484,0.36355841159820557,0.678185760974884,0.34722962975502014,0.6302973628044128,0.35723739862442017,0.5620023608207703,0.36257535219192505,0.5206072926521301,0.3645501732826233,0.4851696193218231,0.3194354176521301,0.6318565011024475,0.32468411326408386,0.5935840010643005,0.3330431878566742,0.6319700479507446,0.3359391689300537,0.663568913936615,0.2922166883945465,0.6414667367935181,0.296443372964859,0.6052963733673096,0.31092798709869385,0.6400074362754822,0.31725502014160156,0.6699597835540771,0.2658666968345642,0.6570401191711426,0.27195417881011963,0.6220791935920715,0.2878856956958771,0.6442971229553223,0.29751119017601013,0.667803168296814,D
0.29686877131462097,0.7739802002906799,0.3344516456127167,0.7479727864265442,0.3661308288574219,0.7130890488624573,0.3861914873123169,0.6875584125518799,0.3862735629081726,0.6627022624015808,0.333516389131546,0.6126450300216675,0.347907692193985,0.5500185489654541,0.3591706156730652,0.5128430128097534,0.3676605224609375,0.4796457886695862,0.31007733941078186,0.6140375733375549,0.33256644010543823,0.585832953453064,0.35796916484832764,0.6166281700134277,0.3703345060348511,0.6494736075401306,0.2879580557346344,0.626287579536438,0.30952274799346924,0.6001648306846619,0.33855122327804565,0.6291201710700989,0.35442453622817993,0.6606935858726501,0.2669222950935364,0.6484143733978271,0.28853684663772583,0.6250596642494202,0.31321462988853455,0.6411787271499634,0.3299424350261688,0.6625859141349792,D
0.29202738404273987,0.7726331949234009,0.33101096749305725,0.7455770373344421,0.3652551770210266,0.7079619765281677,0.3875502347946167,0.6829901337623596,0.3948060870170593,0.6568228602409363,0.3269059360027313,0.6069868803024292,0.3449859321117401,0.5458956360816956,0.35905492305755615,0.5083710551261902,0.3702724277973175,0.47525739669799805,0.303072452545166,0.6061511039733887,0.339227557182312,0.5857653021812439,0.369493305683136,0.6164768934249878,0.3839626908302307,0.6477508544921875,0.28273773193359375,0.6187319159507751,0.31926429271698,0.5971258878707886,0.35335618257522583,0.6232153177261353,0.37236785888671875,0.6509571075439453,0.2657855749130249,0.6425676345825195,0.30086222290992737,0.6223411560058594,0.3287263810634613,0.6361933350563049,0.3467032313346863,0.6532739400863647,D
0.2887471914291382,0.772708535194397,0.33079779148101807,0.7432441115379333,0.3653549551963806,0.703697144985199,0.38865533471107483,0.6803252696990967,0.40249523520469666,0.656568169593811,0.3202834725379944,0.6025140285491943,0.34282803535461426,0.5424169301986694,0.35806044936180115,0.5043575167655945,0.3708208501338959,0.4719596207141876,0.2966408133506775,0.6014761924743652,0.3412249982357025,0.5812975764274597,0.3722831606864929,0.6084760427474976,0.3877875506877899,0.6374402046203613,0.2798349857330322,0.6155188679695129,0.32614341378211975,0.5961939692497253,0.36064139008522034,0.620664119720459,0.3804948031902313,0.6466627717018127,0.2688177227973938,0.6403517723083496,0.3098640739917755,0.6215822100639343,0.3392454981803894,0.6309983730316162,0.3596669137477875,0.6428456902503967,D
0.2842966914176941,0.7707235217094421,0.3323115408420563,0.7339354753494263,0.36395472288131714,0.6926677823066711,0.38819780945777893,0.6718493103981018,0.4109116196632385,0.6553746461868286,0.31134501099586487,0.5963340401649475,0.3379489779472351,0.5376335382461548,0.35596489906311035,0.498846173286438,0.36992138624191284,0.4671838879585266,0.29045096039772034,0.5979812145233154,0.34820351004600525,0.5796002149581909,0.3800398111343384,0.6085982322692871,0.3918766677379608,0.6370165944099426,0.27985692024230957,0.6152183413505554,0.33580872416496277,0.5959710478782654,0.37052732706069946,0.6214343905448914,0.38766923546791077,0.6472105383872986,0.27729249000549316,0.6419054865837097,0.32411429286003113,0.6213316917419434,0.35429897904396057,0.6341500282287598,0.3730871081352234,0.6504352688789368,D
0.2802513539791107,0.7706911563873291,0.3302990794181824,0.7281663417816162,0.3611139953136444,0.6906691193580627,0.3866910934448242,0.6706278324127197,0.4088844358921051,0.6521323919296265,0.30435487627983093,0.5958797931671143,0.3321171998977661,0.5358559489250183,0.34949105978012085,0.4960707426071167,0.363270103931427,0.46269333362579346,0.28651121258735657,0.5977734327316284,0.34861382842063904,0.576482355594635,0.381137877702713,0.6069917678833008,0.3943120539188385,0.6362751126289368,0.28042998909950256,0.6142391562461853,0.3406882584095001,0.5930886268615723,0.37518513202667236,0.6193671822547913,0.39218834042549133,0.6462005972862244,0.28286081552505493,0.6394332647323608,0.3300342261791229,0.6176663041114807,0.3598908483982086,0.6292900443077087,0.3790457546710968,0.6445274353027344,D
0.27958494424819946,0.7685345411300659,0.3307572603225708,0.7251030206680298,0.3622463047504425,0.6877973079681396,0.38785216212272644,0.6682247519493103,0.4096888303756714,0.6505088210105896,0.30427086353302,0.5930128693580627,0.33305221796035767,0.5325621962547302,0.35048601031303406,0.49254846572875977,0.3636888265609741,0.4590166509151459,0.2869763970375061,0.595077633857727,0.3505702316761017,0.5717371106147766,0.383579820394516,0.6022172570228577,0.39621344208717346,0.6325610280036926,0.28240641951560974,0.6120421886444092,0.34381771087646484,0.5893727540969849,0.3788944184780121,0.6158859729766846,0.3952968120574951,0.6434654593467712,0.286673903465271,0.6372185945510864,0.334626168012619,0.6158953905105591,0.36383238434791565,0.6278305053710938,0.38141071796417236,0.643737256526947,D
0.28021714091300964,0.767423152923584,0.3328421115875244,0.7245199680328369,0.3633691966533661,0.6879227161407471,0.3880022168159485,0.6690738201141357,0.409374475479126,0.6517751812934875,0.3046915531158447,0.593907356262207,0.33221593499183655,0.5319540500640869,0.34822845458984375,0.4904141426086426,0.3597802221775055,0.45662832260131836,0.28909313678741455,0.5953857898712158,0.3558264970779419,0.573173999786377,0.3877336084842682,0.6042588353157043,0.39924564957618713,0.6347566246986389,0.2865458130836487,0.6117867231369019,0.35074958205223083,0.5907684564590454,0.3837742209434509,0.617810070514679,0.39835125207901,0.645169734954834,0.2928837239742279,0.6356714963912964,0.3412296175956726,0.6147077679634094,0.3705792725086212,0.6257069110870361,0.38868623971939087,0.6406009793281555,D
0.2829197347164154,0.7674323320388794,0.33608588576316833,0.7240248918533325,0.3665531873703003,0.6895995736122131,0.3901379108428955,0.6726493835449219,0.4092670679092407,0.6566748023033142,0.3075145483016968,0.5950610041618347,0.33238473534584045,0.5330198407173157,0.3457653522491455,0.4908636212348938,0.3551710844039917,0.456875741481781,0.2922283411026001,0.5963791012763977,0.3584634065628052,0.5774872303009033,0.3898279070854187,0.6086958646774292,0.40188005566596985,0.640006959438324,0.2901401221752167,0.6128238439559937,0.35601508617401123,0.5952223539352417,0.3881448805332184,0.6231603026390076,0.40254032611846924,0.6509774923324585,0.29751425981521606,0.6362998485565186,0.345856249332428,0.6159650087356567,0.3749438524246216,0.6264087557792664,0.3939835727214813,0.6409543752670288,D
0.28334566950798035,0.7675415277481079,0.33604729175567627,0.7276687026023865,0.3670350909233093,0.6915703415870667,0.3915768265724182,0.6745315790176392,0.4132591485977173,0.6595910787582397,0.3127571940422058,0.5949488282203674,0.33693286776542664,0.5333278179168701,0.35000932216644287,0.49119189381599426,0.35862210392951965,0.45714902877807617,0.296823114156723,0.5961899757385254,0.36228862404823303,0.5776830315589905,0.3938657343387604,0.6098096966743469,0.4048025906085968,0.6413041353225708,0.2930234670639038,0.6123467087745667,0.35714662075042725,0.5950263142585754,0.3898541331291199,0.6228817105293274,0.40395694971084595,0.6507643461227417,0.2979785203933716,0.6355907917022705,0.34604933857917786,0.6160167455673218,0.3749697208404541,0.6277622580528259,0.3927946388721466,0.6433392763137817,D
0.2847377061843872,0.7681267261505127,0.3381579518318176,0.728910505771637,0.3688373565673828,0.6937304139137268,0.39418137073516846,0.6768091917037964,0.4164465069770813,0.6623089909553528,0.3159627914428711,0.595391571521759,0.33918070793151855,0.5337166786193848,0.3499380350112915,0.4900989532470703,0.35522758960723877,0.45437097549438477,0.29964423179626465,0.5967156291007996,0.36408257484436035,0.5775901675224304,0.39541319012641907,0.6099262833595276,0.4054172933101654,0.6411415338516235,0.29541245102882385,0.6127071976661682,0.35871872305870056,0.5942286849021912,0.39102256298065186,0.623234212398529,0.40397027134895325,0.651559054851532,0.3000201880931854,0.6354448795318604,0.3481326997280121,0.6164730787277222,0.37706810235977173,0.6284873485565186,0.39446553587913513,0.644092857837677,D
0.28378090262413025,0.7681055665016174,0.33789005875587463,0.7288510799407959,0.36864739656448364,0.6939077973365784,0.3943045139312744,0.6760791540145874,0.41641125082969666,0.6627210974693298,0.3158183991909027,0.5955895781517029,0.338323175907135,0.5348018407821655,0.34895193576812744,0.49133631587028503,0.3541678488254547,0.45521682500839233,0.2985731363296509,0.5972541570663452,0.3624504804611206,0.5764650702476501,0.3950108587741852,0.6088844537734985,0.40535837411880493,0.639797031879425,0.2937867045402527,0.6132665872573853,0.35663464665412903,0.5931682586669922,0.38994795083999634,0.6226388216018677,0.4029162526130676,0.6510575413703918,0.2979314923286438,0.6361933946609497,0.34627318382263184,0.6171507835388184,0.3748205602169037,0.6305355429649353,0.391114205121994,0.6472679972648621,D
0.28400275111198425,0.7671761512756348,0.3376108407974243,0.7289056777954102,0.36855313181877136,0.6934930682182312,0.39419877529144287,0.6756548881530762,0.4163498282432556,0.6622641086578369,0.31595098972320557,0.5943022966384888,0.3384256660938263,0.533147931098938,0.3491722047328949,0.48997095227241516,0.35470327734947205,0.45415374636650085,0.29908818006515503,0.5960915088653564,0.36311155557632446,0.5753530263900757,0.3947508633136749,0.6084930300712585,0.40469926595687866,0.6399483680725098,0.29428160190582275,0.6126837134361267,0.35687655210494995,0.5924354791641235,0.38985830545425415,0.6218636631965637,0.4029194116592407,0.6503206491470337,0.29829880595207214,0.636253297328949,0.3462783396244049,0.6168482303619385,0.37530389428138733,0.6285722255706787,0.39250925183296204,0.6437229514122009,D
0.2828953266143799,0.7681183815002441,0.33823272585868835,0.7288674712181091,0.36910298466682434,0.6944727301597595,0.39416083693504333,0.6775919198989868,0.41490036249160767,0.6645718216896057,0.3161928653717041,0.5945765972137451,0.3378506302833557,0.5329596996307373,0.3476678729057312,0.48890089988708496,0.3518618941307068,0.45184046030044556,0.3000444173812866,0.5960227847099304,0.3651544451713562,0.5728093981742859,0.3959827125072479,0.6071211695671082,0.4038957953453064,0.6397745013237,0.29625582695007324,0.6124324798583984,0.36028921604156494,0.5905285477638245,0.391854852437973,0.6225613355636597,0.402417927980423,0.6530112028121948,0.3011571764945984,0.635810911655426,0.3495941162109375,0.6150996685028076,0.3783835470676422,0.6285796165466309,0.39458167552948,0.6454980373382568,D
0.2850305140018463,0.7699894905090332,0.33969420194625854,0.7313272356987,0.3691454529762268,0.695724368095398,0.3936291038990021,0.6791197657585144,0.4155442714691162,0.6674683094024658,0.3181443214416504,0.5961647629737854,0.3395756483078003,0.5354635715484619,0.34916365146636963,0.4916146993637085,0.3524477481842041,0.45451295375823975,0.3021549880504608,0.5977985858917236,0.36741235852241516,0.573591411113739,0.3977598249912262,0.6084514856338501,0.40410274267196655,0.6407937407493591,0.2985854148864746,0.6141146421432495,0.36235252022743225,0.590921938419342,0.3929424583911896,0.6235731244087219,0.4014335870742798,0.6538169384002686,0.3036319315433502,0.6369901895523071,0.3518657684326172,0.6148099899291992,0.37961727380752563,0.6296335458755493,0.3934139013290405,0.6480859518051147,D
0.28356045484542847,0.7697330713272095,0.3395290970802307,0.73297518491745,0.36987027525901794,0.6971006393432617,0.39525526762008667,0.680544912815094,0.41746070981025696,0.6688634753227234,0.3193075656890869,0.5952001810073853,0.3402046859264374,0.5362754464149475,0.3502591848373413,0.4921244978904724,0.35333338379859924,0.4551326036453247,0.3033926784992218,0.5967634320259094,0.36962926387786865,0.5719718337059021,0.3985244035720825,0.6088846921920776,0.4022469222545624,0.6415366530418396,0.29988718032836914,0.612703263759613,0.36433571577072144,0.5888135433197021,0.3936236500740051,0.6235077381134033,0.39926931262016296,0.6547204256057739,0.3048415780067444,0.6354194283485413,0.3541156053543091,0.6134219169616699,0.38126787543296814,0.6294272541999817,0.39310434460639954,0.6486483812332153,D
0.28401365876197815,0.7687844634056091,0.3396207094192505,0.7314740419387817,0.3701190650463104,0.6970561742782593,0.39593908190727234,0.6811082363128662,0.4188556969165802,0.6704189777374268,0.32002323865890503,0.5952871441841125,0.34099990129470825,0.5371497869491577,0.3505973517894745,0.4933778643608093,0.35383662581443787,0.456509530544281,0.30393844842910767,0.5967515707015991,0.36807331442832947,0.573144257068634,0.39765629172325134,0.6083381772041321,0.40304291248321533,0.6405138373374939,0.2999020516872406,0.6125229597091675,0.3626433312892914,0.5897468328475952,0.39184778928756714,0.623766303062439,0.39853692054748535,0.6549519896507263,0.3045332133769989,0.6352090239524841,0.3527991771697998,0.6142652034759521,0.3795609176158905,0.6305679082870483,0.3916107416152954,0.6505038142204285,D
0.2836313843727112,0.7695802450180054,0.33739128708839417,0.7328214049339294,0.36842042207717896,0.697875440120697,0.39472436904907227,0.6805568933486938,0.4182334840297699,0.6685760617256165,0.3194858729839325,0.5966726541519165,0.340000718832016,0.5379367470741272,0.35000231862068176,0.4945146441459656,0.3535098433494568,0.4572105407714844,0.3033137321472168,0.5981130599975586,0.3681345283985138,0.5730952024459839,0.3978472948074341,0.6106572151184082,0.40219372510910034,0.6432876586914062,0.2985962927341461,0.6132954955101013,0.36111846566200256,0.5887389779090881,0.39099329710006714,0.6242427229881287,0.39716804027557373,0.6558164954185486,0.3020588159561157,0.6359645128250122,0.35041752457618713,0.61348956823349,0.3784072697162628,0.6307133436203003,0.3906034529209137,0.6513732671737671,D
0.2843245565891266,0.7690789103507996,0.3372967541217804,0.7316828966140747,0.3685779571533203,0.6964210867881775,0.39460301399230957,0.6798852682113647,0.4172748625278473,0.6680716276168823,0.31896698474884033,0.5945711135864258,0.33823543787002563,0.5354870557785034,0.34768423438072205,0.49186474084854126,0.3510975241661072,0.45490336418151855,0.30186864733695984,0.5959310531616211,0.36670470237731934,0.5716846585273743,0.39600077271461487,0.6097756028175354,0.4000419080257416,0.6426692605018616,0.29649415612220764,0.6108222603797913,0.35965436697006226,0.5861676931381226,0.3894420266151428,0.6220871210098267,0.3955562114715576,0.6540394425392151,0.2993828356266022,0.6327773928642273,0.3479039669036865,0.6101000905036926,0.37589818239212036,0.6274486780166626,0.38818565011024475,0.6480773687362671,D
0.2861708104610443,0.769971489906311,0.33872488141059875,0.7328532934188843,0.3698827028274536,0.6983602046966553,0.395662784576416,0.6808708906173706,0.41726404428482056,0.6689210534095764,0.32115551829338074,0.596524178981781,0.3413257896900177,0.5354048609733582,0.3510228097438812,0.4918231964111328,0.35436081886291504,0.454690158367157,0.303935170173645,0.5974575281143188,0.36655476689338684,0.5733439922332764,0.3963911235332489,0.6110622882843018,0.4014488756656647,0.6449375152587891,0.2976064682006836,0.6121155023574829,0.35865771770477295,0.5891764760017395,0.3882533609867096,0.6243576407432556,0.39538151025772095,0.6563631296157837,0.29899686574935913,0.6343412399291992,0.34611842036247253,0.6129457950592041,0.37381207942962646,0.6297143697738647,0.38678744435310364,0.6500336527824402,D
0.28632235527038574,0.7693586349487305,0.33560293912887573,0.7387069463729858,0.37051063776016235,0.7034556865692139,0.397268146276474,0.6849088668823242,0.41640257835388184,0.6738880276679993,0.3308492600917816,0.598376452922821,0.34861963987350464,0.5378309488296509,0.358573853969574,0.49694448709487915,0.36111143231391907,0.46088194847106934,0.3123502731323242,0.5976578593254089,0.3648931086063385,0.573289692401886,0.39354053139686584,0.6113529801368713,0.39766809344291687,0.6449993252754211,0.3012774586677551,0.6101117134094238,0.35385847091674805,0.5887354612350464,0.3825998902320862,0.6239458322525024,0.3899732828140259,0.6554428339004517,0.29554370045661926,0.6314655542373657,0.3387032747268677,0.6117915511131287,0.36657270789146423,0.6284263730049133,0.3803110718727112,0.6484789848327637,D
0.29601165652275085,0.7677450180053711,0.33866772055625916,0.7494491934776306,0.37912043929100037,0.720835268497467,0.40515220165252686,0.6988661289215088,0.4061849117279053,0.6743291616439819,0.355607807636261,0.6186211705207825,0.37026888132095337,0.5452892780303955,0.3808530271053314,0.5056742429733276,0.38563892245292664,0.46774810552597046,0.33413952589035034,0.6180959939956665,0.36317873001098633,0.5774761438369751,0.38563886284828186,0.6176696419715881,0.3891487419605255,0.6519008278846741,0.31276968121528625,0.6246544122695923,0.3428919017314911,0.5874656438827515,0.36976054310798645,0.6239821910858154,0.37806960940361023,0.6560673117637634,0.2903819978237152,0.6381009221076965,0.31977325677871704,0.6059234738349915,0.34424811601638794,0.6287540197372437,0.3550224006175995,0.6541146636009216,D
0.2939123511314392,0.7665221691131592,0.3396933674812317,0.7545443177223206,0.37846559286117554,0.7289332151412964,0.40043190121650696,0.70468670129776,0.38918912410736084,0.6841039657592773,0.3634149432182312,0.6250025629997253,0.3804543912410736,0.5522106885910034,0.3906242549419403,0.5100946426391602,0.393960177898407,0.4716523289680481,0.3375430107116699,0.624909520149231,0.35844191908836365,0.5854185223579407,0.366732120513916,0.6315004229545593,0.3625156283378601,0.6608951091766357,0.31183308362960815,0.6303505301475525,0.332104355096817,0.590819239616394,0.345060795545578,0.6333968639373779,0.3435695469379425,0.6621039509773254,0.28563886880874634,0.6399633884429932,0.30596983432769775,0.6033335328102112,0.3223395049571991,0.6310563683509827,0.3268556296825409,0.656790018081665,D
0.2924308180809021,0.7637933492660522,0.3370353579521179,0.7553021907806396,0.37421488761901855,0.724695086479187,0.3812997043132782,0.6891331672668457,0.3587270975112915,0.670345664024353,0.366488516330719,0.6239346265792847,0.38115185499191284,0.5506843328475952,0.38849884271621704,0.5058848261833191,0.3911333978176117,0.4662533700466156,0.33727291226387024,0.6219633221626282,0.3473617732524872,0.579584002494812,0.34808024764060974,0.6266237497329712,0.3438563644886017,0.660882830619812,0.3089075982570648,0.6269604563713074,0.3156288266181946,0.5874587893486023,0.3231366276741028,0.6312329769134521,0.32267463207244873,0.6626100540161133,0.279632031917572,0.6358731389045715,0.28929805755615234,0.5985625982284546,0.29972022771835327,0.6295415163040161,0.3023760914802551,0.655678391456604,D
0.3015848994255066,0.7630516886711121,0.3423411548137665,0.7537344694137573,0.37370824813842773,0.7234089374542236,0.36856067180633545,0.6906114816665649,0.3422444760799408,0.6726620197296143,0.3699696362018585,0.6183173060417175,0.382605642080307,0.5476559996604919,0.38844940066337585,0.503769040107727,0.3900872766971588,0.4658191502094269,0.33879515528678894,0.6168917417526245,0.3403307795524597,0.5818812251091003,0.337173730134964,0.629670262336731,0.33335068821907043,0.6651745438575745,0.3097575306892395,0.6231682896614075,0.3077465295791626,0.5897929072380066,0.3110714554786682,0.633499026298523,0.311003714799881,0.6672228574752808,0.28153952956199646,0.6349765062332153,0.28171220421791077,0.6016061305999756,0.2877427339553833,0.631523072719574,0.29049086570739746,0.6585172414779663,D
0.31156599521636963,0.7495478391647339,0.34703439474105835,0.738622784614563,0.3733215034008026,0.7086629271507263,0.3622626066207886,0.6784483194351196,0.3370579779148102,0.6596586108207703,0.37502509355545044,0.6043004393577576,0.38392531871795654,0.5355348587036133,0.3869350850582123,0.49287381768226624,0.3874853849411011,0.4573531448841095,0.34322506189346313,0.6016156673431396,0.3407711088657379,0.5665923357009888,0.33339938521385193,0.615394651889801,0.33139947056770325,0.6481747627258301,0.31538155674934387,0.6066302061080933,0.31042537093162537,0.5747554302215576,0.3085464835166931,0.6168003082275391,0.30811166763305664,0.6464848518371582,0.28996914625167847,0.6183732748031616,0.28834906220436096,0.5862098932266235,0.2914375364780426,0.6146847605705261,0.29432594776153564,0.6391162872314453,D
0.3181714117527008,0.7449353933334351,0.349724680185318,0.7347767353057861,0.3728889226913452,0.7080014944076538,0.35723355412483215,0.6822196245193481,0.33276936411857605,0.6618115305900574,0.376337468624115,0.6008028984069824,0.3837801218032837,0.5347282290458679,0.3849800229072571,0.4914470314979553,0.385231077671051,0.45746588706970215,0.3453298509120941,0.5968378186225891,0.3380044400691986,0.5683454275131226,0.3286096155643463,0.6145129799842834,0.3301767110824585,0.6442832350730896,0.3186190128326416,0.6005986928939819,0.30925944447517395,0.5763553977012634,0.3051254153251648,0.6169620752334595,0.3095438480377197,0.6412118077278137,0.2950398623943329,0.6101694107055664,0.287678599357605,0.5858551859855652,0.28850817680358887,0.6156373023986816,0.29512840509414673,0.6378565430641174,D
0.32602453231811523,0.7416629195213318,0.35376042127609253,0.7326618432998657,0.37187305092811584,0.7122734785079956,0.3520042598247528,0.6930739283561707,0.3235248625278473,0.6761597394943237,0.3765367269515991,0.6067396998405457,0.378269761800766,0.5417084097862244,0.37610018253326416,0.49723511934280396,0.373430073261261,0.46248844265937805,0.34868916869163513,0.6024883389472961,0.3297836184501648,0.5756819844245911,0.3159174919128418,0.6176517009735107,0.31623733043670654,0.6483399868011475,0.32392656803131104,0.604652464389801,0.30436044931411743,0.5812676548957825,0.2958557605743408,0.6174303293228149,0.2997702956199646,0.6452423334121704,0.3025940954685211,0.6111200451850891,0.2842484712600708,0.5894610285758972,0.2818841338157654,0.6167278289794922,0.28982001543045044,0.642536461353302,D
0.3503158986568451,0.7278975248336792,0.37208282947540283,0.7203470468521118,0.3810775578022003,0.701402485370636,0.35405054688453674,0.6865300536155701,0.3233792781829834,0.6713544130325317,0.38831743597984314,0.6011402606964111,0.3852066397666931,0.5385035276412964,0.3803844153881073,0.4961511492729187,0.3771600127220154,0.4601222574710846,0.3606903553009033,0.5969606041908264,0.334072470664978,0.5706050395965576,0.31887131929397583,0.6104981303215027,0.3197072446346283,0.6429279446601868,0.3360380530357361,0.6021590828895569,0.31111565232276917,0.5806453227996826,0.3012324273586273,0.6138342022895813,0.30444854497909546,0.6420125961303711,0.31627145409584045,0.6135682463645935,0.2940061092376709,0.5933952927589417,0.29024043679237366,0.6159508228302002,0.297519326210022,0.6400768160820007,D
0.36831262707710266,0.7186476588249207,0.39105677604675293,0.7110271453857422,0.39411666989326477,0.6930767893791199,0.3613870441913605,0.6826509833335876,0.3327285349369049,0.6686949729919434,0.4000878930091858,0.5948501825332642,0.3896973729133606,0.5332542061805725,0.3799379765987396,0.49194759130477905,0.3726397752761841,0.4556969404220581,0.37272554636001587,0.5908839702606201,0.3400641679763794,0.5653164386749268,0.3283580541610718,0.606255829334259,0.3326992988586426,0.6390077471733093,0.3485274612903595,0.5965133309364319,0.3195735216140747,0.5802673101425171,0.3152580261230469,0.6135807037353516,0.3226034641265869,0.6387611031532288,0.3300696909427643,0.6088800430297852,0.3073742091655731,0.5944339632987976,0.30748414993286133,0.6169686913490295,0.3171813189983368,0.6373481154441833,D
0.3858436942100525,0.708194375038147,0.4034985899925232,0.7005177736282349,0.39853963255882263,0.6810152530670166,0.3621059060096741,0.6706681251525879,0.3361187279224396,0.655865490436554,0.40935438871383667,0.5867804288864136,0.3956700563430786,0.5289433002471924,0.3833198547363281,0.48975566029548645,0.3745117485523224,0.45423853397369385,0.3842633366584778,0.5825667381286621,0.34757566452026367,0.55801922082901,0.33418896794319153,0.5960453748703003,0.33882543444633484,0.62467360496521,0.3613791763782501,0.5886038541793823,0.3293040692806244,0.5748540759086609,0.3241024315357208,0.6065129041671753,0.3316440284252167,0.6278308033943176,0.3450947105884552,0.6022242903709412,0.3206963837146759,0.5908977389335632,0.3199431002140045,0.6132552623748779,0.32802554965019226,0.6338533759117126,D
0.4036288559436798,0.6904059648513794,0.4126111567020416,0.6825540065765381,0.39966583251953125,0.6660557389259338,0.36611586809158325,0.6533242464065552,0.34233495593070984,0.631694495677948,0.4190334975719452,0.5731499791145325,0.4025518298149109,0.5133297443389893,0.38978150486946106,0.4722747206687927,0.3801015019416809,0.43686023354530334,0.3961660861968994,0.5716320276260376,0.35840684175491333,0.5377368927001953,0.34000396728515625,0.5681931972503662,0.33943718671798706,0.5970432758331299,0.3746640980243683,0.5783897638320923,0.34151965379714966,0.5587334036827087,0.33259111642837524,0.5888592600822449,0.33738893270492554,0.6130081415176392,0.3609258234500885,0.5909429788589478,0.33399659395217896,0.5780889391899109,0.3301038146018982,0.598300039768219,0.3363651633262634,0.6193301677703857,D
0.41824600100517273,0.6724683046340942,0.42169031500816345,0.6659696698188782,0.40590032935142517,0.6471786499023438,0.3768462836742401,0.6345111727714539,0.3539918065071106,0.6124905943870544,0.42867782711982727,0.55119389295578,0.4117128551006317,0.4922184348106384,0.3989441990852356,0.4521915316581726,0.3890749216079712,0.41713929176330566,0.4081149101257324,0.5523650050163269,0.3702795207500458,0.5200367569923401,0.35192903876304626,0.5514991879463196,0.3523973822593689,0.5793099999427795,0.3873971104621887,0.5593912601470947,0.35447946190834045,0.5354109406471252,0.3430067002773285,0.5666418671607971,0.3476960361003876,0.5920845866203308,0.3736645579338074,0.5698826313018799,0.34707561135292053,0.5534526705741882,0.3414281904697418,0.5712880492210388,0.34758877754211426,0.5915319919586182,D
0.4150843024253845,0.6780492067337036,0.42044439911842346,0.6684919595718384,0.40536972880363464,0.6477181315422058,0.37437885999679565,0.6360126733779907,0.3499528765678406,0.613082766532898,0.4239167869091034,0.5535305738449097,0.4084782600402832,0.49385836720466614,0.39608222246170044,0.4553949534893036,0.3865096867084503,0.42053160071372986,0.4035175144672394,0.5570672154426575,0.36773213744163513,0.5221575498580933,0.34961172938346863,0.5517333745956421,0.34931355714797974,0.5792485475540161,0.38339653611183167,0.5668041110038757,0.35280370712280273,0.5393598079681396,0.3411705493927002,0.567112147808075,0.3457489013671875,0.5921233296394348,0.37028467655181885,0.5790895223617554,0.3434740900993347,0.5596587657928467,0.3376733362674713,0.574514627456665,0.34513646364212036,0.5951514840126038,D
0.4025948643684387,0.678173303604126,0.41859182715415955,0.6649977564811707,0.4173426330089569,0.6404605507850647,0.3903360664844513,0.6256980895996094,0.3651260733604431,0.607262372970581,0.4304061830043793,0.5491032600402832,0.42147260904312134,0.4894648790359497,0.4114856719970703,0.4511472284793854,0.4035048186779022,0.4180667996406555,0.40541934967041016,0.5506500005722046,0.37865719199180603,0.5199341773986816,0.3643546402454376,0.5489312410354614,0.3645801842212677,0.572676956653595,0.3832325339317322,0.5581586360931396,0.35972127318382263,0.5312638878822327,0.34994062781333923,0.5589632987976074,0.3536510467529297,0.5808812379837036,0.3677292466163635,0.569487452507019,0.3446900248527527,0.5494388341903687,0.3405687212944031,0.5659834146499634,0.34827715158462524,0.5843392014503479,D
0.3837680220603943,0.6769832372665405,0.40976858139038086,0.6613466143608093,0.4217433035373688,0.6346107721328735,0.4047439694404602,0.6133056282997131,0.38402485847473145,0.5919088125228882,0.4316026568412781,0.5440567135810852,0.4358779191970825,0.48557186126708984,0.4347095489501953,0.4466988742351532,0.4334561228752136,0.4148866534233093,0.4050544500350952,0.5420427322387695,0.3925781548023224,0.5091484785079956,0.3799598515033722,0.5448302626609802,0.37933194637298584,0.572217583656311,0.38117924332618713,0.5464464426040649,0.3700350224971771,0.5139570832252502,0.3609902560710907,0.5428550839424133,0.3614290654659271,0.5688955187797546,0.3632170259952545,0.5569227933883667,0.3486962616443634,0.5318261384963989,0.34649333357810974,0.5493493676185608,0.3520577847957611,0.5707396268844604,D
0.3585830628871918,0.6823593974113464,0.3885999321937561,0.6684032678604126,0.4096085727214813,0.642608106136322,0.4011306166648865,0.6143870949745178,0.38165897130966187,0.5887677073478699,0.41466283798217773,0.557694673538208,0.4235275685787201,0.4985432028770447,0.42752698063850403,0.45958763360977173,0.42906102538108826,0.4276789426803589,0.38833773136138916,0.5542997717857361,0.38511744141578674,0.5163822770118713,0.3784562647342682,0.5532439351081848,0.3773003816604614,0.581620991230011,0.3644584119319916,0.5579057931900024,0.3611849248409271,0.521090567111969,0.3587701916694641,0.5510504245758057,0.3581457734107971,0.5783757567405701,0.3436967134475708,0.56691974401474,0.3405577540397644,0.5344563722610474,0.34291812777519226,0.5540146827697754,0.34579503536224365,0.5767613053321838,D
0.33990445733070374,0.6946117877960205,0.37273743748664856,0.6759709715843201,0.39491644501686096,0.6458995938301086,0.393356591463089,0.6169555187225342,0.3747570216655731,0.5934976935386658,0.39426425099372864,0.5667927861213684,0.4033798277378082,0.5085322260856628,0.4067096412181854,0.4704951345920563,0.40713992714881897,0.438879132270813,0.3691646456718445,0.5650288462638855,0.37042322754859924,0.5228949785232544,0.3680211901664734,0.5579929947853088,0.36713552474975586,0.5861223340034485,0.34499266743659973,0.570591390132904,0.3446519672870636,0.5294973850250244,0.3480624556541443,0.5579478144645691,0.34848010540008545,0.5854348540306091,0.3219729959964752,0.582827091217041,0.32157501578330994,0.5461622476577759,0.3282095193862915,0.5631250739097595,0.3320087492465973,0.5848706960678101,D
0.32127225399017334,0.7040140628814697,0.35846108198165894,0.6872057914733887,0.38422849774360657,0.6591792702674866,0.39129042625427246,0.629912793636322,0.37214645743370056,0.6091985106468201,0.38067111372947693,0.579550564289093,0.3923475444316864,0.518596351146698,0.3984360992908478,0.4826675057411194,0.4004802107810974,0.44989192485809326,0.35697034001350403,0.5783542394638062,0.3627416789531708,0.5350521206855774,0.3653278946876526,0.5715510845184326,0.3652108907699585,0.5988435745239258,0.3336683511734009,0.5833452343940735,0.33667024970054626,0.5375607013702393,0.34368520975112915,0.5689085721969604,0.34422722458839417,0.5977736711502075,0.31016936898231506,0.5947446823120117,0.3148975968360901,0.5531922578811646,0.32464179396629333,0.5725555419921875,0.32800570130348206,0.5971115827560425,D
0.30923303961753845,0.7102482318878174,0.3456767499446869,0.6927973031997681,0.37332502007484436,0.6654877066612244,0.3864706754684448,0.6391714215278625,0.37174713611602783,0.6199883818626404,0.36468374729156494,0.5849292278289795,0.37697306275367737,0.5239057540893555,0.38303640484809875,0.48685938119888306,0.3848086893558502,0.453427255153656,0.3414900600910187,0.5853757858276367,0.34947267174720764,0.5420233607292175,0.3573031425476074,0.5760995149612427,0.3583044707775116,0.6049556136131287,0.31844693422317505,0.591742217540741,0.3249583840370178,0.5456539988517761,0.3374735713005066,0.5758585333824158,0.34026506543159485,0.6064720153808594,0.2951304614543915,0.6029629707336426,0.3038454055786133,0.5628421306610107,0.31722766160964966,0.5804725885391235,0.32274284958839417,0.603469729423523,D
0.3037150204181671,0.7173441648483276,0.341092586517334,0.6987950205802917,0.370052307844162,0.6692358255386353,0.3828372657299042,0.6410517692565918,0.365517795085907,0.6247937679290771,0.3550073504447937,0.5908784866333008,0.3672754764556885,0.5276926755905151,0.3731621205806732,0.4904745817184448,0.37467148900032043,0.45675861835479736,0.33268699049949646,0.5919748544692993,0.34171757102012634,0.5495225191116333,0.35060128569602966,0.5825459957122803,0.35184910893440247,0.6118400692939758,0.3104293942451477,0.598599910736084,0.3178458511829376,0.5546548962593079,0.3314695656299591,0.5847981572151184,0.33542269468307495,0.615211546421051,0.28784361481666565,0.6096516251564026,0.29723361134529114,0.571847140789032,0.3114629089832306,0.5900890827178955,0.3181763291358948,0.6134511232376099,D
0.3011700510978699,0.7211246490478516,0.3379232585430145,0.7045637369155884,0.3651713728904724,0.6776779294013977,0.3793284296989441,0.6544764041900635,0.36876311898231506,0.6355113983154297,0.3534983992576599,0.5927401781082153,0.36530178785324097,0.529182493686676,0.3705999255180359,0.492317795753479,0.3719366490840912,0.4591664671897888,0.33088618516921997,0.5945276021957397,0.33892253041267395,0.553700864315033,0.34751877188682556,0.5866882801055908,0.3496696949005127,0.6161800026893616,0.30803248286247253,0.6017323136329651,0.3141708970069885,0.5601978302001953,0.3279089033603668,0.5898581147193909,0.33288753032684326,0.6191737651824951,0.2853291928768158,0.6134291291236877,0.29385605454444885,0.5774998664855957,0.3081682622432709,0.594977617263794,0.3160647749900818,0.6168515682220459,D
0.29653769731521606,0.7259034514427185,0.3341173529624939,0.7083310484886169,0.3615313768386841,0.6810641288757324,0.3762200176715851,0.6571933627128601,0.365345299243927,0.6382107734680176,0.3496935963630676,0.5972107648849487,0.361383318901062,0.5333086252212524,0.3667035400867462,0.49596554040908813,0.36817073822021484,0.46251118183135986,0.32685476541519165,0.5987993478775024,0.3358322083950043,0.5571162700653076,0.3450930118560791,0.5897107720375061,0.3473779261112213,0.619167149066925,0.30381038784980774,0.605927050113678,0.31141623854637146,0.5629088878631592,0.3257734179496765,0.5928661823272705,0.3304491937160492,0.6229215860366821,0.2809866666793823,0.6176342368125916,0.2907765209674835,0.5797477960586548,0.30528372526168823,0.598129391670227,0.312195360660553,0.6214386224746704,D
0.29470762610435486,0.729660153388977,0.33209484815597534,0.7115554809570312,0.35916638374328613,0.6850869655609131,0.37463507056236267,0.6618078351020813,0.36438632011413574,0.6432704329490662,0.34652888774871826,0.6008676886558533,0.35743144154548645,0.536273717880249,0.36248403787612915,0.4987794756889343,0.36390772461891174,0.4653187394142151,0.32385826110839844,0.6028977632522583,0.33144140243530273,0.5603017210960388,0.34085431694984436,0.591767430305481,0.343762069940567,0.6216930150985718,0.3008110225200653,0.6101602911949158,0.30683985352516174,0.566125750541687,0.3211557865142822,0.5946628451347351,0.3266739249229431,0.6250185966491699,0.2779183089733124,0.6219265460968018,0.286750853061676,0.5840636491775513,0.3010587692260742,0.6006528735160828,0.308694452047348,0.6230924725532532,D
0.2940760552883148,0.7279927730560303,0.3316088020801544,0.7130109667778015,0.3589777648448944,0.6873326897621155,0.37405070662498474,0.6644949913024902,0.3647286593914032,0.6452628970146179,0.3469037413597107,0.5991520285606384,0.35822832584381104,0.5359123945236206,0.3634418845176697,0.49888139963150024,0.3646927773952484,0.4657193124294281,0.32365280389785767,0.6012629866600037,0.33016568422317505,0.5578069686889648,0.3395044505596161,0.5911134481430054,0.34219616651535034,0.6211276650428772,0.3003542125225067,0.6092114448547363,0.30569973587989807,0.5669596195220947,0.32054975628852844,0.5973161458969116,0.32612699270248413,0.6268447637557983,0.2775005102157593,0.6219366788864136,0.28616854548454285,0.5849781632423401,0.3006434440612793,0.6022114157676697,0.308296799659729,0.6237258911132812,D
0.2974979877471924,0.7250820398330688,0.33509561419487,0.7122788429260254,0.3626219630241394,0.68477863073349,0.37624210119247437,0.660771906375885,0.3662985563278198,0.6416159272193909,0.3502885103225708,0.5979702472686768,0.3623388409614563,0.5342874526977539,0.36770057678222656,0.49675583839416504,0.3695753216743469,0.4633559286594391,0.3275013864040375,0.599712610244751,0.33450955152511597,0.5554868578910828,0.3431297242641449,0.5889855623245239,0.3458501696586609,0.6209104657173157,0.3044481873512268,0.607262909412384,0.309895396232605,0.5655259490013123,0.323922336101532,0.5953666567802429,0.3301292359828949,0.625529408454895,0.2814657390117645,0.6191099286079407,0.28972327709198,0.584450364112854,0.30393892526626587,0.599783718585968,0.31276044249534607,0.6191620230674744,D
0.29983994364738464,0.726459801197052,0.3367977738380432,0.7120707035064697,0.36444327235221863,0.6851346492767334,0.3793165981769562,0.6617861986160278,0.3676812946796417,0.6431979537010193,0.352680504322052,0.5977098345756531,0.3644070029258728,0.53336501121521,0.36997365951538086,0.4961056709289551,0.3715304732322693,0.4626955986022949,0.3298085033893585,0.5997013449668884,0.33677271008491516,0.5577529668807983,0.345375657081604,0.5919467210769653,0.3475954830646515,0.6224508881568909,0.30655786395072937,0.6073154807090759,0.31190773844718933,0.5664117932319641,0.3260570466518402,0.5972945690155029,0.3317641019821167,0.6269880533218384,0.2836090326309204,0.6193087697029114,0.2913656234741211,0.583874523639679,0.30559971928596497,0.6010948419570923,0.31392672657966614,0.6218608021736145,D
0.2998511791229248,0.7269837856292725,0.33728933334350586,0.7104688286781311,0.3653896152973175,0.6837583184242249,0.3811129629611969,0.6605430245399475,0.36986464262008667,0.64284747838974,0.35278069972991943,0.5978313088417053,0.36428534984588623,0.5335413217544556,0.3698793947696686,0.49642878770828247,0.37139296531677246,0.46308547258377075,0.3299725353717804,0.5997648239135742,0.3376941382884979,0.5581339597702026,0.34693974256515503,0.5925747752189636,0.3493991792201996,0.6227788925170898,0.30688905715942383,0.6073741316795349,0.31252041459083557,0.5662035346031189,0.3273199796676636,0.5968976020812988,0.333181232213974,0.6264235973358154,0.2841432988643646,0.6195640563964844,0.29262056946754456,0.5840855836868286,0.3072264790534973,0.6012597680091858,0.31538888812065125,0.6223289370536804,D
0.3008381128311157,0.7241031527519226,0.3385331332683563,0.7091021537780762,0.36683908104896545,0.6829556822776794,0.3817412257194519,0.659626305103302,0.3709505498409271,0.6393520832061768,0.3545060157775879,0.5954907536506653,0.36627763509750366,0.5318099856376648,0.37175261974334717,0.4945903718471527,0.37334227561950684,0.46141692996025085,0.3316985070705414,0.5973060131072998,0.33904770016670227,0.5551799535751343,0.34783032536506653,0.5893216729164124,0.35022592544555664,0.6202376484870911,0.3087235391139984,0.6047675013542175,0.31471776962280273,0.5653300285339355,0.3289755880832672,0.5958473682403564,0.3346594572067261,0.6253796219825745,0.28594329953193665,0.616682767868042,0.29480230808258057,0.5825597047805786,0.3090806305408478,0.5996217727661133,0.31725287437438965,0.6202790141105652,D
0.3014632761478424,0.7247727513313293,0.33943453431129456,0.7087863683700562,0.3681184649467468,0.6817101240158081,0.3832857310771942,0.6572455763816833,0.3700578212738037,0.6386800408363342,0.35487112402915955,0.5955907702445984,0.3659166097640991,0.5318313837051392,0.37155503034591675,0.4947308599948883,0.37317216396331787,0.46148186922073364,0.3321114182472229,0.5976049304008484,0.3395300805568695,0.5560561418533325,0.34875214099884033,0.5894668102264404,0.3512526750564575,0.6190758347511292,0.30909132957458496,0.6051285266876221,0.3153747022151947,0.5644694566726685,0.32983970642089844,0.5950158834457397,0.3353365659713745,0.6246066689491272,0.28631848096847534,0.6172606348991394,0.295248806476593,0.5819438695907593,0.3097655773162842,0.5993748307228088,0.31788554787635803,0.6208622455596924,D
0.30062466859817505,0.7253245711326599,0.33888691663742065,0.7093396782875061,0.36803117394447327,0.6817150115966797,0.3832203149795532,0.6566497087478638,0.369983971118927,0.638373076915741,0.3546532392501831,0.5964690446853638,0.366204172372818,0.5324746966362,0.37190744280815125,0.4953945279121399,0.3733789324760437,0.4619193971157074,0.3322235941886902,0.5983301401138306,0.3396804928779602,0.5557864904403687,0.34904399514198303,0.5893300771713257,0.3513215184211731,0.619314968585968,0.3093849718570709,0.6058172583580017,0.3157069981098175,0.5648227334022522,0.33034762740135193,0.596021294593811,0.33565038442611694,0.6259819865226746,0.28647029399871826,0.6178695559501648,0.29562562704086304,0.5823608040809631,0.31043189764022827,0.6002932190895081,0.31854039430618286,0.6222512125968933,D
0.30184078216552734,0.7242802977561951,0.33966121077537537,0.7088925838470459,0.36854851245880127,0.6812050342559814,0.38259658217430115,0.6569578051567078,0.36986044049263,0.6397199034690857,0.35598576068878174,0.5958021283149719,0.3673602044582367,0.5316683650016785,0.3730015158653259,0.4948141872882843,0.3743389844894409,0.46157559752464294,0.33296605944633484,0.5978919863700867,0.34036117792129517,0.5563081502914429,0.34961462020874023,0.59110027551651,0.35188356041908264,0.6207121014595032,0.3098806142807007,0.6054114103317261,0.3160460889339447,0.5644147992134094,0.33028799295425415,0.5962205529212952,0.3354039788246155,0.625469982624054,0.28676819801330566,0.6173529028892517,0.2956792414188385,0.5822308659553528,0.30987995862960815,0.5999559164047241,0.3176400363445282,0.6205723285675049,D
0.300415575504303,0.7246848344802856,0.33853039145469666,0.708914041519165,0.3667282164096832,0.6828117966651917,0.38215014338493347,0.659386932849884,0.37125951051712036,0.6423537731170654,0.3550114035606384,0.595893919467926,0.3663994073867798,0.5321266651153564,0.3721458613872528,0.4952594041824341,0.37374427914619446,0.46244245767593384,0.3321714997291565,0.5978167653083801,0.34060972929000854,0.557914674282074,0.3495277166366577,0.5928258299827576,0.3515397310256958,0.6225704550743103,0.3091065287590027,0.6052701473236084,0.3159288167953491,0.5651109218597412,0.3300376832485199,0.5968473553657532,0.3348841071128845,0.6265762448310852,0.28619706630706787,0.6175099015235901,0.2958027124404907,0.5827139019966125,0.31036487221717834,0.6013105511665344,0.31797927618026733,0.6232696771621704,D
