0.312564492225647,0.6531715393066406,0.33796536922454834,0.6443219780921936,0.35132095217704773,0.6222167611122131,0.34240418672561646,0.6047272086143494,0.3253108859062195,0.5933008193969727,0.3613307774066925,0.5136281251907349,0.35451656579971313,0.5295137763023376,0.34946343302726746,0.5710179805755615,0.3465401530265808,0.604271650314331,0.3322606384754181,0.50468909740448,0.3252670168876648,0.5244487524032593,0.32462865114212036,0.5713675022125244,0.32553261518478394,0.6047969460487366,0.30288007855415344,0.5126842856407166,0.2979975938796997,0.5296186208724976,0.3021959662437439,0.5774840116500854,0.3064722418785095,0.61049884557724,0.2788369357585907,0.5322573781013489,0.2767430543899536,0.5527154207229614,0.28452828526496887,0.5912634134292603,0.2916019856929779,0.6156846284866333,M
0.31169429421424866,0.6539068818092346,0.33597061038017273,0.646073579788208,0.34981203079223633,0.6283751726150513,0.3421504497528076,0.6129952073097229,0.3264791667461395,0.601219654083252,0.3614864647388458,0.5150755643844604,0.35422247648239136,0.5306766629219055,0.34841832518577576,0.5730053186416626,0.344745010137558,0.6058135032653809,0.3324495851993561,0.5046504139900208,0.324924111366272,0.5254969596862793,0.32381385564804077,0.5732793211936951,0.32448771595954895,0.6050249338150024,0.3032413721084595,0.5117806792259216,0.29747703671455383,0.5308009386062622,0.301320344209671,0.5785108208656311,0.3052141070365906,0.6103023290634155,0.2794937789440155,0.5308098793029785,0.2762663662433624,0.553283154964447,0.2833127975463867,0.5917680263519287,0.290080726146698,0.6154161691665649,M
0.3107898235321045,0.6528192758560181,0.3362766206264496,0.644844114780426,0.3506653606891632,0.6284871697425842,0.3449915051460266,0.6133072972297668,0.32957595586776733,0.6016092896461487,0.360498309135437,0.5143598914146423,0.3544745445251465,0.5309128761291504,0.3494964838027954,0.5725831389427185,0.34621161222457886,0.6057757139205933,0.3319522440433502,0.5048500895500183,0.32531559467315674,0.5273401737213135,0.3246636986732483,0.5731804370880127,0.32524219155311584,0.6056317090988159,0.3029356002807617,0.5119220614433289,0.2981342375278473,0.5332912802696228,0.3023163080215454,0.5795348882675171,0.30633386969566345,0.6122686266899109,0.2793785333633423,0.5302329063415527,0.27644866704940796,0.5489221811294556,0.28311657905578613,0.5857208967208862,0.28937333822250366,0.6102184653282166,M
0.3097362518310547,0.6533947587013245,0.3339071273803711,0.6463085412979126,0.34855082631111145,0.6315707564353943,0.34417927265167236,0.6170240640640259,0.3308594524860382,0.6036378145217896,0.3609520196914673,0.5160485506057739,0.3537045419216156,0.5294219851493835,0.3476887345314026,0.5720838308334351,0.3440040647983551,0.6058117747306824,0.3322058916091919,0.5054239630699158,0.3252353072166443,0.5257940888404846,0.3241838216781616,0.573073148727417,0.3249177634716034,0.6054081916809082,0.3032410740852356,0.5120456218719482,0.2979631721973419,0.5331062078475952,0.301971971988678,0.580139696598053,0.3060592710971832,0.6124619841575623,0.2795998156070709,0.5304323434829712,0.2764507532119751,0.5529571771621704,0.2837781608104706,0.5901480913162231,0.2911216914653778,0.6136102676391602,M
0.3102681040763855,0.6527250409126282,0.33486253023147583,0.6466091275215149,0.34871798753738403,0.6309341788291931,0.34361860156059265,0.6160390377044678,0.32885798811912537,0.6025559306144714,0.36123955249786377,0.515396237373352,0.35431796312332153,0.5303748250007629,0.34893691539764404,0.5735912919044495,0.3459319770336151,0.6062706708908081,0.3324527442455292,0.5057743787765503,0.32537031173706055,0.5241624116897583,0.32421931624412537,0.5738146305084229,0.32468682527542114,0.6066202521324158,0.3033403158187866,0.5128065943717957,0.2979755401611328,0.5267401337623596,0.30159780383110046,0.5757100582122803,0.3053227365016937,0.608564555644989,0.2796227037906647,0.5317471027374268,0.2758115530014038,0.5478522777557373,0.2829441726207733,0.5855921506881714,0.2900186777114868,0.6093322038650513,M
0.3117213249206543,0.6556664705276489,0.3362288177013397,0.6480825543403625,0.34980374574661255,0.6284945011138916,0.34603315591812134,0.6113428473472595,0.33398422598838806,0.5996683239936829,0.36056196689605713,0.5166016817092896,0.35535410046577454,0.5335884690284729,0.3503413200378418,0.5761030912399292,0.34620338678359985,0.6093646287918091,0.3317992091178894,0.5072590112686157,0.32536935806274414,0.528327226638794,0.3249327540397644,0.578071117401123,0.32502609491348267,0.6109670996665955,0.30318722128868103,0.5148757696151733,0.29838117957115173,0.532049298286438,0.3024697005748749,0.5806869864463806,0.305804967880249,0.613228440284729,0.27987968921661377,0.5338451266288757,0.2767502963542938,0.5484362840652466,0.28348469734191895,0.586146354675293,0.2895757853984833,0.6102666854858398,M
0.3124907612800598,0.6649760007858276,0.3398442566394806,0.6587661504745483,0.3554686903953552,0.6382590532302856,0.34899237751960754,0.6220519542694092,0.3306148052215576,0.6160915493965149,0.36188384890556335,0.523180365562439,0.35667362809181213,0.5452154874801636,0.35275787115097046,0.5868185758590698,0.3496769666671753,0.6182106733322144,0.33264926075935364,0.5161633491516113,0.3276405930519104,0.5402513146400452,0.32747936248779297,0.5892566442489624,0.32792171835899353,0.6233119964599609,0.3036159574985504,0.5257385969161987,0.2998896539211273,0.5435762405395508,0.30492517352104187,0.5910544395446777,0.309384822845459,0.6241965889930725,0.28027603030204773,0.5462205410003662,0.27879101037979126,0.55888432264328,0.28711074590682983,0.595294713973999,0.29423069953918457,0.6197288632392883,M
0.31577932834625244,0.6752969026565552,0.3418247401714325,0.6689918637275696,0.3568882942199707,0.6477961540222168,0.3510212004184723,0.6322636604309082,0.3339533507823944,0.6277416944503784,0.36433836817741394,0.5317995548248291,0.35887789726257324,0.5560449361801147,0.35518181324005127,0.5993137955665588,0.35266125202178955,0.6313391327857971,0.3351196050643921,0.5255271792411804,0.3303009569644928,0.5502135753631592,0.33094072341918945,0.6008018851280212,0.33200469613075256,0.6362658143043518,0.3058615028858185,0.5360311269760132,0.30229896306991577,0.5516909956932068,0.3074725270271301,0.602339506149292,0.3122255504131317,0.6380388140678406,0.28231555223464966,0.5575619339942932,0.28083911538124084,0.5674415230751038,0.28932926058769226,0.6060270071029663,0.2964754104614258,0.6330297589302063,M
0.3139760196208954,0.6830626130104065,0.34237122535705566,0.6745815873146057,0.3590187430381775,0.6509189009666443,0.3503156900405884,0.6334696412086487,0.33160367608070374,0.6309703588485718,0.35962265729904175,0.5370718240737915,0.3566129803657532,0.5627766251564026,0.3529270589351654,0.6055959463119507,0.3490564227104187,0.6377710103988647,0.330232709646225,0.5315802097320557,0.32802313566207886,0.5579978227615356,0.3292202055454254,0.6079549789428711,0.3292752206325531,0.6438032984733582,0.30155467987060547,0.5428709983825684,0.3009405732154846,0.5607116222381592,0.30674904584884644,0.6095966100692749,0.310412734746933,0.6446176767349243,0.2782914638519287,0.5642637610435486,0.27815133333206177,0.5725187063217163,0.2865930497646332,0.6091134548187256,0.2924746870994568,0.6350817084312439,M
0.3144564926624298,0.6788517832756042,0.34360504150390625,0.6678137183189392,0.3588797450065613,0.6437079906463623,0.3510127067565918,0.6253488063812256,0.33545634150505066,0.6188269257545471,0.3580757975578308,0.535077691078186,0.3561932444572449,0.5598248243331909,0.3528797924518585,0.6030389070510864,0.3492579162120819,0.6355900764465332,0.3292257487773895,0.5285786986351013,0.32696160674095154,0.5605326890945435,0.3285839259624481,0.6073129177093506,0.3295983076095581,0.6398559212684631,0.30092740058898926,0.5387893319129944,0.2994372844696045,0.5665136575698853,0.3054420053958893,0.6107988357543945,0.3096154034137726,0.642084002494812,0.277764230966568,0.5590305924415588,0.2777899205684662,0.578670084476471,0.2861346900463104,0.6139008402824402,0.29234516620635986,0.6375613212585449,M
0.3158450424671173,0.6795125007629395,0.34415334463119507,0.6675813794136047,0.3594093918800354,0.6417620182037354,0.3525056838989258,0.6215948462486267,0.3386402428150177,0.6138087511062622,0.3607810437679291,0.5342808365821838,0.35625141859054565,0.5602675080299377,0.35317373275756836,0.6026071310043335,0.35052403807640076,0.6345435976982117,0.33137816190719604,0.5283026099205017,0.3267958462238312,0.5587999820709229,0.32834357023239136,0.6068310737609863,0.32978910207748413,0.6410996317863464,0.3027576208114624,0.5388166904449463,0.3000015616416931,0.5623831748962402,0.30592045187950134,0.6091423630714417,0.31043556332588196,0.6424293518066406,0.27943193912506104,0.5596901178359985,0.27840951085090637,0.5785590410232544,0.2880517840385437,0.6144267916679382,0.2956875264644623,0.6382599472999573,M
0.31366845965385437,0.6794112324714661,0.34089699387550354,0.6703625321388245,0.35637950897216797,0.6512738466262817,0.34838807582855225,0.6370851993560791,0.330191969871521,0.632124662399292,0.3596027195453644,0.5362942814826965,0.356356143951416,0.5629045367240906,0.35309040546417236,0.604867696762085,0.3498017489910126,0.6351193189620972,0.33019328117370605,0.5300652980804443,0.3272090554237366,0.5594068765640259,0.3286633789539337,0.6075133681297302,0.32908084988594055,0.6407343745231628,0.3013668954372406,0.5406046509742737,0.30031663179397583,0.5643471479415894,0.30611881613731384,0.6110274791717529,0.30937841534614563,0.6431979537010193,0.2780013084411621,0.5614289045333862,0.2779190242290497,0.5790741443634033,0.28698110580444336,0.6148664355278015,0.2934185564517975,0.6379442811012268,M
0.3141636252403259,0.6792905926704407,0.3408050239086151,0.670146644115448,0.35539868474006653,0.6491703391075134,0.3484647274017334,0.6334142088890076,0.33389812707901,0.6276295781135559,0.3599487841129303,0.5372195243835449,0.35509106516838074,0.5631402730941772,0.3514874577522278,0.6054041981697083,0.34838902950286865,0.6370350122451782,0.3307192623615265,0.5303980112075806,0.32577669620513916,0.5604034066200256,0.3265174627304077,0.6095362305641174,0.3272179067134857,0.6440001726150513,0.3020666837692261,0.5405629277229309,0.29875481128692627,0.5610395073890686,0.3039500415325165,0.608948826789856,0.30801746249198914,0.6430546045303345,0.2788090705871582,0.561089277267456,0.2763828933238983,0.5745331645011902,0.28448769450187683,0.6111538410186768,0.29111841320991516,0.6362282037734985,M
0.3148835599422455,0.6794790029525757,0.3427973687648773,0.6681939363479614,0.3567601442337036,0.6431528329849243,0.34969741106033325,0.6233372092247009,0.33635905385017395,0.6148822903633118,0.36014387011528015,0.535800039768219,0.35451051592826843,0.5611335635185242,0.3513732850551605,0.602631688117981,0.34892356395721436,0.6344897747039795,0.3311639428138733,0.5284572839736938,0.325637549161911,0.5599716901779175,0.32671868801116943,0.6055048108100891,0.3279026448726654,0.6387416124343872,0.3025411367416382,0.5372275114059448,0.2986757159233093,0.5653258562088013,0.3038065433502197,0.6095526814460754,0.307925283908844,0.6415948867797852,0.27910012006759644,0.5561106204986572,0.2770412564277649,0.5776776075363159,0.28543612360954285,0.6131784915924072,0.29246050119400024,0.6371491551399231,M
0.31350162625312805,0.6742541193962097,0.34013131260871887,0.6656416654586792,0.353674978017807,0.6478588581085205,0.34669792652130127,0.6351177096366882,0.33197933435440063,0.6314213275909424,0.3602694869041443,0.5332372188568115,0.3550582528114319,0.5594327449798584,0.35070839524269104,0.6011441349983215,0.3471483886241913,0.6330015063285828,0.33123934268951416,0.5259878635406494,0.3257865011692047,0.5577807426452637,0.32611045241355896,0.6031975150108337,0.32659175992012024,0.6357234716415405,0.3025485575199127,0.5350531935691833,0.29880592226982117,0.5617421865463257,0.3031284213066101,0.6058348417282104,0.3062601387500763,0.6373876929283142,0.2792651057243347,0.553949773311615,0.27708908915519714,0.5713782906532288,0.2835731506347656,0.6070862412452698,0.2886669933795929,0.6315495371818542,M
0.3151637613773346,0.6742614507675171,0.34312233328819275,0.6639313697814941,0.35732269287109375,0.6399441957473755,0.3508036136627197,0.619834303855896,0.3376624584197998,0.6118236184120178,0.3612832725048065,0.5326327681541443,0.354928582906723,0.5596078038215637,0.3519962430000305,0.6010681986808777,0.3498534858226776,0.632347822189331,0.3321567475795746,0.5257002711296082,0.32593396306037903,0.5571308135986328,0.32671576738357544,0.6047132611274719,0.32777756452560425,0.6389315724372864,0.30359116196632385,0.5350104570388794,0.2988830506801605,0.5592603087425232,0.3032677173614502,0.6047216057777405,0.3070373833179474,0.637552797794342,0.2801869213581085,0.5543518662452698,0.2766834497451782,0.5717447400093079,0.2844202220439911,0.6069899797439575,0.2910408079624176,0.6309629082679749,M
0.3144210875034332,0.6777459979057312,0.3424919545650482,0.6685348153114319,0.35678592324256897,0.6452381014823914,0.34697356820106506,0.6280028820037842,0.32867762446403503,0.623550295829773,0.36157405376434326,0.5353384613990784,0.3561468720436096,0.5613934993743896,0.3528197109699249,0.602587103843689,0.3498554825782776,0.6336800456047058,0.33206844329833984,0.5291682481765747,0.3267078995704651,0.5571545958518982,0.3275566101074219,0.6057800650596619,0.3281837999820709,0.6401877999305725,0.30331310629844666,0.5395409464836121,0.30008652806282043,0.5572425723075867,0.30503132939338684,0.6047009229660034,0.30873891711235046,0.6382991671562195,0.2800452411174774,0.5600791573524475,0.2776552736759186,0.5703102350234985,0.28568974137306213,0.6067693829536438,0.2919463813304901,0.6317276954650879,M
0.31483423709869385,0.6793222427368164,0.343017041683197,0.6714415550231934,0.35792723298072815,0.651529848575592,0.3463958501815796,0.6370248794555664,0.3261968493461609,0.6364520788192749,0.3613077402114868,0.537510097026825,0.3558792173862457,0.5668201446533203,0.35158586502075195,0.6089025735855103,0.348166823387146,0.6404035687446594,0.3314637541770935,0.5311312675476074,0.3271944224834442,0.5622844099998474,0.327565997838974,0.6107991337776184,0.327976256608963,0.6465556621551514,0.30230650305747986,0.5417888164520264,0.29951348900794983,0.5634185075759888,0.30434566736221313,0.6105563044548035,0.3080415725708008,0.6452400088310242,0.2788480818271637,0.5624598860740662,0.27663367986679077,0.5753449201583862,0.28458213806152344,0.6115386486053467,0.2908380925655365,0.6372590065002441,M
0.3137752115726471,0.6787619590759277,0.34134459495544434,0.6691153049468994,0.35634273290634155,0.6452691555023193,0.3490195572376251,0.6250571608543396,0.3350980281829834,0.617565393447876,0.36015358567237854,0.5369606614112854,0.3547309637069702,0.5659444332122803,0.3505488634109497,0.6086423993110657,0.3473404049873352,0.640240490436554,0.3305206894874573,0.5297456383705139,0.32566359639167786,0.563818097114563,0.3268236219882965,0.6107984781265259,0.3281782269477844,0.6435732841491699,0.30154210329055786,0.5394229888916016,0.29867061972618103,0.5690379738807678,0.3039456307888031,0.6140322089195251,0.30783095955848694,0.6451619267463684,0.2777896821498871,0.5591130256652832,0.27684396505355835,0.5836392641067505,0.28494226932525635,0.619321882724762,0.2913220524787903,0.64180588722229,M
0.3146013021469116,0.6775731444358826,0.34212803840637207,0.6681920289993286,0.35677534341812134,0.645352303981781,0.3473515510559082,0.6271443963050842,0.33160150051116943,0.6234733462333679,0.3607931435108185,0.5362523794174194,0.3539586663246155,0.5669935941696167,0.3490790128707886,0.6101671457290649,0.34553366899490356,0.6427645683288574,0.3307851552963257,0.5289813280105591,0.3250170648097992,0.5630339980125427,0.32548242807388306,0.610771119594574,0.3265286087989807,0.64581298828125,0.30168917775154114,0.5386524200439453,0.2975894808769226,0.5660266876220703,0.30264729261398315,0.6120116114616394,0.30681872367858887,0.6451180577278137,0.2779257297515869,0.5585593581199646,0.27552422881126404,0.5799869894981384,0.28350645303726196,0.6167501211166382,0.2901019752025604,0.6410198211669922,M
0.3131924569606781,0.678579568862915,0.34056785702705383,0.6688762903213501,0.3554641306400299,0.6454685926437378,0.34825408458709717,0.6256177425384521,0.33588844537734985,0.6184225678443909,0.36022889614105225,0.5367885231971741,0.35413703322410583,0.5646066069602966,0.34959912300109863,0.6062408685684204,0.345824271440506,0.637062668800354,0.3307167589664459,0.5293386578559875,0.324847012758255,0.5615845918655396,0.3253217339515686,0.6084325313568115,0.3258761167526245,0.6415525078773499,0.30197030305862427,0.5384586453437805,0.2978206276893616,0.5635274052619934,0.3026410937309265,0.6081562042236328,0.3060784339904785,0.6403013467788696,0.2783193290233612,0.5578111410140991,0.2757868468761444,0.5765244364738464,0.2834213376045227,0.6118649840354919,0.2894132137298584,0.6358159184455872,M
0.3151584267616272,0.6771319508552551,0.34322190284729004,0.6651688814163208,0.3578677773475647,0.6384158134460449,0.3528668284416199,0.6169111728668213,0.3421485424041748,0.6086533069610596,0.3607904314994812,0.5350471138954163,0.35523396730422974,0.5625930428504944,0.35145193338394165,0.6049842834472656,0.34827080368995667,0.6361198425292969,0.3312455713748932,0.5281587839126587,0.3260291516780853,0.5606352090835571,0.3263508677482605,0.609366238117218,0.32688745856285095,0.643089234828949,0.3026609420776367,0.5379512906074524,0.29943612217903137,0.5622467994689941,0.303856760263443,0.6092525720596313,0.3073766827583313,0.6422715187072754,0.27908527851104736,0.5577447414398193,0.27699241042137146,0.5753129720687866,0.2855547368526459,0.6110489964485168,0.29255935549736023,0.6348366737365723,M
0.3140011131763458,0.6770987510681152,0.3426453471183777,0.6659104228019714,0.35834142565727234,0.6411774158477783,0.3507370948791504,0.6209412813186646,0.3362424373626709,0.6147540807723999,0.3611339032649994,0.5357368588447571,0.35568419098854065,0.5638135075569153,0.351236492395401,0.6052207946777344,0.34783273935317993,0.6364833116531372,0.33142709732055664,0.5290436744689941,0.3267260193824768,0.5610535144805908,0.3272697329521179,0.6081723570823669,0.32807648181915283,0.6423279047012329,0.3026924431324005,0.5386154651641846,0.30020228028297424,0.5636129975318909,0.3047606647014618,0.609957218170166,0.3084157705307007,0.6431202292442322,0.27902066707611084,0.5578519105911255,0.2777644693851471,0.5746200084686279,0.28537383675575256,0.6111072301864624,0.29149940609931946,0.635881781578064,M
0.3145296275615692,0.675213634967804,0.34306198358535767,0.6639120578765869,0.35938820242881775,0.6386228203773499,0.35557106137275696,0.6185888648033142,0.34515851736068726,0.6128712892532349,0.358780175447464,0.5332304835319519,0.35508856177330017,0.5634074211120605,0.3510969877243042,0.6061356067657471,0.34786027669906616,0.6381037831306458,0.32918787002563477,0.5271068811416626,0.3259398639202118,0.5620033144950867,0.3276105225086212,0.6091284155845642,0.3291921317577362,0.6428446769714355,0.3005814552307129,0.5376297235488892,0.298905611038208,0.5672472715377808,0.3047349452972412,0.6131899952888489,0.3090587258338928,0.6457316875457764,0.27715396881103516,0.5578346252441406,0.27708569169044495,0.5805423855781555,0.2858191430568695,0.616801381111145,0.2925155758857727,0.6409444808959961,M
0.3147026300430298,0.6782822012901306,0.3423067331314087,0.6664999127388,0.3582150638103485,0.6400582790374756,0.3540176749229431,0.6195780038833618,0.3437763452529907,0.6145099997520447,0.3594098687171936,0.535534143447876,0.3548802137374878,0.5649095773696899,0.3504396080970764,0.6069590449333191,0.346408873796463,0.6381497383117676,0.3298116624355316,0.5301611423492432,0.3264243006706238,0.5617841482162476,0.3267025351524353,0.6100656390190125,0.3266901671886444,0.6450174450874329,0.3013976216316223,0.5410834550857544,0.3001875877380371,0.5641859769821167,0.304312139749527,0.6114873290061951,0.3073467016220093,0.645942211151123,0.2778778076171875,0.5614824295043945,0.27699151635169983,0.5741827487945557,0.2842191159725189,0.6105376482009888,0.2897403836250305,0.6363587975502014,M
0.3142630457878113,0.6788486242294312,0.34192341566085815,0.6690157651901245,0.3581988513469696,0.6452670097351074,0.35602763295173645,0.6272473335266113,0.3471687138080597,0.6233528256416321,0.3561418056488037,0.5376194715499878,0.35249924659729004,0.5706261396408081,0.3488466739654541,0.612694263458252,0.3458961248397827,0.6444345116615295,0.326468288898468,0.5325311422348022,0.3242882192134857,0.5692742466926575,0.3254111409187317,0.6161082983016968,0.32665956020355225,0.6501955986022949,0.2977924048900604,0.5438448786735535,0.29698023200035095,0.5742486715316772,0.30205973982810974,0.6195946335792542,0.30603235960006714,0.6528120636940002,0.27402806282043457,0.5645918846130371,0.2740882635116577,0.5821195840835571,0.2825778126716614,0.6171785593032837,0.2891795039176941,0.6422548890113831,M
0.31067517399787903,0.6788290739059448,0.3403871953487396,0.6723686456680298,0.3572372794151306,0.6523684859275818,0.3528268337249756,0.6369941234588623,0.34316718578338623,0.6361457109451294,0.3536268472671509,0.5413663387298584,0.34908556938171387,0.5726804733276367,0.346064954996109,0.6149662733078003,0.34407851099967957,0.6469545960426331,0.3243032991886139,0.5351205468177795,0.31853023171424866,0.5723538398742676,0.32056403160095215,0.6198993921279907,0.32375597953796387,0.654663622379303,0.2959277331829071,0.5462651252746582,0.28997617959976196,0.5786364674568176,0.2961856722831726,0.6244544386863708,0.30232951045036316,0.6586553454399109,0.27327990531921387,0.5672313570976257,0.2680046558380127,0.5887452960014343,0.2752198576927185,0.6251178979873657,0.2819443345069885,0.6517067551612854,M
0.30889183282852173,0.6854655146598816,0.3390136659145355,0.683026134967804,0.35960841178894043,0.6714902520179749,0.34784239530563354,0.663841724395752,0.32745203375816345,0.6703910827636719,0.34980419278144836,0.555925726890564,0.3401530683040619,0.5978885889053345,0.3347598612308502,0.6379866600036621,0.3318341374397278,0.6691965460777283,0.3188771903514862,0.5490756034851074,0.3097345232963562,0.5927137732505798,0.30878207087516785,0.637470543384552,0.3092418313026428,0.6750355362892151,0.29026907682418823,0.5599538087844849,0.28208625316619873,0.6005859375,0.28643161058425903,0.6429787874221802,0.2907474935054779,0.6779481768608093,0.2680644690990448,0.5815966129302979,0.2621600031852722,0.6118155121803284,0.26862090826034546,0.6466138362884521,0.2741398215293884,0.672822117805481,M
0.30899783968925476,0.6857872009277344,0.33774206042289734,0.6847217679023743,0.3599892854690552,0.6761967539787292,0.3530670702457428,0.6687033772468567,0.3360036015510559,0.6728687286376953,0.35181358456611633,0.5632337331771851,0.34341683983802795,0.6020994186401367,0.3374616503715515,0.6407617330551147,0.3343059718608856,0.6711424589157104,0.32177090644836426,0.5543674230575562,0.31144461035728455,0.6006187200546265,0.31027019023895264,0.6478039026260376,0.3115851581096649,0.6853442192077637,0.2941085696220398,0.5628784894943237,0.2844616770744324,0.6069936156272888,0.28885382413864136,0.6508113145828247,0.2937886714935303,0.6857574582099915,0.27233028411865234,0.5821335315704346,0.2650803029537201,0.6124051213264465,0.27063411474227905,0.6486139893531799,0.27614903450012207,0.6757129430770874,M
0.31178486347198486,0.6877037286758423,0.33878424763679504,0.6852551102638245,0.35928258299827576,0.6726909279823303,0.3521775007247925,0.659426748752594,0.3366352319717407,0.6582251787185669,0.3515443503856659,0.5611724853515625,0.34345030784606934,0.6006682515144348,0.33842170238494873,0.640563428401947,0.3358771502971649,0.6715357303619385,0.3206591010093689,0.5544145703315735,0.3124453127384186,0.6001614332199097,0.31242674589157104,0.6469164490699768,0.31412339210510254,0.6841913461685181,0.29250818490982056,0.5649210214614868,0.28514692187309265,0.6064743399620056,0.29023367166519165,0.6485220789909363,0.29538264870643616,0.6823774576187134,0.27044975757598877,0.5863150358200073,0.2652726173400879,0.6167725920677185,0.27157291769981384,0.6517060399055481,0.27744191884994507,0.6768730878829956,M
0.3112451434135437,0.6779760122299194,0.3383808434009552,0.6776134371757507,0.35953402519226074,0.6691253185272217,0.353604793548584,0.6627178192138672,0.33814525604248047,0.6664859652519226,0.353986918926239,0.5558439493179321,0.3467998504638672,0.5950894951820374,0.34320226311683655,0.6356696486473083,0.3409249782562256,0.6666618585586548,0.3237253725528717,0.5495690703392029,0.3160293996334076,0.5964270234107971,0.3167930543422699,0.6444658041000366,0.31864073872566223,0.6817317605018616,0.29564496874809265,0.5600887537002563,0.28846317529678345,0.6026822924613953,0.2929348349571228,0.6462101340293884,0.2970777153968811,0.680880069732666,0.27351006865501404,0.5805650353431702,0.2681884765625,0.607408344745636,0.27421578764915466,0.642600417137146,0.2790796756744385,0.669397234916687,M
0.31271857023239136,0.6796811819076538,0.3373255431652069,0.6797415614128113,0.35727807879447937,0.6713898181915283,0.3558601438999176,0.6659092903137207,0.343376100063324,0.6704926490783691,0.35525789856910706,0.5579551458358765,0.3486107289791107,0.5939213037490845,0.3444814682006836,0.635030210018158,0.34289076924324036,0.6659308671951294,0.32564622163772583,0.5513997673988342,0.31862375140190125,0.5941607356071472,0.31935396790504456,0.6431785225868225,0.3211800754070282,0.6803895831108093,0.2977707087993622,0.5617706775665283,0.29121166467666626,0.5999466180801392,0.29493266344070435,0.6465153098106384,0.29815563559532166,0.6819234490394592,0.27546218037605286,0.5822519063949585,0.26997652649879456,0.6077205538749695,0.2755291759967804,0.6444658041000366,0.28021565079689026,0.6717411875724792,M
0.3129555881023407,0.6778263449668884,0.3411861062049866,0.6735735535621643,0.3618911802768707,0.655538022518158,0.3626604378223419,0.6414179801940918,0.3560756742954254,0.6406159400939941,0.35553207993507385,0.552688479423523,0.3550412058830261,0.5936715602874756,0.3533644378185272,0.6353951692581177,0.3527997136116028,0.6666482090950012,0.32673323154449463,0.549186646938324,0.3256824314594269,0.5940316915512085,0.32887157797813416,0.6420401334762573,0.3321128487586975,0.6784224510192871,0.2993065118789673,0.5610849857330322,0.2996964156627655,0.6007581353187561,0.3040684461593628,0.6448131203651428,0.3069627583026886,0.6783990859985352,0.27613571286201477,0.5817670822143555,0.2762088179588318,0.601121187210083,0.2843230962753296,0.6323694586753845,0.29004377126693726,0.6571717858314514,M
0.31213515996932983,0.6768149137496948,0.3424197733402252,0.6708664894104004,0.3638903498649597,0.6511386632919312,0.36390024423599243,0.6348379254341125,0.3565267026424408,0.631080150604248,0.35499846935272217,0.5450187921524048,0.357292115688324,0.5864824056625366,0.35716739296913147,0.6295628547668457,0.3580045700073242,0.6606405973434448,0.32527339458465576,0.5430185198783875,0.32928216457366943,0.5885486006736755,0.33470067381858826,0.6368158459663391,0.3390597403049469,0.6732093691825867,0.2972482740879059,0.557159423828125,0.3022642731666565,0.5981866717338562,0.3099178671836853,0.6437674164772034,0.3146180510520935,0.6783291101455688,0.2737221419811249,0.5812044143676758,0.28030920028686523,0.6062514781951904,0.29205402731895447,0.6410320997238159,0.2993267774581909,0.6673588752746582,M
0.3126181662082672,0.6782929301261902,0.34405139088630676,0.6709233522415161,0.3668971657752991,0.6476536393165588,0.36742109060287476,0.6284553408622742,0.35945814847946167,0.6211076378822327,0.3543570041656494,0.5441461205482483,0.3573191165924072,0.5836959481239319,0.3580961525440216,0.6260527968406677,0.3593254089355469,0.6572045087814331,0.3250955045223236,0.5424777269363403,0.3301309049129486,0.5871371626853943,0.33532196283340454,0.6359370946884155,0.3391623795032501,0.6724909543991089,0.29752811789512634,0.5562616586685181,0.3030799329280853,0.5951561331748962,0.31071746349334717,0.6412575840950012,0.31567928194999695,0.6757643818855286,0.2740475833415985,0.5794666409492493,0.27868741750717163,0.5977545380592346,0.28997549414634705,0.6298207640647888,0.29777905344963074,0.6546728610992432,M
0.31560802459716797,0.6813679337501526,0.34762319922447205,0.6717293858528137,0.3707466125488281,0.6436441540718079,0.37098830938339233,0.6198564767837524,0.36098289489746094,0.6080761551856995,0.35512715578079224,0.5424520373344421,0.35739392042160034,0.5833263993263245,0.35817116498947144,0.6278295516967773,0.3597208857536316,0.6595287322998047,0.325432687997818,0.5421804189682007,0.33050933480262756,0.586455225944519,0.3359900712966919,0.6361184120178223,0.34006980061531067,0.6717009544372559,0.29795920848846436,0.5575670003890991,0.3045605719089508,0.5928669571876526,0.3119320869445801,0.6396875381469727,0.316895991563797,0.6736311316490173,0.27505946159362793,0.5818620920181274,0.2786305248737335,0.5897882580757141,0.28776609897613525,0.6177088618278503,0.2941277027130127,0.6403772830963135,M
0.31670480966567993,0.6775920987129211,0.34910815954208374,0.6672137975692749,0.37399277091026306,0.637495756149292,0.3782387375831604,0.6121329665184021,0.37483951449394226,0.5973839163780212,0.35628750920295715,0.5381298661231995,0.3596641719341278,0.5798910856246948,0.360137403011322,0.6256400942802429,0.3609377145767212,0.6580990552902222,0.325836181640625,0.5374186038970947,0.33129411935806274,0.5845199227333069,0.33713021874427795,0.6347092986106873,0.3417874872684479,0.669303297996521,0.29838868975639343,0.5522481203079224,0.3049141466617584,0.5933015942573547,0.313581645488739,0.6384089589118958,0.3194040358066559,0.6703712940216064,0.2760091722011566,0.5763759613037109,0.28130465745925903,0.5994345545768738,0.29192236065864563,0.6330062747001648,0.29882630705833435,0.6565438508987427,M
0.3181040585041046,0.6756249070167542,0.3483695089817047,0.665247917175293,0.37197837233543396,0.635225236415863,0.3771989345550537,0.60845547914505,0.37757569551467896,0.5915626883506775,0.35854777693748474,0.538311243057251,0.3606877326965332,0.5769037008285522,0.3594728708267212,0.6205357909202576,0.35895439982414246,0.6519775390625,0.32844144105911255,0.5363365411758423,0.3318813443183899,0.5821809768676758,0.3358951807022095,0.6320158243179321,0.3397779166698456,0.6674634218215942,0.3011394441127777,0.5495737791061401,0.30494076013565063,0.5901102423667908,0.3116261661052704,0.6351503133773804,0.3168061673641205,0.6679998636245728,0.2781746983528137,0.5716538429260254,0.2815066874027252,0.5939518213272095,0.29089540243148804,0.628171443939209,0.2977399528026581,0.6530244946479797,M
0.3207263648509979,0.6761201024055481,0.34920528531074524,0.6676450967788696,0.37169381976127625,0.6382536292076111,0.37745052576065063,0.6099700331687927,0.37886855006217957,0.5918117165565491,0.3645887076854706,0.5400678515434265,0.36117827892303467,0.574942946434021,0.35777899622917175,0.6183966994285583,0.35584375262260437,0.6494753956794739,0.33455389738082886,0.5350221395492554,0.33225518465042114,0.5782364010810852,0.3344331383705139,0.6283899545669556,0.33758679032325745,0.6624603271484375,0.3067578673362732,0.5454655885696411,0.306363970041275,0.5846055746078491,0.3110943138599396,0.6306954026222229,0.3153431713581085,0.6630353927612305,0.2827882468700409,0.5650681257247925,0.28381481766700745,0.5902531147003174,0.2914896607398987,0.6268194913864136,0.2976856529712677,0.6515419483184814,M
0.32271909713745117,0.6722304224967957,0.3504132628440857,0.6661391854286194,0.37163203954696655,0.6414779424667358,0.3726726472377777,0.6187280416488647,0.36687028408050537,0.6080456376075745,0.3685750961303711,0.5408187508583069,0.363310843706131,0.5749967098236084,0.3584012985229492,0.618276059627533,0.35489651560783386,0.6486702561378479,0.3391019105911255,0.5335733294487,0.3342367708683014,0.5747702121734619,0.3353032171726227,0.623604953289032,0.3373435437679291,0.6567085981369019,0.31109005212783813,0.542250394821167,0.30842292308807373,0.5777137875556946,0.31222647428512573,0.6239444017410278,0.3155897557735443,0.655837893486023,0.28721919655799866,0.5601868033409119,0.286319375038147,0.5819632411003113,0.2930704355239868,0.617256224155426,0.29860931634902954,0.64143967628479,M
0.3230215907096863,0.671758234500885,0.3500252962112427,0.6663264036178589,0.37072521448135376,0.6403309106826782,0.3749496042728424,0.6170153617858887,0.37104085087776184,0.6042864322662354,0.3675897717475891,0.5394898056983948,0.36352524161338806,0.5718885064125061,0.3587554395198822,0.6143526434898376,0.35556742548942566,0.6438415050506592,0.33861783146858215,0.5334039330482483,0.3342646360397339,0.5740028619766235,0.3350190222263336,0.6230231523513794,0.3372373580932617,0.6548454761505127,0.3109414279460907,0.5432746410369873,0.30890631675720215,0.5778633952140808,0.3123547434806824,0.623680591583252,0.31599053740501404,0.6545247435569763,0.28762733936309814,0.5618821382522583,0.28649207949638367,0.5768675804138184,0.29254382848739624,0.6113244891166687,0.2981794476509094,0.6356903314590454,M
0.32266512513160706,0.6722508072853088,0.34874022006988525,0.6693665981292725,0.36789441108703613,0.6460636258125305,0.3667253255844116,0.6254648566246033,0.3589130938053131,0.6162184476852417,0.36762547492980957,0.5417233109474182,0.36333850026130676,0.5748295187950134,0.3586812913417816,0.6174917817115784,0.35525405406951904,0.6459843516349792,0.33893221616744995,0.5350246429443359,0.335054486989975,0.5747042298316956,0.3359868824481964,0.6239616274833679,0.3377986550331116,0.6549367904663086,0.31120598316192627,0.5446261167526245,0.30846625566482544,0.5741270184516907,0.3119785189628601,0.6218161582946777,0.315192312002182,0.6532004475593567,0.28754866123199463,0.5632553696632385,0.28566569089889526,0.5741933584213257,0.29222384095191956,0.6095878481864929,0.2977275848388672,0.6347329020500183,M
0.3227604031562805,0.6755228042602539,0.35062745213508606,0.6681463122367859,0.36954551935195923,0.6368678212165833,0.3698330521583557,0.6091502904891968,0.3677169978618622,0.59494549036026,0.3703065812587738,0.5410929322242737,0.36500978469848633,0.5714361667633057,0.3602290749549866,0.6141543984413147,0.3563605844974518,0.6457939743995667,0.34144341945648193,0.53428715467453,0.3362087905406952,0.5721328258514404,0.3363165259361267,0.6202242374420166,0.3373951017856598,0.6531177163124084,0.3138486444950104,0.5432092547416687,0.3107300102710724,0.574951171875,0.3129272758960724,0.6209338903427124,0.31528979539871216,0.6527572274208069,0.2898743152618408,0.5610091686248779,0.28763270378112793,0.5764800310134888,0.29297494888305664,0.6108941435813904,0.2978755235671997,0.6343899369239807,M
0.3230384290218353,0.6742055416107178,0.35202234983444214,0.6650550961494446,0.36979371309280396,0.6372057795524597,0.3650756776332855,0.6145123243331909,0.3552600145339966,0.6080121994018555,0.3699229061603546,0.5403724312782288,0.3653355836868286,0.5724414587020874,0.35938966274261475,0.6148592829704285,0.3553381562232971,0.6455168724060059,0.3409484326839447,0.5335134267807007,0.3365141451358795,0.5727143883705139,0.3359357714653015,0.6198079586029053,0.3371152877807617,0.6528428792953491,0.3128891587257385,0.5425838828086853,0.3103100657463074,0.5772141814231873,0.3135698735713959,0.621819257736206,0.31700384616851807,0.6533529162406921,0.28914475440979004,0.5608288645744324,0.2872762978076935,0.5820790529251099,0.29394638538360596,0.6175843477249146,0.299990177154541,0.6421838998794556,M
0.3216608166694641,0.6752294301986694,0.3507919907569885,0.6669018864631653,0.36911654472351074,0.6384257674217224,0.36495935916900635,0.6151429414749146,0.35687482357025146,0.6073609590530396,0.3708306550979614,0.5403796434402466,0.3648354709148407,0.5737576484680176,0.35838696360588074,0.6160185933113098,0.354603111743927,0.6475768089294434,0.3416627049446106,0.5334627032279968,0.3353438377380371,0.5726009607315063,0.3354733884334564,0.6204453110694885,0.3377520442008972,0.6562414765357971,0.3134723901748657,0.5429046154022217,0.3080981969833374,0.5827615261077881,0.3123458921909332,0.6297551393508911,0.316910058259964,0.6638158559799194,0.2896594703197479,0.5618491172790527,0.2876482307910919,0.5933847427368164,0.29501038789749146,0.6327462792396545,0.30179768800735474,0.6593783497810364,M
0.3235105574131012,0.6780107021331787,0.3501892387866974,0.6698496341705322,0.36613279581069946,0.6421003341674805,0.36223214864730835,0.6188415884971619,0.35448771715164185,0.6100016832351685,0.37207087874412537,0.5434268116950989,0.36586353182792664,0.574148416519165,0.3600291311740875,0.6171256899833679,0.3559839427471161,0.6487869620323181,0.34343627095222473,0.5349387526512146,0.33704400062561035,0.5724583864212036,0.3362759053707123,0.6213187575340271,0.3373110294342041,0.6554300785064697,0.3152729570865631,0.5429332852363586,0.31045541167259216,0.5747330784797668,0.3133317828178406,0.620853841304779,0.3167535364627838,0.6533733606338501,0.29115331172943115,0.5606467127799988,0.288434773683548,0.5806050300598145,0.29461756348609924,0.6163244247436523,0.300288587808609,0.6410501003265381,M
0.322074294090271,0.6770389676094055,0.35048002004623413,0.6688326597213745,0.36834776401519775,0.6411294937133789,0.36393049359321594,0.6183944940567017,0.3541988730430603,0.6103345155715942,0.37186044454574585,0.5425361394882202,0.36638033390045166,0.5725671648979187,0.3603495657444,0.616183876991272,0.3559575080871582,0.6481270790100098,0.34277793765068054,0.5353657007217407,0.33781829476356506,0.5713215470314026,0.3370235562324524,0.6200262904167175,0.3376210331916809,0.653980553150177,0.3143402934074402,0.5446428060531616,0.3115563988685608,0.5734125375747681,0.31461358070373535,0.6201863288879395,0.31760701537132263,0.6535179615020752,0.2903038263320923,0.5633878707885742,0.2887542247772217,0.5802748203277588,0.29496708512306213,0.6163761615753174,0.3001817464828491,0.6414766311645508,M
0.3222791254520416,0.6744817495346069,0.34941965341567993,0.6680726408958435,0.36714231967926025,0.6410361528396606,0.36532121896743774,0.6193214058876038,0.3600614368915558,0.6104531288146973,0.3692367970943451,0.5419723987579346,0.3639630377292633,0.5730416774749756,0.3581793010234833,0.6174014806747437,0.35409489274024963,0.6493861079216003,0.34068241715431213,0.5347411632537842,0.33516860008239746,0.570246696472168,0.33442243933677673,0.6200432181358337,0.33554553985595703,0.6532822847366333,0.3127046823501587,0.5439910888671875,0.30889615416526794,0.5711783766746521,0.3114550709724426,0.6198755502700806,0.31480488181114197,0.6526167988777161,0.2890641987323761,0.5624406933784485,0.28633758425712585,0.5732738971710205,0.29175934195518494,0.6092319488525391,0.296958863735199,0.63446444272995,M
0.32168644666671753,0.6772266626358032,0.34852567315101624,0.6697097420692444,0.3652122914791107,0.6433318257331848,0.36191660165786743,0.6203953623771667,0.3552720248699188,0.6107707619667053,0.37052345275878906,0.5439221262931824,0.3640826344490051,0.5734302401542664,0.3577128052711487,0.6164888739585876,0.3532598614692688,0.6493025422096252,0.3417181074619293,0.5354228615760803,0.3344806134700775,0.5724126696586609,0.3338980972766876,0.621558427810669,0.3350810110569,0.6569101810455322,0.31346678733825684,0.5438435673713684,0.3073412775993347,0.5777392387390137,0.30994710326194763,0.6255255937576294,0.31325802206993103,0.6597662568092346,0.28972354531288147,0.5619547367095947,0.2858143448829651,0.5846878886222839,0.29104378819465637,0.6228324174880981,0.29607582092285156,0.6495869159698486,M
0.3210150897502899,0.6791500449180603,0.34780171513557434,0.6705213189125061,0.3637479841709137,0.6444311141967773,0.3579959571361542,0.6238209009170532,0.3470960259437561,0.6170276403427124,0.3684578239917755,0.5440375804901123,0.36283454298973083,0.5740790963172913,0.35679012537002563,0.6180016994476318,0.35237935185432434,0.6504601240158081,0.3396511375904083,0.5358537435531616,0.333541601896286,0.5728129744529724,0.3335150480270386,0.6228706240653992,0.33476248383522034,0.6584697365760803,0.31109029054641724,0.5443932414054871,0.3057920038700104,0.5782544016838074,0.3093706965446472,0.6266965866088867,0.31300288438796997,0.660819411277771,0.2870393991470337,0.5630731582641602,0.28378942608833313,0.589792788028717,0.29021400213241577,0.6290013790130615,0.2959241569042206,0.6554036736488342,M
0.3178003430366516,0.6812444925308228,0.3475845158100128,0.6724784970283508,0.3658474087715149,0.6436824202537537,0.3635901212692261,0.619888186454773,0.3566129803657532,0.6105331778526306,0.36407706141471863,0.5434865951538086,0.36045464873313904,0.5773599743843079,0.3556339740753174,0.6212735176086426,0.3521774709224701,0.6528103947639465,0.335199236869812,0.5376449823379517,0.3320864737033844,0.5765964984893799,0.3324771225452423,0.6256607174873352,0.333983451128006,0.660045325756073,0.3071872889995575,0.5477828979492188,0.30511462688446045,0.581899106502533,0.3087463974952698,0.6282481551170349,0.3122445046901703,0.6610188484191895,0.2834872901439667,0.5672112107276917,0.2827560007572174,0.589401364326477,0.2892402410507202,0.6255418062210083,0.2943976819515228,0.650428831577301,M
0.31892529129981995,0.6770792603492737,0.34760165214538574,0.6678720712661743,0.36546316742897034,0.6426024436950684,0.3618866205215454,0.6232819557189941,0.3537318706512451,0.6195592880249023,0.36204859614372253,0.5427041053771973,0.35858139395713806,0.5804508328437805,0.35410791635513306,0.6243940591812134,0.3522466719150543,0.6568136215209961,0.3324185609817505,0.5375283360481262,0.33025434613227844,0.5798868536949158,0.3317860960960388,0.6290522217750549,0.3348240256309509,0.6649559736251831,0.3041084110736847,0.5490598678588867,0.30215439200401306,0.587565004825592,0.30722513794898987,0.6339418888092041,0.3121049106121063,0.6671520471572876,0.28061529994010925,0.5699391961097717,0.280087947845459,0.6001161336898804,0.2880065143108368,0.637848973274231,0.29450786113739014,0.6633124351501465,M
0.3186221122741699,0.6809207201004028,0.3472622036933899,0.6709995865821838,0.3657000660896301,0.6411712169647217,0.36458879709243774,0.6165826320648193,0.35972532629966736,0.6072735786437988,0.3618602156639099,0.5460083484649658,0.35798901319503784,0.5837177038192749,0.3545078635215759,0.6273629665374756,0.35279110074043274,0.6595462560653687,0.3329470455646515,0.5404724478721619,0.33066317439079285,0.5831883549690247,0.33223429322242737,0.6327440142631531,0.33451709151268005,0.6684439778327942,0.30544212460517883,0.5510458946228027,0.3032394051551819,0.5855644941329956,0.3071712851524353,0.6319889426231384,0.3108673393726349,0.6658028960227966,0.2818158268928528,0.5708984732627869,0.28067827224731445,0.5921855568885803,0.2879255712032318,0.6289054751396179,0.293335497379303,0.6550915837287903,M
0.3174496591091156,0.6857157945632935,0.3468228280544281,0.6762600541114807,0.3659457564353943,0.6426621079444885,0.36720141768455505,0.6131269931793213,0.3668913245201111,0.5973900556564331,0.3628097474575043,0.5489939451217651,0.35785412788391113,0.5871531367301941,0.3545495569705963,0.6296353340148926,0.35303714871406555,0.6603750586509705,0.33402568101882935,0.5432262420654297,0.3306944668292999,0.5859524607658386,0.33225172758102417,0.6350386142730713,0.33453261852264404,0.6697393655776978,0.30653634667396545,0.5529574155807495,0.30384737253189087,0.5877036452293396,0.30780890583992004,0.6338549852371216,0.3114438056945801,0.6669220328330994,0.28239917755126953,0.5718314051628113,0.2808587849140167,0.5914223194122314,0.28813672065734863,0.6271494626998901,0.29358381032943726,0.6525919437408447,M
0.3177710175514221,0.6831404566764832,0.3477960228919983,0.6736543774604797,0.36691442131996155,0.6429884433746338,0.3673996329307556,0.6166514158248901,0.3646966516971588,0.605004072189331,0.3633975684642792,0.5476295948028564,0.3589280843734741,0.5843003988265991,0.35495099425315857,0.6272905468940735,0.3523575961589813,0.6597318053245544,0.3341972529888153,0.541286289691925,0.3299562931060791,0.5848680734634399,0.3316470682621002,0.6325774192810059,0.3339692950248718,0.6682831645011902,0.30629926919937134,0.5514692664146423,0.30319246649742126,0.5884487628936768,0.3078456223011017,0.6328537464141846,0.31193968653678894,0.6664060354232788,0.2826768457889557,0.57102370262146,0.2810961902141571,0.5929959416389465,0.2881607115268707,0.6281513571739197,0.2936052083969116,0.654326319694519,M
0.3185606598854065,0.6843766570091248,0.3476513922214508,0.6756393909454346,0.3677608370780945,0.6434341669082642,0.3693154454231262,0.6134198307991028,0.3704216182231903,0.5966936349868774,0.3676413893699646,0.5480495095252991,0.36282607913017273,0.5812509059906006,0.35764676332473755,0.6251956224441528,0.3540016710758209,0.6579519510269165,0.3377681076526642,0.5410555005073547,0.3329879343509674,0.5806974768638611,0.3329147696495056,0.630263090133667,0.3341701030731201,0.6662715077400208,0.30955639481544495,0.5506856441497803,0.30618998408317566,0.582076907157898,0.3093075156211853,0.6288997530937195,0.31269824504852295,0.6636092662811279,0.285550594329834,0.5699590444564819,0.28412097692489624,0.5879397988319397,0.2904110550880432,0.6242607831954956,0.2956845164299011,0.6506679654121399,M
0.3200499415397644,0.679081916809082,0.3493175506591797,0.6709575653076172,0.3673781752586365,0.6452450156211853,0.365389883518219,0.6236144304275513,0.3585510849952698,0.6158430576324463,0.3676743507385254,0.5457457900047302,0.36295121908187866,0.5834516286849976,0.3578408658504486,0.6257299780845642,0.3545178472995758,0.6575763821601868,0.338214635848999,0.5393422245979309,0.33389171957969666,0.5828892588615417,0.33381766080856323,0.6315168142318726,0.33455756306648254,0.6681274771690369,0.31001514196395874,0.5493177771568298,0.30677148699760437,0.5864459276199341,0.310349702835083,0.6317513585090637,0.3134783208370209,0.666060209274292,0.28658685088157654,0.5686742663383484,0.2855594754219055,0.5911787748336792,0.2916331887245178,0.6273059844970703,0.29597821831703186,0.6538715958595276,M
0.32123419642448425,0.679201602935791,0.3509826064109802,0.6712291240692139,0.3703168034553528,0.6428573727607727,0.3696773052215576,0.6183814406394958,0.3635265827178955,0.6082388162612915,0.36669620871543884,0.5454355478286743,0.3624839186668396,0.5827294588088989,0.35759469866752625,0.6259493827819824,0.3544793128967285,0.6575484871864319,0.3374534547328949,0.5395750403404236,0.33384135365486145,0.5820509791374207,0.33463236689567566,0.6314138770103455,0.3362153470516205,0.6674866676330566,0.3094688951969147,0.5498504042625427,0.306583434343338,0.5864118933677673,0.3111403286457062,0.6316455602645874,0.31505364179611206,0.6652648448944092,0.2858922481536865,0.5695520043373108,0.28561079502105713,0.5944443941116333,0.2928466498851776,0.630739688873291,0.29820430278778076,0.6565914154052734,M
0.32017919421195984,0.6828706860542297,0.34929609298706055,0.674030601978302,0.36685997247695923,0.6441400647163391,0.3647594749927521,0.6193387508392334,0.35836535692214966,0.6098884344100952,0.36624211072921753,0.5478151440620422,0.36203277111053467,0.5833914875984192,0.35741984844207764,0.6262537240982056,0.35447245836257935,0.6578150391578674,0.33737364411354065,0.5418915748596191,0.33469098806381226,0.5844521522521973,0.3355850875377655,0.6337828636169434,0.33696550130844116,0.6692840456962585,0.3093308210372925,0.5519751906394958,0.3076368272304535,0.5855957269668579,0.3116520643234253,0.6315374374389648,0.31498226523399353,0.6653768420219421,0.28480806946754456,0.5714346766471863,0.28538739681243896,0.5925238132476807,0.2932574152946472,0.6290287971496582,0.2987487316131592,0.6550760865211487,M
0.3205074667930603,0.6834985613822937,0.3495255410671234,0.6742814779281616,0.36763250827789307,0.6453285813331604,0.3652372360229492,0.620246171951294,0.35934555530548096,0.6104123592376709,0.36645758152008057,0.5485166311264038,0.3621218502521515,0.5838413834571838,0.35771846771240234,0.6281507015228271,0.3550797998905182,0.6607447266578674,0.3374163806438446,0.5425900220870972,0.3343368470668793,0.5836368203163147,0.33512642979621887,0.6331997513771057,0.3367295563220978,0.6691958904266357,0.3094524145126343,0.5528140068054199,0.3071289360523224,0.5853059887886047,0.31076565384864807,0.6316463351249695,0.3142671287059784,0.6659252047538757,0.2855701446533203,0.5724960565567017,0.28459224104881287,0.5922577977180481,0.2911916971206665,0.6281862258911133,0.29620763659477234,0.6541996598243713,M
0.3206242322921753,0.6853615045547485,0.34971463680267334,0.6755289435386658,0.36931145191192627,0.6431825160980225,0.37081027030944824,0.6158453822135925,0.3689083158969879,0.6021403670310974,0.3663206100463867,0.5485711097717285,0.3625595271587372,0.5818985104560852,0.3588104546070099,0.6247454285621643,0.3569871187210083,0.6555306911468506,0.3370712399482727,0.5431444048881531,0.33385398983955383,0.5838823914527893,0.33533117175102234,0.6329749226570129,0.3379034101963043,0.6674482822418213,0.30893081426620483,0.5534931421279907,0.30760008096694946,0.5886281132698059,0.3120201826095581,0.6359310746192932,0.315998375415802,0.6698419451713562,0.2848210036754608,0.5729992389678955,0.28527048230171204,0.594508707523346,0.2930261492729187,0.6322488784790039,0.2988830804824829,0.6589027643203735,M
0.320903480052948,0.68748539686203,0.3495488166809082,0.6769638657569885,0.3676598072052002,0.6461785435676575,0.3651421070098877,0.6204643249511719,0.3589532971382141,0.611504077911377,0.365328311920166,0.5504905581474304,0.3607124090194702,0.5871052742004395,0.3561958074569702,0.6305314898490906,0.3541017472743988,0.6620587110519409,0.33561307191848755,0.5449984073638916,0.33182042837142944,0.5868203043937683,0.3332260549068451,0.6371147036552429,0.3360868990421295,0.6731507778167725,0.30740925669670105,0.55539870262146,0.30468764901161194,0.5919288992881775,0.3097711503505707,0.6391318440437317,0.31467393040657043,0.673072874546051,0.28356021642684937,0.5750438570976257,0.2826007604598999,0.6019102334976196,0.2900170683860779,0.6402267217636108,0.29615628719329834,0.6663947105407715,M
0.3183586001396179,0.6867000460624695,0.3476708233356476,0.6772281527519226,0.36547964811325073,0.647458016872406,0.36247265338897705,0.6223142743110657,0.355957567691803,0.6133179068565369,0.36190035939216614,0.5501051545143127,0.3582518398761749,0.5856491923332214,0.354280561208725,0.6291452050209045,0.35155871510505676,0.6609053015708923,0.3330436944961548,0.5446426868438721,0.3292916715145111,0.5876811742782593,0.3310951590538025,0.6364467144012451,0.3336663246154785,0.6709739565849304,0.3055790960788727,0.5554710626602173,0.30218613147735596,0.5940032005310059,0.3078657388687134,0.6380910873413086,0.31276071071624756,0.6698703169822693,0.28241655230522156,0.5756673216819763,0.2806926369667053,0.6031726002693176,0.2883278429508209,0.6384711265563965,0.29430001974105835,0.6626558303833008,M
0.31735092401504517,0.6885667443275452,0.346597284078598,0.6800041794776917,0.36530601978302,0.6493248343467712,0.3630658686161041,0.6225236654281616,0.3571210503578186,0.6104834675788879,0.36110255122184753,0.552255392074585,0.35592254996299744,0.5893709063529968,0.35219424962997437,0.632265031337738,0.3508962392807007,0.6635739207267761,0.3318146765232086,0.5463904142379761,0.32678890228271484,0.5897061824798584,0.32906851172447205,0.6392466425895691,0.33251139521598816,0.6737369894981384,0.30403077602386475,0.5567366480827332,0.2990873456001282,0.5947860479354858,0.3050260543823242,0.6400125026702881,0.3103346824645996,0.6716345548629761,0.280303955078125,0.5769503712654114,0.2766982316970825,0.6036206483840942,0.28462857007980347,0.6401514410972595,0.29118672013282776,0.6648644208908081,M
0.31804171204566956,0.6854546070098877,0.34780266880989075,0.6777449250221252,0.36531421542167664,0.6501138806343079,0.35935676097869873,0.6259461641311646,0.3500535190105438,0.6187394857406616,0.3617357909679413,0.5512680411338806,0.356389582157135,0.588782787322998,0.3525353968143463,0.6312059164047241,0.35045620799064636,0.6624799370765686,0.3324890434741974,0.5451879501342773,0.32650071382522583,0.5886618494987488,0.32813218235969543,0.6372384428977966,0.33090752363204956,0.672875165939331,0.3050786256790161,0.5560222864151001,0.2987886965274811,0.5932378768920898,0.3047720491886139,0.6377684473991394,0.31030237674713135,0.6710187196731567,0.28251051902770996,0.5765123963356018,0.27844667434692383,0.6018291711807251,0.2862827479839325,0.6375808119773865,0.2927621901035309,0.6632015109062195,M
0.31748688220977783,0.6831746697425842,0.34591642022132874,0.6745480298995972,0.36305564641952515,0.6482938528060913,0.3582771420478821,0.625525176525116,0.3505970239639282,0.6186563372612,0.3620084226131439,0.5495676398277283,0.3564486503601074,0.5857956409454346,0.3520105481147766,0.6277140378952026,0.3497110903263092,0.660197377204895,0.33277392387390137,0.5437254905700684,0.3267055153846741,0.5871252417564392,0.3286178708076477,0.6355616450309753,0.3317175805568695,0.6725106239318848,0.3047967553138733,0.5552607774734497,0.29880809783935547,0.5967745184898376,0.3051503896713257,0.6427610516548157,0.3110623061656952,0.6768546104431152,0.2812877595424652,0.5769490003585815,0.27745717763900757,0.6103119850158691,0.2858700752258301,0.6482985615730286,0.2929396629333496,0.6743660569190979,M
0.3186211884021759,0.6822136640548706,0.34753286838531494,0.6731355786323547,0.36328887939453125,0.6445601582527161,0.3576478660106659,0.620232880115509,0.3482762575149536,0.6131969094276428,0.361635684967041,0.5479027032852173,0.3559440076351166,0.5866082906723022,0.3514764606952667,0.629051148891449,0.34928834438323975,0.661565899848938,0.3327140510082245,0.5423634052276611,0.3264819383621216,0.5868714451789856,0.3281695544719696,0.635614812374115,0.3312954604625702,0.6724339723587036,0.30510157346725464,0.5534722805023193,0.2985342741012573,0.5927741527557373,0.30476632714271545,0.6373052000999451,0.3107641935348511,0.6708182692527771,0.28202024102211,0.5746507048606873,0.2776222825050354,0.6034371852874756,0.2858448326587677,0.6392195820808411,0.29290011525154114,0.6645579934120178,M
0.31889766454696655,0.682607889175415,0.3469259738922119,0.6738539934158325,0.36360159516334534,0.6446811556816101,0.36068660020828247,0.6198530197143555,0.35370534658432007,0.6099538803100586,0.3610684275627136,0.5479751825332642,0.35597318410873413,0.5844886302947998,0.3523347079753876,0.6263989806175232,0.3507704436779022,0.6573413014411926,0.3318590223789215,0.5424853563308716,0.32685595750808716,0.5844677686691284,0.3294227421283722,0.6335499286651611,0.3330785036087036,0.6686624884605408,0.3042108118534088,0.553644061088562,0.2990346848964691,0.5884230732917786,0.30551156401634216,0.6341529488563538,0.31150951981544495,0.6670982241630554,0.2811287045478821,0.5746965408325195,0.27767980098724365,0.6002987623214722,0.2859923541545868,0.637230396270752,0.29299163818359375,0.662742018699646,M
0.31912195682525635,0.6860262155532837,0.3462406098842621,0.6759055852890015,0.3632766008377075,0.6453839540481567,0.361562579870224,0.6197916865348816,0.35604915022850037,0.6094989776611328,0.36278849840164185,0.5494596362113953,0.3563687205314636,0.5857295989990234,0.3522679805755615,0.6276165246963501,0.3509792685508728,0.65895015001297,0.33353713154792786,0.5434695482254028,0.32769259810447693,0.5855187177658081,0.32910943031311035,0.6345853209495544,0.3322812020778656,0.6701210141181946,0.3055441975593567,0.5538253784179688,0.30026552081108093,0.5888665318489075,0.3050853908061981,0.6351141929626465,0.31005173921585083,0.6689252257347107,0.28172367811203003,0.5740519165992737,0.2776292562484741,0.5995614528656006,0.28501585125923157,0.6369491219520569,0.29134657979011536,0.6632428765296936,M
0.3187088370323181,0.6848785877227783,0.3465636372566223,0.6767747402191162,0.36380916833877563,0.6496222615242004,0.35889965295791626,0.6259750723838806,0.3505617380142212,0.6169754862785339,0.3636017143726349,0.5493309497833252,0.35657307505607605,0.5854551792144775,0.35259121656417847,0.6278976798057556,0.35101065039634705,0.6590842008590698,0.33387520909309387,0.5432648062705994,0.3273015320301056,0.5845826268196106,0.3288158178329468,0.6339176893234253,0.33163774013519287,0.6692589521408081,0.30584296584129333,0.5541285872459412,0.29985493421554565,0.5898050665855408,0.3054075241088867,0.6366709470748901,0.31074556708335876,0.670026957988739,0.2825463116168976,0.574964165687561,0.2788218855857849,0.6019377708435059,0.28688743710517883,0.639492928981781,0.2938287556171417,0.6646230220794678,M
0.31668469309806824,0.6789835095405579,0.3452172875404358,0.6721372008323669,0.3613685965538025,0.6495944261550903,0.35348930954933167,0.6307576894760132,0.341256320476532,0.6262722015380859,0.361646443605423,0.5478240847587585,0.3556743860244751,0.5848149657249451,0.3514796495437622,0.6266103982925415,0.3490126132965088,0.6587181091308594,0.33277586102485657,0.540926456451416,0.32537519931793213,0.5850501656532288,0.3269039988517761,0.6341513991355896,0.3296361565589905,0.6704937219619751,0.3050549626350403,0.5511450171470642,0.2973897159099579,0.5917699933052063,0.30375149846076965,0.6370822191238403,0.3096791207790375,0.6704273819923401,0.28213489055633545,0.5715171694755554,0.27700531482696533,0.6015303134918213,0.2853792607784271,0.6380705237388611,0.2924892008304596,0.6633378267288208,M
0.3182264566421509,0.6824560761451721,0.34641316533088684,0.6743542551994324,0.3640413284301758,0.6460795402526855,0.3613491654396057,0.6203141212463379,0.35416877269744873,0.6097762584686279,0.36302849650382996,0.5473458170890808,0.3552055060863495,0.5831555724143982,0.3509460389614105,0.6254448890686035,0.34890803694725037,0.6576343774795532,0.33423569798469543,0.5409704446792603,0.3266969621181488,0.5831311941146851,0.32751330733299255,0.6320919394493103,0.3296959400177002,0.6676985025405884,0.30660662055015564,0.5508244037628174,0.29913297295570374,0.5866060853004456,0.30372804403305054,0.6311206817626953,0.3083832263946533,0.6641598343849182,0.2831304967403412,0.5705941915512085,0.27756965160369873,0.5954735279083252,0.28457823395729065,0.6307324767112732,0.29074591398239136,0.6557887196540833,M
0.319091796875,0.6827000975608826,0.3477504551410675,0.673224687576294,0.3634934425354004,0.6465713977813721,0.35594186186790466,0.6249493360519409,0.344893217086792,0.6195319890975952,0.36290597915649414,0.5460793972015381,0.35590726137161255,0.5814158320426941,0.35152506828308105,0.6240328550338745,0.34965747594833374,0.6562656164169312,0.33347174525260925,0.5399360060691833,0.3265087306499481,0.5829168558120728,0.3282327950000763,0.6314557194709778,0.33142194151878357,0.6674437522888184,0.3053353428840637,0.5508188009262085,0.2992195785045624,0.592629075050354,0.3053366243839264,0.637774646282196,0.31132981181144714,0.6704897880554199,0.28209561109542847,0.5718531608581543,0.2786037027835846,0.6067208647727966,0.28720852732658386,0.6429966688156128,0.29490047693252563,0.6667500138282776,M
0.3182114064693451,0.682233989238739,0.3468608260154724,0.6735095381736755,0.36610889434814453,0.644288182258606,0.3645576238632202,0.618078887462616,0.35942497849464417,0.6077144145965576,0.3630613088607788,0.5462652444839478,0.356586217880249,0.579464852809906,0.352486789226532,0.6225366592407227,0.34993141889572144,0.6542003154754639,0.3331442177295685,0.5405085682868958,0.32595089077949524,0.5812509655952454,0.32822030782699585,0.6304222345352173,0.33128660917282104,0.6652164459228516,0.3050329089164734,0.5517754554748535,0.298725962638855,0.5892364382743835,0.30540668964385986,0.6352699995040894,0.31109797954559326,0.6678289175033569,0.28168967366218567,0.5728870630264282,0.2779802680015564,0.6024720072746277,0.28633102774620056,0.6395947337150574,0.2933914065361023,0.6640697717666626,M
0.3191818296909332,0.6818965077400208,0.347787082195282,0.6724498867988586,0.36517056822776794,0.6434031128883362,0.36024415493011475,0.6190124154090881,0.35196658968925476,0.611561119556427,0.36323681473731995,0.5453891158103943,0.3562972843647003,0.5815698504447937,0.3514578342437744,0.6241089701652527,0.34940794110298157,0.6558857560157776,0.3335265517234802,0.5395119190216064,0.3270001709461212,0.5826797485351562,0.3282082974910736,0.6306370496749878,0.33122968673706055,0.6657251119613647,0.30535656213760376,0.550495445728302,0.2989700436592102,0.5899834632873535,0.3049382269382477,0.6341397166252136,0.31111401319503784,0.6661561727523804,0.28187692165374756,0.5713980197906494,0.27826473116874695,0.6023867130279541,0.2868347764015198,0.6386048793792725,0.2944936752319336,0.6628321409225464,M
0.3191121518611908,0.6851847171783447,0.3474864661693573,0.6750670671463013,0.3645387887954712,0.6455026268959045,0.36071351170539856,0.6204311847686768,0.35320600867271423,0.6115143895149231,0.3608918786048889,0.5472172498703003,0.3551938533782959,0.5828565359115601,0.3518100082874298,0.6251574158668518,0.3507808446884155,0.6564598679542542,0.33156701922416687,0.5422784090042114,0.325653612613678,0.5836950540542603,0.3282647132873535,0.6322879195213318,0.3321168124675751,0.6671006083488464,0.3038664162158966,0.5540724992752075,0.2980346083641052,0.5913775563240051,0.30508697032928467,0.6365239024162292,0.31166931986808777,0.6687373518943787,0.28089427947998047,0.5759882926940918,0.27709558606147766,0.6056705117225647,0.2859715521335602,0.6420509815216064,0.29374364018440247,0.6662293672561646,M
0.3161158263683319,0.6819801330566406,0.34508267045021057,0.6738937497138977,0.36269572377204895,0.6482502222061157,0.35684359073638916,0.6254525780677795,0.34746673703193665,0.6181406378746033,0.3612956404685974,0.5460900068283081,0.3544958233833313,0.5820460319519043,0.3502142131328583,0.6241294145584106,0.3480371832847595,0.6556060314178467,0.33235764503479004,0.5396349430084229,0.3248511552810669,0.5819419026374817,0.32657119631767273,0.6293307542800903,0.3298250436782837,0.6638998985290527,0.3048436939716339,0.5503029823303223,0.2974545657634735,0.5880600810050964,0.3036162257194519,0.632016122341156,0.3097135126590729,0.6642349362373352,0.2821946144104004,0.5712515711784363,0.277385413646698,0.6016831398010254,0.2856048345565796,0.6367747187614441,0.29294854402542114,0.6603732109069824,M
0.31731873750686646,0.674517810344696,0.3452012240886688,0.6656711101531982,0.36103615164756775,0.6404858231544495,0.3551863431930542,0.6210441589355469,0.3438761532306671,0.6178814768791199,0.3583398759365082,0.539483904838562,0.35131606459617615,0.5767433643341064,0.34739023447036743,0.620844841003418,0.3452340066432953,0.6539950966835022,0.32871732115745544,0.5339978933334351,0.3206245005130768,0.5765355229377747,0.3230186402797699,0.6245008111000061,0.3265427052974701,0.6607521772384644,0.30061230063438416,0.5462114810943604,0.29286855459213257,0.5838850736618042,0.2999955117702484,0.6284498572349548,0.30674341320991516,0.6616469025611877,0.2781057357788086,0.5684984922409058,0.27297747135162354,0.598743200302124,0.28178656101226807,0.6347144842147827,0.28969141840934753,0.6592562794685364,M
0.3131070137023926,0.6705094575881958,0.3394359052181244,0.6648108959197998,0.35646718740463257,0.6451059579849243,0.34865549206733704,0.6276848912239075,0.3349466621875763,0.6231854557991028,0.3519248068332672,0.5400537252426147,0.3454560339450836,0.5800526738166809,0.3426055312156677,0.6232428550720215,0.34081757068634033,0.655303418636322,0.3218425214290619,0.5338361859321594,0.31358447670936584,0.5781378746032715,0.31612664461135864,0.6273417472839355,0.319256454706192,0.6631584763526917,0.29399994015693665,0.545157253742218,0.28442472219467163,0.5847383141517639,0.2925429940223694,0.6291477680206299,0.2995810806751251,0.6607740521430969,0.27172666788101196,0.5670644640922546,0.2651824355125427,0.5973910093307495,0.27399319410324097,0.6335488557815552,0.28149837255477905,0.6571787595748901,M
0.30520790815353394,0.6771897077560425,0.3351185917854309,0.6681053042411804,0.35113173723220825,0.6443331241607666,0.3403913080692291,0.6242183446884155,0.32417550683021545,0.617874026298523,0.3454184830188751,0.5430058836936951,0.33808282017707825,0.5821933746337891,0.3342043459415436,0.6225206255912781,0.3325953781604767,0.6540103554725647,0.3160233497619629,0.5366474986076355,0.30677762627601624,0.582704484462738,0.3082413077354431,0.6300479769706726,0.3114390969276428,0.6669219732284546,0.28819867968559265,0.5470799207687378,0.27904412150382996,0.5888727307319641,0.28627485036849976,0.6306156516075134,0.29348817467689514,0.6629983186721802,0.2654172480106354,0.5677101612091064,0.2586766481399536,0.5991472601890564,0.26714107394218445,0.6339946985244751,0.274888277053833,0.6588171720504761,M
0.3019648492336273,0.6821839213371277,0.33101752400398254,0.6775006055831909,0.3482002019882202,0.6596099734306335,0.3374265730381012,0.6433442831039429,0.3195582926273346,0.6395890712738037,0.3407277464866638,0.5497738718986511,0.3310232162475586,0.5969224572181702,0.3275529146194458,0.6383285522460938,0.326979398727417,0.6688846945762634,0.3108997941017151,0.5423718094825745,0.3010704815387726,0.594520628452301,0.303008496761322,0.644728422164917,0.3063395917415619,0.6826660633087158,0.2830357849597931,0.5534019470214844,0.27226725220680237,0.5996430516242981,0.2800864279270172,0.6449940800666809,0.28764012455940247,0.6790414452552795,0.260852575302124,0.5753673911094666,0.2525533437728882,0.6073430776596069,0.261087566614151,0.6417474150657654,0.26853179931640625,0.6661965250968933,M
0.30166035890579224,0.6822495460510254,0.32733723521232605,0.6797597408294678,0.34423133730888367,0.6711198091506958,0.3380943834781647,0.6687665581703186,0.32398277521133423,0.6745541095733643,0.34074199199676514,0.5663952231407166,0.33130377531051636,0.6110734939575195,0.3275333344936371,0.6581807136535645,0.3262411057949066,0.6931474208831787,0.3102378845214844,0.5589998960494995,0.2993033230304718,0.6137741804122925,0.3023405075073242,0.6684334874153137,0.3064762353897095,0.7074582576751709,0.28129419684410095,0.5711749792098999,0.2695119082927704,0.6192923784255981,0.27786368131637573,0.6689514517784119,0.2858358323574066,0.704373300075531,0.2587246596813202,0.5943554043769836,0.2511788308620453,0.633926272392273,0.26157987117767334,0.6718311905860901,0.2704160511493683,0.6968212127685547,M
0.3010712265968323,0.6719443798065186,0.32635730504989624,0.6799333095550537,0.34620949625968933,0.6812335252761841,0.33897119760513306,0.681708574295044,0.3245527744293213,0.6848248839378357,0.3417893946170807,0.5736644864082336,0.3353995978832245,0.6238702535629272,0.3311537504196167,0.6713572144508362,0.3285976052284241,0.7039369940757751,0.3115329444408417,0.5656999349594116,0.30383288860321045,0.619417130947113,0.30638155341148376,0.6746819019317627,0.30890825390815735,0.7125932574272156,0.28357237577438354,0.5762836337089539,0.2748989462852478,0.6245747804641724,0.2823977768421173,0.6736654043197632,0.2884047329425812,0.7071515917778015,0.26168376207351685,0.5984609127044678,0.2559468746185303,0.6352930068969727,0.26425987482070923,0.6700267791748047,0.2705749273300171,0.6918610334396362,M
0.3057890832424164,0.6806477904319763,0.3297901451587677,0.6864968538284302,0.34842875599861145,0.6880972981452942,0.34279119968414307,0.6903602480888367,0.3290248215198517,0.6945733428001404,0.34397903084754944,0.5834996104240417,0.34099772572517395,0.6295434832572937,0.3357029855251312,0.6749914884567261,0.3322446644306183,0.7075481414794922,0.31395605206489563,0.5760782957077026,0.3087136149406433,0.6279919743537903,0.3100542724132538,0.6819230318069458,0.3122597336769104,0.7200080156326294,0.2861250638961792,0.5878778100013733,0.28098511695861816,0.6341690421104431,0.28812333941459656,0.6831896305084229,0.2941274642944336,0.7181483507156372,0.26428043842315674,0.6112187504768372,0.2619367837905884,0.6505440473556519,0.27138686180114746,0.6859732270240784,0.278904527425766,0.7088534832000732,M
0.3113195300102234,0.6832395792007446,0.33526119589805603,0.6902970671653748,0.3538035452365875,0.6919889450073242,0.3457868695259094,0.6909608840942383,0.3318551778793335,0.6917645335197449,0.34913700819015503,0.5832846164703369,0.34642651677131653,0.6296002268791199,0.341027170419693,0.6731407642364502,0.33846962451934814,0.7041772603988647,0.31984347105026245,0.5757426023483276,0.31342387199401855,0.6251981258392334,0.3140884339809418,0.6777065992355347,0.3168363571166992,0.7163048982620239,0.2926587164402008,0.587031364440918,0.2855088412761688,0.6310357451438904,0.2925082743167877,0.6792066693305969,0.2989785075187683,0.7145935297012329,0.2714015245437622,0.6099953651428223,0.26658838987350464,0.6460349559783936,0.27475467324256897,0.681708037853241,0.28137314319610596,0.7058473229408264,M
0.30927398800849915,0.6865534782409668,0.33584824204444885,0.6885923147201538,0.3566855192184448,0.6830379366874695,0.34973129630088806,0.6753772497177124,0.3352298438549042,0.6722120046615601,0.3513162136077881,0.57704097032547,0.34584173560142517,0.6240050792694092,0.3410341739654541,0.6687003374099731,0.33928778767585754,0.7002619504928589,0.32169726490974426,0.5683782696723938,0.31475335359573364,0.6192707419395447,0.314889520406723,0.672412633895874,0.31697049736976624,0.7105117440223694,0.29376542568206787,0.5784703493118286,0.2854726314544678,0.6282653212547302,0.29207202792167664,0.6743255257606506,0.29862523078918457,0.7066760063171387,0.27169615030288696,0.6004284024238586,0.2654156982898712,0.6392541527748108,0.2741977870464325,0.6742619872093201,0.2817844748497009,0.6963255405426025,M
0.3090899586677551,0.6965036988258362,0.3357063829898834,0.6962881088256836,0.35584500432014465,0.6836600303649902,0.35128024220466614,0.6712377667427063,0.3389107584953308,0.6697519421577454,0.35361993312835693,0.5764279365539551,0.34865981340408325,0.6198891401290894,0.34426349401474,0.6646931767463684,0.34257978200912476,0.6966887712478638,0.3242488503456116,0.5689207911491394,0.3193790912628174,0.6185958981513977,0.3202052712440491,0.6703111529350281,0.32270246744155884,0.706125795841217,0.2964856028556824,0.5789525508880615,0.29126057028770447,0.6246160268783569,0.29650723934173584,0.6716614365577698,0.30185750126838684,0.7043633460998535,0.2738586962223053,0.5998250842094421,0.2704315483570099,0.6336544156074524,0.27817001938819885,0.6695578098297119,0.2850550711154938,0.6933528780937195,M
0.32066959142684937,0.6901744604110718,0.34680312871932983,0.6854458451271057,0.3658747375011444,0.6667572855949402,0.36407798528671265,0.6534377932548523,0.35672158002853394,0.6546499729156494,0.3626531660556793,0.5718671083450317,0.3590054512023926,0.6169260144233704,0.35497012734413147,0.6614463329315186,0.35306501388549805,0.6944772601127625,0.33271563053131104,0.5665640830993652,0.32787489891052246,0.6168413162231445,0.32917314767837524,0.6683361530303955,0.3321392238140106,0.706576943397522,0.30480676889419556,0.5780178308486938,0.29962870478630066,0.6237785220146179,0.304464191198349,0.6702953577041626,0.30950453877449036,0.7046215534210205,0.2818293273448944,0.5994700789451599,0.27885934710502625,0.6333240866661072,0.28590989112854004,0.669920027256012,0.29183486104011536,0.6953363418579102,M
0.3176119029521942,0.6847782731056213,0.34524381160736084,0.6845954060554504,0.3663952946662903,0.6693477034568787,0.36183735728263855,0.6542381048202515,0.3498692512512207,0.6512726545333862,0.3641187846660614,0.5654719471931458,0.36021655797958374,0.6098269820213318,0.35620683431625366,0.654482901096344,0.3535197973251343,0.6862092018127441,0.3355429172515869,0.5576431155204773,0.3294079601764679,0.6052576303482056,0.3299102783203125,0.6581812500953674,0.33141276240348816,0.6953262686729431,0.30811217427253723,0.5671274065971375,0.30161088705062866,0.6122930645942688,0.3064766228199005,0.6606781482696533,0.31080183386802673,0.6944592595100403,0.28553882241249084,0.5876793265342712,0.28080642223358154,0.6207045912742615,0.2879449725151062,0.6583279967308044,0.29381847381591797,0.6832695007324219,M
0.3273084759712219,0.6858595013618469,0.3553314208984375,0.6812041401863098,0.3754042387008667,0.6557438969612122,0.373725563287735,0.6332764625549316,0.367275208234787,0.6245300769805908,0.3715898394584656,0.5600879192352295,0.3678204119205475,0.60187828540802,0.3645898103713989,0.6472874879837036,0.3632350564002991,0.6793431043624878,0.34158170223236084,0.5539074540138245,0.3373960554599762,0.6007140278816223,0.33904221653938293,0.6527466773986816,0.3418363332748413,0.6888369917869568,0.31356188654899597,0.5648258924484253,0.3102720081806183,0.6030851602554321,0.3142889738082886,0.6516889929771423,0.3185340166091919,0.6856327056884766,0.2901340126991272,0.5856679081916809,0.2884840667247772,0.6070902347564697,0.29543691873550415,0.6439565420150757,0.3015962243080139,0.6696057319641113,M
0.3248475193977356,0.6866281032562256,0.3526296019554138,0.6812410354614258,0.3732623755931854,0.6604761481285095,0.3748607337474823,0.6446800827980042,0.37010127305984497,0.6431879997253418,0.3701147139072418,0.558732807636261,0.3679942488670349,0.6005148887634277,0.3642219305038452,0.6451482176780701,0.3625809848308563,0.677865207195282,0.3404540717601776,0.5541543960571289,0.3387693762779236,0.6016283631324768,0.3408198654651642,0.6520606279373169,0.3436829149723053,0.6890168786048889,0.31229639053344727,0.5655567646026611,0.3117836117744446,0.6084933280944824,0.31681162118911743,0.6564986705780029,0.32068735361099243,0.6921219825744629,0.2885904610157013,0.586346447467804,0.2888128161430359,0.6143936514854431,0.29648900032043457,0.6517090201377869,0.302107572555542,0.6791009902954102,M
0.32661670446395874,0.6867497563362122,0.35510382056236267,0.6798645853996277,0.3751656413078308,0.6579229235649109,0.37472909688949585,0.6414920091629028,0.3690502643585205,0.6410781741142273,0.3713330924510956,0.5600202679634094,0.36965230107307434,0.6023544073104858,0.3652939200401306,0.6469603776931763,0.3629833459854126,0.6806153059005737,0.34118980169296265,0.5542832612991333,0.3389470875263214,0.6028350591659546,0.34059351682662964,0.6530053615570068,0.34331998229026794,0.6912002563476562,0.31286755204200745,0.5651530623435974,0.311742901802063,0.6103351712226868,0.3164283335208893,0.6583647727966309,0.320340633392334,0.6948441863059998,0.2892239987850189,0.5854478478431702,0.2893000841140747,0.6169699430465698,0.29640883207321167,0.6541171669960022,0.30183130502700806,0.6813570857048035,M
0.32329490780830383,0.6874001026153564,0.35152798891067505,0.6814123392105103,0.37275123596191406,0.6590451598167419,0.3739646077156067,0.6440451145172119,0.3686589002609253,0.6444096565246582,0.36853641271591187,0.5608927011489868,0.3673267960548401,0.6017400622367859,0.36341291666030884,0.6480986475944519,0.36122992634773254,0.6819810271263123,0.33917534351348877,0.555094838142395,0.33650729060173035,0.6036385893821716,0.33868566155433655,0.6552397012710571,0.3418084681034088,0.6919660568237305,0.3113243877887726,0.5657569766044617,0.3089510500431061,0.610203742980957,0.3145899772644043,0.6589576005935669,0.31932342052459717,0.6940404176712036,0.2879008650779724,0.5860529541969299,0.2870410978794098,0.6158605217933655,0.29399245977401733,0.6536701321601868,0.29940834641456604,0.6806555986404419,M
0.32188451290130615,0.6858460307121277,0.3501867651939392,0.6802563667297363,0.37060195207595825,0.6581912040710449,0.37065380811691284,0.6414183974266052,0.364806592464447,0.6390885710716248,0.3649018704891205,0.5595806837081909,0.36450231075286865,0.6004461646080017,0.3608838617801666,0.6472722887992859,0.3581995666027069,0.6824432015419006,0.3356958329677582,0.5540135502815247,0.33360469341278076,0.6021127104759216,0.335690438747406,0.6554258465766907,0.338085412979126,0.6940456628799438,0.3083631992340088,0.5655730962753296,0.3059587776660919,0.6077975630760193,0.3109651505947113,0.656185507774353,0.31481581926345825,0.6918225288391113,0.2855846881866455,0.5868963003158569,0.28419801592826843,0.615006685256958,0.29076141119003296,0.6511068344116211,0.2955668866634369,0.6772403717041016,M
0.31969401240348816,0.68795245885849,0.34903526306152344,0.6827736496925354,0.36857402324676514,0.6565621495246887,0.3660329580307007,0.6335046887397766,0.35850033164024353,0.6260737180709839,0.3663654327392578,0.5565099716186523,0.36274653673171997,0.597744345664978,0.35965973138809204,0.6435084342956543,0.3580434322357178,0.677433431148529,0.3368932604789734,0.550713837146759,0.3329840898513794,0.596934974193573,0.33501705527305603,0.6480912566184998,0.33765462040901184,0.6856722831726074,0.3088166117668152,0.5623179078102112,0.3042319715023041,0.5993382334709167,0.30943962931632996,0.6463388204574585,0.31401655077934265,0.6819065809249878,0.2852896749973297,0.5841166377067566,0.2820577025413513,0.606319010257721,0.2887451648712158,0.6415209770202637,0.29394227266311646,0.667881429195404,M
0.3238230347633362,0.6835285425186157,0.35307222604751587,0.6748975515365601,0.37235116958618164,0.6491155624389648,0.37362244725227356,0.6263160705566406,0.3707185983657837,0.6166467666625977,0.36890777945518494,0.5506014823913574,0.3648654520511627,0.5915162563323975,0.3611936569213867,0.6360693573951721,0.3601245582103729,0.6694656610488892,0.33847299218177795,0.5456905961036682,0.33612531423568726,0.5935816764831543,0.33785587549209595,0.6451224088668823,0.34089338779449463,0.6828970313072205,0.30994391441345215,0.5573028326034546,0.30863019824028015,0.5995834469795227,0.31268784403800964,0.6464441418647766,0.31672826409339905,0.6812183260917664,0.28588834404945374,0.5781988501548767,0.2859167456626892,0.6060920357704163,0.2932198941707611,0.6429815292358398,0.29888972640037537,0.6690704226493835,M
0.32344067096710205,0.6863482594490051,0.3516341745853424,0.6770395040512085,0.3705146014690399,0.6517049074172974,0.36807766556739807,0.6307049989700317,0.3606293201446533,0.6258137226104736,0.36820435523986816,0.5522416830062866,0.3647569417953491,0.5911650657653809,0.36022859811782837,0.6363826990127563,0.3578634262084961,0.6704152822494507,0.33815228939056396,0.5465127825737,0.3351729214191437,0.5917929410934448,0.33634066581726074,0.6430741548538208,0.3383552134037018,0.6811994314193726,0.30977824330329895,0.5571931600570679,0.3072401285171509,0.5986422896385193,0.31171175837516785,0.6457884311676025,0.3154250979423523,0.68098384141922,0.2859140634536743,0.5773041248321533,0.284994512796402,0.6058986783027649,0.29196301102638245,0.6428324580192566,0.2972567677497864,0.6690274477005005,M
0.32356733083724976,0.6864091157913208,0.3516051471233368,0.6770452260971069,0.3709490895271301,0.6500979661941528,0.37139013409614563,0.6276918649673462,0.3676714599132538,0.6216452717781067,0.3688276410102844,0.5535780191421509,0.3643971085548401,0.5924239158630371,0.3602151572704315,0.6382052898406982,0.3580928444862366,0.6726542711257935,0.3382960557937622,0.547141969203949,0.33435848355293274,0.5934076905250549,0.3354116976261139,0.6445728540420532,0.3379630446434021,0.6827419996261597,0.30985701084136963,0.5569108128547668,0.3063513934612274,0.5983164310455322,0.3102680742740631,0.6451035737991333,0.3141648769378662,0.6808502674102783,0.28560617566108704,0.5757665038108826,0.28407949209213257,0.6023755073547363,0.2909623384475708,0.6398893594741821,0.2965414822101593,0.6676356196403503,M
0.32246994972229004,0.6879787445068359,0.350911945104599,0.6787543296813965,0.37009382247924805,0.6522231698036194,0.3681085407733917,0.6300430297851562,0.36103957891464233,0.6243308782577515,0.36812976002693176,0.5549114942550659,0.3638061285018921,0.5934602618217468,0.3594101369380951,0.6376897692680359,0.35746410489082336,0.6709505319595337,0.3380097448825836,0.5486862659454346,0.33475857973098755,0.5940459370613098,0.3359757363796234,0.6446892023086548,0.3386805057525635,0.6819470524787903,0.30950188636779785,0.5585570335388184,0.3067436218261719,0.5997932553291321,0.3106616735458374,0.6468351483345032,0.3147118389606476,0.6815811395645142,0.2848060429096222,0.57743901014328,0.2839292585849762,0.6023223400115967,0.2912628948688507,0.6398979425430298,0.29719454050064087,0.6669408679008484,M
0.32205823063850403,0.6872789859771729,0.3505309820175171,0.6800347566604614,0.3706754148006439,0.6540001630783081,0.3708524703979492,0.6306260228157043,0.3663659989833832,0.621783971786499,0.3668646216392517,0.5546892285346985,0.36264461278915405,0.5952425599098206,0.3587178587913513,0.6411617398262024,0.3566202223300934,0.674714207649231,0.33685383200645447,0.5478268265724182,0.3325304687023163,0.5939695239067078,0.334149032831192,0.6465241312980652,0.3368240296840668,0.6837286353111267,0.3088493049144745,0.5579861998558044,0.3040928542613983,0.5968077182769775,0.3090112805366516,0.6454694867134094,0.3135521709918976,0.6807570457458496,0.2852702736854553,0.5780312418937683,0.28243929147720337,0.6029406189918518,0.2895134687423706,0.64069002866745,0.2953336834907532,0.6674460172653198,M
