0.3237510621547699,0.8148882389068604,0.3699797987937927,0.7867479920387268,0.3940759301185608,0.7230281829833984,0.3790886402130127,0.6693968176841736,0.3426187336444855,0.646976888179779,0.38713228702545166,0.6580106019973755,0.3972541093826294,0.6083632707595825,0.38706135749816895,0.6611797213554382,0.38181114196777344,0.6882212162017822,0.35818779468536377,0.6476625204086304,0.36239683628082275,0.605954647064209,0.3566541373729706,0.6670036315917969,0.35552918910980225,0.6922447085380554,0.3271598815917969,0.6466822624206543,0.32989832758903503,0.6049096584320068,0.3324568569660187,0.6634995341300964,0.33260679244995117,0.7025629878044128,0.29632195830345154,0.64820796251297,0.2974516749382019,0.5880333185195923,0.2992410659790039,0.5485130548477173,0.3006211519241333,0.5086339712142944,I
0.3228796422481537,0.8178880214691162,0.3698796331882477,0.790399432182312,0.3939394950866699,0.726373016834259,0.3790283501148224,0.672562837600708,0.34267255663871765,0.6514614224433899,0.38743335008621216,0.6600398421287537,0.397039532661438,0.6106967329978943,0.38719138503074646,0.6636691689491272,0.38275814056396484,0.6902730464935303,0.3586635887622833,0.6500444412231445,0.3623233437538147,0.6076701283454895,0.3569812774658203,0.6683356761932373,0.35665014386177063,0.6935110688209534,0.3275321125984192,0.6497399210929871,0.3296504020690918,0.6085838675498962,0.3322691321372986,0.6674376130104065,0.33288177847862244,0.7064999938011169,0.29666656255722046,0.6518770456314087,0.2977147400379181,0.590790867805481,0.29921334981918335,0.550926148891449,0.300532728433609,0.5107863545417786,I
0.32135850191116333,0.8309827446937561,0.36695945262908936,0.8025384545326233,0.39081311225891113,0.7388442754745483,0.3779611587524414,0.6824598908424377,0.34333565831184387,0.661097526550293,0.3841303288936615,0.6745122671127319,0.3950251340866089,0.6219480633735657,0.3850564658641815,0.6749555468559265,0.38144373893737793,0.7012275457382202,0.35504287481307983,0.6645007133483887,0.360961377620697,0.6202839016914368,0.35507023334503174,0.6798485517501831,0.35604462027549744,0.7009082436561584,0.3242145776748657,0.663418173789978,0.32875552773475647,0.6223668456077576,0.3303177058696747,0.6822829842567444,0.3308104872703552,0.7205847501754761,0.29403796792030334,0.6644608974456787,0.2955751121044159,0.6022554636001587,0.29663383960723877,0.5624657273292542,0.2979147732257843,0.5226166248321533,I
0.31773823499679565,0.8330615758895874,0.3628782331943512,0.8037563562393188,0.38644129037857056,0.7437052130699158,0.37372562289237976,0.6901884078979492,0.33967727422714233,0.6652723550796509,0.3807380497455597,0.6747347712516785,0.39035215973854065,0.6266520023345947,0.3798089921474457,0.6785750985145569,0.37601983547210693,0.7045139670372009,0.3517557680606842,0.6651423573493958,0.35671132802963257,0.6242848634719849,0.350247323513031,0.6852944493293762,0.34969040751457214,0.7120951414108276,0.3208128809928894,0.6638537645339966,0.32444095611572266,0.6241572499275208,0.3260299563407898,0.6836731433868408,0.32666996121406555,0.7234450578689575,0.2901768088340759,0.6656401753425598,0.29117080569267273,0.6060838103294373,0.29205262660980225,0.5668674111366272,0.29344886541366577,0.5277412533760071,I
0.32135698199272156,0.8341560959815979,0.3676614761352539,0.8078157901763916,0.3924347162246704,0.74259352684021,0.37809044122695923,0.687442421913147,0.3399403989315033,0.6717859506607056,0.3856993615627289,0.6788564920425415,0.3970619738101959,0.6290323734283447,0.3856844902038574,0.6818093657493591,0.3809337615966797,0.7073507308959961,0.35692039132118225,0.6693450212478638,0.3612619638442993,0.6260229349136353,0.3553525507450104,0.6855286359786987,0.354840487241745,0.712257444858551,0.32635581493377686,0.6688055396080017,0.32939162850379944,0.6291608810424805,0.3321280777454376,0.6871287822723389,0.33263179659843445,0.7250419855117798,0.29634952545166016,0.669410765171051,0.2971526086330414,0.6098667979240417,0.29869216680526733,0.5697460770606995,0.3002588748931885,0.5290433168411255,I
0.33161982893943787,0.835613489151001,0.37859469652175903,0.8080918192863464,0.40471726655960083,0.7454894781112671,0.39201870560646057,0.6891355514526367,0.35626694560050964,0.6694663166999817,0.39586982131004333,0.6829525232315063,0.40923023223876953,0.6316976547241211,0.3981251120567322,0.680981457233429,0.39355069398880005,0.7087823152542114,0.36752399802207947,0.6722195148468018,0.37360915541648865,0.6271344423294067,0.36785751581192017,0.6820977926254272,0.3684751093387604,0.7074729800224304,0.3370957672595978,0.6702825427055359,0.34195011854171753,0.6319072246551514,0.3430759608745575,0.6888335943222046,0.34296151995658875,0.7272568345069885,0.3065875172615051,0.6698838472366333,0.306047260761261,0.6095391511917114,0.307519793510437,0.568924069404602,0.3103867173194885,0.5290709137916565,I
0.3384345769882202,0.8276722431182861,0.38384103775024414,0.8039550185203552,0.4119010865688324,0.74043869972229,0.40395015478134155,0.6819111108779907,0.3663620948791504,0.6630926132202148,0.40163278579711914,0.673825740814209,0.4160636067390442,0.6246109008789062,0.40518268942832947,0.6737481951713562,0.40045005083084106,0.7022733092308044,0.37391576170921326,0.6624903082847595,0.3799281418323517,0.6185803413391113,0.37467753887176514,0.6744131445884705,0.37523481249809265,0.7021693587303162,0.34377139806747437,0.6608291268348694,0.3490454852581024,0.6235408186912537,0.35092777013778687,0.6817914843559265,0.3510321080684662,0.721821665763855,0.31375589966773987,0.6612536907196045,0.3137151002883911,0.6014009714126587,0.3153201937675476,0.5596518516540527,0.3183298707008362,0.5184522867202759,I
0.3414326310157776,0.8314834833145142,0.3880575895309448,0.8062243461608887,0.415325403213501,0.7436912059783936,0.4038224220275879,0.6873274445533752,0.36697202920913696,0.6678984761238098,0.4075741171836853,0.6772778630256653,0.42170172929763794,0.6294258832931519,0.40888363122940063,0.6809069514274597,0.40237492322921753,0.7076231241226196,0.3787549138069153,0.666437029838562,0.38580387830734253,0.6231883764266968,0.37916022539138794,0.6825183629989624,0.37744084000587463,0.711050808429718,0.34808313846588135,0.6643798351287842,0.35386034846305847,0.6244972944259644,0.3561827838420868,0.6835882663726807,0.3557947278022766,0.7231573462486267,0.31756216287612915,0.6644539833068848,0.3197705149650574,0.6044708490371704,0.32217806577682495,0.5636297464370728,0.3245789110660553,0.5217135548591614,I
0.3409256637096405,0.8324252367019653,0.38637202978134155,0.8084014058113098,0.414011687040329,0.7477239966392517,0.4042764902114868,0.6906571388244629,0.3663811683654785,0.670542299747467,0.4071829915046692,0.6770730018615723,0.41945338249206543,0.6286588907241821,0.4067138731479645,0.6791343688964844,0.4006344974040985,0.7080380320549011,0.37810400128364563,0.6663350462913513,0.38401663303375244,0.6258885860443115,0.3770551085472107,0.68417888879776,0.37608233094215393,0.7114806771278381,0.3471236228942871,0.6642464399337769,0.35114094614982605,0.6254068613052368,0.3529602885246277,0.684457540512085,0.3536909222602844,0.7243738174438477,0.31646817922592163,0.664705216884613,0.31879350543022156,0.6063647866249084,0.3207320272922516,0.565631628036499,0.3234798312187195,0.5241125822067261,I
0.3408353328704834,0.8417555689811707,0.3869601786136627,0.817744791507721,0.414431631565094,0.7530747056007385,0.40597814321517944,0.6930478811264038,0.3677523732185364,0.6753417253494263,0.409564346075058,0.685343325138092,0.4215881824493408,0.6361873745918274,0.4090014696121216,0.6882004737854004,0.4030224680900574,0.7154505252838135,0.38058236241340637,0.6739968061447144,0.38718727231025696,0.6295798420906067,0.379818320274353,0.6897357106208801,0.3782751262187958,0.7169466614723206,0.3494091033935547,0.6712044477462769,0.3544205129146576,0.6287761330604553,0.3560773432254791,0.6869208812713623,0.35588592290878296,0.7269161343574524,0.31859368085861206,0.6711695194244385,0.3213547170162201,0.6101171374320984,0.32302314043045044,0.5688589215278625,0.3245392143726349,0.5274587869644165,I
0.34345197677612305,0.835283637046814,0.38927650451660156,0.8086714148521423,0.4156622290611267,0.7477479577064514,0.4074455797672272,0.6896708607673645,0.37035608291625977,0.6703294515609741,0.41141971945762634,0.6786949038505554,0.4233463406562805,0.631226658821106,0.41134148836135864,0.6811636090278625,0.405789852142334,0.7089492082595825,0.38308805227279663,0.6667425632476807,0.38803279399871826,0.6251671314239502,0.3808419406414032,0.6850179433822632,0.38063281774520874,0.7116361856460571,0.3525794446468353,0.6639534831047058,0.3568103611469269,0.625260591506958,0.3575507402420044,0.6827950477600098,0.35728946328163147,0.7218376994132996,0.3218231201171875,0.6638894081115723,0.3246024549007416,0.6035608649253845,0.3268639147281647,0.5628318786621094,0.3299545645713806,0.5223602652549744,I
0.34288808703422546,0.8337593078613281,0.3902045488357544,0.8108125925064087,0.41764605045318604,0.7499253153800964,0.40745189785957336,0.6907101273536682,0.36928513646125793,0.672794759273529,0.4143139123916626,0.6832210421562195,0.42783236503601074,0.6348939538002014,0.41372358798980713,0.6857545971870422,0.40738198161125183,0.7115288972854614,0.3857676088809967,0.6706931591033936,0.3915576934814453,0.6280725002288818,0.38334622979164124,0.687444806098938,0.38291865587234497,0.7125353813171387,0.3550674319267273,0.6674894690513611,0.3590761125087738,0.6265989542007446,0.35964107513427734,0.6836445331573486,0.3593347668647766,0.7223515510559082,0.32439136505126953,0.6661587953567505,0.32800719141960144,0.6072545051574707,0.33085721731185913,0.5673207640647888,0.33384984731674194,0.5267989039421082,I
0.34650927782058716,0.8349936604499817,0.3921230137348175,0.810073733329773,0.41921451687812805,0.7488683462142944,0.41106337308883667,0.690278172492981,0.3742222189903259,0.6714630126953125,0.4148065745830536,0.6814883947372437,0.4271743893623352,0.6319507360458374,0.41504424810409546,0.6795273423194885,0.4092683792114258,0.7075806260108948,0.3861304819583893,0.6702262759208679,0.3909350633621216,0.6267884969711304,0.3841125965118408,0.6848047971725464,0.38357898592948914,0.7134319543838501,0.3551805019378662,0.6670945286750793,0.35898005962371826,0.6261570453643799,0.3603770136833191,0.6826647520065308,0.3605698049068451,0.7234991788864136,0.3243051767349243,0.6662055850028992,0.32752373814582825,0.6066832542419434,0.3306857645511627,0.5655271410942078,0.3341779112815857,0.525593101978302,I
0.3653388023376465,0.8306897878646851,0.40847641229629517,0.7980168461799622,0.43799328804016113,0.7342926263809204,0.43536412715911865,0.6795395016670227,0.4001535177230835,0.6628074645996094,0.41490936279296875,0.6582547426223755,0.4329872727394104,0.6157088875770569,0.4267888069152832,0.6664036512374878,0.42108407616615295,0.692807674407959,0.3863302171230316,0.6543097496032715,0.39990222454071045,0.6116374135017395,0.4002107083797455,0.668615996837616,0.39831748604774475,0.6977051496505737,0.3568147122859955,0.6577129364013672,0.37078922986984253,0.6274572610855103,0.38124778866767883,0.686395525932312,0.3832533061504364,0.7231003642082214,0.3287181258201599,0.6654098629951477,0.3263217508792877,0.605562686920166,0.32776975631713867,0.5660800337791443,0.3296988010406494,0.5256251096725464,I
0.368757963180542,0.8176036477088928,0.4116828143596649,0.7858250737190247,0.4403853118419647,0.7202986478805542,0.44222167134284973,0.6638336181640625,0.407084584236145,0.6502397060394287,0.4145345687866211,0.6441324949264526,0.4342765212059021,0.6004492044448853,0.42950716614723206,0.6532299518585205,0.4239504933357239,0.6785677671432495,0.38760632276535034,0.6422484517097473,0.4032379984855652,0.5995433330535889,0.4049648642539978,0.6569144129753113,0.40460914373397827,0.6840680241584778,0.35930246114730835,0.6480574011802673,0.37676435708999634,0.6148936748504639,0.38883090019226074,0.6738491654396057,0.39178159832954407,0.7106211185455322,0.33183345198631287,0.6576516032218933,0.3300744593143463,0.5979097485542297,0.3312200903892517,0.5589877963066101,0.33363521099090576,0.5185742974281311,I
0.37189793586730957,0.8136698007583618,0.4155997633934021,0.7807676792144775,0.4460498094558716,0.7159814238548279,0.44882363080978394,0.6586450934410095,0.41315585374832153,0.6468973159790039,0.4209054112434387,0.6431379914283752,0.44038671255111694,0.6001612544059753,0.4367375671863556,0.6536332368850708,0.4316718578338623,0.6794741749763489,0.39354223012924194,0.6407078504562378,0.4093244671821594,0.6004016399383545,0.4112280309200287,0.660339891910553,0.4097018241882324,0.6893296241760254,0.3648838400840759,0.6454240083694458,0.381902813911438,0.6136040687561035,0.3945409059524536,0.6701328158378601,0.3978322148323059,0.7045391201972961,0.33702579140663147,0.6537343859672546,0.33559930324554443,0.5937751531600952,0.3373686373233795,0.5555781126022339,0.34045669436454773,0.5157788395881653,I
0.37338441610336304,0.8070210218429565,0.41800081729888916,0.7742727994918823,0.45063453912734985,0.7097053527832031,0.4616907238960266,0.6539343595504761,0.42912086844444275,0.647021472454071,0.41638898849487305,0.6330994963645935,0.4411053955554962,0.5948148965835571,0.44120004773139954,0.6480580568313599,0.4356997013092041,0.6726759672164917,0.39223846793174744,0.6348651051521301,0.4152389168739319,0.5973515510559082,0.42074066400527954,0.6566277742385864,0.41792553663253784,0.686218798160553,0.3677920997142792,0.641356348991394,0.39350467920303345,0.6097819805145264,0.4105833172798157,0.662584125995636,0.4141589105129242,0.6956052780151367,0.34534430503845215,0.6507877707481384,0.34645548462867737,0.5895822644233704,0.35025453567504883,0.5511908531188965,0.3544237017631531,0.5132021307945251,I
0.3729446232318878,0.8013660311698914,0.4189748466014862,0.7653354406356812,0.45256972312927246,0.7039526104927063,0.4672912359237671,0.6507922410964966,0.4384717047214508,0.6430245637893677,0.41262227296829224,0.6306484937667847,0.442081481218338,0.5918207168579102,0.4450708329677582,0.6457313299179077,0.4392479360103607,0.6709546446800232,0.3920247554779053,0.633630096912384,0.42232608795166016,0.5950109362602234,0.4290321171283722,0.6557091474533081,0.4249737858772278,0.6870018243789673,0.3710704445838928,0.6394298076629639,0.4041476547718048,0.6081448793411255,0.4201343059539795,0.6591052412986755,0.4216824471950531,0.6910205483436584,0.3516654670238495,0.6474946141242981,0.3564101457595825,0.5839011669158936,0.3628259301185608,0.543828547000885,0.36890608072280884,0.5070478916168213,I
0.3742658495903015,0.7977156639099121,0.4197250306606293,0.7614738941192627,0.4521732032299042,0.7006012797355652,0.4682084619998932,0.6497644186019897,0.4431585371494293,0.6399862766265869,0.41076067090034485,0.6298694610595703,0.4413031339645386,0.5914395451545715,0.4457213580608368,0.6449598073959351,0.4400407671928406,0.6713626384735107,0.3918902277946472,0.6319878697395325,0.4262101650238037,0.5942084789276123,0.4332948625087738,0.656248152256012,0.4271993041038513,0.6887087225914001,0.3736307919025421,0.6371318697929382,0.40972957015037537,0.6039538979530334,0.4262153208255768,0.65431809425354,0.4263683259487152,0.6859861612319946,0.35733768343925476,0.6453441381454468,0.36404550075531006,0.5811135768890381,0.37239351868629456,0.5408018827438354,0.3793981969356537,0.5038207173347473,I
0.3736534118652344,0.7884249687194824,0.4210013747215271,0.7493637800216675,0.44854384660720825,0.6925883889198303,0.46640849113464355,0.6482731103897095,0.44889259338378906,0.6349296569824219,0.3920763432979584,0.6237655282020569,0.43072009086608887,0.5851653218269348,0.4397205710411072,0.6359637379646301,0.43511056900024414,0.6657294034957886,0.37650924921035767,0.625445544719696,0.42431050539016724,0.5888599753379822,0.43331030011177063,0.6490148305892944,0.4282762408256531,0.678841769695282,0.3657391667366028,0.6314775943756104,0.41540464758872986,0.5986793041229248,0.4284081757068634,0.6507242918014526,0.42486003041267395,0.6824842095375061,0.35898372530937195,0.6411623358726501,0.3721940815448761,0.5774143934249878,0.38145333528518677,0.535615086555481,0.3887757360935211,0.4973751902580261,I
0.3693867027759552,0.7878784537315369,0.4165061116218567,0.7444288730621338,0.4429793357849121,0.6894121170043945,0.4636194407939911,0.6462361216545105,0.44965511560440063,0.6332392692565918,0.37658053636550903,0.6218030452728271,0.4222141206264496,0.587026059627533,0.436265766620636,0.6362789273262024,0.4334447979927063,0.6679269075393677,0.3626099228858948,0.6251035928726196,0.42239147424697876,0.5922814607620239,0.43319272994995117,0.6522817015647888,0.426140695810318,0.6828698515892029,0.35697823762893677,0.6341418027877808,0.4159216582775116,0.6017528772354126,0.42724737524986267,0.6529943346977234,0.4202805757522583,0.6840965747833252,0.3571842610836029,0.6464023590087891,0.3732040822505951,0.5819661617279053,0.38349029421806335,0.5393328666687012,0.39158111810684204,0.5001165866851807,I
0.3644208312034607,0.7840234637260437,0.40990501642227173,0.736752986907959,0.43067696690559387,0.6857176423072815,0.44962653517723083,0.6475924253463745,0.44876426458358765,0.6327300667762756,0.3630285859107971,0.615358829498291,0.41279420256614685,0.5858128666877747,0.42915043234825134,0.6328805088996887,0.428466796875,0.6672095060348511,0.3536260426044464,0.6197768449783325,0.4200300872325897,0.5852239727973938,0.431709885597229,0.6432974934577942,0.4244172275066376,0.6774852275848389,0.35314106941223145,0.6310030817985535,0.4158278703689575,0.5971174836158752,0.4261914789676666,0.6440362334251404,0.4182721674442291,0.6740356683731079,0.35901281237602234,0.6452573537826538,0.3759825527667999,0.5825076699256897,0.3852335214614868,0.5413194894790649,0.391985684633255,0.5023653507232666,I
0.35626187920570374,0.7806407809257507,0.40121716260910034,0.7307372093200684,0.4173077940940857,0.6803491115570068,0.4344698488712311,0.6408995985984802,0.43931177258491516,0.6239359378814697,0.351043164730072,0.6109349131584167,0.40407124161720276,0.5839422941207886,0.41821807622909546,0.6276159286499023,0.4147661328315735,0.6610831618309021,0.343077152967453,0.6141831874847412,0.409347265958786,0.5811443328857422,0.4216812252998352,0.635530412197113,0.41598057746887207,0.6692692041397095,0.3449195325374603,0.626439094543457,0.4086769223213196,0.5908273458480835,0.41819971799850464,0.6370392441749573,0.4097162187099457,0.667750358581543,0.35309213399887085,0.6435000896453857,0.3703063130378723,0.5829897522926331,0.37929898500442505,0.5432676672935486,0.3858378231525421,0.5050038695335388,I
0.3569795489311218,0.7759103775024414,0.3991699814796448,0.727819561958313,0.4140892028808594,0.6775484681129456,0.4288231432437897,0.6396030187606812,0.43824049830436707,0.6246761083602905,0.3474539816379547,0.6087773442268372,0.39885851740837097,0.5819889903068542,0.4129197299480438,0.6228516697883606,0.40899476408958435,0.6546004414558411,0.339677631855011,0.6126572489738464,0.4049507975578308,0.579494297504425,0.41637536883354187,0.630951464176178,0.4088185429573059,0.6651737093925476,0.3422292470932007,0.624203622341156,0.4048882722854614,0.5902889966964722,0.41465914249420166,0.6366450786590576,0.4053315222263336,0.6672595739364624,0.35104721784591675,0.6406034827232361,0.3675212860107422,0.5805767774581909,0.3770607113838196,0.5409995913505554,0.3839934766292572,0.5037498474121094,I
0.35771578550338745,0.7759409546852112,0.40042412281036377,0.726604163646698,0.4147113859653473,0.6782336831092834,0.4306853711605072,0.6410451531410217,0.43876558542251587,0.6282564401626587,0.34728795289993286,0.6075135469436646,0.4037243723869324,0.5860958695411682,0.41590654850006104,0.6290959119796753,0.4107249677181244,0.6628431677818298,0.3398832678794861,0.6116179823875427,0.4087319076061249,0.581652820110321,0.4198441207408905,0.6342383623123169,0.4136785864830017,0.6662557125091553,0.3433104157447815,0.6246241331100464,0.4079720973968506,0.5910828113555908,0.4167214035987854,0.6397621631622314,0.4072508215904236,0.6709259152412415,0.35395893454551697,0.64305579662323,0.37114959955215454,0.5788297653198242,0.38095182180404663,0.5385783314704895,0.3888210654258728,0.4994601607322693,I
0.36166834831237793,0.776275634765625,0.4048609137535095,0.731298565864563,0.4233504831790924,0.6812910437583923,0.4383784234523773,0.6430001854896545,0.4400935769081116,0.6318874359130859,0.3525373339653015,0.614182710647583,0.4026199281215668,0.5873827934265137,0.41938090324401855,0.6307311058044434,0.4187215566635132,0.6653308868408203,0.3429422080516815,0.618096649646759,0.4085158109664917,0.5873027443885803,0.42185986042022705,0.641330897808075,0.4150373041629791,0.6743803024291992,0.3432600498199463,0.6280339360237122,0.40675729513168335,0.5944749712944031,0.4187152087688446,0.6406899094581604,0.41125884652137756,0.6719663739204407,0.3501923978328705,0.6410678029060364,0.3663962185382843,0.5804702043533325,0.375048965215683,0.5385735034942627,0.3812272250652313,0.49997538328170776,I
0.36631351709365845,0.7813466787338257,0.4113432466983795,0.7441661357879639,0.43966343998908997,0.6914719343185425,0.45789670944213867,0.6488867998123169,0.4443364143371582,0.6359859108924866,0.376086950302124,0.6254680156707764,0.42040756344795227,0.5909478664398193,0.43217095732688904,0.6349382400512695,0.4283421039581299,0.6665121912956238,0.36224687099456787,0.6282482743263245,0.4192924201488495,0.5962845683097839,0.4291774332523346,0.6515236496925354,0.42139527201652527,0.681634783744812,0.35549837350845337,0.6344369053840637,0.41139328479766846,0.60286945104599,0.42094483971595764,0.6527311205863953,0.4122803807258606,0.6845775842666626,0.35294869542121887,0.6429427862167358,0.36743447184562683,0.5796123743057251,0.37613609433174133,0.537875771522522,0.38242653012275696,0.49927470088005066,I
0.37358468770980835,0.7829083800315857,0.41782742738723755,0.7511026263237,0.44958603382110596,0.6952524185180664,0.4673166275024414,0.6497179865837097,0.44780752062797546,0.6381253004074097,0.4073294401168823,0.6320414543151855,0.4380764961242676,0.5934634208679199,0.44454628229141235,0.6380339860916138,0.4384443461894989,0.66486656665802,0.3910385072231293,0.6323896050453186,0.42821380496025085,0.6004852652549744,0.4336889982223511,0.6558700799942017,0.4251520335674286,0.6858536601066589,0.37661877274513245,0.6345203518867493,0.4150620996952057,0.6005373001098633,0.4272698163986206,0.647949755191803,0.4238371253013611,0.6795530915260315,0.3628023862838745,0.6384524703025818,0.372172087430954,0.5753313302993774,0.38107097148895264,0.5366363525390625,0.3886025547981262,0.5011401176452637,I
0.37858596444129944,0.7875047922134399,0.4220989942550659,0.7597461938858032,0.4573875069618225,0.7049206495285034,0.4729219675064087,0.6557253003120422,0.44711631536483765,0.6411270499229431,0.4268752634525299,0.6342706084251404,0.45490726828575134,0.5977864861488342,0.45367467403411865,0.6475076079368591,0.44574907422065735,0.6760666370391846,0.4069732427597046,0.6311736106872559,0.4370514154434204,0.5978488326072693,0.43623441457748413,0.6585486531257629,0.4266858994960785,0.6932550668716431,0.3860204517841339,0.6307902336120605,0.4174674451351166,0.6023299098014832,0.4275519549846649,0.6531531810760498,0.42534583806991577,0.6862017512321472,0.3642655313014984,0.6335771083831787,0.37271034717559814,0.5697214603424072,0.3839932084083557,0.5319921970367432,0.39487922191619873,0.49787575006484985,I
0.3758533298969269,0.7932801246643066,0.422517865896225,0.7690606117248535,0.4588415026664734,0.7181276082992554,0.4673280119895935,0.6663775444030762,0.4391516149044037,0.6399902701377869,0.4429795742034912,0.6426771283149719,0.46685653924942017,0.6078413724899292,0.4586266875267029,0.6567011475563049,0.44968152046203613,0.6827917098999023,0.41862910985946655,0.6347558498382568,0.43969929218292236,0.6030396223068237,0.4351872503757477,0.659783124923706,0.42821791768074036,0.6894473433494568,0.3925737142562866,0.6328092813491821,0.4139440655708313,0.6083043813705444,0.4179050624370575,0.6628848314285278,0.4143960475921631,0.6969679594039917,0.3653765618801117,0.6346166133880615,0.37349629402160645,0.5747712254524231,0.3842620253562927,0.5381585955619812,0.39497265219688416,0.5027705430984497,I
0.3751257061958313,0.7990888953208923,0.42194506525993347,0.7776674032211304,0.4572647213935852,0.7258359789848328,0.46267080307006836,0.6723750233650208,0.4332064688205719,0.6467317342758179,0.44496893882751465,0.6551228761672974,0.4687618613243103,0.6180369257926941,0.4573605954647064,0.6660206317901611,0.4485410153865814,0.689594030380249,0.420181006193161,0.645544707775116,0.44043219089508057,0.6110222339630127,0.4330732524394989,0.6669854521751404,0.42587316036224365,0.6951826810836792,0.39307883381843567,0.6411296129226685,0.4116344749927521,0.6118048429489136,0.41316694021224976,0.66815584897995,0.40917402505874634,0.7029829621315002,0.3653060793876648,0.6393143534660339,0.3738999366760254,0.5813422799110413,0.38334715366363525,0.5451995134353638,0.3923644721508026,0.5092761516571045,I
0.3726103603839874,0.7993067502975464,0.4195877015590668,0.7806760668754578,0.45474112033843994,0.7214347124099731,0.4537194073200226,0.6658907532691956,0.420173317193985,0.6490001678466797,0.44308722019195557,0.6578012704849243,0.4638575315475464,0.6186700463294983,0.4514850080013275,0.6660223007202148,0.4438859522342682,0.6867127418518066,0.4185829758644104,0.646743655204773,0.4337843656539917,0.6113223433494568,0.4251568019390106,0.6666052341461182,0.41973620653152466,0.6931055188179016,0.3912999629974365,0.6412141919136047,0.4043159782886505,0.6096862554550171,0.40438082814216614,0.6660201549530029,0.40056225657463074,0.7024253010749817,0.3630678355693817,0.6364673376083374,0.3701763153076172,0.5788329839706421,0.3791343867778778,0.542512834072113,0.3880060911178589,0.5059104561805725,I
0.37180933356285095,0.7989503145217896,0.4166129529476166,0.778464674949646,0.4492605924606323,0.7214797139167786,0.4418332874774933,0.6686149835586548,0.4077197015285492,0.6509414911270142,0.44103479385375977,0.6579938530921936,0.4593998193740845,0.616698682308197,0.4458298683166504,0.6641392707824707,0.43808460235595703,0.6854230165481567,0.414976567029953,0.6467308402061462,0.42692410945892334,0.6117991209030151,0.41729283332824707,0.6670630574226379,0.4140987992286682,0.6884015798568726,0.38692447543144226,0.641869068145752,0.39677706360816956,0.6089316010475159,0.3946276307106018,0.6666496396064758,0.3909772038459778,0.7017467021942139,0.3579292893409729,0.6374420523643494,0.36364203691482544,0.5806505084037781,0.3706789016723633,0.5458700656890869,0.37852513790130615,0.5091024041175842,I
0.37099939584732056,0.7954569458961487,0.41617560386657715,0.7766165137290955,0.44547325372695923,0.721945583820343,0.43569493293762207,0.6720868349075317,0.4025998115539551,0.6504302620887756,0.4415067732334137,0.6583257913589478,0.45710307359695435,0.6153145432472229,0.4418622851371765,0.6636135578155518,0.4340132474899292,0.6870344877243042,0.4150311052799225,0.6454619765281677,0.4235767126083374,0.6105840802192688,0.4126025438308716,0.6662893891334534,0.41062378883361816,0.687757670879364,0.3862484097480774,0.6406009793281555,0.39254721999168396,0.6054315567016602,0.38910946249961853,0.6620302200317383,0.386604368686676,0.6977075934410095,0.35721901059150696,0.636410653591156,0.3642285168170929,0.5794247984886169,0.3698268234729767,0.5427685379981995,0.37644854187965393,0.5054616928100586,I
0.37411585450172424,0.7921983003616333,0.41841912269592285,0.7766643166542053,0.44589370489120483,0.7238141298294067,0.4342817962169647,0.6730029582977295,0.39964187145233154,0.6514232158660889,0.44599980115890503,0.6553407907485962,0.45823854207992554,0.6147667765617371,0.4431816339492798,0.6660135388374329,0.43798941373825073,0.6872889399528503,0.41871553659439087,0.6412022709846497,0.424859881401062,0.6091814041137695,0.4132719039916992,0.6672658324241638,0.41307634115219116,0.6857835054397583,0.3890455365180969,0.6364526152610779,0.39383018016815186,0.6060846447944641,0.3890022039413452,0.6638815999031067,0.38667309284210205,0.6975665092468262,0.3602394163608551,0.6325808167457581,0.36858001351356506,0.577096700668335,0.373738557100296,0.5407612323760986,0.3797818124294281,0.5028026103973389,I
0.3713993430137634,0.7915811538696289,0.41408681869506836,0.7748530507087708,0.4373624324798584,0.726591169834137,0.42349907755851746,0.6768804788589478,0.39208731055259705,0.6514454483985901,0.4429594576358795,0.653504490852356,0.44900932908058167,0.6127753257751465,0.43614885210990906,0.6625757217407227,0.4327827990055084,0.6869353652000427,0.4143606126308441,0.6400824785232544,0.41643816232681274,0.6068540215492249,0.405585914850235,0.6635143756866455,0.40721002221107483,0.682358980178833,0.3837224245071411,0.635173499584198,0.385646790266037,0.6106820106506348,0.38110560178756714,0.6660531163215637,0.38067227602005005,0.6991703510284424,0.35389840602874756,0.63176429271698,0.3596571683883667,0.5735995769500732,0.36297711730003357,0.5365892648696899,0.3683066964149475,0.5013463497161865,I
0.37235787510871887,0.7978317737579346,0.412405788898468,0.7850247025489807,0.4331039488315582,0.7360433340072632,0.4032725691795349,0.6917222142219543,0.3669387102127075,0.673311710357666,0.44295570254325867,0.6434867978096008,0.4313119053840637,0.6209179162979126,0.42578941583633423,0.6769216656684875,0.42857640981674194,0.6987664103507996,0.41147130727767944,0.6286338567733765,0.3973080813884735,0.622207522392273,0.3946622610092163,0.6827500462532043,0.40383899211883545,0.6909623742103577,0.3786824941635132,0.6291294693946838,0.36752188205718994,0.6206339597702026,0.36859211325645447,0.6781546473503113,0.37441620230674744,0.7018322348594666,0.3477848768234253,0.6319383978843689,0.34815505146980286,0.5785462260246277,0.3501553535461426,0.5451749563217163,0.3540509045124054,0.506951630115509,I
0.3727141320705414,0.7913501262664795,0.4133506119251251,0.7831302881240845,0.434880793094635,0.7344461679458618,0.40110597014427185,0.6915133595466614,0.3626887798309326,0.6756688952445984,0.4436841905117035,0.6393317580223083,0.42829084396362305,0.6241393089294434,0.42282506823539734,0.6781505346298218,0.4275358319282532,0.6960645914077759,0.41214993596076965,0.6220637559890747,0.39229121804237366,0.6251449584960938,0.39148861169815063,0.6851654648780823,0.4039577841758728,0.6888988018035889,0.37965503334999084,0.6246024370193481,0.36252251267433167,0.6238263249397278,0.36402419209480286,0.6813644170761108,0.3721539080142975,0.7016735076904297,0.3491271138191223,0.629795253276825,0.34721091389656067,0.579220175743103,0.3476105332374573,0.5459171533584595,0.3507898151874542,0.5056560635566711,I
0.3726193904876709,0.7915412187576294,0.4105890989303589,0.787784993648529,0.42947661876678467,0.7411802411079407,0.3941683769226074,0.7002473473548889,0.3565961420536041,0.687376081943512,0.4427473843097687,0.6378140449523926,0.4168663024902344,0.6316323280334473,0.4161927103996277,0.6841403245925903,0.4235243797302246,0.7004786133766174,0.4101038873195648,0.6193777322769165,0.3825722634792328,0.6329606771469116,0.38712191581726074,0.6917991638183594,0.4018106758594513,0.6926462054252625,0.37642213702201843,0.6229717135429382,0.35397905111312866,0.6248456239700317,0.3582151532173157,0.6800914406776428,0.3676762878894806,0.6979566216468811,0.3447010815143585,0.6312624216079712,0.3403349816799164,0.584030032157898,0.34103742241859436,0.5518317818641663,0.3435773253440857,0.5090311765670776,I
0.3698720633983612,0.7899372577667236,0.40932732820510864,0.7886798977851868,0.42937445640563965,0.745202362537384,0.3941776156425476,0.7051739692687988,0.35805559158325195,0.6916557550430298,0.4400118887424469,0.6408499479293823,0.414517879486084,0.6342252492904663,0.41301655769348145,0.6846177577972412,0.42050427198410034,0.7015677690505981,0.4078594744205475,0.6214451789855957,0.3800930380821228,0.6350763440132141,0.38392379879951477,0.6933388113975525,0.39876216650009155,0.6953628659248352,0.37493693828582764,0.6242828965187073,0.3519096076488495,0.62762451171875,0.3556176424026489,0.6805012822151184,0.3653097450733185,0.6963074803352356,0.3439224362373352,0.6328964233398438,0.3393143117427826,0.583573043346405,0.33896759152412415,0.5508328080177307,0.34012937545776367,0.5101971626281738,I
0.3685501217842102,0.7906284332275391,0.40691402554512024,0.7882765531539917,0.42624422907829285,0.7429229617118835,0.3910226821899414,0.7029077410697937,0.35409441590309143,0.6908798813819885,0.4379115700721741,0.6385937333106995,0.4116452634334564,0.6342470049858093,0.41060787439346313,0.6854484677314758,0.41798335313796997,0.7014743685722351,0.4060196876525879,0.6195921897888184,0.377236008644104,0.6353332996368408,0.38109835982322693,0.6934781074523926,0.3958389461040497,0.6952317953109741,0.3728061318397522,0.6230911612510681,0.34941911697387695,0.6270790100097656,0.3528667688369751,0.6813079714775085,0.36250293254852295,0.6990309357643127,0.3416748642921448,0.6325331926345825,0.337362676858902,0.58390873670578,0.33748459815979004,0.5512511730194092,0.3394389748573303,0.5103094577789307,I
0.3686530292034149,0.7902050614356995,0.40630602836608887,0.7845168113708496,0.42484670877456665,0.7399771213531494,0.390034019947052,0.7003755569458008,0.35282084345817566,0.6852823495864868,0.43612122535705566,0.6387059688568115,0.4123586416244507,0.6299190521240234,0.41094279289245605,0.6811177730560303,0.41861599683761597,0.6987755298614502,0.4048386216163635,0.6195590496063232,0.37735915184020996,0.6319797039031982,0.38053402304649353,0.6903987526893616,0.3958602845668793,0.6917253136634827,0.37223273515701294,0.6218301653862,0.3487500548362732,0.6253398656845093,0.35212472081184387,0.6789175271987915,0.36276787519454956,0.6951467990875244,0.3413439095020294,0.6296721696853638,0.33588510751724243,0.5800631046295166,0.3354368209838867,0.5468953847885132,0.33781927824020386,0.5064655542373657,I
0.3675854802131653,0.7861043214797974,0.40612462162971497,0.7823581099510193,0.42582255601882935,0.7387083768844604,0.3906906247138977,0.699059784412384,0.35395944118499756,0.6833853721618652,0.43687179684638977,0.6325708627700806,0.4129229187965393,0.6281965374946594,0.4114517271518707,0.679440975189209,0.41870251297950745,0.6962422132492065,0.40523281693458557,0.6143843531608582,0.37869420647621155,0.628738522529602,0.38133344054222107,0.6873800158500671,0.3952292203903198,0.6897051930427551,0.37256956100463867,0.618135392665863,0.3501403331756592,0.622083306312561,0.3526436984539032,0.6778022646903992,0.36146318912506104,0.6966476440429688,0.34142419695854187,0.6268607974052429,0.3365427851676941,0.578243613243103,0.33585891127586365,0.545856237411499,0.33766061067581177,0.5057276487350464,I
0.36940300464630127,0.7908499240875244,0.408458948135376,0.7863075733184814,0.4284141957759857,0.7393606901168823,0.3924669623374939,0.6992306709289551,0.35374149680137634,0.6882535815238953,0.4378705620765686,0.6355070471763611,0.41496866941452026,0.6306250095367432,0.41361477971076965,0.6811099052429199,0.42059850692749023,0.6963973641395569,0.4061322510242462,0.6173248887062073,0.3808424472808838,0.6306217312812805,0.38385993242263794,0.6885111331939697,0.39789217710494995,0.6888468265533447,0.3732967674732208,0.6213247179985046,0.35192999243736267,0.6243784427642822,0.3553888499736786,0.6783008575439453,0.36464422941207886,0.6945131421089172,0.3422827124595642,0.6303910613059998,0.3381496071815491,0.5810635685920715,0.33783432841300964,0.5484969019889832,0.3397843539714813,0.5076631307601929,I
0.36962300539016724,0.7866153717041016,0.4084146320819855,0.7817737460136414,0.4295535683631897,0.7382800579071045,0.393114298582077,0.6998372077941895,0.35556817054748535,0.6853233575820923,0.4381950795650482,0.6350918412208557,0.41579848527908325,0.630806565284729,0.41351431608200073,0.681536853313446,0.42026427388191223,0.697752058506012,0.40633800625801086,0.6166336536407471,0.380558043718338,0.6318950653076172,0.38331541419029236,0.6893696784973145,0.39722785353660583,0.6910163164138794,0.3739427626132965,0.6202179193496704,0.35246992111206055,0.6263285279273987,0.3551192283630371,0.6803390383720398,0.3641051650047302,0.6965914368629456,0.3431035578250885,0.6283000707626343,0.338206946849823,0.5801199078559875,0.3375663757324219,0.5472586154937744,0.33969151973724365,0.5063168406486511,I
0.3716568052768707,0.7879041433334351,0.41116589307785034,0.7834670543670654,0.433860182762146,0.7395241260528564,0.4001290202140808,0.6995949745178223,0.36306339502334595,0.6837962865829468,0.4423043429851532,0.6341842412948608,0.4219371974468231,0.6291356086730957,0.41899046301841736,0.6806802749633789,0.4241127669811249,0.6966778039932251,0.4087411165237427,0.6172379851341248,0.3861292898654938,0.6290304660797119,0.3877882659435272,0.6870419383049011,0.4003073275089264,0.6878106594085693,0.3753150701522827,0.6216615438461304,0.3569086492061615,0.6265709400177002,0.35937222838401794,0.6807979345321655,0.36745235323905945,0.697608470916748,0.3438260555267334,0.6299732327461243,0.34171271324157715,0.5823938846588135,0.3416482210159302,0.5499556064605713,0.34395721554756165,0.5090396404266357,I
0.37240031361579895,0.7898175716400146,0.4119376838207245,0.7800619602203369,0.4368072748184204,0.7351322770118713,0.4098270833492279,0.6919729709625244,0.37321552634239197,0.676347553730011,0.4419342577457428,0.6450909972190857,0.4346299171447754,0.6169630289077759,0.4284372627735138,0.6691702008247375,0.4296777844429016,0.6899354457855225,0.4089268147945404,0.6291731595993042,0.39811474084854126,0.6186266541481018,0.3956844210624695,0.679337203502655,0.40450549125671387,0.6837488412857056,0.37612584233283997,0.6308189630508423,0.3676741421222687,0.6250880360603333,0.3691740036010742,0.6843844652175903,0.3748484253883362,0.7077447772026062,0.34585919976234436,0.634772777557373,0.3472840487957001,0.582003653049469,0.3477427661418915,0.5484223961830139,0.35050201416015625,0.5094201564788818,I
0.37573951482772827,0.7918118834495544,0.4175487160682678,0.7782517671585083,0.4428693652153015,0.7321335673332214,0.4254511594772339,0.685259222984314,0.3920109272003174,0.6645930409431458,0.4429832100868225,0.6501244902610779,0.4472782015800476,0.6156723499298096,0.43707185983657837,0.6655999422073364,0.4351212680339813,0.6863299608230591,0.4127829670906067,0.6372998952865601,0.4152621328830719,0.6105319857597351,0.40697163343429565,0.6724338531494141,0.4096268117427826,0.6867504715919495,0.3818782866001129,0.636022686958313,0.3843595087528229,0.6164134740829468,0.38231366872787476,0.675446629524231,0.38255855441093445,0.7067967057228088,0.3522508144378662,0.6371800303459167,0.3565829396247864,0.5790554285049438,0.3586224913597107,0.5420275926589966,0.3625529408454895,0.5040956735610962,I
0.37776175141334534,0.794934093952179,0.4199035167694092,0.7799372673034668,0.4463987648487091,0.7299972772598267,0.43078818917274475,0.6815590858459473,0.39734959602355957,0.662667989730835,0.4448358416557312,0.6540737152099609,0.452338308095932,0.6139830946922302,0.4402531385421753,0.665310800075531,0.43651923537254333,0.6881091594696045,0.4151027798652649,0.6416510939598083,0.4182276725769043,0.6116959452629089,0.40996313095092773,0.672991931438446,0.4125872552394867,0.6882286667823792,0.3841745853424072,0.6396889090538025,0.3859858214855194,0.6146939396858215,0.3854463994503021,0.673947274684906,0.38685885071754456,0.7066290378570557,0.3545680642127991,0.6393042802810669,0.35908567905426025,0.5810072422027588,0.3612699508666992,0.543378472328186,0.3649952709674835,0.5048015117645264,I
0.3780359923839569,0.7958423495292664,0.4218199849128723,0.7807866334915161,0.45064306259155273,0.7294970154762268,0.4369204342365265,0.6794912815093994,0.4009459912776947,0.662623941898346,0.4460579752922058,0.6530255675315857,0.45625364780426025,0.6148912310600281,0.4445207715034485,0.6674221754074097,0.4405910074710846,0.688163161277771,0.4170268774032593,0.6419875025749207,0.4221055507659912,0.6126741170883179,0.4145488440990448,0.6731520295143127,0.41598471999168396,0.6896631121635437,0.386660099029541,0.6403415203094482,0.3906927704811096,0.614642322063446,0.3898630440235138,0.6746954321861267,0.3892652094364166,0.7083674073219299,0.35734251141548157,0.6397279500961304,0.3620358109474182,0.581900417804718,0.36471399664878845,0.5444225072860718,0.3681568503379822,0.5051805973052979,I
0.3779836893081665,0.7988993525505066,0.4216613173484802,0.7813091278076172,0.4496546983718872,0.7313210368156433,0.43771985173225403,0.6808438301086426,0.4017699956893921,0.66371750831604,0.44442304968833923,0.655842661857605,0.4567199647426605,0.6158865690231323,0.44416794180870056,0.6673325896263123,0.4384418725967407,0.6912498474121094,0.41580408811569214,0.6452101469039917,0.42164865136146545,0.6149523854255676,0.4136761426925659,0.6753234267234802,0.41357535123825073,0.6945752501487732,0.3854609429836273,0.6429045796394348,0.3892988860607147,0.6165936589241028,0.38910868763923645,0.6760843992233276,0.3885013163089752,0.7108374834060669,0.3556116223335266,0.6413434147834778,0.35863685607910156,0.5837568640708923,0.36202937364578247,0.546233057975769,0.3665103316307068,0.507035493850708,I
0.3776455521583557,0.8023406863212585,0.42195069789886475,0.7836700677871704,0.45031988620758057,0.7319411635398865,0.4367215037345886,0.6821372509002686,0.4007178843021393,0.6672382950782776,0.4437500238418579,0.6576592922210693,0.4544174075126648,0.6169488430023193,0.44293129444122314,0.6682366132736206,0.4381061792373657,0.692887544631958,0.4143698811531067,0.6478171944618225,0.4190559387207031,0.6160210371017456,0.41257035732269287,0.6748325228691101,0.41294267773628235,0.6953076124191284,0.38388726115226746,0.6459445357322693,0.38688844442367554,0.6181421875953674,0.38763225078582764,0.6771683692932129,0.387356162071228,0.7129058241844177,0.3540225923061371,0.6447842717170715,0.35653096437454224,0.5867140293121338,0.3596832752227783,0.5488567352294922,0.36375147104263306,0.5096232295036316,I
0.37880733609199524,0.7991844415664673,0.42161059379577637,0.7797245383262634,0.44821375608444214,0.7285683751106262,0.4359482228755951,0.6802114844322205,0.40122702717781067,0.6622927188873291,0.44208332896232605,0.65428626537323,0.45288240909576416,0.6151714324951172,0.4410499036312103,0.6667643785476685,0.43570181727409363,0.6906264424324036,0.41342273354530334,0.6443241834640503,0.41858890652656555,0.6135686635971069,0.41155868768692017,0.6734974384307861,0.4118154048919678,0.6933669447898865,0.3829915523529053,0.6429398655891418,0.38713058829307556,0.6156111359596252,0.3871150016784668,0.6750023365020752,0.3866787552833557,0.7096434831619263,0.3530556559562683,0.6424579620361328,0.3551211357116699,0.5852700471878052,0.3581044673919678,0.548039436340332,0.36244142055511475,0.5087931752204895,I
0.3796399235725403,0.7994815707206726,0.4232674837112427,0.7802441120147705,0.4502745270729065,0.7256502509117126,0.43713098764419556,0.6770876049995422,0.4010700583457947,0.6606828570365906,0.4421039819717407,0.6525177955627441,0.45467522740364075,0.6141132116317749,0.4436977505683899,0.6664659976959229,0.43853986263275146,0.6862074732780457,0.41426369547843933,0.6427929997444153,0.4207848906517029,0.6123830080032349,0.41428661346435547,0.6731338500976562,0.416016548871994,0.6884260177612305,0.3843013644218445,0.6425016522407532,0.3896768391132355,0.6146188974380493,0.3897247612476349,0.6746944785118103,0.389254629611969,0.7083159685134888,0.35471221804618835,0.6428650617599487,0.3582237958908081,0.5843310356140137,0.360491007566452,0.5465642213821411,0.36361658573150635,0.5073428750038147,I
0.38118866086006165,0.7969294190406799,0.4243675470352173,0.7775828838348389,0.45143774151802063,0.7250560522079468,0.43804988265037537,0.6766034960746765,0.402209609746933,0.6595474481582642,0.4431026875972748,0.6496444344520569,0.4555111527442932,0.6115121841430664,0.44321155548095703,0.6636911630630493,0.4367462694644928,0.6870302557945251,0.41466936469078064,0.6403261423110962,0.4210517108440399,0.6104044914245605,0.41371950507164,0.6715858578681946,0.4136136770248413,0.6911152005195618,0.38458389043807983,0.6403006315231323,0.38954269886016846,0.6133837699890137,0.3895827829837799,0.6735642552375793,0.3887096643447876,0.7083678841590881,0.3548119366168976,0.641152560710907,0.3575168251991272,0.5836517810821533,0.3604869544506073,0.5460020899772644,0.36439424753189087,0.5067048668861389,I
0.3811912536621094,0.7970266938209534,0.4245860278606415,0.7771418690681458,0.45160529017448425,0.7251290082931519,0.438661128282547,0.6762608885765076,0.40320447087287903,0.6589434742927551,0.44253963232040405,0.6504015922546387,0.45558029413223267,0.6105443239212036,0.44347116351127625,0.6620196104049683,0.43723541498184204,0.6854220032691956,0.41401007771492004,0.6412197947502136,0.42089906334877014,0.610047459602356,0.4139154255390167,0.6705719828605652,0.4139368534088135,0.6901729106903076,0.38393890857696533,0.6409946084022522,0.3892473578453064,0.6133588552474976,0.3894027769565582,0.6733762621879578,0.38849076628685,0.7085446119308472,0.3540874421596527,0.6416831612586975,0.3562973737716675,0.5832745432853699,0.3593989908695221,0.5455880761146545,0.3634534776210785,0.5065341591835022,I
0.37975674867630005,0.8000876903533936,0.42453068494796753,0.7805294990539551,0.4527743458747864,0.7267590761184692,0.43912196159362793,0.6772509217262268,0.4019539952278137,0.6644381284713745,0.4429096281528473,0.6513509750366211,0.4537208378314972,0.6129662990570068,0.4434283971786499,0.6652271151542664,0.43901777267456055,0.6871929168701172,0.4138319492340088,0.6431173086166382,0.4192615747451782,0.6115785241127014,0.41419652104377747,0.6719857454299927,0.4142873287200928,0.6933419704437256,0.3836510181427002,0.6430866718292236,0.3884035646915436,0.6154876351356506,0.39039677381515503,0.674802839756012,0.3897247612476349,0.7105711102485657,0.3539179563522339,0.6440482139587402,0.355337917804718,0.585619330406189,0.35811230540275574,0.5476168394088745,0.3613714873790741,0.5081286430358887,I
0.37860873341560364,0.805273175239563,0.42222923040390015,0.7855339050292969,0.4497706890106201,0.7329152226448059,0.43546736240386963,0.6832705736160278,0.399398535490036,0.6678323745727539,0.4408366084098816,0.6583357453346252,0.45110106468200684,0.6170368790626526,0.4402477741241455,0.6690875887870789,0.4358728528022766,0.6923194527626038,0.4116283059120178,0.6495986580848694,0.41591134667396545,0.6173443794250488,0.4105694890022278,0.6769286394119263,0.412023663520813,0.6955618262290955,0.3813822865486145,0.6488077640533447,0.3840492367744446,0.6206820011138916,0.3862887918949127,0.6808577179908752,0.3873898983001709,0.7162169814109802,0.35151001811027527,0.6484468579292297,0.35267168283462524,0.5906191468238831,0.35458314418792725,0.5531966090202332,0.35773172974586487,0.5134803652763367,I
0.37701135873794556,0.8070693016052246,0.4219777584075928,0.7878398299217224,0.4504011273384094,0.734110414981842,0.4366985261440277,0.6856664419174194,0.4003879129886627,0.6727129817008972,0.43872159719467163,0.6573858857154846,0.44942066073417664,0.6195212602615356,0.4395812749862671,0.6721662282943726,0.43524664640426636,0.6945104002952576,0.4096318781375885,0.6499497890472412,0.4149217903614044,0.6205728650093079,0.41021066904067993,0.6809876561164856,0.41063544154167175,0.7002057433128357,0.37945282459259033,0.650521993637085,0.38294079899787903,0.6229894757270813,0.38598981499671936,0.6833922266960144,0.3865838646888733,0.7187579870223999,0.3497656583786011,0.651770293712616,0.35064712166786194,0.5934099555015564,0.35297489166259766,0.5556007027626038,0.355834037065506,0.5152252912521362,I
0.37818488478660583,0.8064154982566833,0.42200377583503723,0.7864816188812256,0.4500252306461334,0.7343083024024963,0.43628621101379395,0.6859897375106812,0.40016353130340576,0.6693080067634583,0.4375312328338623,0.656331479549408,0.4507872760295868,0.6202706098556519,0.4406616985797882,0.6730006337165833,0.43513256311416626,0.695261538028717,0.40884310007095337,0.648898184299469,0.41598522663116455,0.6218528747558594,0.41150644421577454,0.6822648048400879,0.4114987552165985,0.7012342810630798,0.37907883524894714,0.6499640941619873,0.38486847281455994,0.6250981688499451,0.3872944414615631,0.6862925291061401,0.3864244520664215,0.7213214039802551,0.34934261441230774,0.6519238948822021,0.34989455342292786,0.5935194492340088,0.3527381718158722,0.5560071468353271,0.35608798265457153,0.5162272453308105,I
0.378824383020401,0.8064411282539368,0.42187562584877014,0.7846598625183105,0.44884517788887024,0.7337632775306702,0.4351232349872589,0.6862229108810425,0.3993315100669861,0.669382631778717,0.43673980236053467,0.6559246778488159,0.4507346451282501,0.6194367408752441,0.44034135341644287,0.6725897789001465,0.4347354769706726,0.694257378578186,0.4084957540035248,0.6485345363616943,0.41689354181289673,0.6210248470306396,0.4116237461566925,0.6822908520698547,0.4115675985813141,0.6999390125274658,0.3787866532802582,0.6499733924865723,0.38550692796707153,0.6248867511749268,0.38718023896217346,0.6861426830291748,0.3861800730228424,0.7200471758842468,0.34912601113319397,0.6523765325546265,0.34941232204437256,0.593701958656311,0.3518553376197815,0.5562614798545837,0.3549746870994568,0.5163905024528503,I
0.3785681426525116,0.8093243837356567,0.4216500520706177,0.7881832122802734,0.4485301971435547,0.7349340915679932,0.4356839954853058,0.6871898174285889,0.4004857838153839,0.6706970930099487,0.4368259012699127,0.6562483906745911,0.44977548718452454,0.619807243347168,0.4401180148124695,0.673322319984436,0.4356752038002014,0.6947361826896667,0.40816158056259155,0.6489542722702026,0.4160827696323395,0.6212018132209778,0.4113251566886902,0.6829710006713867,0.41214102506637573,0.7011590003967285,0.3781176507472992,0.6506714224815369,0.38464635610580444,0.6252684593200684,0.38753801584243774,0.6860005855560303,0.3881109058856964,0.7202375531196594,0.3482837975025177,0.6538894176483154,0.3491911292076111,0.5945925116539001,0.3512028455734253,0.556655764579773,0.3542521595954895,0.5167264938354492,I
0.38071751594543457,0.811630368232727,0.4243046045303345,0.7888120412826538,0.4509624242782593,0.7350629568099976,0.43826931715011597,0.6875919699668884,0.4025534987449646,0.670609712600708,0.43861204385757446,0.6573317050933838,0.4530656337738037,0.6204161643981934,0.44211530685424805,0.6735347509384155,0.4363939166069031,0.6959937810897827,0.4099522531032562,0.6493566632270813,0.4188341498374939,0.6208053827285767,0.4129364490509033,0.6826850771903992,0.41292479634284973,0.7023257613182068,0.37975016236305237,0.6508671045303345,0.3877478837966919,0.6241002082824707,0.38984328508377075,0.6859561204910278,0.38966676592826843,0.7215045690536499,0.34995365142822266,0.6541772484779358,0.35140421986579895,0.595127284526825,0.35354745388031006,0.5568692088127136,0.3565885126590729,0.516721248626709,I
0.38251975178718567,0.8099209070205688,0.4261815547943115,0.7878633141517639,0.4533308446407318,0.7339532971382141,0.43992897868156433,0.6860608458518982,0.40333500504493713,0.6695213317871094,0.4401546120643616,0.6545523405075073,0.4550097584724426,0.6189090609550476,0.44464436173439026,0.6734142303466797,0.4388080835342407,0.6946924328804016,0.4118959307670593,0.6470350027084351,0.4208548963069916,0.6199269890785217,0.41569292545318604,0.6826677918434143,0.4164285957813263,0.6998719573020935,0.3818545937538147,0.6495442390441895,0.389398992061615,0.6242919564247131,0.39171576499938965,0.6869422197341919,0.3916917145252228,0.7217103242874146,0.3520098030567169,0.6535080075263977,0.3535225987434387,0.594552755355835,0.35547447204589844,0.5567604303359985,0.3582107722759247,0.5165936946868896,I
0.3847140967845917,0.8114798069000244,0.42897725105285645,0.7890756130218506,0.45641928911209106,0.734008252620697,0.44337213039398193,0.685194730758667,0.4062913656234741,0.6684572696685791,0.44324547052383423,0.6555886268615723,0.458538293838501,0.6190668344497681,0.44687676429748535,0.6722464561462402,0.43985167145729065,0.6950211524963379,0.41441118717193604,0.6472762823104858,0.4236551821231842,0.6189450621604919,0.4179607331752777,0.6815853118896484,0.41764330863952637,0.7012507319450378,0.3842187821865082,0.6490230560302734,0.39277464151382446,0.6227697134017944,0.3951560854911804,0.6852783560752869,0.39443373680114746,0.7214610576629639,0.3544366955757141,0.6525471806526184,0.3560786247253418,0.5934678912162781,0.3585534393787384,0.5555094480514526,0.36158761382102966,0.5153011083602905,I
0.38719040155410767,0.8109009265899658,0.43107450008392334,0.7876514196395874,0.4583600163459778,0.7345210313796997,0.44625550508499146,0.6855351328849792,0.41007155179977417,0.6666256189346313,0.44612187147140503,0.6546511054039001,0.4623047709465027,0.618670642375946,0.45087698101997375,0.6726755499839783,0.4441033601760864,0.6954204440116882,0.4171363413333893,0.6461045145988464,0.42760056257247925,0.6195458769798279,0.42168915271759033,0.68187415599823,0.4215744137763977,0.7002978920936584,0.38685476779937744,0.6477223634719849,0.3968251049518585,0.6227105259895325,0.3992317318916321,0.6853086948394775,0.39870619773864746,0.7207061052322388,0.356904536485672,0.6516661643981934,0.35892531275749207,0.5924501419067383,0.36090680956840515,0.554452657699585,0.3634968400001526,0.5144140720367432,I
0.3861129879951477,0.8071048259735107,0.42959487438201904,0.7836430072784424,0.4579128324985504,0.7291030287742615,0.44610825181007385,0.6809148788452148,0.4096461236476898,0.6648905873298645,0.44401028752326965,0.6513713598251343,0.4615093767642975,0.614367663860321,0.4496612250804901,0.6688186526298523,0.44203269481658936,0.6907079815864563,0.41677621006965637,0.6433354020118713,0.4279605448246002,0.6158231496810913,0.42125245928764343,0.6779832243919373,0.4201602339744568,0.6972712278366089,0.3873652219772339,0.6444860696792603,0.3974037170410156,0.6179107427597046,0.3992006480693817,0.6799380779266357,0.3980970084667206,0.7158539891242981,0.357626348733902,0.6471828818321228,0.3587310314178467,0.5885029435157776,0.36092904210090637,0.5505561232566833,0.36411285400390625,0.5107353329658508,I
0.38401326537132263,0.8020803332328796,0.42767006158828735,0.778802752494812,0.4558224380016327,0.7241464257240295,0.44545772671699524,0.6759876012802124,0.40997445583343506,0.6588801741600037,0.4434491693973541,0.6484740376472473,0.460714727640152,0.610889732837677,0.4489139914512634,0.6642805337905884,0.4405333399772644,0.6868561506271362,0.4164137542247772,0.6398723125457764,0.42738214135169983,0.610142171382904,0.42056164145469666,0.6726661324501038,0.41885554790496826,0.6938111782073975,0.38687318563461304,0.6401076316833496,0.3965841233730316,0.6116546392440796,0.398153156042099,0.6725844144821167,0.3968120515346527,0.708345353603363,0.3568761646747589,0.6416818499565125,0.35793745517730713,0.5822278261184692,0.36044034361839294,0.5443993806838989,0.3641294836997986,0.5050010085105896,I
0.3836314380168915,0.8034625053405762,0.42736297845840454,0.779362142086029,0.4550480544567108,0.7262318730354309,0.4462721049785614,0.6760746240615845,0.41093331575393677,0.6569528579711914,0.44419217109680176,0.647851824760437,0.4611891508102417,0.6114310026168823,0.44979342818260193,0.6640194654464722,0.4426230192184448,0.6859942078590393,0.41589078307151794,0.639350950717926,0.42676520347595215,0.6096712946891785,0.42063137888908386,0.6719942688941956,0.41917684674263,0.6939014792442322,0.38568177819252014,0.6400911808013916,0.3960418999195099,0.6123633980751038,0.3986988067626953,0.6738420724868774,0.39781028032302856,0.7102036476135254,0.35566943883895874,0.6432256698608398,0.3573370575904846,0.5840901136398315,0.3605840504169464,0.5459128022193909,0.3645021915435791,0.505961000919342,I
0.38373100757598877,0.8071062564849854,0.42899733781814575,0.7833802700042725,0.4565831124782562,0.7284711599349976,0.4465174376964569,0.6794382333755493,0.4111277163028717,0.6615076065063477,0.4446483254432678,0.6504002809524536,0.4622633755207062,0.6143046617507935,0.4515184164047241,0.6675692200660706,0.4450779855251312,0.6883622407913208,0.41604891419410706,0.6418089866638184,0.42836517095565796,0.6140735149383545,0.42275139689445496,0.6758905649185181,0.4214850068092346,0.6948819756507874,0.3857857584953308,0.6428258419036865,0.39702051877975464,0.6161240339279175,0.40049874782562256,0.6782909631729126,0.3997860848903656,0.7138367891311646,0.3561211824417114,0.6464925408363342,0.35737088322639465,0.5874243974685669,0.3600687086582184,0.5495660305023193,0.3633076250553131,0.5084781646728516,I
0.38466519117355347,0.8115503191947937,0.42986157536506653,0.7902156710624695,0.45911893248558044,0.7358498573303223,0.4490319490432739,0.686644434928894,0.4138154685497284,0.6682624816894531,0.4479682445526123,0.6529932022094727,0.46491768956184387,0.6185929775238037,0.45431455969810486,0.6729306578636169,0.44875574111938477,0.6935732364654541,0.4185602366924286,0.6441778540611267,0.4310072958469391,0.6199671626091003,0.4257078468799591,0.6811293363571167,0.42583802342414856,0.6972886323928833,0.38797369599342346,0.6460127830505371,0.39968010783195496,0.6222233772277832,0.4032038152217865,0.6853635907173157,0.40316063165664673,0.7199101448059082,0.35845181345939636,0.6503971815109253,0.3610059320926666,0.5916179418563843,0.3633068799972534,0.5539637804031372,0.36633744835853577,0.5128515362739563,I
0.38540148735046387,0.8103885650634766,0.4297875463962555,0.786196231842041,0.458524227142334,0.7335432171821594,0.4496012032032013,0.6856755018234253,0.4151803255081177,0.6670752167701721,0.4461088180541992,0.6536221504211426,0.4647800028324127,0.6191995739936829,0.45384055376052856,0.6728600859642029,0.44656068086624146,0.6930509805679321,0.4181632697582245,0.6457714438438416,0.4313342869281769,0.6196572184562683,0.42528727650642395,0.6817365288734436,0.4234408140182495,0.700944185256958,0.38821449875831604,0.6468070149421692,0.40047627687454224,0.6202905774116516,0.4035892188549042,0.6829575300216675,0.40262797474861145,0.7179816961288452,0.3583934009075165,0.6500077247619629,0.3595951795578003,0.590526282787323,0.36261528730392456,0.5525332689285278,0.3664962649345398,0.5116375684738159,I
0.3851760923862457,0.8077781796455383,0.4285423159599304,0.7837029695510864,0.4573558270931244,0.7321156859397888,0.4479232132434845,0.684047281742096,0.4133218228816986,0.6647177934646606,0.4447641372680664,0.6525889039039612,0.4634578824043274,0.6170949935913086,0.4518004059791565,0.6702316999435425,0.4438333511352539,0.6928637623786926,0.4168766736984253,0.644157350063324,0.4298827648162842,0.6169495582580566,0.42332473397254944,0.6792908906936646,0.4208690822124481,0.7019822001457214,0.3872007131576538,0.6445682644844055,0.3988168239593506,0.6180471777915955,0.4012469947338104,0.6801076531410217,0.40014854073524475,0.7164385318756104,0.3573252856731415,0.6473234295845032,0.3584439158439636,0.5886762142181396,0.36159205436706543,0.5508083701133728,0.3657819628715515,0.5108203291893005,I
0.3836539387702942,0.808969259262085,0.4271741211414337,0.785517692565918,0.4559006690979004,0.7326427698135376,0.4469720721244812,0.6837334036827087,0.41266152262687683,0.6635056138038635,0.44595441222190857,0.6522701382637024,0.4628830552101135,0.6179311275482178,0.4514143168926239,0.6709380745887756,0.4447736442089081,0.6925243139266968,0.4171651005744934,0.6439163088798523,0.42920637130737305,0.6178035140037537,0.4225132465362549,0.6800841093063354,0.4211747944355011,0.7000606060028076,0.38681095838546753,0.6451207399368286,0.39804795384407043,0.6192021369934082,0.40096545219421387,0.6813498139381409,0.40081989765167236,0.7168650031089783,0.3568294942378998,0.6488858461380005,0.35875174403190613,0.5893778204917908,0.36163729429244995,0.5514575242996216,0.3657257556915283,0.5109880566596985,I
0.38305848836898804,0.8101738691329956,0.4269441068172455,0.7858744263648987,0.45607659220695496,0.7334348559379578,0.4464874863624573,0.6856062412261963,0.41160404682159424,0.6658317446708679,0.44415420293807983,0.6519700288772583,0.46209535002708435,0.6185755133628845,0.45108842849731445,0.6721803545951843,0.44486844539642334,0.6922212839126587,0.4156530797481537,0.644370973110199,0.42893147468566895,0.6191088557243347,0.42277291417121887,0.6815229654312134,0.4215596318244934,0.7002131342887878,0.38557153940200806,0.6461126804351807,0.39765676856040955,0.6203702688217163,0.4013940393924713,0.6833541393280029,0.40137773752212524,0.7187591195106506,0.3560231626033783,0.6504959464073181,0.3571424186229706,0.5913609862327576,0.35949844121932983,0.5534663200378418,0.36284178495407104,0.5122383236885071,I
0.38141193985939026,0.8076760172843933,0.42586806416511536,0.7848234176635742,0.45523008704185486,0.7332298755645752,0.44563621282577515,0.6843542456626892,0.4101667106151581,0.6648690104484558,0.44320249557495117,0.6505179405212402,0.46211111545562744,0.6181520819664001,0.4506591260433197,0.6724419593811035,0.44391658902168274,0.6911013126373291,0.4150507152080536,0.6426500082015991,0.4287151098251343,0.6193732023239136,0.4219825863838196,0.6817702054977417,0.42070454359054565,0.6986356973648071,0.3851024806499481,0.6444849967956543,0.39711907505989075,0.6204819679260254,0.3999282717704773,0.6830335855484009,0.3993368148803711,0.7178135514259338,0.35535234212875366,0.648349940776825,0.3569367825984955,0.5899760723114014,0.35948091745376587,0.5519455671310425,0.3629531264305115,0.5110331773757935,I
0.38076692819595337,0.8061015605926514,0.4243883490562439,0.7833296060562134,0.45346516370773315,0.7310574054718018,0.4447610080242157,0.6822601556777954,0.409659743309021,0.6634061932563782,0.4423838257789612,0.6516538262367249,0.4598199725151062,0.6156066656112671,0.44802457094192505,0.6685110330581665,0.4409625828266144,0.6892746686935425,0.4148467779159546,0.6431421637535095,0.4264392852783203,0.6149324178695679,0.4195750057697296,0.6769527792930603,0.41847142577171326,0.6972863078117371,0.38498783111572266,0.6435990929603577,0.3961541950702667,0.6169606447219849,0.3980267643928528,0.678530216217041,0.3970954716205597,0.7145187258720398,0.35511451959609985,0.6460480093955994,0.3559496998786926,0.5872620344161987,0.3586917519569397,0.5491862297058105,0.36294063925743103,0.5090233683586121,I
0.3815019726753235,0.804835855960846,0.4265199303627014,0.7817294001579285,0.4558822512626648,0.7268038392066956,0.4449786841869354,0.6784896850585938,0.40932828187942505,0.6606318950653076,0.44273242354393005,0.648530125617981,0.46084296703338623,0.6133087873458862,0.44970881938934326,0.6671737432479858,0.44236111640930176,0.6876534223556519,0.4146033525466919,0.6402575969696045,0.42711132764816284,0.613148033618927,0.4213179051876068,0.67509526014328,0.42008280754089355,0.6937825679779053,0.3845767676830292,0.6412171721458435,0.3960578143596649,0.6141103506088257,0.39874067902565,0.6769840121269226,0.3976183533668518,0.7125852704048157,0.35489338636398315,0.6442481875419617,0.35681238770484924,0.585395336151123,0.36006486415863037,0.5473906397819519,0.363921582698822,0.5065383911132812,I
0.38194772601127625,0.8048619031906128,0.42566296458244324,0.7813290953636169,0.4541696608066559,0.7295554876327515,0.44536325335502625,0.6809554100036621,0.4107235372066498,0.6608904004096985,0.44390568137168884,0.6478219628334045,0.46150141954421997,0.6134949922561646,0.45005571842193604,0.6674304604530334,0.44316011667251587,0.6879487633705139,0.41547971963882446,0.6389729976654053,0.4275865852832794,0.6133622527122498,0.4210156202316284,0.6764827370643616,0.41985443234443665,0.6948337554931641,0.38524723052978516,0.6402168869972229,0.39648574590682983,0.6150265336036682,0.39881038665771484,0.677903950214386,0.3978586494922638,0.7126840949058533,0.35541653633117676,0.6440016627311707,0.3571944832801819,0.5853051543235779,0.35980769991874695,0.5479105710983276,0.3631994426250458,0.5071902275085449,I
0.3816947937011719,0.8036849498748779,0.42546147108078003,0.7806608080863953,0.4538586735725403,0.7274450659751892,0.44530388712882996,0.6783466339111328,0.4108469784259796,0.6582186818122864,0.4441542327404022,0.647599995136261,0.4611067473888397,0.6112762093544006,0.4495944380760193,0.66457599401474,0.4424099326133728,0.6860702037811279,0.4159846007823944,0.6389741897583008,0.42702803015708923,0.6120437383651733,0.4205329418182373,0.6749429702758789,0.41973432898521423,0.6936709880828857,0.3856777548789978,0.640083372592926,0.39626073837280273,0.6127372980117798,0.39862725138664246,0.6755075454711914,0.39809733629226685,0.7114343047142029,0.35580265522003174,0.6437464952468872,0.3573848605155945,0.5842903256416321,0.35983824729919434,0.5460763573646545,0.3633909523487091,0.5052404999732971,I
0.3821783661842346,0.8028358221054077,0.4256606698036194,0.7792940139770508,0.45499902963638306,0.7248705625534058,0.4462907612323761,0.6748125553131104,0.41095587611198425,0.6551515460014343,0.44389697909355164,0.645453929901123,0.4611457884311676,0.6099888682365417,0.45002254843711853,0.6630498766899109,0.44335147738456726,0.6839615702629089,0.4152938723564148,0.6371682286262512,0.42731595039367676,0.6087467074394226,0.42167630791664124,0.6706985235214233,0.42054465413093567,0.6911229491233826,0.3850889801979065,0.6379562020301819,0.39683324098587036,0.610109806060791,0.39998170733451843,0.6727160215377808,0.39932191371917725,0.7085292339324951,0.35526978969573975,0.6413282752037048,0.35649573802948,0.5829049348831177,0.35881170630455017,0.5451913475990295,0.36209622025489807,0.5037558078765869,I
0.38584986329078674,0.8049663305282593,0.42959892749786377,0.7771710753440857,0.4586145281791687,0.7169725298881531,0.4547796845436096,0.6659774780273438,0.42075878381729126,0.651673436164856,0.44343051314353943,0.6425883173942566,0.4611934423446655,0.6057698130607605,0.45355749130249023,0.6578547954559326,0.4480891525745392,0.6771420240402222,0.4157288372516632,0.635525643825531,0.42870044708251953,0.6057336926460266,0.4255509376525879,0.6661868095397949,0.4249822795391083,0.6833999752998352,0.38554298877716064,0.6375842094421387,0.39857572317123413,0.6092009544372559,0.40363284945487976,0.6716675758361816,0.40349069237709045,0.7066658139228821,0.35590025782585144,0.6425150632858276,0.3543112874031067,0.5827505588531494,0.3563256859779358,0.5450378060340881,0.35981887578964233,0.5040732026100159,I
0.3867560625076294,0.8052080869674683,0.4294998347759247,0.7767554521560669,0.45982182025909424,0.7173325419425964,0.46203526854515076,0.665841281414032,0.42733606696128845,0.6516833305358887,0.44052132964134216,0.6361863017082214,0.46336138248443604,0.6025528907775879,0.4557350277900696,0.6561023592948914,0.4479861259460449,0.6741220355033875,0.41328537464141846,0.6313179731369019,0.43193885684013367,0.6036759614944458,0.43078503012657166,0.662916362285614,0.4290239214897156,0.6776131987571716,0.3839157521724701,0.6357459425926208,0.40371426939964294,0.6088092923164368,0.4112764298915863,0.6724605560302734,0.40968894958496094,0.7060765624046326,0.3558002710342407,0.6438277959823608,0.3538426160812378,0.5840530395507812,0.35493335127830505,0.5458132028579712,0.35644587874412537,0.5030337572097778,I
0.387822687625885,0.8051983714103699,0.4314819276332855,0.777226984500885,0.4654296040534973,0.7181135416030884,0.47262853384017944,0.6658297777175903,0.43892568349838257,0.6549534797668457,0.44569239020347595,0.6345901489257812,0.469948947429657,0.603453516960144,0.4623720645904541,0.65695720911026,0.45490095019340515,0.6775891184806824,0.41830337047576904,0.6305736899375916,0.4398981034755707,0.6039131879806519,0.43831878900527954,0.6656621694564819,0.4348142147064209,0.6873571276664734,0.38939186930656433,0.6351283192634583,0.41161030530929565,0.6073311567306519,0.42060261964797974,0.6670450568199158,0.4200664758682251,0.7004604935646057,0.3617820143699646,0.6436607241630554,0.36140817403793335,0.5838339328765869,0.36458444595336914,0.5459334850311279,0.3688167333602905,0.5044423937797546,I
0.3886381983757019,0.8027206063270569,0.43304532766342163,0.7727028131484985,0.4689437747001648,0.7185268998146057,0.4809269607067108,0.6695902347564697,0.4514738917350769,0.6545373201370239,0.44565242528915405,0.6315335035324097,0.4722168445587158,0.60069739818573,0.46680599451065063,0.6550397276878357,0.459836483001709,0.6805144548416138,0.4194387197494507,0.6292951107025146,0.4449344277381897,0.6039193868637085,0.4442526698112488,0.6663485169410706,0.43878671526908875,0.6954707503318787,0.39179274439811707,0.6337875723838806,0.417060911655426,0.6080467700958252,0.42800024151802063,0.6658863425254822,0.42844271659851074,0.7006576657295227,0.365705668926239,0.6428195834159851,0.36728519201278687,0.5816822052001953,0.3714354336261749,0.5432659387588501,0.3760245442390442,0.5040982365608215,I
0.38726896047592163,0.802428126335144,0.4328034520149231,0.7755202651023865,0.4695560932159424,0.7178317308425903,0.4806385636329651,0.6649299263954163,0.44794246554374695,0.6502031683921814,0.4503353238105774,0.6345281600952148,0.47504016757011414,0.6025072932243347,0.4687372148036957,0.6559842824935913,0.4607369899749756,0.679042637348175,0.4238756597042084,0.6301882863044739,0.44601908326148987,0.602798342704773,0.44568467140197754,0.661623477935791,0.44140568375587463,0.6865620017051697,0.3958388864994049,0.6329424977302551,0.41829928755760193,0.6078219413757324,0.42781779170036316,0.6664226055145264,0.42711108922958374,0.7004683613777161,0.36859795451164246,0.6398018002510071,0.3694620728492737,0.5793473124504089,0.37273722887039185,0.5412514209747314,0.3764151334762573,0.5011250376701355,I
0.3889518082141876,0.8003304600715637,0.4349546730518341,0.7751469612121582,0.47116097807884216,0.7162566781044006,0.4819580316543579,0.6627183556556702,0.4480878710746765,0.6505385041236877,0.4507693648338318,0.6336097121238708,0.47483521699905396,0.6019106507301331,0.4686596989631653,0.6548251509666443,0.4614095091819763,0.6775774955749512,0.4248630702495575,0.6302513480186462,0.44556906819343567,0.6027607321739197,0.4447482228279114,0.6609075665473938,0.4411458969116211,0.6858106255531311,0.3965124189853668,0.6332086324691772,0.41842445731163025,0.6080694198608398,0.42803770303726196,0.666839599609375,0.42837652564048767,0.7017183303833008,0.3690215051174164,0.6394187211990356,0.37044838070869446,0.578154444694519,0.3733752369880676,0.5387922525405884,0.377296507358551,0.49835899472236633,I
0.38755881786346436,0.8076907396316528,0.4329920709133148,0.7856585383415222,0.46661341190338135,0.7301615476608276,0.4682971239089966,0.6786964535713196,0.43331941962242126,0.6620776653289795,0.4570869505405426,0.6495715975761414,0.47729194164276123,0.6147729754447937,0.46604248881340027,0.6675810813903809,0.4598079025745392,0.6870770454406738,0.4291277527809143,0.6416833400726318,0.4459333121776581,0.6150399446487427,0.4401646554470062,0.6721662878990173,0.4376288652420044,0.6881709694862366,0.3995751738548279,0.6414352655410767,0.41552603244781494,0.6144741773605347,0.41763269901275635,0.6789983510971069,0.4147756099700928,0.7145316004753113,0.3709636926651001,0.6435442566871643,0.37479501962661743,0.5841619372367859,0.3802759051322937,0.5469262599945068,0.38621532917022705,0.5069549083709717,I
0.38677653670310974,0.8094773292541504,0.43200740218162537,0.7875521779060364,0.46468672156333923,0.7340490221977234,0.46098828315734863,0.6826794147491455,0.42580121755599976,0.6637763977050781,0.4575691223144531,0.6556147336959839,0.4781416654586792,0.6198710799217224,0.4648580551147461,0.6727784276008606,0.45675382018089294,0.6928414106369019,0.4302932620048523,0.645991861820221,0.44617030024528503,0.6182317733764648,0.4379313588142395,0.678730845451355,0.4336732029914856,0.697356641292572,0.40110740065574646,0.6444746255874634,0.41546186804771423,0.6159251928329468,0.41592568159103394,0.6792557239532471,0.4118478000164032,0.7133617401123047,0.37225958704948425,0.6455240845680237,0.37481287121772766,0.5866751074790955,0.3791395425796509,0.550033450126648,0.38383615016937256,0.5092495083808899,I
0.3881362974643707,0.8115527033805847,0.4322882294654846,0.7879237532615662,0.4627709686756134,0.7344855666160583,0.4568866491317749,0.6841407418251038,0.422078013420105,0.6644465327262878,0.45663607120513916,0.6606931090354919,0.4741586744785309,0.6216850280761719,0.46169716119766235,0.6732748746871948,0.45447757840156555,0.6936177015304565,0.42910346388816833,0.6508916020393372,0.4421675205230713,0.6174958944320679,0.43404048681259155,0.6781126856803894,0.429243266582489,0.6993564367294312,0.400042861700058,0.6487489938735962,0.4112652540206909,0.6147574186325073,0.4117622971534729,0.6760240793228149,0.40860888361930847,0.7098669409751892,0.3711110055446625,0.6489995121955872,0.37484896183013916,0.5932631492614746,0.3803994059562683,0.5589151382446289,0.38598620891571045,0.5195212364196777,I
0.38595664501190186,0.8134686946868896,0.4298318326473236,0.7917922139167786,0.46090203523635864,0.7331353425979614,0.4524073004722595,0.6817969679832458,0.4172995686531067,0.6638385653495789,0.45432132482528687,0.6631252765655518,0.46969786286354065,0.6207214593887329,0.4562700390815735,0.6726510524749756,0.44947099685668945,0.6937560439109802,0.42655202746391296,0.6528472304344177,0.4376203715801239,0.6162489652633667,0.4281187355518341,0.6751649379730225,0.42402181029319763,0.696625828742981,0.3972325921058655,0.650177001953125,0.4053603708744049,0.6111133694648743,0.40455350279808044,0.6714562773704529,0.4020722806453705,0.7068647742271423,0.36772599816322327,0.649239182472229,0.37185990810394287,0.5942018628120422,0.3776169419288635,0.5595623850822449,0.38414472341537476,0.520819902420044,I
0.38557663559913635,0.8109531402587891,0.42804229259490967,0.7876119017601013,0.4581933915615082,0.7307131290435791,0.45119139552116394,0.6808928847312927,0.41731950640678406,0.6604333519935608,0.45073550939559937,0.6602351665496826,0.4661581516265869,0.6163390278816223,0.45364639163017273,0.6673109531402588,0.4469658136367798,0.6885820031166077,0.4236764907836914,0.6503557562828064,0.43440449237823486,0.6151720881462097,0.4259241819381714,0.6731514930725098,0.423724889755249,0.6912464499473572,0.3947668969631195,0.6480343341827393,0.40330758690834045,0.608969509601593,0.40278157591819763,0.6693758964538574,0.4012855887413025,0.7042902708053589,0.36536505818367004,0.6475105285644531,0.3694114685058594,0.590592622756958,0.3747531473636627,0.5552231669425964,0.3815937042236328,0.5167331099510193,I
0.3844909965991974,0.8078290224075317,0.4284852147102356,0.7844377756118774,0.45846062898635864,0.7254564762115479,0.44934767484664917,0.6756477952003479,0.41475149989128113,0.6590709090232849,0.44978538155555725,0.6556836366653442,0.4656030833721161,0.6136869788169861,0.452808141708374,0.6654233336448669,0.445365309715271,0.6868431568145752,0.42267146706581116,0.6455265283584595,0.43366748094558716,0.6106391549110413,0.4246206283569336,0.6704578399658203,0.4212702512741089,0.6905357837677002,0.3939703106880188,0.6435801386833191,0.40309256315231323,0.6066462993621826,0.4023437798023224,0.6666128635406494,0.4001382291316986,0.7008920907974243,0.3648034632205963,0.6433245539665222,0.3691293001174927,0.5863186120986938,0.37441110610961914,0.5510724782943726,0.3808494806289673,0.5128030180931091,I
0.3828417658805847,0.8078652620315552,0.42626938223838806,0.7861706614494324,0.456821084022522,0.726224958896637,0.44849929213523865,0.6748992800712585,0.4130322337150574,0.6580535769462585,0.4495546817779541,0.655249297618866,0.46524983644485474,0.613318681716919,0.4523824155330658,0.666532039642334,0.4451830983161926,0.686576783657074,0.4219539761543274,0.6446839570999146,0.43296560645103455,0.6098214983940125,0.4239922761917114,0.6695026159286499,0.4208783209323883,0.6872034072875977,0.3928474187850952,0.6428935527801514,0.4019116163253784,0.6067403554916382,0.40123942494392395,0.6676242351531982,0.39886361360549927,0.7010025978088379,0.3637531101703644,0.6428062915802002,0.3693968653678894,0.5870322585105896,0.3743859529495239,0.5521785616874695,0.3798099756240845,0.5129459500312805,I
0.38228651881217957,0.80617356300354,0.4258583188056946,0.7834316492080688,0.45579132437705994,0.7259843945503235,0.44838836789131165,0.6749267578125,0.41394534707069397,0.6552013754844666,0.4473170042037964,0.6553047299385071,0.462736576795578,0.6127669811248779,0.45019614696502686,0.6648241281509399,0.44343069195747375,0.6865268349647522,0.4203152060508728,0.6450307965278625,0.43089768290519714,0.6096166968345642,0.4223545491695404,0.6681122183799744,0.41949304938316345,0.6876868009567261,0.39150846004486084,0.6427596807479858,0.40008023381233215,0.6055567860603333,0.39984482526779175,0.6658546924591064,0.3980763852596283,0.7006744742393494,0.3623448610305786,0.6422518491744995,0.36708757281303406,0.5860089063644409,0.3722997009754181,0.550668478012085,0.37843331694602966,0.5119168758392334,I
0.3815404176712036,0.8063957691192627,0.42555826902389526,0.7828614711761475,0.4555100202560425,0.7258758544921875,0.4471166133880615,0.6751063466072083,0.41261976957321167,0.655651330947876,0.446611613035202,0.6528496146202087,0.46239715814590454,0.6121344566345215,0.45034053921699524,0.6656846404075623,0.44349199533462524,0.6861668825149536,0.41933202743530273,0.6427196860313416,0.43011710047721863,0.6091935634613037,0.42194169759750366,0.6701819896697998,0.4195796847343445,0.6880295872688293,0.3901987671852112,0.6414427161216736,0.39960142970085144,0.6068865060806274,0.39901208877563477,0.6691678166389465,0.39664748311042786,0.703354001045227,0.3608287274837494,0.6420648694038391,0.36615052819252014,0.5852335095405579,0.3714475929737091,0.549441933631897,0.3772588074207306,0.5097604393959045,I
0.381547212600708,0.8060163259506226,0.42545533180236816,0.7831161022186279,0.45490461587905884,0.7256081700325012,0.44637876749038696,0.675219714641571,0.4114832282066345,0.6567965149879456,0.44679832458496094,0.6528854966163635,0.4623425006866455,0.6129765510559082,0.4500054121017456,0.6662123203277588,0.4430016279220581,0.6865367293357849,0.419325053691864,0.6428009271621704,0.4299640953540802,0.6098038554191589,0.42157262563705444,0.6704128980636597,0.41844433546066284,0.689842700958252,0.39011910557746887,0.6414881348609924,0.3988763093948364,0.6072677969932556,0.3993090093135834,0.6680351495742798,0.39755865931510925,0.702164351940155,0.3607630133628845,0.6421670913696289,0.3655100464820862,0.5853639841079712,0.3706265091896057,0.54999840259552,0.37623780965805054,0.5108667016029358,I
0.3810312747955322,0.8049591183662415,0.4261479079723358,0.7821283936500549,0.45568159222602844,0.725976288318634,0.4467504024505615,0.6751477718353271,0.41190358996391296,0.6562543511390686,0.4474904239177704,0.6539732813835144,0.46331313252449036,0.6144405603408813,0.45043253898620605,0.6661608815193176,0.4432331919670105,0.6877388954162598,0.42001771926879883,0.6435598134994507,0.43068405985832214,0.610169529914856,0.42220452427864075,0.6697795391082764,0.41907569766044617,0.6917046308517456,0.390759140253067,0.6418455839157104,0.39986899495124817,0.6075965762138367,0.4001412093639374,0.6672960519790649,0.39831116795539856,0.702959418296814,0.3613017201423645,0.6424734592437744,0.36588382720947266,0.5856056809425354,0.37098556756973267,0.5488897562026978,0.3767338991165161,0.5095001459121704,I
0.3823760151863098,0.8062518835067749,0.4250777065753937,0.7835525274276733,0.454262375831604,0.7259785532951355,0.4463045597076416,0.6764239072799683,0.41179272532463074,0.6571933627128601,0.445986807346344,0.6530652046203613,0.4610409736633301,0.6135359406471252,0.4489659368991852,0.666685163974762,0.4426308572292328,0.687661349773407,0.4183948040008545,0.6433761715888977,0.42887210845947266,0.6104614734649658,0.4211442768573761,0.671346127986908,0.41930291056632996,0.6904975771903992,0.38874179124832153,0.642248809337616,0.3976646065711975,0.6082488894462585,0.3984157145023346,0.6700192093849182,0.3972903788089752,0.7047702074050903,0.35921889543533325,0.6432968974113464,0.3618241548538208,0.5861647129058838,0.3658190667629242,0.549750804901123,0.3708665072917938,0.5092462301254272,I
0.3816109299659729,0.806614100933075,0.4252808690071106,0.7825577855110168,0.45370256900787354,0.7272382974624634,0.44525146484375,0.6773390173912048,0.4101073741912842,0.658259928226471,0.4446626901626587,0.6541631817817688,0.461661696434021,0.6139460802078247,0.4496769309043884,0.6668087840080261,0.4421842694282532,0.6879239678382874,0.41737550497055054,0.6443514227867126,0.4291932284832001,0.611749529838562,0.42159131169319153,0.672850489616394,0.4188610017299652,0.691792905330658,0.38790351152420044,0.6429434418678284,0.39852458238601685,0.6096838116645813,0.39910459518432617,0.6711546182632446,0.39649584889411926,0.7057169675827026,0.35821837186813354,0.6436647772789001,0.3586234748363495,0.5863748788833618,0.36094245314598083,0.5493481159210205,0.36380699276924133,0.508160412311554,I
