0.296320378780365,0.7728873491287231,0.34333866834640503,0.7511155605316162,0.3762405514717102,0.6896029710769653,0.3915643095970154,0.6338899731636047,0.4013441503047943,0.5886693000793457,0.36156412959098816,0.6200970411300659,0.37231361865997314,0.5426719188690186,0.37463486194610596,0.49583083391189575,0.3729199171066284,0.4541659951210022,0.3296595513820648,0.622229814529419,0.33272090554237366,0.5882718563079834,0.3296784460544586,0.6498458385467529,0.3261922001838684,0.6798601150512695,0.2982584536075592,0.632854700088501,0.3009214401245117,0.6077260375022888,0.3036442697048187,0.6688570976257324,0.3037283718585968,0.6898321509361267,0.26592427492141724,0.648899257183075,0.2734098732471466,0.6218132376670837,0.28018346428871155,0.6653802990913391,0.28035056591033936,0.6845737099647522,G
0.2970202565193176,0.7729337215423584,0.343159943819046,0.7510178685188293,0.37665146589279175,0.6906651258468628,0.391719251871109,0.6345587968826294,0.4011805057525635,0.5890591740608215,0.36116528511047363,0.6206384301185608,0.37199437618255615,0.5427906513214111,0.3746142089366913,0.4957306385040283,0.3728632926940918,0.45451730489730835,0.32891303300857544,0.6232661604881287,0.33163565397262573,0.5893946290016174,0.32960134744644165,0.6503366827964783,0.32670921087265015,0.6795090436935425,0.29754722118377686,0.6344305276870728,0.3002576231956482,0.608523428440094,0.3034895062446594,0.6688542366027832,0.30339300632476807,0.6896310448646545,0.26502662897109985,0.6509521007537842,0.27248647809028625,0.6235978603363037,0.2794237434864044,0.6665921211242676,0.2793026268482208,0.6856082677841187,G
0.29472827911376953,0.7760283350944519,0.34070226550102234,0.7551819682121277,0.3748893141746521,0.6940971612930298,0.38975632190704346,0.6375438570976257,0.40044867992401123,0.5922584533691406,0.3609583377838135,0.623671293258667,0.3719162940979004,0.5457753539085388,0.3741450905799866,0.49837565422058105,0.37226155400276184,0.456451952457428,0.3287712037563324,0.6254397630691528,0.33143627643585205,0.5915881991386414,0.32883819937705994,0.6522309184074402,0.325959175825119,0.6825237274169922,0.2972670793533325,0.6359714269638062,0.2995606064796448,0.6104870438575745,0.3023938536643982,0.6704300045967102,0.3030129671096802,0.6919301748275757,0.26480770111083984,0.6515136957168579,0.27226144075393677,0.6256958246231079,0.2787373661994934,0.6690453290939331,0.279244065284729,0.6881036758422852,G
0.2970930337905884,0.7777085304260254,0.3433760702610016,0.7555217742919922,0.3765513300895691,0.6941819190979004,0.3914515972137451,0.6380414366722107,0.40062958002090454,0.5924179553985596,0.36107826232910156,0.6216670870780945,0.37146347761154175,0.5453293323516846,0.3732278048992157,0.49838581681251526,0.3709711730480194,0.4563961625099182,0.32881060242652893,0.624173104763031,0.33158963918685913,0.5921529531478882,0.3290404677391052,0.6553711891174316,0.3267655670642853,0.6833274364471436,0.29725387692451477,0.6349433064460754,0.29950886964797974,0.6113001704216003,0.3026643991470337,0.6734577417373657,0.303428053855896,0.6928154230117798,0.2648264169692993,0.6514002680778503,0.2718718647956848,0.6270200610160828,0.2788800895214081,0.6714171171188354,0.27931952476501465,0.6895028352737427,G
0.3007298707962036,0.7786638140678406,0.34625908732414246,0.7550497651100159,0.3790683150291443,0.6920990347862244,0.3942347466945648,0.6355101466178894,0.40264248847961426,0.589647650718689,0.3628136217594147,0.620672881603241,0.3737025260925293,0.544909656047821,0.37540173530578613,0.49888694286346436,0.3731074035167694,0.45624130964279175,0.330876886844635,0.6228816509246826,0.3346917927265167,0.5911152958869934,0.33338695764541626,0.6560790538787842,0.3312526047229767,0.6827016472816467,0.29944664239883423,0.6328921914100647,0.3029700517654419,0.6091340780258179,0.30674445629119873,0.6730728149414062,0.3066464066505432,0.6915176510810852,0.26695188879966736,0.648966372013092,0.27536797523498535,0.6240981221199036,0.2825881838798523,0.6696664094924927,0.28168946504592896,0.688331663608551,G
0.30618005990982056,0.7723342180252075,0.3516727089881897,0.7520961165428162,0.3850553333759308,0.6891731023788452,0.4015100300312042,0.6311525702476501,0.40959712862968445,0.5847795009613037,0.37000301480293274,0.6169721484184265,0.38039085268974304,0.5391653776168823,0.38210827112197876,0.4925144910812378,0.38085946440696716,0.4498612880706787,0.3381351828575134,0.6193603277206421,0.34198620915412903,0.5876435041427612,0.3406846821308136,0.6519103646278381,0.3401435613632202,0.6766905784606934,0.3072519302368164,0.6283949017524719,0.31107863783836365,0.6045336723327637,0.3138537108898163,0.6668611168861389,0.31432801485061646,0.6830189824104309,0.2762996554374695,0.6433998346328735,0.2839125692844391,0.6200355291366577,0.2901912033557892,0.6645066142082214,0.2898198068141937,0.6819355487823486,G
0.31090760231018066,0.7671499252319336,0.3579268455505371,0.7473266124725342,0.39170289039611816,0.6841720342636108,0.4082285165786743,0.6266082525253296,0.4166549742221832,0.5817705988883972,0.37622761726379395,0.6135434508323669,0.38740986585617065,0.535761833190918,0.3894653022289276,0.48902881145477295,0.38837093114852905,0.4472484290599823,0.34449392557144165,0.6156359910964966,0.34865421056747437,0.5820368528366089,0.3459493815898895,0.6468889117240906,0.3442259728908539,0.6755828857421875,0.3133261203765869,0.6248259544372559,0.3173350393772125,0.5995175838470459,0.31932684779167175,0.6627988815307617,0.3191665709018707,0.6834949851036072,0.2810114920139313,0.6400008201599121,0.28915226459503174,0.6153244972229004,0.2948862314224243,0.660125195980072,0.294424444437027,0.6798803210258484,G
0.31823229789733887,0.7579108476638794,0.3652087450027466,0.7383981347084045,0.39865368604660034,0.6757548451423645,0.41473791003227234,0.6181433200836182,0.4232306182384491,0.574043869972229,0.3832315504550934,0.6059583425521851,0.39496752619743347,0.5272751450538635,0.39668571949005127,0.47993016242980957,0.3951929211616516,0.43847087025642395,0.3517490029335022,0.6080610752105713,0.35535159707069397,0.573982834815979,0.35228919982910156,0.6373482942581177,0.3508533835411072,0.6663479208946228,0.32082268595695496,0.6171107292175293,0.3244216740131378,0.5923373699188232,0.32627102732658386,0.6543304324150085,0.3264334201812744,0.6745433211326599,0.2887744605541229,0.6325408816337585,0.2960965931415558,0.608903169631958,0.30167341232299805,0.6527554392814636,0.30168312788009644,0.6716869473457336,G
0.32236096262931824,0.751404345035553,0.3708847165107727,0.7284854054450989,0.4028714895248413,0.6654461622238159,0.4198949933052063,0.6092139482498169,0.42673057317733765,0.5646970868110657,0.38735872507095337,0.5997132062911987,0.3985808193683624,0.5219732522964478,0.40127551555633545,0.4747959077358246,0.3998110592365265,0.43424662947654724,0.3564569652080536,0.601140558719635,0.35987353324890137,0.5652270317077637,0.35741302371025085,0.6249707937240601,0.3546578288078308,0.6577652096748352,0.3258213698863983,0.6110108494758606,0.3284985423088074,0.5839952230453491,0.3311561942100525,0.6428737640380859,0.3314400911331177,0.6666096448898315,0.2939050793647766,0.6267101168632507,0.3006015121936798,0.6002911925315857,0.3063470125198364,0.641982913017273,0.3068978190422058,0.662240207195282,G
0.3192078173160553,0.7487088441848755,0.36940181255340576,0.7289019227027893,0.402668297290802,0.664340615272522,0.41947656869888306,0.6069100499153137,0.42623791098594666,0.5627256631851196,0.38773584365844727,0.5988457798957825,0.3984874188899994,0.5200709104537964,0.4003496766090393,0.4722118675708771,0.398752897977829,0.43048620223999023,0.35592973232269287,0.6008182168006897,0.35894322395324707,0.5636621713638306,0.3547670841217041,0.6249249577522278,0.3516957759857178,0.6554499268531799,0.32486069202423096,0.6099432706832886,0.3262428343296051,0.5832791328430176,0.32820194959640503,0.644676148891449,0.32901623845100403,0.665474534034729,0.2927238345146179,0.6241627931594849,0.2977701425552368,0.5990508198738098,0.3035535216331482,0.6421220898628235,0.3045541048049927,0.6605480909347534,G
0.32135286927223206,0.7551844716072083,0.3697257339954376,0.7305838465690613,0.40334221720695496,0.6675759553909302,0.42038217186927795,0.6115239858627319,0.42503786087036133,0.5667392611503601,0.38747817277908325,0.6022010445594788,0.3985365331172943,0.5244919657707214,0.40122735500335693,0.4761424660682678,0.39948147535324097,0.433599054813385,0.35611361265182495,0.6045718193054199,0.3603611886501312,0.5663833618164062,0.35818493366241455,0.6265605092048645,0.3553110659122467,0.6545173525810242,0.32519692182540894,0.6150670647621155,0.32804161310195923,0.5867092609405518,0.33103060722351074,0.6471708416938782,0.33082959055900574,0.6665444374084473,0.29322707653045654,0.631069540977478,0.29989683628082275,0.603641152381897,0.3068694472312927,0.645678699016571,0.3063677251338959,0.6639862656593323,G
0.32200247049331665,0.7556813359260559,0.3717007040977478,0.7347745895385742,0.4068323075771332,0.6728653311729431,0.4251439869403839,0.6179477572441101,0.42676252126693726,0.5767771005630493,0.38828933238983154,0.6031928062438965,0.3983684182167053,0.5235168933868408,0.4006655216217041,0.4769855737686157,0.39879968762397766,0.43579354882240295,0.3563547730445862,0.6068992018699646,0.35922783613204956,0.5711408853530884,0.35770004987716675,0.631600558757782,0.3553861081600189,0.6595149040222168,0.3250524699687958,0.6180077195167542,0.327930748462677,0.5920354723930359,0.3314441740512848,0.6522624492645264,0.33151358366012573,0.6714052557945251,0.29265281558036804,0.6340654492378235,0.2998903691768646,0.6078883409500122,0.30691230297088623,0.6501448750495911,0.3067665994167328,0.6686824560165405,G
0.319771409034729,0.7577152848243713,0.371018648147583,0.7363003492355347,0.4066852629184723,0.671548068523407,0.4255259037017822,0.6147538423538208,0.41974326968193054,0.5751641392707825,0.38721251487731934,0.603212296962738,0.3967769145965576,0.5236964821815491,0.3982694447040558,0.4772433638572693,0.3951335549354553,0.43494969606399536,0.3545651435852051,0.6070875525474548,0.35900813341140747,0.5731727480888367,0.35632455348968506,0.6371280550956726,0.35223135352134705,0.6613413095474243,0.3228796124458313,0.6173068284988403,0.3268658518791199,0.5921280980110168,0.3302091062068939,0.6554791331291199,0.3292434513568878,0.6717530488967896,0.29043227434158325,0.6323885917663574,0.2980504333972931,0.606853723526001,0.3054947853088379,0.6508365273475647,0.3041670322418213,0.668525755405426,G
0.31847286224365234,0.7574107646942139,0.37031230330467224,0.7374266386032104,0.40597984194755554,0.6713067293167114,0.42394059896469116,0.6145806312561035,0.41751089692115784,0.5763598680496216,0.38556545972824097,0.6031866073608398,0.39520078897476196,0.5238719582557678,0.3966195285320282,0.4777371287345886,0.3934643268585205,0.43507590889930725,0.3524375855922699,0.6070026755332947,0.3578138053417206,0.574232816696167,0.3554423749446869,0.6386235952377319,0.35104089975357056,0.66237473487854,0.3206312954425812,0.6167058348655701,0.3256269097328186,0.5926814079284668,0.3291355073451996,0.6568104028701782,0.32789430022239685,0.6720253229141235,0.2884998321533203,0.6314276456832886,0.2970758378505707,0.6071344614028931,0.30472955107688904,0.6517413854598999,0.30289649963378906,0.6690552830696106,G
0.31871098279953003,0.7608933448791504,0.3679600954055786,0.740291178226471,0.4033048748970032,0.6759140491485596,0.4212062358856201,0.6195489168167114,0.4181157648563385,0.5787857174873352,0.38438650965690613,0.6068724393844604,0.3941158950328827,0.5277659296989441,0.39571547508239746,0.48132747411727905,0.392825722694397,0.43906205892562866,0.3520123362541199,0.6097410321235657,0.35641026496887207,0.5766735672950745,0.354549378156662,0.639185905456543,0.35078710317611694,0.6653056144714355,0.3205510377883911,0.6197068691253662,0.3243716061115265,0.5955379009246826,0.3283173739910126,0.6577906608581543,0.32808321714401245,0.6762409806251526,0.2886391282081604,0.634483814239502,0.2970367968082428,0.6105695366859436,0.3048897683620453,0.6540968418121338,0.30445796251296997,0.6721784472465515,G
0.3174102306365967,0.7604538202285767,0.3673066794872284,0.740041971206665,0.40229079127311707,0.6758227348327637,0.42079469561576843,0.6193867921829224,0.4165429472923279,0.5786492824554443,0.3834673762321472,0.6062692403793335,0.3933284878730774,0.5273405313491821,0.3950757086277008,0.4809812307357788,0.39222320914268494,0.43869853019714355,0.35093405842781067,0.6098796129226685,0.35552629828453064,0.5766615867614746,0.353167861700058,0.6417441368103027,0.34934332966804504,0.6659350395202637,0.319375604391098,0.6194891333580017,0.3235992193222046,0.5953478217124939,0.3275641202926636,0.659112811088562,0.3269890248775482,0.6752498745918274,0.2873675525188446,0.6340870261192322,0.2955953776836395,0.6102664470672607,0.30384135246276855,0.6546103954315186,0.3028413951396942,0.6723714470863342,G
0.3160678446292877,0.7613920569419861,0.36571088433265686,0.7417320013046265,0.40108516812324524,0.6778035163879395,0.4192936420440674,0.620603621006012,0.41598284244537354,0.5788830518722534,0.3819761872291565,0.6068160533905029,0.39234238862991333,0.528490424156189,0.3946915864944458,0.48223572969436646,0.39171546697616577,0.4397914707660675,0.3489997684955597,0.6102926135063171,0.3549346327781677,0.5775557160377502,0.35306116938591003,0.6425900459289551,0.3483508229255676,0.6648275852203369,0.3174628019332886,0.6202137470245361,0.32302889227867126,0.5963273048400879,0.32731398940086365,0.6607679128646851,0.3255390524864197,0.675833523273468,0.28530141711235046,0.6351741552352905,0.2946404814720154,0.6109681725502014,0.3032994866371155,0.6559089422225952,0.3013613224029541,0.673480749130249,G
0.31620073318481445,0.7617395520210266,0.36602428555488586,0.7413222193717957,0.40091875195503235,0.6769906282424927,0.4187166392803192,0.6201032996177673,0.4140520989894867,0.5805443525314331,0.38099944591522217,0.6090766191482544,0.3911823034286499,0.5302873849868774,0.39299851655960083,0.4833180904388428,0.3899279832839966,0.44078367948532104,0.34856632351875305,0.6122798323631287,0.35370275378227234,0.5779123902320862,0.35164874792099,0.6411521434783936,0.3472292721271515,0.6676106452941895,0.31729817390441895,0.6223707795143127,0.3218396306037903,0.5965877771377563,0.3256753087043762,0.6595650315284729,0.3243557810783386,0.678666889667511,0.2854260504245758,0.6375784873962402,0.29399505257606506,0.611319899559021,0.30213233828544617,0.6552747488021851,0.3011772930622101,0.6746576428413391,G
0.31672969460487366,0.7613071203231812,0.36636391282081604,0.7417768836021423,0.4018140137195587,0.67742520570755,0.42035403847694397,0.6200068593025208,0.41683441400527954,0.5797386169433594,0.3831433951854706,0.608314573764801,0.3934256434440613,0.5305152535438538,0.39521345496177673,0.48372161388397217,0.3928733766078949,0.4417494535446167,0.3508104085922241,0.6111032962799072,0.3552810251712799,0.577106773853302,0.35253703594207764,0.6403621435165405,0.3489277958869934,0.6676433682441711,0.3193413317203522,0.6210710406303406,0.3230837285518646,0.5964029431343079,0.3262307643890381,0.6585916876792908,0.3254571855068207,0.6784230470657349,0.2868267893791199,0.6361171007156372,0.2947433292865753,0.6115517020225525,0.3020656704902649,0.6551989316940308,0.3014497458934784,0.6746225357055664,G
0.31744420528411865,0.7573609948158264,0.36726275086402893,0.7386245131492615,0.4020448923110962,0.6743171811103821,0.42173898220062256,0.6150885820388794,0.41686365008354187,0.5735899209976196,0.3841385841369629,0.6066545248031616,0.3953394889831543,0.5274098515510559,0.39759397506713867,0.4800642132759094,0.3957587480545044,0.43803051114082336,0.35246455669403076,0.6087018251419067,0.35687825083732605,0.5732906460762024,0.3531034588813782,0.6359654664993286,0.3496570289134979,0.6652107238769531,0.321331650018692,0.6177024245262146,0.32518845796585083,0.5927552580833435,0.3274930417537689,0.6541836857795715,0.3272523581981659,0.6752679347991943,0.2890682816505432,0.6316516399383545,0.29704368114471436,0.6078842282295227,0.3032713532447815,0.6505582332611084,0.3031872510910034,0.6699827909469604,G
0.3181561529636383,0.7588468194007874,0.3673689365386963,0.7382488250732422,0.40201395750045776,0.6740849018096924,0.41755566000938416,0.6176185607910156,0.42069917917251587,0.5742603540420532,0.38480237126350403,0.606407880783081,0.39554503560066223,0.5278511643409729,0.3975223898887634,0.4806229770183563,0.39529308676719666,0.43806934356689453,0.3523571193218231,0.6091474294662476,0.3565959930419922,0.5744615197181702,0.3533615171909332,0.6374123096466064,0.3496582806110382,0.6644192934036255,0.3207648694515228,0.6185902953147888,0.32416290044784546,0.593886137008667,0.32699501514434814,0.6570945382118225,0.32688266038894653,0.6751791834831238,0.28855371475219727,0.6332823038101196,0.296145498752594,0.6082198023796082,0.3034304976463318,0.6527039408683777,0.3030075430870056,0.6708562970161438,G
0.31415417790412903,0.7638817429542542,0.36217811703681946,0.7427853345870972,0.39587798714637756,0.6786330938339233,0.41051191091537476,0.6218477487564087,0.42311328649520874,0.5774235129356384,0.3822874426841736,0.6101821660995483,0.39206525683403015,0.5307601094245911,0.39338231086730957,0.48320287466049194,0.39051079750061035,0.43966180086135864,0.3495107591152191,0.6127877831459045,0.35189759731292725,0.577216625213623,0.3496241867542267,0.6405028700828552,0.34721899032592773,0.6667643189430237,0.3177490234375,0.621802568435669,0.3187192380428314,0.5960735082626343,0.32275041937828064,0.6600663661956787,0.32447919249534607,0.6770231127738953,0.2858853340148926,0.6358946561813354,0.2912425100803375,0.6102359294891357,0.2987990379333496,0.6557854413986206,0.29937732219696045,0.6734722852706909,G
0.31437960267066956,0.7633880376815796,0.36214128136634827,0.739688515663147,0.3944728374481201,0.6765034794807434,0.4082067310810089,0.6206899285316467,0.4210151135921478,0.5769281983375549,0.3794858455657959,0.6087562441825867,0.3891751170158386,0.5303311944007874,0.39023855328559875,0.482834130525589,0.38742223381996155,0.4406808614730835,0.34675395488739014,0.6117019057273865,0.3501212000846863,0.5768930912017822,0.34752988815307617,0.6382891535758972,0.34460949897766113,0.6672748327255249,0.3149893879890442,0.6220713257789612,0.31761300563812256,0.596440851688385,0.321045845746994,0.6589683294296265,0.321699857711792,0.679163932800293,0.2829638421535492,0.6383714079856873,0.2897559702396393,0.6113159656524658,0.2976597249507904,0.6555997133255005,0.2983844578266144,0.674640953540802,G
0.3122040629386902,0.7609214782714844,0.3605169355869293,0.7386384606361389,0.3919762074947357,0.6754078269004822,0.40594083070755005,0.6183221936225891,0.41883838176727295,0.5744695663452148,0.37769055366516113,0.6064331531524658,0.38688525557518005,0.527745246887207,0.3876609206199646,0.48055166006088257,0.38473212718963623,0.43854260444641113,0.3452688157558441,0.6098068356513977,0.34755441546440125,0.5751808881759644,0.3451884090900421,0.6380335688591003,0.34272974729537964,0.6659377813339233,0.3137989342212677,0.620274007320404,0.31562429666519165,0.5955458283424377,0.3192463517189026,0.658488392829895,0.32008251547813416,0.6766065955162048,0.2817429006099701,0.6363530158996582,0.2875918745994568,0.6110703349113464,0.2952656149864197,0.6558071374893188,0.2959372401237488,0.6737483143806458,G
0.31110823154449463,0.7563942670822144,0.3586852252483368,0.7356356978416443,0.3908833861351013,0.6728272438049316,0.405326247215271,0.6147650480270386,0.41793298721313477,0.5710537433624268,0.3768145740032196,0.604614794254303,0.38603270053863525,0.5257773399353027,0.3863254487514496,0.477975994348526,0.3837405741214752,0.43612608313560486,0.34519582986831665,0.6076557636260986,0.3444003760814667,0.5731552839279175,0.34146249294281006,0.6339896321296692,0.3409825563430786,0.6632594466209412,0.31459474563598633,0.6172209978103638,0.3125544786453247,0.5923428535461426,0.3158470392227173,0.6531713604927063,0.3190400004386902,0.6738106608390808,0.28323233127593994,0.6318895816802979,0.2854010760784149,0.6078687906265259,0.29235291481018066,0.6508253812789917,0.29547548294067383,0.6694905161857605,G
0.302189439535141,0.7533250451087952,0.34734317660331726,0.7311106324195862,0.38038599491119385,0.6705474257469177,0.39746585488319397,0.6141701936721802,0.40991461277008057,0.5689145922660828,0.37061622738838196,0.6014742851257324,0.38093048334121704,0.5228262543678284,0.38202348351478577,0.475955605506897,0.37972113490104675,0.4328616261482239,0.33828869462013245,0.603229284286499,0.3366248905658722,0.5688230991363525,0.3334815800189972,0.6312439441680908,0.3336046636104584,0.6577302813529968,0.3071828782558441,0.610999345779419,0.30336830019950867,0.5882052183151245,0.30738329887390137,0.649827778339386,0.31257641315460205,0.667463481426239,0.2770844101905823,0.624014675617218,0.2771921753883362,0.6008179783821106,0.2839300036430359,0.6439924836158752,0.2871854901313782,0.6620309948921204,G
0.2951338291168213,0.7465610504150391,0.33733731508255005,0.7237535119056702,0.36961910128593445,0.6669198870658875,0.3894326984882355,0.611336886882782,0.4032841622829437,0.5656064748764038,0.364496648311615,0.5927766561508179,0.37500259280204773,0.5176184177398682,0.3762630820274353,0.4721856117248535,0.3749983012676239,0.4295284152030945,0.3325021266937256,0.5941722989082336,0.3260088860988617,0.5622942447662354,0.3225456774234772,0.6251481771469116,0.3272045850753784,0.6438572406768799,0.3021354675292969,0.5993611812591553,0.29329246282577515,0.5787582397460938,0.2970266342163086,0.6390135288238525,0.3066193759441376,0.6502578258514404,0.2727751135826111,0.6095018982887268,0.2667173743247986,0.5892436504364014,0.27264806628227234,0.6319550275802612,0.2786084711551666,0.6480162143707275,G
0.294268399477005,0.7414683699607849,0.3355598747730255,0.7202776670455933,0.36757537722587585,0.6648499965667725,0.38679027557373047,0.6111323237419128,0.3997294306755066,0.5643889307975769,0.3615051805973053,0.5898963212966919,0.37136733531951904,0.5160588026046753,0.3713275194168091,0.4712539315223694,0.36972367763519287,0.42975616455078125,0.33111804723739624,0.5902156233787537,0.31979167461395264,0.5588057637214661,0.315854549407959,0.6184698343276978,0.3222848176956177,0.6412903666496277,0.3012646734714508,0.5947901010513306,0.2880861759185791,0.5747941136360168,0.2906484305858612,0.6336563229560852,0.30137234926223755,0.6486161947250366,0.27261608839035034,0.6044614911079407,0.26306766271591187,0.5830489993095398,0.2681834101676941,0.6254205107688904,0.2755831182003021,0.6439129114151001,G
0.29410284757614136,0.7360372543334961,0.3333567678928375,0.7156854271888733,0.3643674850463867,0.6602738499641418,0.38348880410194397,0.6055108308792114,0.3956731855869293,0.557929277420044,0.3583706319332123,0.5840917229652405,0.3671932518482208,0.5103806257247925,0.36636021733283997,0.4655874967575073,0.36455225944519043,0.4232405424118042,0.3288501501083374,0.5845127701759338,0.3144279718399048,0.5560402870178223,0.3115274906158447,0.6153541803359985,0.3206237554550171,0.6356691122055054,0.29982954263687134,0.5888611078262329,0.28394290804862976,0.5701702833175659,0.2874027490615845,0.6273133754730225,0.30080193281173706,0.6405605673789978,0.27228590846061707,0.5983588695526123,0.25967517495155334,0.5787668228149414,0.2655539810657501,0.6204554438591003,0.2749904990196228,0.6387858390808105,G
0.29420748353004456,0.7339960932731628,0.3332463800907135,0.7127621173858643,0.3635184168815613,0.6567807197570801,0.3805851340293884,0.6020158529281616,0.3925206661224365,0.5547206401824951,0.3556567430496216,0.5807538628578186,0.3641018569469452,0.5065612196922302,0.3626299202442169,0.46205219626426697,0.3603440821170807,0.4203393757343292,0.3265632688999176,0.5826140642166138,0.3116932213306427,0.5534394979476929,0.30900996923446655,0.6125271916389465,0.3184448778629303,0.633701741695404,0.29792508482933044,0.5880690217018127,0.28180956840515137,0.5685383677482605,0.2855950891971588,0.6260035037994385,0.29921525716781616,0.6395273804664612,0.2710225284099579,0.5985819697380066,0.25828444957733154,0.5777029991149902,0.26459968090057373,0.6195281744003296,0.2742021381855011,0.6382278203964233,G
0.2948378622531891,0.7342066168785095,0.33223050832748413,0.7119158506393433,0.36280012130737305,0.6558631658554077,0.3801060914993286,0.6008351445198059,0.3918604254722595,0.5533670783042908,0.3574572205543518,0.581426739692688,0.3652574419975281,0.5069002509117126,0.3641760051250458,0.46286654472351074,0.36286842823028564,0.42187657952308655,0.32822033762931824,0.5825053453445435,0.313643217086792,0.5535088777542114,0.31092992424964905,0.6125750541687012,0.3203026056289673,0.6320990324020386,0.2991839051246643,0.5878807902336121,0.2834642231464386,0.569568932056427,0.2866308093070984,0.6271164417266846,0.2994692623615265,0.6393816471099854,0.271170049905777,0.5978284478187561,0.25852182507514954,0.5785956978797913,0.2648680806159973,0.6203182935714722,0.27435290813446045,0.6378915309906006,G
0.3077949583530426,0.7237495183944702,0.3535205125808716,0.7033148407936096,0.38691267371177673,0.6386238932609558,0.39618295431137085,0.5789067149162292,0.4010542631149292,0.5355633497238159,0.3669810891151428,0.5735920667648315,0.3751220703125,0.49669867753982544,0.3761504888534546,0.45107370615005493,0.37343287467956543,0.4114125370979309,0.33491793274879456,0.5774928331375122,0.34189924597740173,0.5471961498260498,0.34174561500549316,0.6092761158943176,0.33855438232421875,0.637305736541748,0.3040356934070587,0.5896174311637878,0.31058549880981445,0.5653086304664612,0.315346360206604,0.6256885528564453,0.31373295187950134,0.6455661058425903,0.2722015380859375,0.6084322929382324,0.281488835811615,0.5832809805870056,0.2901097536087036,0.6264738440513611,0.2884143888950348,0.6448073387145996,G
0.31999698281288147,0.723351776599884,0.3662995994091034,0.7007427215576172,0.3961988687515259,0.6341255307197571,0.4041900634765625,0.5769984126091003,0.4065955579280853,0.5337984561920166,0.3735659122467041,0.5695095658302307,0.38297563791275024,0.4956713318824768,0.3866504728794098,0.4516575038433075,0.38635334372520447,0.4129275679588318,0.3421857953071594,0.5719953179359436,0.360569566488266,0.5447213053703308,0.3616383373737335,0.6079465746879578,0.35451334714889526,0.6361483335494995,0.312568336725235,0.5837967991828918,0.3309563398361206,0.566493570804596,0.333730548620224,0.6278296113014221,0.32669705152511597,0.6464382410049438,0.28227075934410095,0.6030072569847107,0.30139195919036865,0.5827292203903198,0.3092030882835388,0.6261150240898132,0.3032613694667816,0.6432981491088867,G
0.3262026309967041,0.7251712083816528,0.37348008155822754,0.7005285024642944,0.40112733840942383,0.6340991258621216,0.40919873118400574,0.5780670046806335,0.4109897017478943,0.5351762175559998,0.37711101770401,0.5700585842132568,0.38748687505722046,0.4968635141849518,0.3920010030269623,0.45287060737609863,0.39225858449935913,0.41382819414138794,0.34716281294822693,0.573052704334259,0.37132489681243896,0.5442114472389221,0.3726958632469177,0.605466365814209,0.36357152462005615,0.63438481092453,0.31905466318130493,0.5844689011573792,0.3449386656284332,0.5668284296989441,0.3460681736469269,0.6275644898414612,0.3360968828201294,0.6455294489860535,0.2907369136810303,0.6028890609741211,0.3163498342037201,0.583335280418396,0.32218676805496216,0.626796305179596,0.3131558895111084,0.6429367661476135,G
0.33372777700424194,0.7314151525497437,0.3802128732204437,0.7009179592132568,0.40423640608787537,0.6346468925476074,0.41094234585762024,0.5793007016181946,0.4123666286468506,0.5349755883216858,0.3797324001789093,0.5701137781143188,0.3904110789299011,0.5009803175926208,0.3955337405204773,0.4568522870540619,0.3960980176925659,0.41773828864097595,0.34981659054756165,0.5736103057861328,0.379193514585495,0.5466225147247314,0.38153326511383057,0.6079431176185608,0.37152227759361267,0.6345973014831543,0.32320186495780945,0.5845551490783691,0.35540542006492615,0.5719460844993591,0.35655710101127625,0.63140869140625,0.34490251541137695,0.6463633179664612,0.2979656457901001,0.6023131012916565,0.32937416434288025,0.5887688398361206,0.33430397510528564,0.6307045817375183,0.32269254326820374,0.6431460380554199,G
0.33880001306533813,0.7380116581916809,0.3832855522632599,0.6996334791183472,0.4056648910045624,0.6358168721199036,0.4092562794685364,0.5841226577758789,0.40925902128219604,0.5377439856529236,0.3725410997867584,0.5636351108551025,0.38879239559173584,0.5021937489509583,0.39590951800346375,0.4598011374473572,0.39857715368270874,0.42077893018722534,0.3466619551181793,0.5665643215179443,0.39420655369758606,0.552089273929596,0.39875251054763794,0.6100257039070129,0.38763418793678284,0.6322675347328186,0.32591187953948975,0.579504132270813,0.37601327896118164,0.573826253414154,0.37635108828544617,0.6314331293106079,0.36276593804359436,0.6468835473060608,0.3086808919906616,0.6008002161979675,0.3537868559360504,0.5953301191329956,0.3575257658958435,0.6368095874786377,0.34425389766693115,0.650668203830719,G
0.3361092507839203,0.7408645153045654,0.3820205330848694,0.7036702036857605,0.4036158323287964,0.639724850654602,0.40986624360084534,0.5864720940589905,0.40893468260765076,0.540898323059082,0.37524858117103577,0.5689038634300232,0.38942813873291016,0.5045127868652344,0.39675480127334595,0.4616384208202362,0.39903634786605835,0.42240291833877563,0.34953224658966064,0.5724591016769409,0.3906748294830322,0.5515400171279907,0.39337390661239624,0.610410213470459,0.3806919455528259,0.6325091123580933,0.3287287950515747,0.5841302871704102,0.37309035658836365,0.575469970703125,0.3735748827457428,0.6341671347618103,0.3592217266559601,0.6491100788116455,0.3108789026737213,0.6027740836143494,0.3521731197834015,0.5972305536270142,0.3553314507007599,0.6395735740661621,0.34150394797325134,0.6516791582107544,G
0.32866132259368896,0.7387584447860718,0.37833714485168457,0.7100545167922974,0.40637627243995667,0.6472072005271912,0.41593050956726074,0.5910280346870422,0.4184579849243164,0.5465961694717407,0.38415810465812683,0.5818243622779846,0.39696750044822693,0.5094922780990601,0.4027060568332672,0.46514278650283813,0.4043711721897125,0.42556819319725037,0.3554138243198395,0.5828885436058044,0.3845522701740265,0.5523771643638611,0.3848329186439514,0.6139441132545471,0.3742791414260864,0.6421231031417847,0.3290935456752777,0.5916615128517151,0.3596693277359009,0.5756674408912659,0.3582782745361328,0.635927140712738,0.3455352783203125,0.6524983644485474,0.30270957946777344,0.6074159145355225,0.3313772678375244,0.5941768288612366,0.33536496758461,0.6374621391296387,0.32418906688690186,0.6515870690345764,G
0.3197643756866455,0.7349739074707031,0.3688948154449463,0.7133228778839111,0.4028148055076599,0.6506597995758057,0.41659972071647644,0.5946324467658997,0.42086103558540344,0.5504657030105591,0.3858628273010254,0.5870493650436401,0.398889422416687,0.5113398432731628,0.40368181467056274,0.46642443537712097,0.4047143757343292,0.42679572105407715,0.3562508523464203,0.5873792767524719,0.3705970346927643,0.5534882545471191,0.3678321838378906,0.6136283874511719,0.3614160120487213,0.6447342038154602,0.3265905976295471,0.5966026782989502,0.33980268239974976,0.5716495513916016,0.3393747806549072,0.631793200969696,0.3341224193572998,0.6535283923149109,0.2942713499069214,0.6119251251220703,0.3095950186252594,0.5890182256698608,0.31462717056274414,0.6331092715263367,0.31092369556427,0.652590274810791,G
0.3169930875301361,0.7332441210746765,0.36673441529273987,0.7146466374397278,0.4011198580265045,0.6495482325553894,0.41535064578056335,0.5918045043945312,0.4207673966884613,0.5496229529380798,0.3832491934299469,0.5867190957069397,0.39545097947120667,0.5111482739448547,0.3993704915046692,0.46411022543907166,0.3994298577308655,0.4231032729148865,0.352013498544693,0.5887366533279419,0.3618001341819763,0.5526419281959534,0.3577266037464142,0.6147434711456299,0.3518839478492737,0.6451157927513123,0.3218810260295868,0.5987699627876282,0.329435795545578,0.5719074606895447,0.33017948269844055,0.6330452561378479,0.3271706700325012,0.653008222579956,0.2898227274417877,0.6141281723976135,0.30026888847351074,0.588943362236023,0.3052276074886322,0.6327087879180908,0.30228814482688904,0.6502294540405273,G
0.31386077404022217,0.7330560684204102,0.36340633034706116,0.7122350335121155,0.39661455154418945,0.6492332816123962,0.4132624864578247,0.5920999050140381,0.4190734028816223,0.5475455522537231,0.38128408789634705,0.5855104327201843,0.39207643270492554,0.5085400342941284,0.39540284872055054,0.4616815447807312,0.394565224647522,0.4203319549560547,0.34982946515083313,0.5878944993019104,0.35430142283439636,0.5499546527862549,0.3504441976547241,0.612438440322876,0.3463035523891449,0.640582263469696,0.3191480338573456,0.5970782041549683,0.3215586543083191,0.5694770812988281,0.3240479528903961,0.6317476630210876,0.32384777069091797,0.6495726108551025,0.2872192859649658,0.6111868619918823,0.2926895320415497,0.5859060287475586,0.2990235388278961,0.6291860938072205,0.29853540658950806,0.6459425091743469,G
0.3096621036529541,0.7342483997344971,0.3558955788612366,0.709989070892334,0.38949525356292725,0.6516087055206299,0.408803790807724,0.5969489216804504,0.4168112576007843,0.5506247282028198,0.37900617718696594,0.5852240920066833,0.39074912667274475,0.5095821619033813,0.39322057366371155,0.4627179503440857,0.39212626218795776,0.4207567572593689,0.3472292423248291,0.5865176916122437,0.34556809067726135,0.5475476980209351,0.3420540988445282,0.6083479523658752,0.3423425257205963,0.6361901164054871,0.3162879943847656,0.5941434502601624,0.3122881054878235,0.5664851069450378,0.3159971237182617,0.6273659467697144,0.3206506073474884,0.6463420391082764,0.285835325717926,0.6075780987739563,0.2861248850822449,0.5810471177101135,0.2923203706741333,0.6230151653289795,0.2949329614639282,0.6416220664978027,G
0.30886393785476685,0.7297105193138123,0.3551579713821411,0.7093063592910767,0.38962122797966003,0.6518425345420837,0.40912508964538574,0.5969102382659912,0.417835533618927,0.5509510636329651,0.3785339593887329,0.581990122795105,0.3910728096961975,0.5082224011421204,0.39399999380111694,0.4632379412651062,0.39376378059387207,0.4217061996459961,0.346673846244812,0.5833869576454163,0.34446462988853455,0.5470272898674011,0.34065768122673035,0.6085497140884399,0.34131956100463867,0.6337444186210632,0.31560206413269043,0.5897760987281799,0.3118128776550293,0.5614549517631531,0.31451335549354553,0.6235896944999695,0.3185443878173828,0.6420184969902039,0.2844555377960205,0.6016831994056702,0.2845475673675537,0.5761704444885254,0.29084134101867676,0.6198006272315979,0.2936613857746124,0.6390354037284851,G
0.3047029376029968,0.7323987483978271,0.3494229316711426,0.7100788950920105,0.3832430839538574,0.6538363695144653,0.40151628851890564,0.5987102389335632,0.4115421175956726,0.5517701506614685,0.37403732538223267,0.5838173031806946,0.38563042879104614,0.5086478590965271,0.38847339153289795,0.46272480487823486,0.3875335454940796,0.4211735725402832,0.34210920333862305,0.5846635103225708,0.33867916464805603,0.547423779964447,0.33528104424476624,0.6078686714172363,0.33608853816986084,0.6335142850875854,0.3112028241157532,0.592212438583374,0.30552756786346436,0.5647723078727722,0.30926236510276794,0.6247566938400269,0.3143883943557739,0.6432923674583435,0.2807914614677429,0.6053280830383301,0.27908679842948914,0.5779517292976379,0.28582096099853516,0.6196161508560181,0.2893843650817871,0.6385160684585571,G
0.30396348237991333,0.7312658429145813,0.34925100207328796,0.7101711630821228,0.38237395882606506,0.6535936594009399,0.40000635385513306,0.5985339283943176,0.4102768301963806,0.5523734092712402,0.3713100552558899,0.582879900932312,0.3839574456214905,0.5081306099891663,0.3873191475868225,0.46249812841415405,0.38685134053230286,0.4215856194496155,0.3396594226360321,0.5841249823570251,0.33699849247932434,0.5489292740821838,0.33350732922554016,0.6087455153465271,0.33381515741348267,0.6348518133163452,0.30895569920539856,0.5919783115386963,0.30471834540367126,0.5656733512878418,0.3075924515724182,0.6261690258979797,0.31124770641326904,0.6454182267189026,0.2782866358757019,0.605539858341217,0.2779097855091095,0.5779934525489807,0.2845998704433441,0.6206137537956238,0.2875783145427704,0.6402174830436707,G
0.3033791780471802,0.7287391424179077,0.3482288122177124,0.7101985216140747,0.38191428780555725,0.6537977457046509,0.39847028255462646,0.598612368106842,0.4086633622646332,0.5538554787635803,0.3700702488422394,0.5814895033836365,0.384683758020401,0.507636547088623,0.39049991965293884,0.4630718231201172,0.3925263285636902,0.422872394323349,0.33813220262527466,0.5830516815185547,0.3345489501953125,0.5497903227806091,0.3311179280281067,0.6112694144248962,0.3323735296726227,0.6349446773529053,0.30753064155578613,0.59068363904953,0.3019455075263977,0.5678418874740601,0.3055266737937927,0.6288188695907593,0.3102076053619385,0.6455881595611572,0.2772544324398041,0.6041036248207092,0.275184690952301,0.5792905688285828,0.2823054790496826,0.622401237487793,0.28561654686927795,0.6410263776779175,G
0.3025115132331848,0.730470597743988,0.34607529640197754,0.711113691329956,0.37942230701446533,0.6538300514221191,0.39701229333877563,0.5989776849746704,0.4085404574871063,0.5536253452301025,0.3690432906150818,0.5816366672515869,0.38231000304222107,0.5063894391059875,0.38690537214279175,0.4613935947418213,0.38775381445884705,0.4210427403450012,0.33785220980644226,0.5829790830612183,0.33355700969696045,0.5485138297080994,0.33056023716926575,0.6076623797416687,0.331632137298584,0.6345698237419128,0.307435005903244,0.5915634632110596,0.3012557625770569,0.566758930683136,0.30472394824028015,0.6263279914855957,0.30962294340133667,0.6458761096000671,0.2772652208805084,0.6054589152336121,0.2748791575431824,0.5789991617202759,0.28160732984542847,0.6214156150817871,0.28584325313568115,0.6408765316009521,G
0.304299920797348,0.7309250831604004,0.3477749824523926,0.7090518474578857,0.3808012008666992,0.6523193120956421,0.3986395001411438,0.5980088710784912,0.40836748480796814,0.5524827837944031,0.37020957469940186,0.5833916068077087,0.3835354149341583,0.5077913999557495,0.3880254328250885,0.4620817303657532,0.38893377780914307,0.42162251472473145,0.3393682539463043,0.5845329761505127,0.33517545461654663,0.5494469404220581,0.33238479495048523,0.6071233153343201,0.33389490842819214,0.6353045701980591,0.30898359417915344,0.5929526090621948,0.303264856338501,0.567078709602356,0.3061835765838623,0.625323474407196,0.31078773736953735,0.6468281149864197,0.2785843312740326,0.6067796349525452,0.27723947167396545,0.5791151523590088,0.282983660697937,0.6206424832344055,0.28672948479652405,0.641413688659668,G
0.306721031665802,0.7315454483032227,0.3508639931678772,0.7101460695266724,0.3836764395236969,0.6519472599029541,0.4010589122772217,0.5979502201080322,0.4108010530471802,0.553176999092102,0.37190404534339905,0.5831295251846313,0.3848744034767151,0.5081340074539185,0.38910216093063354,0.46270763874053955,0.3897392153739929,0.4225614070892334,0.3409978151321411,0.5849177837371826,0.33793529868125916,0.5502227544784546,0.3358007073402405,0.6082513332366943,0.33698758482933044,0.636621356010437,0.3105310797691345,0.594062089920044,0.30605384707450867,0.5686836838722229,0.3096351623535156,0.6270873546600342,0.31387093663215637,0.6477296352386475,0.2801472544670105,0.6090540885925293,0.28000855445861816,0.5817602872848511,0.28636524081230164,0.6232519149780273,0.28946393728256226,0.6433820724487305,G
0.30642715096473694,0.7344619035720825,0.35045987367630005,0.7119247913360596,0.382851779460907,0.6549572348594666,0.4004901051521301,0.6000375151634216,0.41015636920928955,0.5539909601211548,0.37186968326568604,0.5849584341049194,0.3840778172016144,0.5091564655303955,0.38792186975479126,0.46323782205581665,0.3875025510787964,0.42259225249290466,0.340652734041214,0.5869855880737305,0.33796557784080505,0.5509395003318787,0.3354184627532959,0.6097708344459534,0.3354540765285492,0.6374474763870239,0.30997732281684875,0.5966759324073792,0.30601856112480164,0.5701984763145447,0.30991965532302856,0.629428505897522,0.313289999961853,0.6497127413749695,0.27893513441085815,0.6119008660316467,0.2789972722530365,0.5833069086074829,0.28664296865463257,0.6253684163093567,0.28969332575798035,0.6453525424003601,G
0.30684423446655273,0.7329225540161133,0.3523832857608795,0.7105914354324341,0.3843044638633728,0.6527205109596252,0.40080365538597107,0.5980919599533081,0.4105214476585388,0.5529537796974182,0.3723510801792145,0.5854721665382385,0.38427120447158813,0.5093322396278381,0.3878048062324524,0.4629950225353241,0.3875589668750763,0.4223001003265381,0.3413066565990448,0.5873686075210571,0.3387058973312378,0.5503432154655457,0.3360225260257721,0.6089104413986206,0.3362506926059723,0.638106644153595,0.3108275234699249,0.5967201590538025,0.30736979842185974,0.5686287879943848,0.3105616569519043,0.6275087594985962,0.3137873709201813,0.64924556016922,0.28001052141189575,0.6116126775741577,0.2804018557071686,0.5822076797485352,0.2867644131183624,0.6231656074523926,0.28935497999191284,0.6433781981468201,G
0.3063144087791443,0.7308420538902283,0.35170653462409973,0.7107138633728027,0.38463377952575684,0.6523069143295288,0.40130797028541565,0.596750020980835,0.41074681282043457,0.5517837405204773,0.37236544489860535,0.5832048058509827,0.3845430910587311,0.508054792881012,0.3879312574863434,0.46231526136398315,0.38768041133880615,0.4216834306716919,0.3408559560775757,0.5853258967399597,0.3388652801513672,0.5496681332588196,0.3359651565551758,0.6098551154136658,0.3362988233566284,0.6369208693504333,0.31031060218811035,0.5937849879264832,0.3069511651992798,0.5664689540863037,0.31024014949798584,0.6269404292106628,0.3136918246746063,0.6473032236099243,0.27928072214126587,0.6075631380081177,0.27931609749794006,0.5804294347763062,0.2861274182796478,0.6228013038635254,0.2890552878379822,0.6423417925834656,G
0.30537939071655273,0.7317638397216797,0.35135897994041443,0.7105609774589539,0.38392913341522217,0.6520731449127197,0.40010419487953186,0.5963613390922546,0.4087905287742615,0.5508835315704346,0.3700838088989258,0.5843724012374878,0.38125279545783997,0.5088724493980408,0.3834742307662964,0.46303504705429077,0.3822047710418701,0.42214274406433105,0.3389981985092163,0.5867215991020203,0.3373449444770813,0.549436628818512,0.3348486125469208,0.6088207364082336,0.33504483103752136,0.6369234323501587,0.30866363644599915,0.595801055431366,0.3055764138698578,0.5681103467941284,0.3091040253639221,0.6282490491867065,0.3123651146888733,0.6493433713912964,0.2779735326766968,0.6103634834289551,0.2784774899482727,0.5809223651885986,0.28567788004875183,0.6231131553649902,0.28856348991394043,0.643833339214325,G
0.3058711290359497,0.7318386435508728,0.3511740565299988,0.7090300917625427,0.3836212158203125,0.6514774560928345,0.3998594582080841,0.5965154767036438,0.4073850214481354,0.5503001809120178,0.3697209358215332,0.5828446745872498,0.3802849352359772,0.5074089765548706,0.3824712038040161,0.46203845739364624,0.3808656930923462,0.42126399278640747,0.3380347192287445,0.5852491855621338,0.3369731307029724,0.5501935482025146,0.33441442251205444,0.6104896068572998,0.3340092897415161,0.6358580589294434,0.30720263719558716,0.5942825675010681,0.30484890937805176,0.5672141909599304,0.30873048305511475,0.6272227764129639,0.311471164226532,0.6461156606674194,0.27582108974456787,0.6088131070137024,0.276980459690094,0.5808984637260437,0.2850119471549988,0.6228368282318115,0.2874763607978821,0.6422394514083862,G
0.30601611733436584,0.731286883354187,0.3508995473384857,0.7102060317993164,0.38234513998031616,0.6515337228775024,0.39887523651123047,0.5939630270004272,0.4066002368927002,0.546716034412384,0.368793249130249,0.5811431407928467,0.3768492341041565,0.5059543251991272,0.37724584341049194,0.45953303575515747,0.3737418055534363,0.4187455177307129,0.33749571442604065,0.584579586982727,0.3354160189628601,0.5484616160392761,0.3341761529445648,0.6097251772880554,0.33453109860420227,0.6365175843238831,0.3071221709251404,0.5945308208465576,0.3041956126689911,0.5671903491020203,0.30891433358192444,0.628113865852356,0.31170228123664856,0.6486334800720215,0.2761102318763733,0.6096490621566772,0.27703967690467834,0.5819870829582214,0.2850043475627899,0.6249263882637024,0.2873775362968445,0.644830584526062,G
0.30770033597946167,0.7282743453979492,0.3527149260044098,0.7056163549423218,0.3836769759654999,0.6479927897453308,0.4000641107559204,0.5922868251800537,0.4085403382778168,0.5470067262649536,0.3702737092971802,0.5812945365905762,0.3788561522960663,0.5055735111236572,0.37975430488586426,0.45923012495040894,0.3767348825931549,0.4195147752761841,0.33952367305755615,0.583588182926178,0.33739158511161804,0.5452197790145874,0.3363932967185974,0.6032764911651611,0.3366892635822296,0.633841335773468,0.30942800641059875,0.5938686728477478,0.30679842829704285,0.5641652345657349,0.31103238463401794,0.6223140954971313,0.3138155937194824,0.6461710333824158,0.2785574197769165,0.6092780828475952,0.27981942892074585,0.5803843140602112,0.28660139441490173,0.6209312677383423,0.2892782986164093,0.6413236856460571,G
0.3070042133331299,0.7250041961669922,0.3522844612598419,0.7067488431930542,0.38467660546302795,0.6475016474723816,0.40234360098838806,0.5901921987533569,0.4093940854072571,0.5457817912101746,0.37127313017845154,0.5802444219589233,0.38000550866127014,0.5053748488426208,0.38091737031936646,0.4589683413505554,0.3777894973754883,0.41851818561553955,0.340345561504364,0.5823589563369751,0.3390636146068573,0.5432218909263611,0.3372800350189209,0.6033423542976379,0.3367564082145691,0.6325076818466187,0.31029924750328064,0.5916393995285034,0.3084241449832916,0.5606333017349243,0.31251785159111023,0.6201362609863281,0.3145084083080292,0.6430284380912781,0.2791720926761627,0.6060824394226074,0.2813210189342499,0.5774690508842468,0.2879430055618286,0.6189611554145813,0.2897408604621887,0.6389919519424438,G
0.3061959743499756,0.7252033948898315,0.3512062728404999,0.7039304971694946,0.38437873125076294,0.6441202759742737,0.40281054377555847,0.5867459177970886,0.4066186249256134,0.5403482913970947,0.37051165103912354,0.5792837738990784,0.37925198674201965,0.5049821734428406,0.37996384501457214,0.4583241939544678,0.37701499462127686,0.4182583689689636,0.340006023645401,0.5806543231010437,0.339173287153244,0.5409302115440369,0.33665767312049866,0.598788857460022,0.3359084725379944,0.6314616799354553,0.31004732847213745,0.5902086496353149,0.30773887038230896,0.5585247278213501,0.31096547842025757,0.6162312626838684,0.31342658400535583,0.642012357711792,0.279435396194458,0.604881763458252,0.2814479470252991,0.5766892433166504,0.2869488596916199,0.6166911125183105,0.2891027331352234,0.6372907161712646,G
0.30610641837120056,0.7236944437026978,0.3520973324775696,0.7017101645469666,0.3844311833381653,0.6429264545440674,0.40241944789886475,0.586661159992218,0.4060079753398895,0.5405904054641724,0.36958804726600647,0.5786749720573425,0.37913376092910767,0.5042885541915894,0.3806445896625519,0.4586334228515625,0.3780125379562378,0.41873466968536377,0.3393844664096832,0.5794963836669922,0.33899784088134766,0.5395243763923645,0.3371463119983673,0.5975344777107239,0.3357274830341339,0.6309361457824707,0.3092947006225586,0.5891647934913635,0.30832645297050476,0.5570710301399231,0.311777263879776,0.6151443719863892,0.313265323638916,0.6412448883056641,0.2782856523990631,0.6041576862335205,0.2817476689815521,0.5754795074462891,0.28756579756736755,0.6153913140296936,0.2888737916946411,0.6361069083213806,G
0.30605995655059814,0.7209112644195557,0.35183390974998474,0.7012395858764648,0.38430050015449524,0.642045795917511,0.40261825919151306,0.5855023860931396,0.406805157661438,0.5397719740867615,0.3703625798225403,0.5760592818260193,0.3798203468322754,0.5018616914749146,0.3810272812843323,0.45552361011505127,0.37815481424331665,0.4158782958984375,0.34018951654434204,0.5770567655563354,0.34044861793518066,0.5384420156478882,0.3375578820705414,0.5977740287780762,0.3362388014793396,0.6291235685348511,0.3103487491607666,0.5857231020927429,0.30933526158332825,0.55422043800354,0.312372088432312,0.6125152707099915,0.3140813708305359,0.6370052695274353,0.27952373027801514,0.5998803377151489,0.2826189696788788,0.5727501511573792,0.2882177233695984,0.6137367486953735,0.28955918550491333,0.634222686290741,G
0.30605536699295044,0.7204373478889465,0.35137939453125,0.6997337341308594,0.3844151794910431,0.6410056352615356,0.4030655324459076,0.5842740535736084,0.4064618945121765,0.5376428365707397,0.37119871377944946,0.5756740570068359,0.38056015968322754,0.5014350414276123,0.3818957805633545,0.4552604556083679,0.37921279668807983,0.4148867726325989,0.34065812826156616,0.5767687559127808,0.34006962180137634,0.5372218489646912,0.33757251501083374,0.5964986085891724,0.3367561399936676,0.6267816424369812,0.31056004762649536,0.5852004885673523,0.3088403344154358,0.5527344346046448,0.3120690882205963,0.6114633083343506,0.3141961097717285,0.6351861357688904,0.2796880602836609,0.5988911390304565,0.2825203239917755,0.5704329013824463,0.2880248725414276,0.6109683513641357,0.28923746943473816,0.631091833114624,G
0.30432114005088806,0.7175458669662476,0.3506457805633545,0.697293221950531,0.38319388031959534,0.638608455657959,0.40051722526550293,0.5824049115180969,0.4063483476638794,0.5371914505958557,0.3701595366001129,0.5725477337837219,0.38038045167922974,0.4977574646472931,0.3817499876022339,0.45201605558395386,0.3795139789581299,0.412367045879364,0.33939966559410095,0.573299765586853,0.33863094449043274,0.5347265601158142,0.33483681082725525,0.5924023389816284,0.3333793878555298,0.6246135830879211,0.30926260352134705,0.5820784568786621,0.3067585229873657,0.5516826510429382,0.3094315528869629,0.6090491414070129,0.31220194697380066,0.6337143182754517,0.27883821725845337,0.5964646935462952,0.28093987703323364,0.5682807564735413,0.28606778383255005,0.6080983877182007,0.28847503662109375,0.6283861994743347,G
0.29570481181144714,0.7151916027069092,0.3408392369747162,0.6959937810897827,0.37657803297042847,0.6411666870117188,0.39728301763534546,0.5885248184204102,0.4078957438468933,0.5451791882514954,0.36834752559661865,0.5738921761512756,0.38643312454223633,0.5027818083763123,0.39424532651901245,0.45902442932128906,0.3978734314441681,0.4199530780315399,0.33719000220298767,0.5710585713386536,0.33653414249420166,0.5330360531806946,0.3303678631782532,0.591172993183136,0.32806938886642456,0.6231565475463867,0.3062339425086975,0.5776350498199463,0.30318573117256165,0.5493064522743225,0.3039987087249756,0.6082382798194885,0.3063984215259552,0.6323356628417969,0.2755635380744934,0.5908511281013489,0.27681201696395874,0.5642584562301636,0.28053879737854004,0.6056937575340271,0.2823329567909241,0.6257023215293884,G
0.2793462872505188,0.7094775438308716,0.3234245181083679,0.6990773677825928,0.36447715759277344,0.6496734619140625,0.392428994178772,0.6004488468170166,0.41060781478881836,0.5600680708885193,0.3658527731895447,0.5787811875343323,0.39597034454345703,0.5157451629638672,0.41231995820999146,0.4760049283504486,0.42283472418785095,0.4390392601490021,0.3370557427406311,0.5693332552909851,0.3395887315273285,0.5376148223876953,0.3275601863861084,0.5927642583847046,0.3210706114768982,0.6204082369804382,0.3068476915359497,0.5694921016693115,0.3060324192047119,0.5483907461166382,0.30065983533859253,0.6051040291786194,0.29994556307792664,0.6246867179870605,0.2765020430088043,0.5757726430892944,0.27867597341537476,0.5567852854728699,0.2772819697856903,0.5979615449905396,0.27681437134742737,0.614424467086792,G
0.2806535065174103,0.717461347579956,0.32616597414016724,0.6999664306640625,0.3660483658313751,0.6477525234222412,0.3900093734264374,0.5980061888694763,0.39952361583709717,0.5549181699752808,0.3590962886810303,0.5851288437843323,0.3823144733905792,0.5142673850059509,0.393660306930542,0.4709828794002533,0.4005332589149475,0.43135663866996765,0.32892513275146484,0.5788227319717407,0.33311915397644043,0.5400305986404419,0.3240664303302765,0.5960847735404968,0.31971168518066406,0.6255378127098083,0.29864707589149475,0.5819625854492188,0.2990139126777649,0.5548977255821228,0.29603445529937744,0.6120321750640869,0.2966574728488922,0.6334969401359558,0.2682584524154663,0.5908945798873901,0.27234506607055664,0.5660446286201477,0.27321115136146545,0.6061332821846008,0.27266767621040344,0.6242459416389465,G
0.30584296584129333,0.7405917048454285,0.3491385579109192,0.7118646502494812,0.3807734251022339,0.6505798697471619,0.39472925662994385,0.5934096574783325,0.3963644802570343,0.5491580963134766,0.36294883489608765,0.5881155729293823,0.37090829014778137,0.5128465294837952,0.3714595139026642,0.4667929410934448,0.3688082993030548,0.4248301088809967,0.33282387256622314,0.5926359295845032,0.33022624254226685,0.5533889532089233,0.33058828115463257,0.6096346378326416,0.33274105191230774,0.6390249729156494,0.3036649227142334,0.6041697859764099,0.3009347915649414,0.5735878944396973,0.306926965713501,0.631191074848175,0.31178221106529236,0.6541520953178406,0.2743242383003235,0.6212194561958313,0.2759932577610016,0.5910557508468628,0.2841668426990509,0.6300448775291443,0.28757405281066895,0.6501593589782715,G
0.3137325048446655,0.7524490356445312,0.3571557104587555,0.7204931378364563,0.3860728442668915,0.6551336646080017,0.3968256413936615,0.5969674587249756,0.39627552032470703,0.5520160794258118,0.3639272451400757,0.5957641005516052,0.3688335716724396,0.5191783905029297,0.3675435781478882,0.4720195531845093,0.36274561285972595,0.43065768480300903,0.33388757705688477,0.602020263671875,0.33020246028900146,0.5611170530319214,0.3337305188179016,0.617301344871521,0.3360033631324768,0.6492635607719421,0.3050564229488373,0.6168035268783569,0.30086395144462585,0.5855050683021545,0.3099425137042999,0.6427325010299683,0.3144938051700592,0.6674624681472778,0.27595871686935425,0.637202799320221,0.2761320471763611,0.605777382850647,0.28681814670562744,0.644118070602417,0.29127761721611023,0.6650159358978271,G
0.31365832686424255,0.7487326860427856,0.35916873812675476,0.7238510251045227,0.3867591917514801,0.6581651568412781,0.40072357654571533,0.5984944701194763,0.4020950496196747,0.5537147521972656,0.36741700768470764,0.5944774746894836,0.3726896643638611,0.5174106359481812,0.3718416690826416,0.47108447551727295,0.3675600290298462,0.43136805295944214,0.3367285132408142,0.6006617546081543,0.33265113830566406,0.5621106028556824,0.3354901671409607,0.6219382882118225,0.337588369846344,0.6529395580291748,0.30738022923469543,0.6146801710128784,0.3034583628177643,0.5854650735855103,0.31188318133354187,0.6445148587226868,0.31563615798950195,0.6673490405082703,0.27734503149986267,0.6339788436889648,0.2777215242385864,0.6062237620353699,0.28696566820144653,0.646714985370636,0.2901886999607086,0.6659691333770752,G
0.30795741081237793,0.746649980545044,0.3542652428150177,0.721290647983551,0.3842197060585022,0.6561710238456726,0.3995878994464874,0.5959164500236511,0.4005542993545532,0.5493218898773193,0.3665238916873932,0.5924631953239441,0.37346741557121277,0.5162237882614136,0.37311628460884094,0.4703335165977478,0.3695663809776306,0.42923998832702637,0.3353672921657562,0.596675455570221,0.3334709107875824,0.5572499632835388,0.3343445360660553,0.6186746954917908,0.3349344730377197,0.6478258967399597,0.30553770065307617,0.6081438660621643,0.3030785322189331,0.5791397094726562,0.31015443801879883,0.6402173042297363,0.31340301036834717,0.6607078909873962,0.2754792273044586,0.6252862215042114,0.27712756395339966,0.5992035865783691,0.2856501340866089,0.6408226490020752,0.28793004155158997,0.6591424942016602,G
0.30567505955696106,0.7430768013000488,0.350462406873703,0.7160940766334534,0.37986963987350464,0.6524584889411926,0.39555078744888306,0.5937013030052185,0.3988318145275116,0.5475836396217346,0.3637763261795044,0.5882505774497986,0.3708871901035309,0.512098491191864,0.37122249603271484,0.4655602276325226,0.3676431179046631,0.4243205189704895,0.33250802755355835,0.5926461815834045,0.330426961183548,0.5523571372032166,0.3308754563331604,0.614861011505127,0.3319096267223358,0.6428781151771545,0.30269134044647217,0.6037096977233887,0.29929953813552856,0.5738629698753357,0.30661794543266296,0.6352716088294983,0.31091439723968506,0.6558772325515747,0.27295589447021484,0.6207695603370667,0.27319031953811646,0.5932970643043518,0.281689316034317,0.6349324584007263,0.28440749645233154,0.6539584994316101,G
0.3049817681312561,0.7414961457252502,0.3511703610420227,0.715530514717102,0.3813757598400116,0.6521917581558228,0.39462995529174805,0.5932340621948242,0.39497244358062744,0.5485469102859497,0.3630656898021698,0.5895422697067261,0.36975547671318054,0.5129914283752441,0.36951807141304016,0.4666421413421631,0.3657296895980835,0.4264805018901825,0.3320610821247101,0.5941880345344543,0.3291146755218506,0.5540040731430054,0.3296836316585541,0.6137965321540833,0.33007705211639404,0.6439915895462036,0.30248990654945374,0.6066909432411194,0.29888370633125305,0.5754051208496094,0.30530163645744324,0.6356071829795837,0.3082483112812042,0.6584442853927612,0.2721010148525238,0.6248558163642883,0.27210351824760437,0.5953168272972107,0.28084757924079895,0.6363728046417236,0.2834166884422302,0.6557874083518982,G
0.30554941296577454,0.7447479963302612,0.3502613306045532,0.7170675992965698,0.380411833524704,0.6531621217727661,0.39406442642211914,0.5949762463569641,0.39492157101631165,0.548432469367981,0.36210259795188904,0.5903143882751465,0.368782103061676,0.5143017768859863,0.36854222416877747,0.4677188992500305,0.36467552185058594,0.4272053837776184,0.3313673138618469,0.5943231582641602,0.32862958312034607,0.5553438663482666,0.3298052251338959,0.612184464931488,0.3306162357330322,0.6448479294776917,0.30174607038497925,0.607402503490448,0.29870033264160156,0.5780754685401917,0.3048451542854309,0.6356509327888489,0.30810269713401794,0.6602514982223511,0.27176806330680847,0.6258023381233215,0.2730329632759094,0.5970046520233154,0.2810615301132202,0.6363130807876587,0.28406429290771484,0.6561409831047058,G
0.3087945878505707,0.7431808114051819,0.3528536558151245,0.7140344381332397,0.38043326139450073,0.6483353972434998,0.3907177448272705,0.5885211825370789,0.3911542594432831,0.5434542298316956,0.36047694087028503,0.5878580808639526,0.36334529519081116,0.5107550024986267,0.36109185218811035,0.46407437324523926,0.35549816489219666,0.4234652817249298,0.32978397607803345,0.5938020348548889,0.324444442987442,0.5542941093444824,0.32683202624320984,0.6128025650978088,0.3292401134967804,0.6451684236526489,0.3008759617805481,0.6070703864097595,0.2946084439754486,0.5766061544418335,0.3036086857318878,0.6349868774414062,0.30973687767982483,0.6595401763916016,0.2723764479160309,0.6263035535812378,0.2707061767578125,0.5976993441581726,0.2806780934333801,0.6367484927177429,0.28589755296707153,0.6566959023475647,G
0.3154044449329376,0.7523506879806519,0.35643160343170166,0.7173716425895691,0.3817136287689209,0.650141716003418,0.390489399433136,0.5902336239814758,0.38574880361557007,0.5451671481132507,0.3582376539707184,0.5885729193687439,0.3572627604007721,0.5117118954658508,0.3521767854690552,0.46513038873672485,0.34366029500961304,0.4242544174194336,0.3279898166656494,0.598186731338501,0.3204115331172943,0.5619769096374512,0.3260197043418884,0.6208161115646362,0.3300911486148834,0.6480411291122437,0.29933619499206543,0.6143560409545898,0.2909753918647766,0.586679220199585,0.30323681235313416,0.6445221900939941,0.3102344274520874,0.6648844480514526,0.2716924250125885,0.6364773511886597,0.26756155490875244,0.6081846356391907,0.2809498608112335,0.6467317342758179,0.2872035801410675,0.6661795377731323,G
0.31717827916145325,0.7542185187339783,0.3600498139858246,0.7189604043960571,0.382453978061676,0.649737536907196,0.38951316475868225,0.5887982845306396,0.3855151832103729,0.5429731011390686,0.3579770028591156,0.5896137952804565,0.35635435581207275,0.5126699805259705,0.3501495122909546,0.46629518270492554,0.34066322445869446,0.4269552528858185,0.3280485272407532,0.5997890830039978,0.31933149695396423,0.5616152286529541,0.326251745223999,0.6204954385757446,0.3313438296318054,0.6512901782989502,0.2997884154319763,0.6172360777854919,0.2908781170845032,0.589127779006958,0.304399698972702,0.647364616394043,0.31206247210502625,0.6694414615631104,0.272348016500473,0.6408255100250244,0.26795366406440735,0.6118350028991699,0.2816796600818634,0.6509270668029785,0.288533091545105,0.6707974672317505,G
0.31709566712379456,0.75596022605896,0.3597431182861328,0.7191424369812012,0.3815409541130066,0.6508430242538452,0.38920068740844727,0.5896637439727783,0.38417643308639526,0.5434501767158508,0.3574102520942688,0.5914174914360046,0.3554072380065918,0.5142263174057007,0.3488915264606476,0.4674259126186371,0.33912378549575806,0.4281877279281616,0.32762613892555237,0.6013773083686829,0.31880566477775574,0.5624223351478577,0.3256900906562805,0.6201527714729309,0.3308931589126587,0.6516894698143005,0.2995603680610657,0.6190537810325623,0.29072242975234985,0.5888233780860901,0.30402740836143494,0.6453682780265808,0.31177598237991333,0.6698402762413025,0.27219676971435547,0.642889142036438,0.2677381634712219,0.612349271774292,0.2809647023677826,0.6497190594673157,0.2879977822303772,0.6705112457275391,G
0.31568679213523865,0.7493776082992554,0.35592779517173767,0.7130311131477356,0.37646523118019104,0.6439175009727478,0.3804655075073242,0.5817902684211731,0.37303626537323,0.5360367894172668,0.3501600921154022,0.5834766030311584,0.34202247858047485,0.5062209963798523,0.33237966895103455,0.4612147808074951,0.31986698508262634,0.42272162437438965,0.3204393684864044,0.5972891449928284,0.30939751863479614,0.5604013800621033,0.31895843148231506,0.6212877631187439,0.32562723755836487,0.6467010974884033,0.2934611439704895,0.6157392859458923,0.2821214497089386,0.5888172388076782,0.2986571192741394,0.6458424925804138,0.3078957796096802,0.6642341613769531,0.2678016424179077,0.6392046809196472,0.2619597911834717,0.6110016107559204,0.276925265789032,0.6486685276031494,0.2840181589126587,0.6672155261039734,G
0.31677550077438354,0.7506240010261536,0.35737401247024536,0.7128698229789734,0.37812381982803345,0.6424829959869385,0.38048991560935974,0.5801710486412048,0.37210753560066223,0.5355349183082581,0.34862834215164185,0.5824891924858093,0.3415203392505646,0.5054836273193359,0.33203423023223877,0.46091416478157043,0.3194734454154968,0.4231099784374237,0.3189467489719391,0.5963502526283264,0.30749204754829407,0.5609370470046997,0.3180466294288635,0.6199605464935303,0.3251170217990875,0.6473903059959412,0.2917259931564331,0.6161883473396301,0.2806183099746704,0.5893863439559937,0.29778817296028137,0.6463661789894104,0.3069380819797516,0.666312575340271,0.2658165395259857,0.6421386003494263,0.2594285309314728,0.6136735677719116,0.2756083011627197,0.6513472199440002,0.2837083041667938,0.6704933643341064,G
0.31781142950057983,0.756375789642334,0.3572981655597687,0.7150611281394958,0.37814977765083313,0.6456640362739563,0.38026246428489685,0.5840298533439636,0.3723076283931732,0.5376816391944885,0.34815049171447754,0.5865091681480408,0.3403657078742981,0.5099883675575256,0.3307002782821655,0.4648745059967041,0.31784433126449585,0.42651742696762085,0.3187007009983063,0.601486325263977,0.30652710795402527,0.5655010938644409,0.31788793206214905,0.6247954964637756,0.3248198628425598,0.6504653096199036,0.29136085510253906,0.6220942735671997,0.27917301654815674,0.594232439994812,0.2975725531578064,0.6513797044754028,0.3065650463104248,0.6704015135765076,0.2650052011013031,0.6488336324691772,0.2575361728668213,0.6194455027580261,0.2751028835773468,0.6569930911064148,0.2830979526042938,0.6763482689857483,G
0.3157613277435303,0.7513977885246277,0.35769981145858765,0.716112494468689,0.37863782048225403,0.6457212567329407,0.38272249698638916,0.5842207074165344,0.38037264347076416,0.5397224426269531,0.35203462839126587,0.5856837630271912,0.34646496176719666,0.5086442232131958,0.33773374557495117,0.4644109010696411,0.32687318325042725,0.42831873893737793,0.3224630355834961,0.5976219773292542,0.3109948933124542,0.5621843934059143,0.32066774368286133,0.6188358664512634,0.32887372374534607,0.6501803398132324,0.29537874460220337,0.6168309450149536,0.2854982614517212,0.5904567241668701,0.30005210638046265,0.6452345848083496,0.30950337648391724,0.6689860820770264,0.2689475119113922,0.6417219638824463,0.2644364833831787,0.6141638159751892,0.2779174745082855,0.652490496635437,0.28631800413131714,0.6730747818946838,G
0.30768999457359314,0.7537767291069031,0.3500828146934509,0.7218122482299805,0.3786875903606415,0.658481776714325,0.3933931589126587,0.6004611849784851,0.39456725120544434,0.5553441047668457,0.3608958125114441,0.593650758266449,0.36557596921920776,0.5177893042564392,0.3647053837776184,0.4705846309661865,0.3607429563999176,0.4302017092704773,0.3308277428150177,0.5984374284744263,0.32436931133270264,0.5615686774253845,0.32741299271583557,0.6165778040885925,0.33067262172698975,0.6509786248207092,0.30171605944633484,0.6118298768997192,0.29594412446022034,0.5864373445510864,0.3041752278804779,0.6406488418579102,0.3095950484275818,0.6665971875190735,0.27325859665870667,0.630159854888916,0.27288126945495605,0.6044389009475708,0.28131571412086487,0.6437637209892273,0.28611165285110474,0.6649897694587708,G
0.29921019077301025,0.7478228211402893,0.3450281322002411,0.7216387987136841,0.3771432340145111,0.6590912938117981,0.39251071214675903,0.6026178598403931,0.39924806356430054,0.5575346946716309,0.36152148246765137,0.5912076234817505,0.37122008204460144,0.5164523124694824,0.37255099415779114,0.47198915481567383,0.37044304609298706,0.4315880835056305,0.3304666578769684,0.5947893261909485,0.32517483830451965,0.5581713318824768,0.3258035480976105,0.6187684535980225,0.32827532291412354,0.6471073031425476,0.3005903363227844,0.605175256729126,0.29440557956695557,0.5788763761520386,0.30100494623184204,0.6386991143226624,0.3063143491744995,0.6585546135902405,0.27132412791252136,0.6214954853057861,0.26952916383743286,0.5959799885749817,0.27715760469436646,0.6379918456077576,0.2809862494468689,0.6571823358535767,G
0.29577797651290894,0.7447222471237183,0.34183070063591003,0.7198601365089417,0.37513989210128784,0.660295307636261,0.39128047227859497,0.6045097708702087,0.39814451336860657,0.5598510503768921,0.3607975244522095,0.593779444694519,0.37179315090179443,0.5192989110946655,0.3735964298248291,0.47417593002319336,0.37227895855903625,0.43426620960235596,0.33010798692703247,0.5950506925582886,0.32543739676475525,0.5566540360450745,0.32306721806526184,0.6151061654090881,0.3240773379802704,0.6477083563804626,0.3001992106437683,0.604805588722229,0.2937292158603668,0.5769295692443848,0.2979215085506439,0.6360336542129517,0.3031070828437805,0.6606077551841736,0.2702443301677704,0.6205723881721497,0.2678714692592621,0.5931901335716248,0.2745753824710846,0.6342136263847351,0.2793726623058319,0.6550575494766235,G
0.2916567027568817,0.7472493052482605,0.3356838822364807,0.7250514626502991,0.3706410825252533,0.6705923676490784,0.38954585790634155,0.617444634437561,0.39989638328552246,0.5729701519012451,0.36177128553390503,0.6052437424659729,0.3773271441459656,0.5319404602050781,0.38381919264793396,0.4852738380432129,0.3863539397716522,0.4447464346885681,0.3319788873195648,0.6031284928321838,0.33142226934432983,0.5665062069892883,0.3272019326686859,0.6206698417663574,0.32593682408332825,0.6498147249221802,0.3020183742046356,0.6105278730392456,0.29957565665245056,0.5856527090072632,0.30025941133499146,0.6405744552612305,0.3018067479133606,0.6619145274162292,0.271279513835907,0.6232629418373108,0.2731865644454956,0.5973564982414246,0.27654320001602173,0.6370702981948853,0.2776442766189575,0.6560619473457336,G
0.289994478225708,0.7455962896347046,0.33393335342407227,0.7271312475204468,0.3721897304058075,0.6756156086921692,0.3967221975326538,0.6249740123748779,0.40690892934799194,0.5812886953353882,0.3644702136516571,0.6093880534172058,0.3837783932685852,0.5379922389984131,0.3930298388004303,0.49232447147369385,0.39796459674835205,0.4523952305316925,0.33510491251945496,0.6047835946083069,0.3363410234451294,0.5689992904663086,0.3290973901748657,0.6235824227333069,0.32588720321655273,0.6549718379974365,0.30511900782585144,0.6097957491874695,0.30417105555534363,0.5833489894866943,0.3023759126663208,0.6380028128623962,0.3029250204563141,0.6620000004768372,0.2743721604347229,0.6207936406135559,0.27722498774528503,0.5947118997573853,0.278645783662796,0.6347923874855042,0.27925747632980347,0.656288206577301,G
0.2876805067062378,0.7432117462158203,0.33245664834976196,0.7287299633026123,0.3720380961894989,0.6786141395568848,0.39431002736091614,0.6278583407402039,0.4077220559120178,0.5856330990791321,0.36691945791244507,0.6095216274261475,0.38665735721588135,0.5390568375587463,0.39487025141716003,0.4947125315666199,0.39926981925964355,0.4554094672203064,0.3366285562515259,0.6043877601623535,0.338727742433548,0.5693628787994385,0.32976967096328735,0.6261615753173828,0.32653817534446716,0.6559365391731262,0.3062477707862854,0.608328104019165,0.30568334460258484,0.5842931270599365,0.30244600772857666,0.6414510011672974,0.30351942777633667,0.662893533706665,0.27495938539505005,0.6177139282226562,0.27773284912109375,0.5950576663017273,0.2784477770328522,0.6364352703094482,0.27952662110328674,0.6550726294517517,G
0.28885501623153687,0.7488619089126587,0.33102694153785706,0.7331908345222473,0.37008997797966003,0.6837490797042847,0.3932575583457947,0.6342837810516357,0.40879160165786743,0.5914857387542725,0.36637330055236816,0.6154232025146484,0.38822266459465027,0.5449289083480835,0.39853858947753906,0.5012643933296204,0.4042994976043701,0.46122363209724426,0.3364185690879822,0.6106905937194824,0.3400299847126007,0.5785934329032898,0.33132919669151306,0.6339502930641174,0.3271431028842926,0.6597066521644592,0.30588629841804504,0.614971935749054,0.3072966933250427,0.5912848711013794,0.30405253171920776,0.6480151414871216,0.30376875400543213,0.6667324304580688,0.2745150029659271,0.6243529915809631,0.2801629304885864,0.600493848323822,0.2814512252807617,0.6418202519416809,0.28078991174697876,0.6593277454376221,G
0.288749098777771,0.749930202960968,0.33319833874702454,0.7359305024147034,0.3727782368659973,0.6848236322402954,0.3946624994277954,0.6342070698738098,0.40828055143356323,0.5913115739822388,0.3662433922290802,0.6157844066619873,0.3867044150829315,0.5446915626525879,0.39585497975349426,0.5008831024169922,0.40080946683883667,0.4612729549407959,0.3354544937610626,0.6110438704490662,0.34027814865112305,0.5790484547615051,0.3317703604698181,0.6341000199317932,0.3264622390270233,0.6634501814842224,0.3043859302997589,0.6162224411964417,0.30745434761047363,0.5945838689804077,0.30401960015296936,0.6507062315940857,0.30287548899650574,0.6718190908432007,0.27236783504486084,0.6265957355499268,0.2793983817100525,0.6041848659515381,0.2807115316390991,0.64515620470047,0.28011220693588257,0.6630789041519165,G
0.2904527187347412,0.7519515156745911,0.3349006474018097,0.7365230321884155,0.3733823001384735,0.6825021505355835,0.39418885111808777,0.6300215721130371,0.4046257734298706,0.5850350260734558,0.3650387227535248,0.6152086853981018,0.3834025263786316,0.5426908135414124,0.39093706011772156,0.4981069564819336,0.39416590332984924,0.45688629150390625,0.3334370255470276,0.6121951937675476,0.3392806053161621,0.5794793367385864,0.331539511680603,0.6391168236732483,0.32721322774887085,0.6627278327941895,0.3024658262729645,0.6173397302627563,0.3067946135997772,0.5935909152030945,0.30449584126472473,0.6537914872169495,0.30373939871788025,0.6696845293045044,0.27048495411872864,0.6276616454124451,0.2783280909061432,0.6049107909202576,0.2807537317276001,0.6476048827171326,0.2790635824203491,0.6629732251167297,G
0.29272380471229553,0.7526071071624756,0.3374042510986328,0.7354151010513306,0.37490400671958923,0.6823003888130188,0.3957720100879669,0.6297389268875122,0.4041723310947418,0.5832746624946594,0.3650315999984741,0.6135359406471252,0.3825789988040924,0.541094958782196,0.389207661151886,0.4965406656265259,0.39159858226776123,0.4557496905326843,0.33383485674858093,0.6108905673027039,0.33842960000038147,0.5780951976776123,0.3315925598144531,0.6366413831710815,0.3274257779121399,0.6631713509559631,0.30284029245376587,0.6171857118606567,0.3060322701931,0.59404057264328,0.30500856041908264,0.6526601910591125,0.3045370578765869,0.6711056232452393,0.2709381878376007,0.6288993954658508,0.2780440151691437,0.6066622734069824,0.2816411256790161,0.6482266187667847,0.28099027276039124,0.6648547053337097,G
0.2920713424682617,0.7505747675895691,0.33784347772598267,0.7329835295677185,0.37478095293045044,0.6770238876342773,0.3950237035751343,0.6221697330474854,0.4030002951622009,0.5767333507537842,0.36396700143814087,0.6114652156829834,0.3795645236968994,0.5371382832527161,0.3846696615219116,0.4914839565753937,0.38593536615371704,0.4501299262046814,0.33280396461486816,0.6095276474952698,0.3362925946712494,0.5740464925765991,0.3301911950111389,0.6329311728477478,0.3269786238670349,0.6611878275871277,0.3021322190761566,0.6158392429351807,0.30369094014167786,0.5915548205375671,0.30350029468536377,0.6510097980499268,0.30448418855667114,0.6707612872123718,0.27051955461502075,0.6275968551635742,0.27558189630508423,0.6042008996009827,0.2792392373085022,0.6462864875793457,0.2798033654689789,0.6638167500495911,G
0.29580381512641907,0.7516336441040039,0.3404030501842499,0.7311913371086121,0.3751583695411682,0.6733629703521729,0.3927631378173828,0.6175165176391602,0.40166881680488586,0.5712801814079285,0.3632909655570984,0.6073712706565857,0.3760277032852173,0.532436192035675,0.380191445350647,0.4859721064567566,0.3802824020385742,0.44440266489982605,0.33146458864212036,0.6076071858406067,0.33376431465148926,0.5727961659431458,0.3298160433769226,0.6321638822555542,0.3276297152042389,0.6589643359184265,0.30053606629371643,0.6156536936759949,0.30135107040405273,0.5904901623725891,0.3033771812915802,0.6503530144691467,0.3048574924468994,0.6690636873245239,0.26909980177879333,0.62917160987854,0.2738550305366516,0.6052048802375793,0.2794291377067566,0.6471863389015198,0.28014200925827026,0.6641174554824829,G
0.2951492965221405,0.7505881190299988,0.3401157855987549,0.7305462956428528,0.37521955370903015,0.6731724739074707,0.39323344826698303,0.6182892322540283,0.4007478356361389,0.572363018989563,0.36233922839164734,0.6068679690361023,0.37551432847976685,0.5322755575180054,0.3790731728076935,0.4870166778564453,0.3790208697319031,0.44552141427993774,0.33126381039619446,0.6076520681381226,0.33298131823539734,0.573175847530365,0.3296191692352295,0.6321505308151245,0.3279685080051422,0.6597075462341309,0.30091291666030884,0.6160075068473816,0.301900714635849,0.5916901230812073,0.30390965938568115,0.6509199738502502,0.30531394481658936,0.6696503162384033,0.2697847783565521,0.6292276978492737,0.2750627398490906,0.6048521399497986,0.2807137370109558,0.646856963634491,0.2817852199077606,0.6646672487258911,G
0.2955971658229828,0.7504488825798035,0.34073007106781006,0.7293339967727661,0.37560951709747314,0.670793354511261,0.3933022618293762,0.6159665584564209,0.39852234721183777,0.5700174570083618,0.361787348985672,0.6069298386573792,0.37426647543907166,0.5312926769256592,0.37756744027137756,0.4850340485572815,0.37695252895355225,0.44365260004997253,0.3299514651298523,0.6075456142425537,0.3327397108078003,0.5716347694396973,0.3295021951198578,0.6298996806144714,0.32694992423057556,0.6587887406349182,0.29886394739151,0.6166065335273743,0.30081281065940857,0.590937614440918,0.3027447462081909,0.6497305035591125,0.3031608462333679,0.6700940728187561,0.2670176327228546,0.6305489540100098,0.2733798325061798,0.6056362986564636,0.2786087989807129,0.6469582915306091,0.2784214913845062,0.6641786098480225,G
0.2946125864982605,0.748073399066925,0.339233934879303,0.7292206883430481,0.37302809953689575,0.6682602763175964,0.3897084593772888,0.6107169985771179,0.39629632234573364,0.5659484267234802,0.3600756525993347,0.6036050915718079,0.3713884651660919,0.5281133055686951,0.37402528524398804,0.481960654258728,0.3727778494358063,0.44085249304771423,0.3283683657646179,0.6052501201629639,0.33053451776504517,0.5684382915496826,0.32734087109565735,0.6301696300506592,0.32562538981437683,0.6567153930664062,0.29804757237434387,0.6139078140258789,0.2985224723815918,0.5875449180603027,0.30152684450149536,0.6489291191101074,0.30293008685112,0.6679659485816956,0.26684895157814026,0.6277317404747009,0.2710731327533722,0.6026602983474731,0.27699875831604004,0.6456351280212402,0.2775096595287323,0.6630962491035461,G
0.2970433831214905,0.74605393409729,0.34261855483055115,0.7237949967384338,0.376272052526474,0.6660435199737549,0.3914591372013092,0.6090569496154785,0.3975140154361725,0.562219500541687,0.3604048490524292,0.6018900275230408,0.37097352743148804,0.5267412066459656,0.3733028471469879,0.47990888357162476,0.3720802068710327,0.4383399486541748,0.32964375615119934,0.6038693189620972,0.3301190435886383,0.5667367577552795,0.328434020280838,0.6243616938591003,0.3277403712272644,0.6534045338630676,0.29973188042640686,0.6140508055686951,0.2993547320365906,0.5861658453941345,0.30240440368652344,0.6438831686973572,0.3043079376220703,0.6639645099639893,0.2688351571559906,0.6294098496437073,0.2723383605480194,0.6022274494171143,0.2781445384025574,0.642509400844574,0.27938804030418396,0.6604706645011902,G
0.29659411311149597,0.7455066442489624,0.341705858707428,0.72608882188797,0.375832736492157,0.6670437455177307,0.3914046287536621,0.6096470952033997,0.3983724117279053,0.5630038976669312,0.3608724772930145,0.6012941002845764,0.37132784724235535,0.5265289545059204,0.37342119216918945,0.47995781898498535,0.37193045020103455,0.43898484110832214,0.3297572135925293,0.6034414768218994,0.33014002442359924,0.5658115148544312,0.3291184604167938,0.624983012676239,0.32883915305137634,0.654022753238678,0.2997414469718933,0.6136023998260498,0.2988782227039337,0.5859993696212769,0.30290284752845764,0.6452333927154541,0.30511727929115295,0.6652785539627075,0.26868826150894165,0.6284732222557068,0.2716517150402069,0.6017792820930481,0.27819621562957764,0.6432567834854126,0.27985095977783203,0.660631000995636,G
0.3020840883255005,0.7464371919631958,0.34535127878189087,0.7234886884689331,0.37832796573638916,0.6644571423530579,0.39437082409858704,0.6101232767105103,0.40117689967155457,0.5649988651275635,0.36258381605148315,0.5994080901145935,0.37350985407829285,0.5248252153396606,0.37652307748794556,0.4791903495788574,0.37569868564605713,0.4386187791824341,0.3315454423427582,0.6021825671195984,0.33384037017822266,0.5683952569961548,0.3332515358924866,0.6267118453979492,0.33164215087890625,0.6548766493797302,0.30167755484580994,0.6132498383522034,0.3026110529899597,0.5886012315750122,0.3068532943725586,0.6463728547096252,0.3076711595058441,0.6653593182563782,0.27112695574760437,0.6292049884796143,0.2760724723339081,0.6041609644889832,0.2827506959438324,0.6451412439346313,0.28301098942756653,0.6627230644226074,G
0.29946646094322205,0.7468255162239075,0.3451009690761566,0.7284730672836304,0.3782576024532318,0.6672455072402954,0.3941356837749481,0.6100347638130188,0.40196335315704346,0.5651559233665466,0.3634147644042969,0.6016706824302673,0.3744173049926758,0.5261992812156677,0.37697601318359375,0.4801039695739746,0.3760513365268707,0.43954795598983765,0.3326500952243805,0.6044496893882751,0.3349040746688843,0.5668606758117676,0.33298829197883606,0.6267719864845276,0.331058531999588,0.6575989723205566,0.30242976546287537,0.6156378984451294,0.30393603444099426,0.5888292193412781,0.30719271302223206,0.6486577391624451,0.3079744875431061,0.6692531704902649,0.2708096206188202,0.6317206621170044,0.27603352069854736,0.6062067747116089,0.28234317898750305,0.6489426493644714,0.2827112078666687,0.6666240692138672,G
0.3020724654197693,0.7489905953407288,0.3461509048938751,0.7271138429641724,0.3791255056858063,0.6684681177139282,0.3952057957649231,0.6132320165634155,0.4018732011318207,0.56691575050354,0.36478936672210693,0.6027718186378479,0.3753834366798401,0.5282613635063171,0.3782019019126892,0.4826693832874298,0.37701722979545593,0.4422803521156311,0.33407431840896606,0.6051275134086609,0.335315465927124,0.5689370632171631,0.3341600298881531,0.6272450089454651,0.3329576551914215,0.6559395790100098,0.3043183982372284,0.6156366467475891,0.30410197377204895,0.5900725722312927,0.30796951055526733,0.6480453610420227,0.3094646632671356,0.6674301028251648,0.27382853627204895,0.6309974193572998,0.27766820788383484,0.6054913997650146,0.284297376871109,0.6468654274940491,0.28528621792793274,0.6646188497543335,G
