0.24525806307792664,0.8042654395103455,0.2803070545196533,0.7777992486953735,0.29245129227638245,0.7220740914344788,0.264396995306015,0.6849555373191833,0.2350456416606903,0.6630887389183044,0.29568642377853394,0.645098865032196,0.30791929364204407,0.5810266733169556,0.3144245147705078,0.5416849851608276,0.3181202709674835,0.5083842277526855,0.2643267512321472,0.6413207054138184,0.2557067573070526,0.5764259696006775,0.24712488055229187,0.5355013012886047,0.2392640858888626,0.5005983114242554,0.2379424273967743,0.655101478099823,0.23084129393100739,0.6074491739273071,0.23866432905197144,0.6435405611991882,0.24290235340595245,0.6749257445335388,0.21705928444862366,0.6792091727256775,0.21849922835826874,0.6525785326957703,0.22536347806453705,0.6777748465538025,0.22805288434028625,0.7021499872207642,V
0.24512246251106262,0.8037769794464111,0.2800847291946411,0.7774932980537415,0.29259082674980164,0.7220485806465149,0.2646671533584595,0.684784471988678,0.23519103229045868,0.6629564166069031,0.2957175076007843,0.6454867720603943,0.30792438983917236,0.5813524127006531,0.3144181966781616,0.5420040488243103,0.31795817613601685,0.5088558793067932,0.2643502950668335,0.6413888931274414,0.25542151927948,0.5759766101837158,0.2470407485961914,0.5353266000747681,0.2391759753227234,0.500800371170044,0.23805586993694305,0.6548956632614136,0.2308596670627594,0.6068851351737976,0.23917777836322784,0.6422245502471924,0.24358505010604858,0.6731598973274231,0.21739408373832703,0.6786395311355591,0.21959495544433594,0.6525413393974304,0.22690168023109436,0.6775206327438354,0.22960756719112396,0.7017385363578796,V
0.24485424160957336,0.8022567629814148,0.27893227338790894,0.7747334837913513,0.2913057208061218,0.7211318612098694,0.2639878988265991,0.6838230490684509,0.23560090363025665,0.6602439880371094,0.2946579158306122,0.6443037986755371,0.3072204887866974,0.5805183053016663,0.31383970379829407,0.5411540865898132,0.317599892616272,0.507807731628418,0.26379910111427307,0.6403461694717407,0.2563367784023285,0.5763336420059204,0.24795755743980408,0.5351217985153198,0.24020294845104218,0.4998564124107361,0.23727475106716156,0.6536775231361389,0.23015056550502777,0.606934130191803,0.23793283104896545,0.642832338809967,0.24215920269489288,0.6750870943069458,0.21584171056747437,0.6772158145904541,0.21677936613559723,0.6500152349472046,0.22309750318527222,0.6736828088760376,0.22507470846176147,0.6979373693466187,V
0.24424847960472107,0.7944794297218323,0.2768085300922394,0.7650477886199951,0.2886311411857605,0.7105191349983215,0.2609975039958954,0.6728138327598572,0.23211777210235596,0.6502172350883484,0.29349830746650696,0.636655867099762,0.3049248158931732,0.5722635984420776,0.311554491519928,0.5328199863433838,0.3158849775791168,0.4993768334388733,0.26261115074157715,0.6328005194664001,0.25382956862449646,0.5684962868690491,0.24527204036712646,0.5288986563682556,0.23742039501667023,0.4940842390060425,0.23561610281467438,0.6463017463684082,0.2276727259159088,0.5953375101089478,0.2358594536781311,0.6315521597862244,0.2402992695569992,0.6636565327644348,0.21354565024375916,0.6713235378265381,0.21333074569702148,0.6413072943687439,0.22143110632896423,0.6660745143890381,0.2250502109527588,0.6908867955207825,V
0.24717804789543152,0.782057523727417,0.2808576822280884,0.7503248453140259,0.2925957143306732,0.6941270232200623,0.26451295614242554,0.651942253112793,0.23555323481559753,0.6291066408157349,0.2990902364253998,0.6260197758674622,0.31029045581817627,0.5611715912818909,0.3162578046321869,0.520063042640686,0.32021358609199524,0.48535269498825073,0.2685835659503937,0.6217480301856995,0.2599015533924103,0.555518388748169,0.2517123222351074,0.5131524205207825,0.2449619472026825,0.4773000478744507,0.24168661236763,0.6335393190383911,0.23569539189338684,0.5840260982513428,0.24274109303951263,0.6132356524467468,0.2455911487340927,0.6411807537078857,0.21840867400169373,0.6545764207839966,0.21977172791957855,0.6196227073669434,0.22837603092193604,0.6429038643836975,0.2320193648338318,0.6688509583473206,V
0.26292070746421814,0.7746572494506836,0.29622340202331543,0.7430550456047058,0.3090061843395233,0.6841882467269897,0.27921852469444275,0.6427056193351746,0.24888762831687927,0.622454822063446,0.31376054883003235,0.6164152026176453,0.32627129554748535,0.5520864129066467,0.3324417471885681,0.5119664669036865,0.33695197105407715,0.4779849350452423,0.2817298173904419,0.6135826706886292,0.2736144959926605,0.5470061302185059,0.26707515120506287,0.5047112107276917,0.2612895965576172,0.4687623977661133,0.25394517183303833,0.6264401078224182,0.25129571557044983,0.5770946145057678,0.2599291205406189,0.6108803749084473,0.26246726512908936,0.6397772431373596,0.22992148995399475,0.6480019688606262,0.23368825018405914,0.612179696559906,0.2425043284893036,0.6387936472892761,0.24479016661643982,0.6653897166252136,V
0.27028459310531616,0.7687669992446899,0.3030513823032379,0.737464427947998,0.3172975182533264,0.6816744208335876,0.2887265682220459,0.6397147178649902,0.25952449440956116,0.6149605512619019,0.31984657049179077,0.6115984320640564,0.33220914006233215,0.5471400022506714,0.33953502774238586,0.5071268081665039,0.34444814920425415,0.4731404781341553,0.28851982951164246,0.6082080006599426,0.28052353858947754,0.540678858757019,0.27441832423210144,0.49976861476898193,0.2683092951774597,0.46435001492500305,0.2611156105995178,0.6206483244895935,0.2564767301082611,0.5720134973526001,0.2643051743507385,0.6073352694511414,0.26669907569885254,0.6375558972358704,0.23709967732429504,0.6426596641540527,0.23962333798408508,0.6118029356002808,0.2492475062608719,0.636122465133667,0.25262194871902466,0.6603420972824097,V
0.2711940109729767,0.7676857113838196,0.30393800139427185,0.738278865814209,0.3154485821723938,0.6822410821914673,0.2849399447441101,0.6416559815406799,0.25410401821136475,0.6188327670097351,0.31745511293411255,0.6106497049331665,0.32821395993232727,0.5448023676872253,0.3339536190032959,0.5051493644714355,0.3369861841201782,0.4712511897087097,0.2856978178024292,0.6073701977729797,0.2773374915122986,0.5414648652076721,0.26999062299728394,0.4993678033351898,0.26219210028648376,0.46320849657058716,0.2585360109806061,0.6207663416862488,0.25351181626319885,0.570919394493103,0.26295748353004456,0.6027587056159973,0.26634493470191956,0.6326655745506287,0.23565632104873657,0.6440806984901428,0.23799224197864532,0.6142486333847046,0.24815616011619568,0.6349496245384216,0.2522067725658417,0.6564589142799377,V
0.2828243672847748,0.7593927979469299,0.31395208835601807,0.7278703451156616,0.3265751004219055,0.6710605025291443,0.2976086139678955,0.6292222738265991,0.26983949542045593,0.6054828763008118,0.33023253083229065,0.6047433018684387,0.34185630083084106,0.5378227233886719,0.34801262617111206,0.4980720281600952,0.35216328501701355,0.4640349745750427,0.2991819381713867,0.6016082763671875,0.29121074080467224,0.5322800874710083,0.2837618589401245,0.4911419451236725,0.2775568962097168,0.4554848074913025,0.2731783986091614,0.6144914031028748,0.26540693640708923,0.5618270635604858,0.27164581418037415,0.5951144695281982,0.274941623210907,0.625238299369812,0.2519626319408417,0.6371977925300598,0.2521537244319916,0.6076043248176575,0.26033100485801697,0.6304524540901184,0.264313280582428,0.6537021994590759,V
0.291489839553833,0.7536096572875977,0.32328346371650696,0.7219129204750061,0.33703508973121643,0.6670957803726196,0.30971843004226685,0.6249059438705444,0.2821560502052307,0.6001726388931274,0.34080687165260315,0.5996856093406677,0.35306262969970703,0.5336298942565918,0.35944804549217224,0.49329873919487,0.3641434609889984,0.45851606130599976,0.31008294224739075,0.595683753490448,0.30287739634513855,0.5273444056510925,0.2959989905357361,0.48517096042633057,0.2902504801750183,0.4490658640861511,0.2839166820049286,0.6075592637062073,0.2759821116924286,0.5547683835029602,0.2823144495487213,0.5860357284545898,0.28585541248321533,0.6163501143455505,0.26188910007476807,0.6292192339897156,0.26070886850357056,0.5961645245552063,0.2679993510246277,0.616462230682373,0.27156615257263184,0.6401900053024292,V
0.2949579954147339,0.7463295459747314,0.3280258774757385,0.7147262692451477,0.3410630226135254,0.6597480773925781,0.31349465250968933,0.6177500486373901,0.28654754161834717,0.5918487310409546,0.3464471995830536,0.5932676196098328,0.3579103946685791,0.5283520817756653,0.36429110169410706,0.48845764994621277,0.36891239881515503,0.4543825387954712,0.3162738084793091,0.5899220705032349,0.3086278736591339,0.5216569304466248,0.30197399854660034,0.4807622730731964,0.29598167538642883,0.44632554054260254,0.29034024477005005,0.6016705632209778,0.2837158441543579,0.5507112741470337,0.2903099060058594,0.5825157165527344,0.29293185472488403,0.6108436584472656,0.2679551839828491,0.6225227117538452,0.26750341057777405,0.5870283842086792,0.27429935336112976,0.6089659333229065,0.27684471011161804,0.632543683052063,V
0.3051830530166626,0.750617265701294,0.3405033349990845,0.7177466750144958,0.3531765937805176,0.6599549651145935,0.3265458047389984,0.6175819039344788,0.29913219809532166,0.594789981842041,0.3578745126724243,0.5949472784996033,0.3720110058784485,0.5306085348129272,0.37963077425956726,0.4913673400878906,0.3855840563774109,0.4586116671562195,0.3274681568145752,0.5912652611732483,0.3202795088291168,0.5235898494720459,0.31503188610076904,0.48124921321868896,0.3102457821369171,0.44644075632095337,0.30168160796165466,0.603283703327179,0.2961844503879547,0.5550844669342041,0.3044072389602661,0.5873173475265503,0.30828627943992615,0.6174573302268982,0.27989816665649414,0.6242481470108032,0.2794738709926605,0.5917523503303528,0.2878302037715912,0.6111065745353699,0.2923278510570526,0.6332183480262756,V
0.31350424885749817,0.753373384475708,0.34717077016830444,0.7247804403305054,0.36284035444259644,0.668883204460144,0.3354471027851105,0.6258859634399414,0.3054541051387787,0.5997508764266968,0.36503180861473083,0.5977654457092285,0.379452645778656,0.5328397154808044,0.3879393935203552,0.4933472275733948,0.39418914914131165,0.4598349332809448,0.3337508738040924,0.5934132933616638,0.3269874155521393,0.5237218737602234,0.32146012783050537,0.4812866449356079,0.3154037296772003,0.44478413462638855,0.3075768053531647,0.6058164834976196,0.3002660572528839,0.5551927089691162,0.3097589910030365,0.5909528732299805,0.3147611618041992,0.6219265460968018,0.28487464785575867,0.6282067894935608,0.2854573130607605,0.5973390340805054,0.29479631781578064,0.618887722492218,0.29987257719039917,0.6416262984275818,V
0.3135736584663391,0.7530096769332886,0.3480308949947357,0.7261140942573547,0.3617400527000427,0.6701046228408813,0.3380240499973297,0.626512885093689,0.30984795093536377,0.5994421243667603,0.3659893274307251,0.5988975167274475,0.3805231750011444,0.5338491797447205,0.3888597786426544,0.4945445656776428,0.39446669816970825,0.46077004075050354,0.33515748381614685,0.5936124324798584,0.3281944990158081,0.5233349800109863,0.3228396475315094,0.4811597466468811,0.3168109953403473,0.4442872405052185,0.308602511882782,0.6062014698982239,0.30171820521354675,0.5561612844467163,0.3116501569747925,0.594316303730011,0.31652122735977173,0.625324010848999,0.28611278533935547,0.6304108500480652,0.2882799506187439,0.6004506349563599,0.29689711332321167,0.6237190961837769,0.30042538046836853,0.646213173866272,V
0.3164919316768646,0.756397008895874,0.3509647250175476,0.7272465229034424,0.36443188786506653,0.6704069375991821,0.33864352107048035,0.6279587149620056,0.30912840366363525,0.6042460799217224,0.3698386549949646,0.6015294790267944,0.38559770584106445,0.5376501679420471,0.3945959508419037,0.4986473619937897,0.4006579518318176,0.46562016010284424,0.3385939598083496,0.596617579460144,0.33243629336357117,0.5273283123970032,0.3272981643676758,0.484836220741272,0.3212633728981018,0.4480321407318115,0.31198346614837646,0.6095225811004639,0.30446895956993103,0.5627396106719971,0.31507498025894165,0.5987544059753418,0.3208068609237671,0.6283034682273865,0.2890365421772003,0.632980227470398,0.2901901602745056,0.603918731212616,0.299575537443161,0.6257023215293884,0.30465635657310486,0.6473476886749268,V
0.31571823358535767,0.7588679194450378,0.3506135046482086,0.7333020567893982,0.3630540072917938,0.6743054986000061,0.3361544609069824,0.6324431896209717,0.30579450726509094,0.6101163029670715,0.3682202100753784,0.6030398011207581,0.38430896401405334,0.5400508642196655,0.3936883807182312,0.5025834441184998,0.3994441628456116,0.47025713324546814,0.336916446685791,0.5981942415237427,0.3294990658760071,0.5285773873329163,0.3238227665424347,0.4866405725479126,0.316703736782074,0.4505380392074585,0.3103024661540985,0.6120249032974243,0.3032836318016052,0.5662581324577332,0.31388700008392334,0.6035869121551514,0.31857508420944214,0.6333832740783691,0.2883132994174957,0.6364001631736755,0.29202139377593994,0.6093830466270447,0.30132681131362915,0.6339944005012512,0.30468684434890747,0.6564608216285706,V
0.3121422231197357,0.7645274996757507,0.3472219705581665,0.7378667593002319,0.3574846088886261,0.6822618246078491,0.33007171750068665,0.6430606842041016,0.30171939730644226,0.6197179555892944,0.360716849565506,0.6066451668739319,0.3780602514743805,0.544177770614624,0.3878369629383087,0.5064947605133057,0.3949679136276245,0.473250150680542,0.3295508325099945,0.6026997566223145,0.3209638297557831,0.5338431596755981,0.3123616874217987,0.4910026788711548,0.3038039803504944,0.4553663432598114,0.30339547991752625,0.6174219250679016,0.29563549160957336,0.5730314254760742,0.30565229058265686,0.610393226146698,0.3104139566421509,0.642284631729126,0.2817354202270508,0.6430442333221436,0.28302329778671265,0.6125932335853577,0.2925061583518982,0.637380838394165,0.29715344309806824,0.6621727347373962,V
0.3094208538532257,0.7629163265228271,0.34355029463768005,0.7370722889900208,0.35557299852371216,0.6800512075424194,0.3277534246444702,0.641301691532135,0.29833734035491943,0.6198031902313232,0.359685480594635,0.6065757870674133,0.37655097246170044,0.5436642169952393,0.3872682750225067,0.506502091884613,0.39458948373794556,0.47417640686035156,0.32830968499183655,0.6024858355522156,0.3202749490737915,0.534812331199646,0.31272825598716736,0.492584764957428,0.30448096990585327,0.4554397463798523,0.30227920413017273,0.6165857315063477,0.29488039016723633,0.5697073936462402,0.30495721101760864,0.6077732443809509,0.3099283277988434,0.638765811920166,0.28090164065361023,0.6412686705589294,0.2822153568267822,0.612722635269165,0.29097551107406616,0.6377675533294678,0.29510682821273804,0.6610875129699707,V
0.30792394280433655,0.7636082172393799,0.3421700894832611,0.7384079098701477,0.3537314236164093,0.6811734437942505,0.32693740725517273,0.6416711211204529,0.2981858551502228,0.6182659864425659,0.3579515516757965,0.6061192750930786,0.375296413898468,0.5437142848968506,0.3854979872703552,0.507066547870636,0.392078161239624,0.4752439856529236,0.326865553855896,0.6020157337188721,0.31868496537208557,0.534002959728241,0.31115198135375977,0.49161073565483093,0.30281615257263184,0.4549412429332733,0.3009848892688751,0.6160981059074402,0.29401925206184387,0.5712427496910095,0.30447056889533997,0.6091891527175903,0.3094126582145691,0.6402959227561951,0.2799641191959381,0.6403748989105225,0.2820894122123718,0.6117202639579773,0.2908468246459961,0.6364701390266418,0.29465925693511963,0.6599231362342834,V
0.308341383934021,0.7636879682540894,0.3420349955558777,0.7371802926063538,0.35393857955932617,0.6810635328292847,0.32747310400009155,0.6423792243003845,0.29907163977622986,0.6195118427276611,0.3588031232357025,0.6083257794380188,0.3763613998889923,0.54572594165802,0.3869086802005768,0.5084165930747986,0.3941604197025299,0.4765734374523163,0.3277842700481415,0.6044667363166809,0.3194722533226013,0.5361420512199402,0.31237348914146423,0.4941953420639038,0.30472588539123535,0.45786941051483154,0.3019392788410187,0.6184084415435791,0.2954988479614258,0.5738482475280762,0.30560851097106934,0.6106858253479004,0.3102846145629883,0.6409875154495239,0.2812698483467102,0.6424584984779358,0.28364160656929016,0.6156166791915894,0.29238373041152954,0.6393561363220215,0.29582974314689636,0.6616460680961609,V
0.3074503242969513,0.7609872817993164,0.3410351872444153,0.7360621094703674,0.3540016710758209,0.6811952590942383,0.32745128870010376,0.6408268213272095,0.2992558777332306,0.6167208552360535,0.3586764633655548,0.6061615347862244,0.3751099109649658,0.5438142418861389,0.384814977645874,0.5063890218734741,0.3909946382045746,0.4739682972431183,0.3278821110725403,0.6013553738594055,0.3204832673072815,0.5340197086334229,0.3129507303237915,0.4920828342437744,0.30471286177635193,0.4558117389678955,0.30184656381607056,0.6146405339241028,0.29551899433135986,0.5685511827468872,0.3048988878726959,0.6050927042961121,0.3089841902256012,0.6352671980857849,0.280526727437973,0.6386154294013977,0.2820814549922943,0.6100748181343079,0.2906706631183624,0.6347504258155823,0.2942274510860443,0.6577646136283875,V
0.3074195981025696,0.7613022327423096,0.34142130613327026,0.7360699772834778,0.3536010682582855,0.6784466505050659,0.3274606764316559,0.6379383206367493,0.2985377013683319,0.6151190996170044,0.35917216539382935,0.6064189672470093,0.37507104873657227,0.5432837605476379,0.3849836587905884,0.5056834816932678,0.3912762999534607,0.47364020347595215,0.3283175528049469,0.6021931171417236,0.3205448091030121,0.5337601900100708,0.31362104415893555,0.4919671416282654,0.3056860566139221,0.4557790756225586,0.302247017621994,0.6158587336540222,0.2955344319343567,0.5689793825149536,0.3052104115486145,0.6053029298782349,0.30941587686538696,0.6350074410438538,0.2810029983520508,0.6401641964912415,0.2836710810661316,0.6130474805831909,0.2925393283367157,0.6371074318885803,0.2958231568336487,0.6593091487884521,V
0.3079240322113037,0.7610688805580139,0.34185147285461426,0.7368262410163879,0.3543378710746765,0.681719958782196,0.3281306326389313,0.6415553689002991,0.30033963918685913,0.6186249852180481,0.35885927081108093,0.6078843474388123,0.3749893605709076,0.545279860496521,0.38398638367652893,0.5078679919242859,0.38947123289108276,0.47552165389060974,0.3281569480895996,0.6034695506095886,0.3212122321128845,0.5366408824920654,0.31431087851524353,0.4948968291282654,0.3066381514072418,0.4588108956813812,0.3023526966571808,0.6168895363807678,0.2957974374294281,0.5710933804512024,0.30429840087890625,0.6052823066711426,0.308003693819046,0.6340693831443787,0.28094157576560974,0.640349268913269,0.28215301036834717,0.6126758456230164,0.29000526666641235,0.6348143815994263,0.29338258504867554,0.6561303734779358,V
0.30712226033210754,0.7637497186660767,0.3411189317703247,0.738945722579956,0.3535592257976532,0.6820390224456787,0.32775047421455383,0.6425026655197144,0.2990519106388092,0.6210103034973145,0.3582010269165039,0.6097150444984436,0.37412047386169434,0.5475687384605408,0.3833768367767334,0.5098512172698975,0.3892126977443695,0.4775230884552002,0.32780948281288147,0.604780912399292,0.3205546438694,0.5378667712211609,0.3142136335372925,0.49614375829696655,0.3069614768028259,0.46038123965263367,0.302002876996994,0.6177540421485901,0.2966366708278656,0.5730684995651245,0.3056256175041199,0.6094822883605957,0.30894431471824646,0.6391298770904541,0.28069397807121277,0.6409971714019775,0.2834133505821228,0.6142635941505432,0.29176416993141174,0.6386691331863403,0.29452553391456604,0.6610175371170044,V
0.3065859377384186,0.7629207372665405,0.34040746092796326,0.7375629544258118,0.35358425974845886,0.6826126575469971,0.3274862766265869,0.642067551612854,0.2995012700557709,0.6177202463150024,0.35879579186439514,0.6104804277420044,0.3740837574005127,0.5478177666664124,0.382906436920166,0.5098884701728821,0.3885177969932556,0.4773130714893341,0.3282354176044464,0.6055925488471985,0.3211490511894226,0.5384421348571777,0.31407615542411804,0.4971390664577484,0.3063203990459442,0.46142858266830444,0.30221298336982727,0.6184406280517578,0.2963434159755707,0.5726789236068726,0.3052755296230316,0.609614372253418,0.30902206897735596,0.6393590569496155,0.2803414463996887,0.6418799161911011,0.28244757652282715,0.6122616529464722,0.29054537415504456,0.6359975934028625,0.2934931516647339,0.658129096031189,V
0.30650824308395386,0.7622249722480774,0.339784175157547,0.7382200360298157,0.3530357778072357,0.6823407411575317,0.3260139226913452,0.6420261263847351,0.29747501015663147,0.6187222599983215,0.35772067308425903,0.6099329590797424,0.37298494577407837,0.547487735748291,0.38130563497543335,0.5097708106040955,0.3861587941646576,0.47740602493286133,0.3270637094974518,0.6052021980285645,0.32017430663108826,0.5380621552467346,0.3134114444255829,0.4971432089805603,0.3058289587497711,0.4615848660469055,0.3011062443256378,0.6180320978164673,0.2958115041255951,0.5715595483779907,0.3049171566963196,0.6077827215194702,0.3084694743156433,0.6373062133789062,0.2794913649559021,0.6411963701248169,0.2820793688297272,0.6127434968948364,0.29044777154922485,0.6369364261627197,0.2933914065361023,0.6592901349067688,V
0.3080699145793915,0.7625748515129089,0.3420105278491974,0.7382534146308899,0.35531890392303467,0.6834610104560852,0.3286597728729248,0.6439540386199951,0.30011817812919617,0.6224581599235535,0.35984063148498535,0.6118755340576172,0.374300479888916,0.549580991268158,0.3824765086174011,0.5112728476524353,0.3872700333595276,0.4786388874053955,0.3290746510028839,0.6065635085105896,0.32144227623939514,0.5389081239700317,0.31468814611434937,0.4981660544872284,0.30683284997940063,0.46267813444137573,0.3033010959625244,0.6188640594482422,0.2974507808685303,0.5719925761222839,0.30752691626548767,0.6080191135406494,0.311750590801239,0.6372104287147522,0.2817777991294861,0.6421050429344177,0.2853558659553528,0.6148738861083984,0.2950897216796875,0.6391443014144897,0.29891830682754517,0.6613433957099915,V
0.3092617690563202,0.768563449382782,0.3438679575920105,0.742570698261261,0.35622769594192505,0.6860772371292114,0.32809391617774963,0.645737886428833,0.29962313175201416,0.6228693127632141,0.3629186451435089,0.6182584762573242,0.37438446283340454,0.555016815662384,0.3804919421672821,0.5152930617332458,0.3845222294330597,0.4814906120300293,0.3333640992641449,0.6116320490837097,0.3318195641040802,0.5460258722305298,0.3306482434272766,0.5040684938430786,0.32865044474601746,0.46821385622024536,0.3070506751537323,0.6228931546211243,0.30107632279396057,0.5775681138038635,0.3081875741481781,0.6114633679389954,0.3111560344696045,0.6394011974334717,0.28395968675613403,0.6446613073348999,0.2862829267978668,0.6158640384674072,0.2944925129413605,0.6391375064849854,0.29776695370674133,0.6607470512390137,V
0.3088197410106659,0.7701215147972107,0.3416675329208374,0.7440718412399292,0.3550952076911926,0.6885849237442017,0.32795965671539307,0.6472846865653992,0.2990387976169586,0.6237733960151672,0.3618597388267517,0.6203886866569519,0.3735954761505127,0.5569760799407959,0.38025471568107605,0.5177778601646423,0.38485127687454224,0.48463931679725647,0.3325030505657196,0.6142892837524414,0.32961997389793396,0.546798586845398,0.3273719549179077,0.5053685903549194,0.32443976402282715,0.47022730112075806,0.3063950836658478,0.6254249811172485,0.3003350794315338,0.5785155892372131,0.3080315887928009,0.6119745969772339,0.3113352954387665,0.6407784819602966,0.2833563983440399,0.6467273831367493,0.28480100631713867,0.6153021454811096,0.2928122282028198,0.6382224559783936,0.2959248423576355,0.6607128977775574,V
0.30810022354125977,0.7681161761283875,0.34141626954078674,0.742036759853363,0.35564228892326355,0.6893585920333862,0.328820139169693,0.6486485600471497,0.30189386010169983,0.6219097971916199,0.3618544936180115,0.6197718381881714,0.3735293745994568,0.5562750697135925,0.38038432598114014,0.5169786214828491,0.3851356506347656,0.4836202561855316,0.33256083726882935,0.6131126284599304,0.3309311866760254,0.5460194945335388,0.32941722869873047,0.50422203540802,0.32718509435653687,0.4684551954269409,0.3063758313655853,0.6235207915306091,0.29993268847465515,0.5743799209594727,0.30664485692977905,0.6072402596473694,0.3097817599773407,0.6359882354736328,0.2830182611942291,0.6446259021759033,0.28433674573898315,0.6127995848655701,0.2925722002983093,0.6345667839050293,0.29625174403190613,0.6562827229499817,V
0.3083684742450714,0.7671715021133423,0.3411734104156494,0.7409767508506775,0.3555348515510559,0.6874732971191406,0.3291368782520294,0.6461760401725769,0.3016633093357086,0.6199034452438354,0.36164698004722595,0.616967499256134,0.3727622628211975,0.5542241930961609,0.3797987699508667,0.5155718922615051,0.3845619261264801,0.4831477403640747,0.33199024200439453,0.6111324429512024,0.3284093141555786,0.5441144704818726,0.32539689540863037,0.5031875371932983,0.32157453894615173,0.4683837294578552,0.3057604432106018,0.6224105954170227,0.30014315247535706,0.5729115009307861,0.30742183327674866,0.6064745187759399,0.3103826344013214,0.6351158022880554,0.2826612889766693,0.6444384455680847,0.284557968378067,0.6132622361183167,0.2931366562843323,0.6361098885536194,0.296738862991333,0.6579755544662476,V
0.3077947795391083,0.7671524882316589,0.3407355844974518,0.7416982054710388,0.3545188009738922,0.6861429810523987,0.32814234495162964,0.6441908478736877,0.299879789352417,0.6179840564727783,0.36039698123931885,0.616344690322876,0.3719428479671478,0.5533446073532104,0.3788725733757019,0.5150073170661926,0.3836756646633148,0.48228681087493896,0.33083683252334595,0.6107339262962341,0.3270373046398163,0.5439120531082153,0.3237448036670685,0.503101110458374,0.3197704553604126,0.46792319416999817,0.30451029539108276,0.6223337650299072,0.2985212802886963,0.5737662315368652,0.305787056684494,0.6096859574317932,0.3086485266685486,0.6392520666122437,0.2815456986427307,0.6447479724884033,0.2832176685333252,0.6138595938682556,0.29088136553764343,0.6383286118507385,0.29351964592933655,0.660936176776886,V
0.30811694264411926,0.7661960124969482,0.34156036376953125,0.7392467260360718,0.35572829842567444,0.6841294169425964,0.32804474234580994,0.6442360281944275,0.2993159592151642,0.6205974817276001,0.360498309135437,0.615327000617981,0.3724217414855957,0.5529463887214661,0.3794792890548706,0.5147286653518677,0.3843657672405243,0.4824564456939697,0.3302622437477112,0.6107234954833984,0.3247920274734497,0.5432695150375366,0.32043716311454773,0.5029399991035461,0.3154020607471466,0.4682409167289734,0.30401912331581116,0.6228724122047424,0.2979177236557007,0.5740236043930054,0.3064735233783722,0.6112953424453735,0.31006428599357605,0.6414123177528381,0.28122472763061523,0.6457119584083557,0.2834334373474121,0.6129922866821289,0.2917564809322357,0.637833833694458,0.29458293318748474,0.6610162854194641,V
0.30878373980522156,0.7652942538261414,0.34155091643333435,0.7386589646339417,0.3550012707710266,0.6847325563430786,0.3283553421497345,0.6440377235412598,0.29997578263282776,0.6208939552307129,0.3606700897216797,0.6161410808563232,0.3737145662307739,0.5536422729492188,0.38070186972618103,0.5153644680976868,0.3848716616630554,0.48256564140319824,0.3304097056388855,0.6110668778419495,0.3229734003543854,0.5451822280883789,0.3161665201187134,0.5048204064369202,0.30855244398117065,0.46958082914352417,0.30454131960868835,0.622976541519165,0.29827621579170227,0.575675904750824,0.30733728408813477,0.6106240749359131,0.3109668493270874,0.6394020915031433,0.282354474067688,0.6452536582946777,0.28398212790489197,0.6139509677886963,0.2927982211112976,0.6364120244979858,0.2962101101875305,0.6580865383148193,V
0.3084210753440857,0.7656727433204651,0.34167009592056274,0.7394883632659912,0.35507625341415405,0.6847933530807495,0.3289535939693451,0.6438975930213928,0.30060964822769165,0.6214202642440796,0.36083143949508667,0.6173209547996521,0.3740660846233368,0.5547140836715698,0.3813995122909546,0.516368567943573,0.38583067059516907,0.48355844616889954,0.3305603563785553,0.6120895743370056,0.3231915235519409,0.5457950830459595,0.31660789251327515,0.5050120949745178,0.30900654196739197,0.4696406126022339,0.30465471744537354,0.6238502860069275,0.29876402020454407,0.5760682821273804,0.30794763565063477,0.6101665496826172,0.31140387058258057,0.638644814491272,0.2824995219707489,0.6458792090415955,0.28430530428886414,0.6145932078361511,0.2928745150566101,0.6371737122535706,0.2957907021045685,0.6592317819595337,V
0.30782902240753174,0.763730525970459,0.34103748202323914,0.7382403016090393,0.35524168610572815,0.6836135387420654,0.3290559649467468,0.642092764377594,0.30105748772621155,0.6164141297340393,0.3613159954547882,0.6148436069488525,0.37436822056770325,0.5522192120552063,0.38205474615097046,0.514045238494873,0.3869453966617584,0.4816918969154358,0.33104363083839417,0.6093427538871765,0.32394298911094666,0.5420993566513062,0.3178633451461792,0.5014134645462036,0.3109278380870819,0.46564844250679016,0.30499088764190674,0.6207000017166138,0.299555242061615,0.5735630989074707,0.30882275104522705,0.611718475818634,0.31246715784072876,0.6419142484664917,0.2827310264110565,0.6427720785140991,0.28593212366104126,0.6119385361671448,0.29485562443733215,0.6363283395767212,0.2977742552757263,0.6583731770515442,V
0.30895620584487915,0.7612053155899048,0.3417026102542877,0.7363543510437012,0.3560293912887573,0.6835137009620667,0.3303954601287842,0.6415216326713562,0.3032432496547699,0.6152081489562988,0.36245405673980713,0.6146889328956604,0.37591752409935,0.5519084930419922,0.38343870639801025,0.5135647058486938,0.38821929693222046,0.48081040382385254,0.3325909674167633,0.6082188487052917,0.32640737295150757,0.5409295558929443,0.32069578766822815,0.4999074339866638,0.31483402848243713,0.464245080947876,0.30691197514533997,0.6190640330314636,0.300447553396225,0.5708368420600891,0.3071250021457672,0.6057074069976807,0.3099907338619232,0.6347718238830566,0.28503525257110596,0.6406794190406799,0.2866060435771942,0.6110092401504517,0.29385900497436523,0.6327271461486816,0.29668277502059937,0.6535175442695618,V
0.30742397904396057,0.7665452361106873,0.34027376770973206,0.7414566278457642,0.3544013500213623,0.6833559274673462,0.32781076431274414,0.6410400867462158,0.298183798789978,0.6179155111312866,0.3607185184955597,0.6163111329078674,0.3729212284088135,0.5536342859268188,0.3800484836101532,0.5154808163642883,0.38467639684677124,0.4823792576789856,0.3311512768268585,0.6092949509620667,0.32730832695961,0.5436140894889832,0.324614554643631,0.5029299855232239,0.32101795077323914,0.46768802404403687,0.3050832748413086,0.6199101209640503,0.29912179708480835,0.5727044343948364,0.3065079152584076,0.607648491859436,0.3090950548648834,0.6366918683052063,0.2826867699623108,0.6408616304397583,0.2844822406768799,0.6110951900482178,0.2918383479118347,0.6345561742782593,0.29426512122154236,0.6564342975616455,V
0.306754469871521,0.7666704654693604,0.339956670999527,0.7403103709220886,0.3543887138366699,0.6858853697776794,0.3271373212337494,0.643612265586853,0.29839202761650085,0.6193069815635681,0.36083492636680603,0.6190689206123352,0.37339669466018677,0.556302547454834,0.38036784529685974,0.5177604556083679,0.38512006402015686,0.48490601778030396,0.33141759037971497,0.6124049425125122,0.32731980085372925,0.545650839805603,0.3242296576499939,0.5041154623031616,0.32055529952049255,0.4682101011276245,0.3056773841381073,0.6228675246238708,0.2994987964630127,0.5782093405723572,0.3073015809059143,0.6125409603118896,0.31040647625923157,0.6407608389854431,0.28315186500549316,0.6436391472816467,0.28507232666015625,0.6150249242782593,0.2932280898094177,0.6384878754615784,0.2962452173233032,0.6600430607795715,V
0.30812329053878784,0.764601469039917,0.3411218225955963,0.739234983921051,0.35518667101860046,0.6859878301620483,0.3280423879623413,0.6447891592979431,0.3002503216266632,0.6183053255081177,0.36148080229759216,0.6173908114433289,0.3736925721168518,0.5550197958946228,0.38118085265159607,0.5161244869232178,0.38628268241882324,0.4830473065376282,0.331834077835083,0.6103364825248718,0.32840466499328613,0.5433557033538818,0.32480698823928833,0.501460611820221,0.3206842243671417,0.465182363986969,0.30574166774749756,0.6207485795021057,0.2986076772212982,0.5724154710769653,0.30511873960494995,0.6073516607284546,0.3082747161388397,0.6366836428642273,0.2827663719654083,0.6419055461883545,0.2832706570625305,0.6106709241867065,0.29114893078804016,0.6336580514907837,0.29512420296669006,0.6556220054626465,V
0.31649404764175415,0.7551177740097046,0.3503212332725525,0.7269635200500488,0.3632810711860657,0.6699280738830566,0.3364632725715637,0.6294472217559814,0.3084929883480072,0.6035599112510681,0.3699404001235962,0.6037724614143372,0.3841433823108673,0.5411330461502075,0.39269065856933594,0.502151370048523,0.3988587260246277,0.46909379959106445,0.3398832082748413,0.5985407829284668,0.33638498187065125,0.5306939482688904,0.33350515365600586,0.4885874390602112,0.330254465341568,0.45265334844589233,0.31320494413375854,0.6106160283088684,0.30544379353523254,0.5608486533164978,0.3128499686717987,0.5956186652183533,0.3169422745704651,0.6252180933952332,0.29034340381622314,0.6335116028785706,0.2910935580730438,0.6041626334190369,0.2987549304962158,0.6268015503883362,0.302480012178421,0.649438738822937,V
0.33309081196784973,0.7450845241546631,0.36963140964508057,0.7189197540283203,0.3843253552913666,0.6619396209716797,0.3601253926753998,0.6182918548583984,0.3308745324611664,0.595778226852417,0.3893130421638489,0.5941547751426697,0.4053405523300171,0.5316352844238281,0.4140455424785614,0.4933864176273346,0.4197356402873993,0.4599918723106384,0.35888954997062683,0.5880687236785889,0.3589697778224945,0.5203336477279663,0.35708102583885193,0.47768062353134155,0.3536731004714966,0.44092532992362976,0.3317851126194,0.60001140832901,0.3257289528846741,0.5528346300125122,0.3344421982765198,0.5855100154876709,0.3389597535133362,0.6143243908882141,0.30812445282936096,0.6227484941482544,0.30996331572532654,0.5932633876800537,0.31906160712242126,0.6162720918655396,0.3235645294189453,0.639978289604187,V
0.33694374561309814,0.7442537546157837,0.3713500499725342,0.7169241309165955,0.3866848051548004,0.6622321605682373,0.36344578862190247,0.6177054643630981,0.33581265807151794,0.5898944735527039,0.3927139639854431,0.5938748121261597,0.40847712755203247,0.5297910571098328,0.41751575469970703,0.4899443984031677,0.4236064553260803,0.45538124442100525,0.36288124322891235,0.5871861577033997,0.3613886833190918,0.5184532403945923,0.3595021367073059,0.47587835788726807,0.35656192898750305,0.4382891058921814,0.33616358041763306,0.5984435081481934,0.3302396833896637,0.5459272861480713,0.3377423882484436,0.5806378126144409,0.3416683077812195,0.6108231544494629,0.3127152919769287,0.6212060451507568,0.3139338195323944,0.5906975865364075,0.32205694913864136,0.6111757159233093,0.32600516080856323,0.6327056884765625,V
0.3406164050102234,0.7411898374557495,0.3754516839981079,0.7130008339881897,0.3912908136844635,0.6557819247245789,0.3669181168079376,0.611810028553009,0.33881062269210815,0.5861942768096924,0.3972531855106354,0.5915053486824036,0.41466501355171204,0.5269059538841248,0.42463237047195435,0.4872590899467468,0.4311947822570801,0.45327675342559814,0.36785629391670227,0.5847448706626892,0.3701850175857544,0.5154303908348083,0.37091827392578125,0.4724147319793701,0.36943235993385315,0.4346787929534912,0.34098032116889954,0.5952257513999939,0.33581408858299255,0.5431122779846191,0.3431343734264374,0.5783734321594238,0.3465076684951782,0.6082445979118347,0.31756049394607544,0.6168816685676575,0.3194659650325775,0.5878833532333374,0.3276944160461426,0.6100704669952393,0.33096227049827576,0.6316197514533997,V
0.34124690294265747,0.7388476729393005,0.37592700123786926,0.7121610045433044,0.3920368552207947,0.6589579582214355,0.36885732412338257,0.6143980026245117,0.34018421173095703,0.5869154334068298,0.3985876739025116,0.5898465514183044,0.41499942541122437,0.5267994999885559,0.4239002466201782,0.4878697395324707,0.4295634627342224,0.45370951294898987,0.3690003752708435,0.5819398164749146,0.3712080419063568,0.514136016368866,0.37204262614250183,0.4722268581390381,0.37087351083755493,0.4345966577529907,0.34195542335510254,0.5926457643508911,0.33633896708488464,0.5402185916900635,0.3446936011314392,0.5737555623054504,0.3493541181087494,0.6035524010658264,0.31789466738700867,0.6155542731285095,0.320747435092926,0.5854411721229553,0.33056342601776123,0.6058681607246399,0.3361186385154724,0.6277409195899963,V
0.3354816138744354,0.7475980520248413,0.37216949462890625,0.7225532531738281,0.3861187994480133,0.6638486981391907,0.3632776141166687,0.6186929941177368,0.33362719416618347,0.5954558849334717,0.39107808470726013,0.5965906977653503,0.40826335549354553,0.5329899787902832,0.41671526432037354,0.49421289563179016,0.42178431153297424,0.4592997431755066,0.36166271567344666,0.5890156030654907,0.3622243404388428,0.5214313268661499,0.36229145526885986,0.47866708040237427,0.36070865392684937,0.44153428077697754,0.3347722589969635,0.6005577445030212,0.32867133617401123,0.5538598299026489,0.3364066481590271,0.5878759622573853,0.3399249315261841,0.6177583932876587,0.3115150034427643,0.6236222982406616,0.3130183219909668,0.5972161889076233,0.32172268629074097,0.6184219717979431,0.3265310227870941,0.6405252814292908,V
0.32968536019325256,0.7477201223373413,0.36551252007484436,0.7226932048797607,0.3800458014011383,0.665617823600769,0.3552650213241577,0.6219214200973511,0.3258729875087738,0.5983091592788696,0.38419273495674133,0.5966395139694214,0.4001489281654358,0.5327085852622986,0.40864530205726624,0.49435341358184814,0.4136883020401001,0.46048104763031006,0.35459262132644653,0.5894022583961487,0.3551505506038666,0.5225152373313904,0.35539790987968445,0.48035913705825806,0.3534104824066162,0.4441933035850525,0.32801732420921326,0.6003599166870117,0.322711318731308,0.5518191456794739,0.3304457664489746,0.5853428840637207,0.33324486017227173,0.6146543622016907,0.3053150177001953,0.6224650144577026,0.30687254667282104,0.5936760306358337,0.31511369347572327,0.6154793500900269,0.31861698627471924,0.6376240253448486,V
0.3187691569328308,0.7435218691825867,0.3545462191104889,0.7183887362480164,0.3707258701324463,0.6633191108703613,0.3461679518222809,0.6182780265808105,0.31706613302230835,0.5931282639503479,0.3762836456298828,0.593744695186615,0.3908957540988922,0.5293128490447998,0.3984575569629669,0.4909065365791321,0.40331849455833435,0.4572873115539551,0.3466298282146454,0.5863218903541565,0.3461109697818756,0.519595205783844,0.3446531295776367,0.4773874878883362,0.34209537506103516,0.4422071576118469,0.31994304060935974,0.5966159105300903,0.31502488255500793,0.5491706132888794,0.3214375972747803,0.5825367569923401,0.323811411857605,0.6121344566345215,0.2964155673980713,0.6175412535667419,0.29770511388778687,0.5874742865562439,0.3062686026096344,0.6096969246864319,0.3108249306678772,0.6319983601570129,V
0.3103357255458832,0.7416081428527832,0.3444753587245941,0.7156230211257935,0.3588288724422455,0.6605674624443054,0.3314116895198822,0.617229163646698,0.30315494537353516,0.592383861541748,0.36491796374320984,0.59373939037323,0.3793192505836487,0.5285979509353638,0.3869818449020386,0.4897107779979706,0.39241307973861694,0.4555407464504242,0.33590441942214966,0.586933970451355,0.33460795879364014,0.5203186273574829,0.33211472630500793,0.47688618302345276,0.3289574682712555,0.4403882920742035,0.30974406003952026,0.5970382690429688,0.3050997853279114,0.5476365089416504,0.3118252158164978,0.579126238822937,0.314339280128479,0.6087967157363892,0.28705447912216187,0.6171093583106995,0.28841954469680786,0.587296724319458,0.2964674234390259,0.6081854701042175,0.30058327317237854,0.6300987601280212,V
0.3026164472103119,0.7473033666610718,0.3371281623840332,0.7196454405784607,0.34884101152420044,0.6621593236923218,0.3227384090423584,0.6186515688896179,0.294537216424942,0.594447672367096,0.35704609751701355,0.5951235890388489,0.37033331394195557,0.5311458706855774,0.37732094526290894,0.49290692806243896,0.3817113935947418,0.458221435546875,0.32782819867134094,0.5874335169792175,0.3254389762878418,0.5221742987632751,0.3220030963420868,0.48116713762283325,0.3182148039340973,0.44578468799591064,0.3012867867946625,0.598135769367218,0.2942841351032257,0.5502117872238159,0.2992962598800659,0.5848886370658875,0.3013635277748108,0.6155626773834229,0.278565913438797,0.6196627616882324,0.2779538631439209,0.5895556807518005,0.28392913937568665,0.6117941737174988,0.28723663091659546,0.6349806189537048,V
0.2996402680873871,0.7551894187927246,0.33217331767082214,0.7274094820022583,0.3441004455089569,0.6700057983398438,0.31897473335266113,0.6271970868110657,0.29029345512390137,0.6023331880569458,0.35245004296302795,0.602699339389801,0.3651558756828308,0.5386184453964233,0.3716585636138916,0.4998919665813446,0.3755800724029541,0.465407133102417,0.32342401146888733,0.595245361328125,0.3212762176990509,0.5289019346237183,0.3183932900428772,0.4879453778266907,0.31456154584884644,0.4523594379425049,0.2973119616508484,0.605912983417511,0.29073184728622437,0.5562160015106201,0.2964276075363159,0.5872980952262878,0.29833850264549255,0.6152090430259705,0.27535855770111084,0.6272282600402832,0.27714118361473083,0.5987823009490967,0.28389957547187805,0.6190520524978638,0.2864547669887543,0.639977753162384,V
0.29776519536972046,0.7582968473434448,0.3307245671749115,0.7322297096252441,0.34313276410102844,0.6756632328033447,0.31667521595954895,0.6342312693595886,0.28813233971595764,0.6087782382965088,0.35020866990089417,0.6074168682098389,0.3624034523963928,0.5433851480484009,0.3689342439174652,0.5051509141921997,0.3728610575199127,0.4710630774497986,0.3208882510662079,0.6010357737541199,0.31824740767478943,0.5336607098579407,0.31561705470085144,0.4934258759021759,0.3118584156036377,0.4578649699687958,0.29443639516830444,0.6127374768257141,0.287616103887558,0.5625478625297546,0.2947520315647125,0.5957925915718079,0.2976274788379669,0.6246708631515503,0.27194249629974365,0.6353826522827148,0.2735578119754791,0.6091599464416504,0.28102022409439087,0.629363477230072,0.28387653827667236,0.6482654809951782,V
0.2966872751712799,0.7603412866592407,0.3290010392665863,0.7342203259468079,0.3410719335079193,0.6773971915245056,0.3150947690010071,0.6366149187088013,0.2869664430618286,0.6108895540237427,0.348137229681015,0.6091421842575073,0.36009541153907776,0.5448946356773376,0.3667124807834625,0.5067047476768494,0.3706701695919037,0.4732728600502014,0.31876665353775024,0.6034775972366333,0.3156595826148987,0.5362786054611206,0.31265419721603394,0.49647942185401917,0.3084059953689575,0.46097809076309204,0.2927016615867615,0.615375816822052,0.2858046889305115,0.5650216341018677,0.2932831943035126,0.5999936461448669,0.29639101028442383,0.6296107172966003,0.27084609866142273,0.6380836963653564,0.27292928099632263,0.6105306148529053,0.2810446321964264,0.6315754055976868,0.2843104600906372,0.6512287259101868,V
0.2983349561691284,0.7646617293357849,0.3312370777130127,0.7366117238998413,0.34223178029060364,0.6798558235168457,0.3145473003387451,0.6399366855621338,0.2864915430545807,0.615903913974762,0.3500171899795532,0.6142310500144958,0.36159199476242065,0.5498457551002502,0.3673829138278961,0.511173665523529,0.3705671429634094,0.4771731197834015,0.3204040229320526,0.6084263324737549,0.31742939352989197,0.5412834286689758,0.314596563577652,0.5001270174980164,0.31047189235687256,0.4632716178894043,0.2939770221710205,0.6202853322029114,0.2863444983959198,0.5712048411369324,0.2937867045402527,0.6052507162094116,0.2970125675201416,0.6334265470504761,0.2717343270778656,0.6428404450416565,0.27319851517677307,0.6173306107521057,0.28133687376976013,0.6392968893051147,0.28474190831184387,0.6589602828025818,V
0.29324376583099365,0.7643492221832275,0.3252650797367096,0.7371426224708557,0.3358890414237976,0.6829368472099304,0.3098014295101166,0.6419833898544312,0.2829878628253937,0.6170479655265808,0.3432299494743347,0.6136507391929626,0.356254905462265,0.5505056977272034,0.3627241849899292,0.5120951533317566,0.36599045991897583,0.4778960049152374,0.3142718970775604,0.6078023314476013,0.31187212467193604,0.5437827110290527,0.30776774883270264,0.5037992596626282,0.3027379512786865,0.4684651494026184,0.28826528787612915,0.6199324131011963,0.2812761664390564,0.5709218382835388,0.2875165045261383,0.6040667295455933,0.2904404103755951,0.6334815621376038,0.26617446541786194,0.6425082087516785,0.2651718258857727,0.6111195087432861,0.27311795949935913,0.6311935782432556,0.27816399931907654,0.6521252393722534,V
0.2871604859828949,0.7569332122802734,0.3174651563167572,0.729658305644989,0.32839396595954895,0.6753053665161133,0.3032268285751343,0.6335049271583557,0.27689024806022644,0.6074264645576477,0.33688658475875854,0.6082329154014587,0.34889206290245056,0.5430802702903748,0.3551466464996338,0.504209041595459,0.3586128056049347,0.47082430124282837,0.30816009640693665,0.6024686694145203,0.30584830045700073,0.5365613698959351,0.30008482933044434,0.4962303042411804,0.29425254464149475,0.4612805247306824,0.28216567635536194,0.6134430170059204,0.2745678126811981,0.5613232851028442,0.27821922302246094,0.5972724556922913,0.2804321050643921,0.6290154457092285,0.26020917296409607,0.634591281414032,0.26023730635643005,0.6011372804641724,0.2660023272037506,0.6226644515991211,0.2690523862838745,0.6452366709709167,V
0.2803964912891388,0.7527811527252197,0.3109177350997925,0.7265918254852295,0.3223527669906616,0.6725147366523743,0.29542282223701477,0.632219672203064,0.2681695520877838,0.6067447066307068,0.3295513391494751,0.6021581292152405,0.34070777893066406,0.5378550291061401,0.34657183289527893,0.49939095973968506,0.3502063453197479,0.4658035337924957,0.30073410272598267,0.5968102216720581,0.29746097326278687,0.5319428443908691,0.29196345806121826,0.4917094111442566,0.28677061200141907,0.4561645984649658,0.27492302656173706,0.6080268025398254,0.26743194460868835,0.5586387515068054,0.2715514004230499,0.5949770212173462,0.2737492322921753,0.6263775825500488,0.2529991865158081,0.6289635300636292,0.2530536353588104,0.5952295064926147,0.259206622838974,0.6168571710586548,0.26241335272789,0.6393246650695801,V
0.2805706560611725,0.7670773267745972,0.31135937571525574,0.7379777431488037,0.31986644864082336,0.6834678053855896,0.2918981611728668,0.6431311964988708,0.2644291818141937,0.6170900464057922,0.32722294330596924,0.6147733330726624,0.33734631538391113,0.5494750738143921,0.34240636229515076,0.5102300643920898,0.3448990285396576,0.4763650596141815,0.29772013425827026,0.6095051169395447,0.2927873730659485,0.5426434278488159,0.28730422258377075,0.5011714696884155,0.28109538555145264,0.4670776128768921,0.27200791239738464,0.6206610202789307,0.2644660174846649,0.5703458189964294,0.26946473121643066,0.5969935059547424,0.2709944248199463,0.6233710050582886,0.2505453824996948,0.6411995887756348,0.2512742877006531,0.6139742136001587,0.26070162653923035,0.631490170955658,0.26670175790786743,0.6498554944992065,V
0.2797483205795288,0.7779150009155273,0.3112836480140686,0.7490364909172058,0.32066071033477783,0.6939822435379028,0.29274606704711914,0.6535061597824097,0.2648361325263977,0.6290002465248108,0.3277978003025055,0.6244936585426331,0.3371729254722595,0.5597476363182068,0.341525673866272,0.5205925703048706,0.3436560034751892,0.4867641031742096,0.29816505312919617,0.6183829307556152,0.29356807470321655,0.553329348564148,0.28834232687950134,0.5118562579154968,0.2826974093914032,0.47747522592544556,0.2724529802799225,0.6294251680374146,0.26564666628837585,0.5782411694526672,0.27013394236564636,0.6066217422485352,0.271786093711853,0.634450376033783,0.25099432468414307,0.65036541223526,0.2507205903530121,0.6240628957748413,0.2592790722846985,0.6419529914855957,0.26481521129608154,0.6606268286705017,V
0.28268536925315857,0.795468270778656,0.31327036023139954,0.7650923132896423,0.32087934017181396,0.7079929113388062,0.29223117232322693,0.6684917211532593,0.2637883126735687,0.6457018256187439,0.32933297753334045,0.6403658986091614,0.33891093730926514,0.575698733329773,0.34307432174682617,0.5373570919036865,0.34514671564102173,0.5037455558776855,0.29993608593940735,0.6352487802505493,0.2936941981315613,0.5698238611221313,0.2876374125480652,0.5291765928268433,0.2816009223461151,0.4949769079685211,0.27420973777770996,0.6467117667198181,0.26592278480529785,0.5947258472442627,0.27113431692123413,0.6240626573562622,0.2733626365661621,0.6522416472434998,0.25339454412460327,0.6674960851669312,0.25231537222862244,0.6378124952316284,0.2597557008266449,0.6586410999298096,0.26393091678619385,0.6809903383255005,V
0.2838314473628998,0.7970693111419678,0.3160095512866974,0.7667015790939331,0.32613879442214966,0.7120052576065063,0.2971780598163605,0.6755606532096863,0.2686886489391327,0.6548489928245544,0.33218473196029663,0.6432299613952637,0.34135761857032776,0.5801926851272583,0.345936119556427,0.5417831540107727,0.348350465297699,0.5080339908599854,0.30259767174720764,0.6377242803573608,0.2969260811805725,0.5747189521789551,0.2915923297405243,0.5347460508346558,0.2862595021724701,0.4999428391456604,0.27679523825645447,0.6497232913970947,0.26783546805381775,0.5977596044540405,0.2732037305831909,0.6276419162750244,0.27601146697998047,0.6559728980064392,0.25576019287109375,0.6722862720489502,0.25484001636505127,0.6475157141685486,0.2630758285522461,0.6680861115455627,0.26800230145454407,0.6888893246650696,V
0.29143404960632324,0.7957836389541626,0.3224654793739319,0.7659271359443665,0.33411911129951477,0.7138482332229614,0.305270254611969,0.6760983467102051,0.2788076400756836,0.6515735387802124,0.338387131690979,0.6427106857299805,0.3484107553958893,0.5798944234848022,0.35358956456184387,0.5407494902610779,0.35679084062576294,0.5067666172981262,0.30890756845474243,0.6384967565536499,0.3041425943374634,0.574299693107605,0.29886385798454285,0.534451425075531,0.29373881220817566,0.5002481937408447,0.28328850865364075,0.6503577828407288,0.2756116986274719,0.6003919839859009,0.28082120418548584,0.6314873695373535,0.2836065888404846,0.6604081392288208,0.2614228129386902,0.6720947027206421,0.2604936957359314,0.6404516696929932,0.26764628291130066,0.6604533791542053,0.27159422636032104,0.6823702454566956,V
0.298575222492218,0.7990187406539917,0.33130377531051636,0.7686288952827454,0.3435003459453583,0.7147698998451233,0.31345492601394653,0.6772221922874451,0.28549766540527344,0.6544790267944336,0.3478582799434662,0.6430673599243164,0.357359915971756,0.581030011177063,0.3625677525997162,0.541961669921875,0.3664315342903137,0.5081199407577515,0.317679226398468,0.6395524144172668,0.3115402162075043,0.5769221186637878,0.3067514896392822,0.5364683866500854,0.3023761510848999,0.5011226534843445,0.291550874710083,0.652434766292572,0.2836388647556305,0.6045299172401428,0.2899523675441742,0.6386879086494446,0.2934712767601013,0.6690714359283447,0.26915618777275085,0.675408124923706,0.2678176462650299,0.6462298631668091,0.2760699987411499,0.6682077050209045,0.2809579372406006,0.6909593343734741,V
0.3079775273799896,0.8016486763954163,0.3408415913581848,0.7716397047042847,0.35329651832580566,0.7157023549079895,0.32485347986221313,0.6760104298591614,0.2976321578025818,0.6519845724105835,0.3579937219619751,0.644829273223877,0.36814138293266296,0.5821207761764526,0.37350815534591675,0.5427751541137695,0.377488374710083,0.508962869644165,0.3276820182800293,0.6412652730941772,0.3219590187072754,0.5775884985923767,0.3173660337924957,0.5375084280967712,0.31294241547584534,0.5031688213348389,0.301333487033844,0.6542952656745911,0.2942691147327423,0.6069421768188477,0.3010503947734833,0.6412918567657471,0.3044147193431854,0.6715819239616394,0.27867570519447327,0.6774817705154419,0.27824047207832336,0.6471320986747742,0.2856364846229553,0.668911337852478,0.2890697121620178,0.6913672685623169,V
0.31667187809944153,0.8002293109893799,0.34982725977897644,0.7711377143859863,0.3624446988105774,0.7149317264556885,0.33626875281333923,0.6745237112045288,0.30863049626350403,0.651016891002655,0.3660960793495178,0.6454820036888123,0.37710538506507874,0.5812385678291321,0.3830445408821106,0.5413222312927246,0.38725030422210693,0.5068679451942444,0.3362882733345032,0.6413552761077881,0.33125579357147217,0.5761721134185791,0.3271944522857666,0.5350885391235352,0.3232259750366211,0.4998958706855774,0.31012630462646484,0.6534356474876404,0.30374085903167725,0.6031111478805542,0.31054407358169556,0.637191891670227,0.31405797600746155,0.6677864193916321,0.28757598996162415,0.6754180192947388,0.2873513996601105,0.6435800194740295,0.29535794258117676,0.6657446622848511,0.2994454801082611,0.6892086267471313,V
0.32318368554115295,0.7992976307868958,0.3573703169822693,0.7687525749206543,0.37061774730682373,0.712791919708252,0.34682250022888184,0.6698113083839417,0.32009243965148926,0.6455368995666504,0.37540799379348755,0.6433396935462952,0.38767632842063904,0.579401969909668,0.3944525122642517,0.5393509268760681,0.3992854654788971,0.5049161314964294,0.3457351624965668,0.6385655999183655,0.3427656590938568,0.5722239017486572,0.3398115932941437,0.5304362773895264,0.33650583028793335,0.49475932121276855,0.3191341459751129,0.650516152381897,0.31313833594322205,0.5994545221328735,0.31992822885513306,0.6312611103057861,0.3232840895652771,0.6614310145378113,0.29549798369407654,0.6734071373939514,0.2958301603794098,0.639412522315979,0.3045606017112732,0.6600096821784973,0.30892816185951233,0.6841530799865723,V
0.328096866607666,0.7966938018798828,0.36220425367355347,0.7666921019554138,0.37741100788116455,0.7130798697471619,0.3532392680644989,0.6714504361152649,0.32481855154037476,0.6482886672019958,0.3787457346916199,0.6420839428901672,0.3914373517036438,0.5797601342201233,0.39761418104171753,0.5399004220962524,0.4014509618282318,0.5051267743110657,0.34934762120246887,0.6371048092842102,0.34698110818862915,0.5711455941200256,0.34414446353912354,0.5301918983459473,0.3405921161174774,0.4950350522994995,0.3234042227268219,0.6491868495941162,0.3182182312011719,0.6000574827194214,0.3257176876068115,0.6333164572715759,0.3296413719654083,0.6641892790794373,0.30000099539756775,0.6719828844070435,0.30010637640953064,0.6395373344421387,0.3099922835826874,0.6593899726867676,0.31606584787368774,0.6825926899909973,V
0.3291301727294922,0.797042727470398,0.36355069279670715,0.7672498822212219,0.3775586187839508,0.7140055298805237,0.3539544343948364,0.6726354360580444,0.3264281153678894,0.647059977054596,0.37931790947914124,0.6425490975379944,0.3912101984024048,0.5800188183784485,0.3970913887023926,0.5401615500450134,0.40064573287963867,0.5054996609687805,0.35004132986068726,0.6376153826713562,0.3471572995185852,0.5718626976013184,0.34429967403411865,0.5310987234115601,0.340211421251297,0.49597328901290894,0.3236989676952362,0.6501198410987854,0.31872594356536865,0.5998337268829346,0.326912522315979,0.6350507140159607,0.33046913146972656,0.6665399670600891,0.2997284531593323,0.6739426851272583,0.2992684841156006,0.6393899917602539,0.3090985417366028,0.6598914861679077,0.3145318627357483,0.683021068572998,V
0.3269649147987366,0.7936099767684937,0.3612755537033081,0.7650939226150513,0.37502992153167725,0.7100759744644165,0.35293349623680115,0.6660374402999878,0.3238750696182251,0.6427599787712097,0.37875258922576904,0.6387211680412292,0.39032721519470215,0.5758391618728638,0.3971763849258423,0.5356311798095703,0.40120235085487366,0.5017476081848145,0.3496573269367218,0.6340214610099792,0.3466612696647644,0.5675917267799377,0.3441425859928131,0.5269073247909546,0.3400135338306427,0.49265462160110474,0.32334303855895996,0.6466867327690125,0.31717410683631897,0.597019612789154,0.3261088728904724,0.6306448578834534,0.3303096890449524,0.6608991026878357,0.298981636762619,0.6704540252685547,0.2989555597305298,0.6354089379310608,0.3093344569206238,0.6561814546585083,0.3150123059749603,0.6796987056732178,V
0.32505136728286743,0.7865158915519714,0.3600471019744873,0.7554453015327454,0.3738187551498413,0.7017000913619995,0.3508978486061096,0.6575833559036255,0.32289186120033264,0.6320446133613586,0.37754398584365845,0.6316574811935425,0.38948854804039,0.5680155754089355,0.3960065245628357,0.5275886058807373,0.39984631538391113,0.49358487129211426,0.34804561734199524,0.6274049878120422,0.3457269072532654,0.5614422559738159,0.3428035378456116,0.5205798149108887,0.3385506272315979,0.4868399500846863,0.32140466570854187,0.6395862698554993,0.3148801624774933,0.5905032753944397,0.32370561361312866,0.6232397556304932,0.3281688392162323,0.6536881923675537,0.2968529462814331,0.6622116565704346,0.296671599149704,0.6244916915893555,0.3077361285686493,0.6459144949913025,0.31458669900894165,0.671467125415802,V
0.322759747505188,0.7818218469619751,0.3581838011741638,0.7512888312339783,0.3711574673652649,0.6945196986198425,0.34773901104927063,0.6497237682342529,0.31854248046875,0.6258492469787598,0.37510690093040466,0.6264556050300598,0.3866076171398163,0.5622115731239319,0.3931293189525604,0.521179735660553,0.39705774188041687,0.486992746591568,0.345685213804245,0.6220451593399048,0.3423236608505249,0.5560541749000549,0.3396337926387787,0.5145953893661499,0.33550652861595154,0.48087137937545776,0.3189430236816406,0.6342911124229431,0.31252995133399963,0.5852454304695129,0.3214750587940216,0.6171782612800598,0.325152724981308,0.6467373967170715,0.29423800110816956,0.656165599822998,0.29527950286865234,0.6175114512443542,0.3058168888092041,0.639251708984375,0.3112604320049286,0.6647507548332214,V
0.32249149680137634,0.7748470306396484,0.3569391667842865,0.744670569896698,0.3708234429359436,0.6899330615997314,0.34744009375572205,0.6451613903045654,0.31993547081947327,0.6174009442329407,0.3766147196292877,0.6195452809333801,0.387604296207428,0.5549750328063965,0.393929660320282,0.5143648386001587,0.3978098928928375,0.4799887537956238,0.3473875820636749,0.6149524450302124,0.34429118037223816,0.5474901795387268,0.340812623500824,0.5060871839523315,0.336631715297699,0.4714021682739258,0.3207497000694275,0.6266496777534485,0.31511786580085754,0.5758666396141052,0.3221513330936432,0.6102003455162048,0.32520613074302673,0.6407471895217896,0.29639193415641785,0.6482177972793579,0.2980320155620575,0.610686719417572,0.30751603841781616,0.6325764656066895,0.3123743534088135,0.6573057174682617,V
0.3220556378364563,0.7614539265632629,0.35694921016693115,0.7328183650970459,0.3706558048725128,0.6747170686721802,0.3457903265953064,0.6308606266975403,0.3169175982475281,0.6045724153518677,0.37491217255592346,0.6074784994125366,0.38707560300827026,0.5422987341880798,0.3938058912754059,0.501772940158844,0.3974061608314514,0.46741288900375366,0.3451364040374756,0.6036137342453003,0.34248459339141846,0.5361365079879761,0.3396197557449341,0.49594053626060486,0.33559852838516235,0.46232134103775024,0.31831803917884827,0.6156438589096069,0.31242403388023376,0.5626190304756165,0.3201385736465454,0.596981406211853,0.32383668422698975,0.6273069381713867,0.2947719693183899,0.6373184323310852,0.29636314511299133,0.6045446395874023,0.3056027889251709,0.6269971132278442,0.3105827867984772,0.6498791575431824,V
0.31882065534591675,0.7623140811920166,0.35243162512779236,0.7341639399528503,0.3658280670642853,0.6775532960891724,0.3405054211616516,0.6334408521652222,0.31098848581314087,0.6088449358940125,0.3693591356277466,0.6078953146934509,0.3817805051803589,0.5443296432495117,0.3877042233943939,0.5057312846183777,0.39108654856681824,0.4708709120750427,0.33923986554145813,0.6027217507362366,0.3355213701725006,0.5373458862304688,0.3325865566730499,0.49755391478538513,0.328717440366745,0.4623890519142151,0.3123922348022461,0.615898609161377,0.30532440543174744,0.5654802918434143,0.31454068422317505,0.6013200283050537,0.3194012939929962,0.6328219175338745,0.2887853980064392,0.6406499147415161,0.2880266308784485,0.6100440621376038,0.2976531982421875,0.63017338514328,0.3036537766456604,0.6513673663139343,V
0.3093666732311249,0.7625759840011597,0.34401601552963257,0.7338962554931641,0.35682621598243713,0.676485538482666,0.32972800731658936,0.6328986883163452,0.3001323342323303,0.6111389398574829,0.3601280450820923,0.6087911128997803,0.3718710243701935,0.545276403427124,0.3771074712276459,0.507034420967102,0.3799893260002136,0.472576379776001,0.3300674557685852,0.6037552356719971,0.3259882926940918,0.5409153699874878,0.3216404616832733,0.5009831786155701,0.3167192339897156,0.4663509726524353,0.30354058742523193,0.6164352297782898,0.2971687912940979,0.5668965578079224,0.3041640818119049,0.6000192165374756,0.30704501271247864,0.6303934454917908,0.2804715037345886,0.6397709846496582,0.2786884009838104,0.6091337203979492,0.287136435508728,0.6299176812171936,0.2923101484775543,0.6520512700080872,V
0.3071039617061615,0.7724034786224365,0.34223443269729614,0.7425572872161865,0.35382694005966187,0.6852617859840393,0.3263959586620331,0.6434850692749023,0.2963271141052246,0.6237661242485046,0.35658177733421326,0.6184526681900024,0.36817416548728943,0.5555188059806824,0.3734457492828369,0.5159766674041748,0.3763669729232788,0.4817982316017151,0.32692229747772217,0.613348662853241,0.3226589262485504,0.5484458804130554,0.31836792826652527,0.5073724985122681,0.31287771463394165,0.4735610783100128,0.30109626054763794,0.6259140968322754,0.29364123940467834,0.5779248476028442,0.3015051782131195,0.606669008731842,0.30462372303009033,0.6334985494613647,0.27858880162239075,0.6484735608100891,0.2781311273574829,0.6161930561065674,0.28730905055999756,0.6364243626594543,0.29184940457344055,0.6586582660675049,V
0.3025079667568207,0.7829654216766357,0.338299959897995,0.7530835270881653,0.3488800525665283,0.6951934695243835,0.322881281375885,0.6530855894088745,0.2926328182220459,0.6344806551933289,0.3520417809486389,0.6282383799552917,0.3631501793861389,0.5649417638778687,0.3682122230529785,0.5253534913063049,0.37102383375167847,0.490844190120697,0.3221685290336609,0.6234658360481262,0.3168376684188843,0.5587805509567261,0.3121607303619385,0.5176904201507568,0.3065851628780365,0.4844903349876404,0.2958407700061798,0.6361241936683655,0.2876167595386505,0.5878118276596069,0.2960469126701355,0.6158703565597534,0.29971158504486084,0.6436354517936707,0.27282091975212097,0.6587402820587158,0.2716344892978668,0.6246574521064758,0.2807792127132416,0.644942045211792,0.2854043245315552,0.668448805809021,V
0.30140841007232666,0.7826949954032898,0.33476492762565613,0.7521358132362366,0.3470115661621094,0.6983416676521301,0.31987544894218445,0.6583871841430664,0.2909245789051056,0.6369893550872803,0.35094180703163147,0.6296124458312988,0.36131131649017334,0.567532479763031,0.3659694492816925,0.5280735492706299,0.3686944246292114,0.4941971004009247,0.32111743092536926,0.6255096197128296,0.315044105052948,0.5616066455841064,0.30963799357414246,0.5214696526527405,0.3037085235118866,0.48667389154434204,0.29451504349708557,0.6381795406341553,0.28794926404953003,0.5915942788124084,0.29670584201812744,0.6248760223388672,0.30023548007011414,0.6535728573799133,0.2705940306186676,0.6609235405921936,0.27029281854629517,0.6256991624832153,0.2792395055294037,0.6469041705131531,0.28298240900039673,0.6693510413169861,V
0.29847899079322815,0.778935432434082,0.33135733008384705,0.7491151690483093,0.34437432885169983,0.6957458853721619,0.3178409934043884,0.655031144618988,0.2895774841308594,0.6329094767570496,0.3494434952735901,0.6280189752578735,0.35941845178604126,0.5652628540992737,0.36470651626586914,0.5259997248649597,0.36808276176452637,0.49264755845069885,0.320082426071167,0.6239244341850281,0.3131447732448578,0.5592032670974731,0.30726003646850586,0.5188522338867188,0.3015110194683075,0.4844512641429901,0.29419028759002686,0.6358399987220764,0.28602054715156555,0.58928382396698,0.2933398485183716,0.6216495037078857,0.29669925570487976,0.6495676040649414,0.27080288529396057,0.6569339632987976,0.2698366940021515,0.6211140155792236,0.2772548794746399,0.6430457830429077,0.2804054915904999,0.6660873293876648,V
0.2994791865348816,0.7833701372146606,0.33266615867614746,0.7537387013435364,0.34404999017715454,0.696958601474762,0.31565061211586,0.656349241733551,0.28594982624053955,0.6357072591781616,0.34802067279815674,0.6299566030502319,0.3586249053478241,0.5670751929283142,0.36382561922073364,0.5280449390411377,0.3665960729122162,0.49461257457733154,0.31807786226272583,0.6258562803268433,0.3110748529434204,0.5616806149482727,0.3054169714450836,0.5218693017959595,0.29891642928123474,0.4871212840080261,0.29207828640937805,0.6384179592132568,0.28393983840942383,0.592686116695404,0.29299625754356384,0.6254283785820007,0.29681408405303955,0.6533956527709961,0.2695009708404541,0.660315215587616,0.2688397467136383,0.6266008615493774,0.2773889899253845,0.6479446887969971,0.28112882375717163,0.6697940230369568,V
0.2962448000907898,0.78594571352005,0.3296014070510864,0.7577311992645264,0.34081727266311646,0.7024120688438416,0.31389179825782776,0.6619376540184021,0.28512346744537354,0.640525758266449,0.3461534380912781,0.6341911554336548,0.35597050189971924,0.5705678462982178,0.36089378595352173,0.5316811800003052,0.3636089861392975,0.49756571650505066,0.31621208786964417,0.6295164227485657,0.30954283475875854,0.5657604336738586,0.3032775819301605,0.5266202092170715,0.29631930589675903,0.4923540949821472,0.28992462158203125,0.6420219540596008,0.2811085879802704,0.5922247767448425,0.2894381582736969,0.6230561137199402,0.2932649254798889,0.6511934995651245,0.2674548625946045,0.6645709872245789,0.2669076919555664,0.6315600275993347,0.2751968801021576,0.6520876288414001,0.27886271476745605,0.6739340424537659,V
0.2946385443210602,0.7875732779502869,0.3273200988769531,0.7576953172683716,0.3385147154331207,0.7027162909507751,0.31177961826324463,0.6628405451774597,0.2829495370388031,0.6403721570968628,0.34340018033981323,0.63257896900177,0.3532785475254059,0.5707248449325562,0.3582586944103241,0.5322892069816589,0.3610239326953888,0.4985395669937134,0.31366369128227234,0.6286325454711914,0.306826114654541,0.5663833022117615,0.30072030425071716,0.5278037190437317,0.2940838932991028,0.49330657720565796,0.287603497505188,0.6418535709381104,0.279458612203598,0.5950271487236023,0.28798040747642517,0.6288681030273438,0.29197290539741516,0.6574727892875671,0.2653639018535614,0.6650857329368591,0.264536589384079,0.6308233737945557,0.2729613482952118,0.6529179811477661,0.2770904302597046,0.6755821704864502,V
0.29418331384658813,0.7869367599487305,0.32655835151672363,0.7559288144111633,0.3376861810684204,0.7019005417823792,0.3111473321914673,0.6620979309082031,0.2829190790653229,0.6394029259681702,0.3429814875125885,0.6325840950012207,0.3519437909126282,0.569666862487793,0.35678449273109436,0.5308259129524231,0.3595235049724579,0.49742183089256287,0.3134552240371704,0.6286500096321106,0.306470662355423,0.5652161240577698,0.30005961656570435,0.526343047618866,0.29326194524765015,0.49222204089164734,0.28717803955078125,0.6413194537162781,0.28023582696914673,0.5902191400527954,0.2878569960594177,0.6234392523765564,0.29112666845321655,0.6532132625579834,0.26428237557411194,0.6641541123390198,0.2635004222393036,0.6287004351615906,0.2719392478466034,0.6489497423171997,0.2759064733982086,0.6712387204170227,V
0.2951115369796753,0.7863913774490356,0.3280445635318756,0.7545648813247681,0.33889681100845337,0.7011008858680725,0.31081098318099976,0.6617636680603027,0.28393328189849854,0.6377514600753784,0.34378957748413086,0.6313968300819397,0.35286998748779297,0.5689559578895569,0.35711461305618286,0.5297092795372009,0.35933738946914673,0.4962095618247986,0.31392762064933777,0.6277444958686829,0.30713826417922974,0.5646095275878906,0.3008258640766144,0.5254614949226379,0.29434463381767273,0.4921964108943939,0.2876390516757965,0.6405384540557861,0.27997729182243347,0.5899302959442139,0.2871999442577362,0.6218970417976379,0.2903907597064972,0.6506522297859192,0.26451560854911804,0.6634517908096313,0.26274269819259644,0.6270145773887634,0.270660400390625,0.6478451490402222,0.27458950877189636,0.6706279516220093,V
0.2915482819080353,0.7777945399284363,0.3240521550178528,0.7467791438102722,0.33719760179519653,0.6936992406845093,0.3114926218986511,0.6505769491195679,0.28333115577697754,0.6262601017951965,0.34191039204597473,0.626321017742157,0.3514396548271179,0.5628165602684021,0.3565331697463989,0.5230090618133545,0.3596031665802002,0.48932552337646484,0.3125600814819336,0.6223945617675781,0.3059745728969574,0.5591214299201965,0.2994881570339203,0.5193146467208862,0.29293859004974365,0.4853835105895996,0.28666433691978455,0.6342171430587769,0.2791249752044678,0.5856084227561951,0.2866322994232178,0.6173654198646545,0.2902226746082306,0.6460703611373901,0.2631092071533203,0.6554094552993774,0.26257798075675964,0.6198103427886963,0.271633118391037,0.6406734585762024,0.27637773752212524,0.6636539101600647,V
0.2918086051940918,0.7758193016052246,0.32431721687316895,0.7449039220809937,0.33495938777923584,0.6908926963806152,0.3080101013183594,0.6494290232658386,0.27955108880996704,0.6268253326416016,0.33956241607666016,0.6227794885635376,0.3493381142616272,0.5609197020530701,0.3539596199989319,0.5217424631118774,0.35636135935783386,0.48824381828308105,0.3105049133300781,0.6190521121025085,0.303683876991272,0.5563602447509766,0.296921044588089,0.5163310766220093,0.2899574041366577,0.4821411967277527,0.28499892354011536,0.6318650841712952,0.27674600481987,0.586850106716156,0.2847897708415985,0.6181298494338989,0.28885531425476074,0.645946204662323,0.2619495987892151,0.6538556814193726,0.2595745325088501,0.6185587048530579,0.2681378722190857,0.6378461718559265,0.27325260639190674,0.6593661308288574,V
0.291036993265152,0.7751830220222473,0.3234299421310425,0.7426298260688782,0.3343000113964081,0.6906869411468506,0.3074188232421875,0.6514493823051453,0.27948740124702454,0.6294601559638977,0.33932024240493774,0.623315691947937,0.34862270951271057,0.561151385307312,0.3525964617729187,0.5219613313674927,0.35476455092430115,0.48836445808410645,0.3104282319545746,0.6196392178535461,0.3032485246658325,0.5572916269302368,0.29636070132255554,0.5175371766090393,0.28977853059768677,0.4829058051109314,0.2848483622074127,0.6319566369056702,0.27614840865135193,0.5858536958694458,0.28332701325416565,0.6176273822784424,0.28722408413887024,0.6459705829620361,0.26184648275375366,0.653687059879303,0.25859206914901733,0.6187117695808411,0.26702702045440674,0.6386229395866394,0.27228406071662903,0.6608856320381165,V
0.2907215654850006,0.773308515548706,0.32349908351898193,0.7417062520980835,0.33566996455192566,0.6897420883178711,0.3080059885978699,0.6487002968788147,0.2800377607345581,0.6261581182479858,0.33975884318351746,0.6229971051216125,0.3493788242340088,0.5606781840324402,0.35365021228790283,0.5214436650276184,0.3561052083969116,0.48812606930732727,0.3106542229652405,0.6192581653594971,0.3040849268436432,0.5567473769187927,0.2975941300392151,0.5163573622703552,0.29115575551986694,0.48204505443573,0.2853386104106903,0.6316538453102112,0.27676454186439514,0.5863713622093201,0.2846989333629608,0.6150609254837036,0.2889796495437622,0.6420493721961975,0.2623884379863739,0.6534324884414673,0.25930890440940857,0.6184927225112915,0.2682589590549469,0.6371979117393494,0.2740004360675812,0.6592438817024231,V
0.29105281829833984,0.7739185690879822,0.32345446944236755,0.7411429286003113,0.33470669388771057,0.688201904296875,0.30720847845077515,0.6488242745399475,0.278832346200943,0.6274123191833496,0.3393680155277252,0.6223299503326416,0.34881338477134705,0.5596513748168945,0.3532794713973999,0.5204593539237976,0.35579246282577515,0.48716098070144653,0.310322642326355,0.6185116767883301,0.3034701943397522,0.5561352968215942,0.2966010570526123,0.516472578048706,0.2898494005203247,0.4823669195175171,0.28481659293174744,0.6309936046600342,0.27589553594589233,0.5847263932228088,0.28338268399238586,0.6157495975494385,0.2875766158103943,0.6439401507377625,0.26221683621406555,0.6528689861297607,0.2595706582069397,0.617720901966095,0.2678290903568268,0.6364424824714661,0.27294573187828064,0.6579395532608032,V
0.290902704000473,0.7732670307159424,0.32352373003959656,0.7404175400733948,0.33523061871528625,0.6884666681289673,0.3084773123264313,0.6479101777076721,0.28065165877342224,0.6246709227561951,0.33992788195610046,0.621619462966919,0.3498205542564392,0.5594308972358704,0.35399961471557617,0.5202699303627014,0.35642343759536743,0.48693835735321045,0.31097549200057983,0.6184117794036865,0.3041558861732483,0.5559729337692261,0.29760152101516724,0.5161645412445068,0.29114076495170593,0.48210078477859497,0.28560376167297363,0.6310760974884033,0.27761027216911316,0.5874768495559692,0.28566980361938477,0.6189978718757629,0.289885014295578,0.6470146775245667,0.26274317502975464,0.6528907418251038,0.2598390579223633,0.6176903247833252,0.26888102293014526,0.6371462941169739,0.2746161222457886,0.6595591902732849,V
0.2906841039657593,0.7724074125289917,0.3230537176132202,0.7405706644058228,0.33468109369277954,0.6870806813240051,0.3071870803833008,0.6466814875602722,0.27844157814979553,0.6261684894561768,0.33952388167381287,0.6208137273788452,0.348934143781662,0.5578003525733948,0.35354113578796387,0.5187784433364868,0.3562728464603424,0.4856855571269989,0.3104651868343353,0.6169899702072144,0.30362468957901,0.5535444617271423,0.2966468930244446,0.51398766040802,0.2897873818874359,0.4800876975059509,0.28493282198905945,0.6293460130691528,0.2763456106185913,0.5824848413467407,0.2833401560783386,0.6148009300231934,0.2870791554450989,0.6431918740272522,0.2621927857398987,0.6512055993080139,0.2592538893222809,0.616641104221344,0.2670011818408966,0.6368324756622314,0.27156883478164673,0.6584893465042114,V
0.28833872079849243,0.7701290845870972,0.31981411576271057,0.7397488355636597,0.3314943313598633,0.6856780052185059,0.3055211901664734,0.6438388228416443,0.27650079131126404,0.6207981705665588,0.33648598194122314,0.618661642074585,0.345613956451416,0.5554591417312622,0.34996384382247925,0.5166863203048706,0.35254114866256714,0.4827408194541931,0.3068578839302063,0.6149224042892456,0.2999987006187439,0.5521594285964966,0.2927149832248688,0.5129791498184204,0.2861643433570862,0.4785034656524658,0.28083333373069763,0.6281551122665405,0.2706720530986786,0.5781258940696716,0.27716222405433655,0.6117143034934998,0.2813572585582733,0.642368495464325,0.25838199257850647,0.6515701413154602,0.25521278381347656,0.6177197694778442,0.2629135549068451,0.6389063000679016,0.26797714829444885,0.6622740626335144,V
0.2863628566265106,0.7661841511726379,0.31717798113822937,0.7369273900985718,0.3283545672893524,0.683323323726654,0.3022240698337555,0.6417620182037354,0.2738269865512848,0.6175211071968079,0.3355647325515747,0.6170215606689453,0.344190776348114,0.5528619289398193,0.3487354815006256,0.5136964321136475,0.35116225481033325,0.4805757999420166,0.30666694045066833,0.6123260855674744,0.2990153133869171,0.5481177568435669,0.2923591732978821,0.5092757940292358,0.2858552038669586,0.475961834192276,0.2812993824481964,0.6236752867698669,0.2713454067707062,0.5744709968566895,0.27759847044944763,0.6062992811203003,0.2809638977050781,0.6350908279418945,0.2592475712299347,0.6439084410667419,0.25759831070899963,0.6102318167686462,0.2654778063297272,0.6295071840286255,0.2699526250362396,0.6505712866783142,V
0.28335800766944885,0.7608822584152222,0.31328219175338745,0.7327327132225037,0.32395681738853455,0.6771942377090454,0.29837220907211304,0.6351223587989807,0.2702433466911316,0.6107079386711121,0.33021849393844604,0.6091161370277405,0.3401886820793152,0.5456998348236084,0.34510377049446106,0.5070940256118774,0.34776392579078674,0.4739142656326294,0.30170732736587524,0.6049299836158752,0.2951544225215912,0.542267918586731,0.2874021530151367,0.5032267570495605,0.2803059220314026,0.46923062205314636,0.2764170467853546,0.6170400381088257,0.26668500900268555,0.5687252283096313,0.2722283601760864,0.6035069823265076,0.2756541669368744,0.634285032749176,0.2548691928386688,0.6387496590614319,0.2530515789985657,0.6055033206939697,0.2594776749610901,0.6268633008003235,0.2629743814468384,0.6495702266693115,V
0.2820652723312378,0.7611393332481384,0.3129490613937378,0.7329816222190857,0.32284384965896606,0.6785629391670227,0.29598426818847656,0.6378011703491211,0.26834768056869507,0.6124677658081055,0.3293036222457886,0.6101446151733398,0.33786505460739136,0.5457920432090759,0.3416833281517029,0.507219672203064,0.3430408835411072,0.4738789200782776,0.29999208450317383,0.605459988117218,0.2927669286727905,0.5413705110549927,0.28572821617126465,0.5024451613426208,0.2785627543926239,0.4688578248023987,0.2743625342845917,0.6174496412277222,0.2658413052558899,0.5674722194671631,0.27179819345474243,0.5986925959587097,0.2741905748844147,0.6271103620529175,0.2530597448348999,0.6390532851219177,0.25305381417274475,0.6103325486183167,0.26095765829086304,0.6296815872192383,0.2647930383682251,0.649223804473877,V
0.28119343519210815,0.7607532143592834,0.311922162771225,0.7318373322486877,0.3225933015346527,0.6769503355026245,0.2959592044353485,0.6359614729881287,0.2672715187072754,0.6127760410308838,0.3288157284259796,0.6104339957237244,0.3371715545654297,0.5466828346252441,0.34100961685180664,0.5084494352340698,0.34262728691101074,0.475003719329834,0.299328088760376,0.6057087779045105,0.29190877079963684,0.54197758436203,0.284942090511322,0.5036441683769226,0.27813392877578735,0.4692995846271515,0.2734297811985016,0.6174764633178711,0.2652886211872101,0.5672135949134827,0.27145254611968994,0.5996553897857666,0.27425098419189453,0.628510057926178,0.2517332434654236,0.6390842795372009,0.2520711421966553,0.6096917390823364,0.2599596381187439,0.6289993524551392,0.263827383518219,0.6485768556594849,V
0.28158774971961975,0.7587487697601318,0.3114222586154938,0.7280912399291992,0.3219067454338074,0.6741790175437927,0.29657065868377686,0.6337812542915344,0.27023613452911377,0.6067478060722351,0.3299125134944916,0.607001006603241,0.337421178817749,0.5429009795188904,0.34130218625068665,0.5040968656539917,0.34346330165863037,0.4707813560962677,0.30123811960220337,0.6030508875846863,0.29308655858039856,0.5388933420181274,0.28546518087387085,0.5005550980567932,0.2788067162036896,0.4668816030025482,0.27588656544685364,0.6150752902030945,0.26665744185447693,0.5639570951461792,0.27187323570251465,0.5969581604003906,0.27497386932373047,0.6261447668075562,0.25437337160110474,0.6366118788719177,0.25369423627853394,0.6055805087089539,0.2608683407306671,0.6242733597755432,0.26500841975212097,0.6435853242874146,V
0.2818143367767334,0.7566864490509033,0.3121366798877716,0.7265099287033081,0.32249486446380615,0.6731898188591003,0.2961193323135376,0.6328195929527283,0.2687920928001404,0.6068141460418701,0.3301789462566376,0.6057336926460266,0.338419109582901,0.5408000946044922,0.3421264588832855,0.5016916990280151,0.3435532748699188,0.46800217032432556,0.3009931147098541,0.601814866065979,0.29360637068748474,0.5370677709579468,0.28630828857421875,0.49860429763793945,0.2792482376098633,0.4647529721260071,0.2751741111278534,0.6139264106750488,0.26662468910217285,0.5613457560539246,0.2726041078567505,0.593953549861908,0.2754158079624176,0.623431921005249,0.25391077995300293,0.6357011795043945,0.2551136612892151,0.6069808006286621,0.26299217343330383,0.6256213784217834,0.26664161682128906,0.6448933482170105,V
0.2831575870513916,0.7562937140464783,0.31441178917884827,0.727344274520874,0.3245750367641449,0.6753963828086853,0.2968963384628296,0.635845959186554,0.2688871920108795,0.6113929748535156,0.3302406966686249,0.6082561612129211,0.3395605683326721,0.5449332594871521,0.34316375851631165,0.5062095522880554,0.34464454650878906,0.472719669342041,0.30117300152778625,0.604076623916626,0.29367873072624207,0.5398343205451965,0.2861377000808716,0.501494824886322,0.2788848280906677,0.4678044021129608,0.27608194947242737,0.6162018179893494,0.2676227390766144,0.5704877972602844,0.27486109733581543,0.601992130279541,0.27865904569625854,0.6295833587646484,0.25516143441200256,0.6378307938575745,0.2555794417858124,0.6103135347366333,0.26427018642425537,0.6286779046058655,0.2692129909992218,0.6470731496810913,V
0.28042930364608765,0.7592386603355408,0.31147104501724243,0.7303941249847412,0.3209790289402008,0.6736247539520264,0.2952626049518585,0.6335309147834778,0.2670435905456543,0.611262857913971,0.3275488018989563,0.6060581803321838,0.3365137279033661,0.5431403517723083,0.3406880795955658,0.5046218633651733,0.34256795048713684,0.4708837568759918,0.2986032962799072,0.6016644239425659,0.29173561930656433,0.5403435230255127,0.28422310948371887,0.501869261264801,0.2771337032318115,0.4678114056587219,0.27296778559684753,0.6139430403709412,0.26430046558380127,0.564087450504303,0.26918479800224304,0.5979824066162109,0.2717815637588501,0.628451943397522,0.2515121102333069,0.6359694004058838,0.24991855025291443,0.603020966053009,0.25602105259895325,0.6228687763214111,0.2594791352748871,0.6446885466575623,V
