0.25442764163017273,0.7839798331260681,0.306831032037735,0.7619078159332275,0.35436224937438965,0.7121122479438782,0.39366552233695984,0.675706684589386,0.42722082138061523,0.6578283309936523,0.31564685702323914,0.6149695515632629,0.32279980182647705,0.5369588136672974,0.32379597425460815,0.48955148458480835,0.32252103090286255,0.444909006357193,0.28142422437667847,0.6209866404533386,0.2836501896381378,0.6011780500411987,0.28558918833732605,0.6709822416305542,0.2860609292984009,0.6844545602798462,0.24818800389766693,0.6330251693725586,0.2497919797897339,0.6192269921302795,0.2592402398586273,0.6857937574386597,0.2624969780445099,0.6929219365119934,0.2157873958349228,0.6497519016265869,0.21915864944458008,0.6305930018424988,0.23245400190353394,0.6788065433502197,0.23423999547958374,0.6956360936164856,L
0.2482186108827591,0.7820769548416138,0.30087408423423767,0.7608901262283325,0.3475549817085266,0.712481677532196,0.3861108720302582,0.6753939986228943,0.41988375782966614,0.6571462154388428,0.3103711009025574,0.6127424240112305,0.31681182980537415,0.5345005989074707,0.317793607711792,0.48688727617263794,0.3167452812194824,0.44157326221466064,0.27629145979881287,0.619117796421051,0.27811434864997864,0.5998521447181702,0.2809741795063019,0.6703792810440063,0.28267163038253784,0.6811397671699524,0.24342909455299377,0.6305568218231201,0.24427530169487,0.6178990602493286,0.25463658571243286,0.6846700310707092,0.25891852378845215,0.6886699795722961,0.21170523762702942,0.6464037299156189,0.21354041993618011,0.628806471824646,0.22699949145317078,0.6773512959480286,0.22907567024230957,0.6931660175323486,L
0.24431274831295013,0.7835975885391235,0.29545485973358154,0.7610592842102051,0.34173381328582764,0.7116830945014954,0.3812139630317688,0.6746176481246948,0.4156699776649475,0.6557778120040894,0.30504634976387024,0.612322211265564,0.31211045384407043,0.5342701077461243,0.31293556094169617,0.4849851429462433,0.31135082244873047,0.44020533561706543,0.27059829235076904,0.6199182868003845,0.2718929946422577,0.5984052419662476,0.2738446593284607,0.6679245233535767,0.27508318424224854,0.6810218691825867,0.23725661635398865,0.6327639818191528,0.23765555024147034,0.6172140836715698,0.2478875070810318,0.6832770109176636,0.2520679831504822,0.6898630857467651,0.20508462190628052,0.6499233245849609,0.20655041933059692,0.6307317018508911,0.21981844305992126,0.6781468987464905,0.22176063060760498,0.6943290829658508,L
0.23438593745231628,0.7882170677185059,0.285121351480484,0.7656235098838806,0.33255138993263245,0.715461254119873,0.3724517524242401,0.6763603687286377,0.40677759051322937,0.6540461182594299,0.29634058475494385,0.613502025604248,0.30223819613456726,0.5337235927581787,0.30352747440338135,0.4843031167984009,0.30216535925865173,0.4381392300128937,0.2610602378845215,0.621535062789917,0.26221296191215515,0.5984296798706055,0.2653319239616394,0.671359121799469,0.267246812582016,0.6817003488540649,0.22725997865200043,0.6342660784721375,0.22767424583435059,0.6200629472732544,0.23837901651859283,0.6873819231987,0.2426234483718872,0.6906988620758057,0.1943349987268448,0.6503068804740906,0.19673292338848114,0.633773148059845,0.2095438838005066,0.6817618012428284,0.21088948845863342,0.6954122185707092,L
0.2245045006275177,0.8063235282897949,0.27473869919776917,0.7812395095825195,0.32219529151916504,0.7331100106239319,0.3647209107875824,0.6947606801986694,0.40033823251724243,0.6721049547195435,0.28758734464645386,0.6247236728668213,0.2946615517139435,0.5456182956695557,0.29589495062828064,0.4953365921974182,0.2940632402896881,0.4488223195075989,0.2502904534339905,0.6310389637947083,0.25382813811302185,0.6140078902244568,0.25728848576545715,0.6879411935806274,0.2590693235397339,0.6941953301429749,0.2146090865135193,0.6436931490898132,0.21791163086891174,0.6344837546348572,0.22924208641052246,0.7010130882263184,0.23298956453800201,0.7032137513160706,0.18022000789642334,0.6602278351783752,0.18614110350608826,0.6487897634506226,0.20014211535453796,0.6964423656463623,0.20162636041641235,0.7092337608337402,L
0.22649085521697998,0.8121135830879211,0.2775436043739319,0.7856690287590027,0.3267403244972229,0.7340605854988098,0.3681753873825073,0.6939789056777954,0.40498411655426025,0.6680788993835449,0.2885366380214691,0.6255117058753967,0.29448550939559937,0.544663667678833,0.29393014311790466,0.49355828762054443,0.29186689853668213,0.446188747882843,0.2510429918766022,0.6324789524078369,0.25469017028808594,0.6134126782417297,0.25756844878196716,0.6865084171295166,0.2599021792411804,0.697216272354126,0.21522098779678345,0.6461211442947388,0.21855206787586212,0.635668158531189,0.22976262867450714,0.703239917755127,0.2353111207485199,0.7078750729560852,0.1799333393573761,0.6625577807426453,0.1864059567451477,0.6441361308097839,0.200690358877182,0.6941244602203369,0.2043556421995163,0.7105410695075989,L
0.22748443484306335,0.8177363872528076,0.27891430258750916,0.7885676622390747,0.32759004831314087,0.7369505763053894,0.37005841732025146,0.6955156326293945,0.4076697826385498,0.6679865717887878,0.2893294095993042,0.6275167465209961,0.2956814765930176,0.5466203093528748,0.2955133020877838,0.4947223961353302,0.2937665283679962,0.44649726152420044,0.2521633803844452,0.6345027685165405,0.2545117437839508,0.6144899725914001,0.25729528069496155,0.6884315609931946,0.2603267431259155,0.6980705261230469,0.21637311577796936,0.6482272148132324,0.21814243495464325,0.6371796131134033,0.22880977392196655,0.7051163911819458,0.2349516749382019,0.7085685133934021,0.18103379011154175,0.6646621227264404,0.18503504991531372,0.646472692489624,0.19895292818546295,0.6962376832962036,0.20340201258659363,0.7123255729675293,L
0.22254955768585205,0.8407195210456848,0.27235209941864014,0.8094063997268677,0.31949397921562195,0.760014533996582,0.3657149374485016,0.7158506512641907,0.40339767932891846,0.6853231191635132,0.2846440374851227,0.6388317346572876,0.28924229741096497,0.5588961243629456,0.28807729482650757,0.5074243545532227,0.28541284799575806,0.4588364064693451,0.24619820713996887,0.6446993947029114,0.24497930705547333,0.6328420639038086,0.25023403763771057,0.710170328617096,0.2550117075443268,0.713563084602356,0.2097759246826172,0.6595317125320435,0.20752736926078796,0.6571651697158813,0.22164548933506012,0.7251189351081848,0.22981348633766174,0.7237243056297302,0.17490652203559875,0.678215742111206,0.17278504371643066,0.6738623380661011,0.1898835003376007,0.722699761390686,0.197273850440979,0.7348003387451172,L
0.22397997975349426,0.8522201180458069,0.2776133716106415,0.8245790600776672,0.3318658769130707,0.7698556184768677,0.37798112630844116,0.7269595861434937,0.4168972373008728,0.7002490162849426,0.29369819164276123,0.6506274342536926,0.3004700541496277,0.569189727306366,0.29928722977638245,0.5153288841247559,0.2968500256538391,0.46565133333206177,0.25427189469337463,0.651282012462616,0.25621235370635986,0.6421065330505371,0.25819477438926697,0.7206217646598816,0.25975656509399414,0.732958197593689,0.21521323919296265,0.6647695899009705,0.21787729859352112,0.6682338714599609,0.22837144136428833,0.737651526927948,0.23339813947677612,0.7415527105331421,0.1769227683544159,0.6836705207824707,0.18215316534042358,0.67984938621521,0.19676297903060913,0.7319045662879944,0.20087221264839172,0.7462672591209412,L
0.23074780404567719,0.8494440913200378,0.2817164957523346,0.8193385601043701,0.3328825831413269,0.7643800973892212,0.3802016079425812,0.7230080366134644,0.4216153621673584,0.697632908821106,0.2983570694923401,0.6430829763412476,0.3049333393573761,0.5627073645591736,0.30416443943977356,0.5104519724845886,0.3021884262561798,0.46010512113571167,0.2594144642353058,0.6451472640037537,0.2601263225078583,0.6341711282730103,0.26482242345809937,0.7125971913337708,0.27008622884750366,0.7224764823913574,0.220489501953125,0.6583861708641052,0.2214406281709671,0.6600987315177917,0.23358628153800964,0.7307395339012146,0.240956112742424,0.7316820621490479,0.18303701281547546,0.6768764853477478,0.18639405071735382,0.6713338494300842,0.20189517736434937,0.7236101627349854,0.20672646164894104,0.7386406660079956,L
0.24164853990077972,0.8349611759185791,0.2946394979953766,0.806291401386261,0.3458850681781769,0.7511494755744934,0.39097827672958374,0.7127077579498291,0.4287792444229126,0.6875720024108887,0.307993084192276,0.6367826461791992,0.3158763349056244,0.5564864277839661,0.31500762701034546,0.5047934055328369,0.31303369998931885,0.45564696192741394,0.2693394422531128,0.6390715837478638,0.2721966505050659,0.6286580562591553,0.27445679903030396,0.7059782147407532,0.2769812047481537,0.7149831652641296,0.2318233847618103,0.6524149775505066,0.23599182069301605,0.6554449796676636,0.2460753619670868,0.7234389185905457,0.2517832815647125,0.7224026322364807,0.1956971287727356,0.6710205078125,0.20085975527763367,0.6678304076194763,0.21488571166992188,0.7177854776382446,0.21900179982185364,0.7295196652412415,L
0.2637510895729065,0.8034290075302124,0.31752943992614746,0.7737404108047485,0.3667720854282379,0.7197348475456238,0.40723180770874023,0.684025228023529,0.4412217140197754,0.6622008681297302,0.3264939486980438,0.6215667128562927,0.33288899064064026,0.5393037796020508,0.33199799060821533,0.49041748046875,0.3300762176513672,0.4458589553833008,0.2912607491016388,0.624690055847168,0.2981259524822235,0.6051840782165527,0.29937466979026794,0.6763091087341309,0.29975876212120056,0.6971328854560852,0.25745031237602234,0.6369808912277222,0.26525723934173584,0.6259618997573853,0.2717094123363495,0.6915261149406433,0.27406418323516846,0.7054165601730347,0.2227683961391449,0.6536855697631836,0.23342236876487732,0.6375220417976379,0.2446156144142151,0.6845093965530396,0.24696023762226105,0.7013118863105774,L
0.28460997343063354,0.7863593101501465,0.3378657400608063,0.7591475248336792,0.3848232924938202,0.7048958539962769,0.4233860969543457,0.672575831413269,0.45395976305007935,0.6530448198318481,0.34103021025657654,0.6104576587677002,0.35009765625,0.5325992703437805,0.3519442081451416,0.4859178066253662,0.35007748007774353,0.4428105652332306,0.30502447485923767,0.6140597462654114,0.318276047706604,0.5968490242958069,0.32039910554885864,0.6660668253898621,0.3151281177997589,0.6853305697441101,0.2706717252731323,0.6267185807228088,0.28671324253082275,0.6174195408821106,0.293485164642334,0.6809569001197815,0.2893993854522705,0.6906255483627319,0.23671460151672363,0.6448603868484497,0.2542758584022522,0.6319770812988281,0.26609018445014954,0.6766197681427002,0.26301994919776917,0.6902096271514893,L
0.29358962178230286,0.7654044032096863,0.34681621193885803,0.7418960332870483,0.3909880220890045,0.6900274753570557,0.4288689196109772,0.6559684872627258,0.45824241638183594,0.6398385167121887,0.35018250346183777,0.6016994118690491,0.35789990425109863,0.5263086557388306,0.3597278296947479,0.4798181354999542,0.358388751745224,0.43915992975234985,0.31719642877578735,0.6073489785194397,0.3265523314476013,0.5851879119873047,0.3289352059364319,0.6531069874763489,0.3265787661075592,0.6708543300628662,0.28557834029197693,0.6195944547653198,0.29612720012664795,0.6053453683853149,0.302869588136673,0.6668872237205505,0.29983997344970703,0.6765890121459961,0.2530170679092407,0.6362733244895935,0.2649632692337036,0.6193410754203796,0.2756933867931366,0.6621698141098022,0.27356478571891785,0.6755377650260925,L
0.29784220457077026,0.7566573619842529,0.3472370505332947,0.7355868816375732,0.3908799886703491,0.6872155666351318,0.4265601336956024,0.6523778438568115,0.4574951231479645,0.6342347264289856,0.35374173521995544,0.5982059836387634,0.36016157269477844,0.5255252718925476,0.36054643988609314,0.4818161725997925,0.3587702512741089,0.4417463541030884,0.3221849501132965,0.6036739945411682,0.32907000184059143,0.5822507739067078,0.33013784885406494,0.6472088694572449,0.32930055260658264,0.6611274480819702,0.29168251156806946,0.6147094964981079,0.29860925674438477,0.6033709049224854,0.30468130111694336,0.6647853851318359,0.30485865473747253,0.6727103590965271,0.2612990736961365,0.6291934251785278,0.26815152168273926,0.6114450693130493,0.27860820293426514,0.6560688018798828,0.2790384888648987,0.6715587377548218,L
0.3006642758846283,0.7487857341766357,0.34853076934814453,0.7295229434967041,0.39196979999542236,0.6825383901596069,0.42689988017082214,0.6492982506752014,0.4566207528114319,0.6320735216140747,0.3545387387275696,0.5946317911148071,0.3608246445655823,0.5237822532653809,0.36149197816848755,0.48052966594696045,0.35961398482322693,0.44117939472198486,0.32313185930252075,0.5996167063713074,0.33056017756462097,0.5795642733573914,0.33261075615882874,0.6434562802314758,0.3311392366886139,0.6581128835678101,0.29302453994750977,0.610643744468689,0.29938995838165283,0.5992398858070374,0.30659613013267517,0.6598359942436218,0.3061136305332184,0.6681543588638306,0.26341569423675537,0.6253699064254761,0.2702094316482544,0.6085079908370972,0.2814944088459015,0.6522635817527771,0.2810562252998352,0.6670948266983032,L
0.3013739287853241,0.7552844285964966,0.34806695580482483,0.7361323237419128,0.3901614546775818,0.6893414258956909,0.4242035746574402,0.6550755500793457,0.4530683159828186,0.6368363499641418,0.3520163595676422,0.601384162902832,0.3585338890552521,0.5323649644851685,0.36051619052886963,0.48905274271965027,0.3590461015701294,0.4519686698913574,0.31959396600723267,0.6055490970611572,0.33031338453292847,0.58713698387146,0.3318009376525879,0.6505354046821594,0.3266272246837616,0.6670363545417786,0.28896039724349976,0.6188129782676697,0.3000548779964447,0.6076351404190063,0.3071673810482025,0.6657426357269287,0.30328285694122314,0.6753953099250793,0.2588927745819092,0.636526882648468,0.2707785964012146,0.622889518737793,0.28236085176467896,0.6633639335632324,0.2797712981700897,0.6747490167617798,L
0.2973555326461792,0.7597503662109375,0.34474655985832214,0.7397235631942749,0.38698384165763855,0.6907989382743835,0.42073512077331543,0.6554384827613831,0.45054689049720764,0.637616753578186,0.34640294313430786,0.6041702032089233,0.35371777415275574,0.5351245999336243,0.3560808300971985,0.49174702167510986,0.35470056533813477,0.4551703929901123,0.3135196268558502,0.6083072423934937,0.3262936770915985,0.5900579690933228,0.32807740569114685,0.6526966691017151,0.3213575482368469,0.6705694794654846,0.28275665640830994,0.6218994855880737,0.29734718799591064,0.6114999651908875,0.3042846620082855,0.6696158051490784,0.2983095645904541,0.6796423196792603,0.25322917103767395,0.6405841708183289,0.2678952217102051,0.6246732473373413,0.279013454914093,0.6658241748809814,0.2745627462863922,0.6783626079559326,L
0.2866075932979584,0.7605259418487549,0.3334329426288605,0.7381473779678345,0.37418559193611145,0.6893121004104614,0.40860456228256226,0.655267596244812,0.439103901386261,0.6382915377616882,0.3330985903739929,0.6051356792449951,0.3407255709171295,0.535006046295166,0.3433859050273895,0.49115243554115295,0.3420524001121521,0.45330798625946045,0.30075687170028687,0.6096528172492981,0.3144059181213379,0.5924772620201111,0.3175787329673767,0.655456006526947,0.31183770298957825,0.6723960638046265,0.2699606418609619,0.6225513219833374,0.2851144075393677,0.6121313571929932,0.2927597463130951,0.6704673767089844,0.287221223115921,0.6799493432044983,0.24068157374858856,0.6407245397567749,0.25571903586387634,0.6256002187728882,0.2671370208263397,0.6660974025726318,0.26227501034736633,0.6791060566902161,L
0.2783733904361725,0.7583390474319458,0.3248783349990845,0.7356216907501221,0.36653953790664673,0.6898003220558167,0.4001144766807556,0.6541346311569214,0.43061086535453796,0.6352193355560303,0.3267354965209961,0.6011514663696289,0.33390429615974426,0.533150851726532,0.3355942964553833,0.48902440071105957,0.3339158892631531,0.45158374309539795,0.29405856132507324,0.6052889227867126,0.3053083121776581,0.5893141627311707,0.30794480443000793,0.6512858271598816,0.3031846880912781,0.6664907932281494,0.26343321800231934,0.6181655526161194,0.2757182717323303,0.6098503470420837,0.2828240394592285,0.6672861576080322,0.27846670150756836,0.6762301325798035,0.23414960503578186,0.6357057690620422,0.24667049944400787,0.6221780180931091,0.25753915309906006,0.663715124130249,0.2541239261627197,0.6764681935310364,L
0.2776296138763428,0.7607595920562744,0.32377690076828003,0.742205023765564,0.36751651763916016,0.6955183744430542,0.40081775188446045,0.6597705483436584,0.43048107624053955,0.6393857002258301,0.3274284899234772,0.6063259243965149,0.33576637506484985,0.5379431843757629,0.3373428285121918,0.49414271116256714,0.33585798740386963,0.4561963379383087,0.29483935236930847,0.6100262999534607,0.3064645528793335,0.592004120349884,0.3079930543899536,0.6554723381996155,0.3034746050834656,0.6736940145492554,0.26403534412384033,0.6223585605621338,0.2763598561286926,0.6105124950408936,0.2834192216396332,0.670344352722168,0.28057169914245605,0.6844217777252197,0.23314078152179718,0.6394591927528381,0.24654796719551086,0.6227701306343079,0.2573128938674927,0.666154146194458,0.2555376887321472,0.6820405721664429,L
0.2760336399078369,0.759495735168457,0.3219471275806427,0.7398962378501892,0.36499524116516113,0.6920053958892822,0.39826327562332153,0.655869722366333,0.4279557466506958,0.6343433260917664,0.3247811496257782,0.6029571890830994,0.33161094784736633,0.5349810719490051,0.33239758014678955,0.4914286136627197,0.3300611674785614,0.4529370367527008,0.29143911600112915,0.6071087121963501,0.3032495379447937,0.5911269783973694,0.3059791326522827,0.6541706323623657,0.3011069595813751,0.6700384616851807,0.2602401077747345,0.6200235486030579,0.27338486909866333,0.6112371683120728,0.28118282556533813,0.6705272793769836,0.27680495381355286,0.6800944209098816,0.23034629225730896,0.6377239227294922,0.2450624406337738,0.6233454942703247,0.25598621368408203,0.666042685508728,0.2513754665851593,0.6792360544204712,L
0.2778328061103821,0.7593702673912048,0.32403793931007385,0.7398369312286377,0.3676987290382385,0.6934393048286438,0.4009767174720764,0.6576217412948608,0.4306323826313019,0.6371854543685913,0.3255959451198578,0.6049013733863831,0.33368349075317383,0.5360945463180542,0.3353036344051361,0.4919380843639374,0.33364343643188477,0.4536508321762085,0.29320645332336426,0.609011709690094,0.3047811985015869,0.5921775102615356,0.30710336565971375,0.6546512246131897,0.3030162453651428,0.6720708608627319,0.26328450441360474,0.6217955946922302,0.2758253812789917,0.6114605665206909,0.28323179483413696,0.6701803803443909,0.2805241644382477,0.6838570237159729,0.2336140275001526,0.6384580731391907,0.24700304865837097,0.6219571828842163,0.25773778557777405,0.6644003987312317,0.25623637437820435,0.6801828145980835,L
0.27907124161720276,0.758978009223938,0.3242604732513428,0.7396502494812012,0.3672318458557129,0.6921234130859375,0.39922305941581726,0.6557103395462036,0.42851048707962036,0.6347165107727051,0.3268609642982483,0.6043990254402161,0.3338111937046051,0.5365242958068848,0.33458372950553894,0.49295753240585327,0.33241668343544006,0.45526862144470215,0.2938355803489685,0.6077682971954346,0.30507519841194153,0.5919212102890015,0.3075002133846283,0.6543673872947693,0.3034117817878723,0.6730334758758545,0.263197660446167,0.6205829977989197,0.2755433917045593,0.6112787127494812,0.28310543298721313,0.6697400808334351,0.2804069519042969,0.6834100484848022,0.2330290973186493,0.6378617882728577,0.24679136276245117,0.623927652835846,0.2575335204601288,0.6663743257522583,0.25550979375839233,0.6808988451957703,L
0.2807070314884186,0.7600853443145752,0.3267831802368164,0.740599513053894,0.36931899189949036,0.6953113079071045,0.4029276669025421,0.6586868762969971,0.4329250156879425,0.6373981237411499,0.3288120627403259,0.6069873571395874,0.33622032403945923,0.5387068390846252,0.3372219204902649,0.4948531985282898,0.3352571129798889,0.45693686604499817,0.29686468839645386,0.6116187572479248,0.30800873041152954,0.5930013060569763,0.3102978765964508,0.6561387181282043,0.30708226561546326,0.6726358532905579,0.2672821879386902,0.6236923933029175,0.27960336208343506,0.6132012009620667,0.28714150190353394,0.6719682812690735,0.2855165898799896,0.684311032295227,0.23772510886192322,0.6396484971046448,0.2502010762691498,0.6237348914146423,0.26135167479515076,0.6661932468414307,0.26133963465690613,0.6817386746406555,L
0.2862244248390198,0.7599753737449646,0.33254274725914,0.7402166128158569,0.3739273250102997,0.6939664483070374,0.4073570668697357,0.658394992351532,0.4369158148765564,0.6383101344108582,0.3339345157146454,0.607161819934845,0.3408997654914856,0.539655864238739,0.3419332504272461,0.49644935131073,0.3403596878051758,0.45925378799438477,0.30210500955581665,0.6113511919975281,0.3144577145576477,0.5940354466438293,0.3161885440349579,0.655969500541687,0.3123556077480316,0.6730712652206421,0.2725536525249481,0.6236423254013062,0.28600361943244934,0.6140097379684448,0.29280292987823486,0.6717739105224609,0.2901487350463867,0.6845043301582336,0.2431441992521286,0.6398177146911621,0.25692880153656006,0.6241675615310669,0.267812043428421,0.6655154824256897,0.26702702045440674,0.6808755397796631,L
0.2888583540916443,0.7567006945610046,0.3336721658706665,0.7366547584533691,0.3747640550136566,0.6919209957122803,0.4078415036201477,0.6578066945075989,0.43716827034950256,0.6368941068649292,0.3368217349052429,0.6062234044075012,0.3431144952774048,0.539522647857666,0.344262957572937,0.49674302339553833,0.3427658975124359,0.4597572982311249,0.3059389889240265,0.610909104347229,0.3165915608406067,0.5923175811767578,0.3185606598854065,0.6529202461242676,0.315377414226532,0.6694313883781433,0.27706435322761536,0.623353898525238,0.2884713113307953,0.6118152141571045,0.2950446307659149,0.6681312918663025,0.292734295129776,0.6800980567932129,0.24804329872131348,0.6392443180084229,0.26018664240837097,0.6220430731773376,0.2699079215526581,0.6627844572067261,0.26845189929008484,0.6774295568466187,L
0.28631073236465454,0.7524502277374268,0.33050739765167236,0.7338402271270752,0.3722778260707855,0.6912335157394409,0.40596145391464233,0.6588060855865479,0.4358774721622467,0.6403977870941162,0.3369545638561249,0.6036349534988403,0.3439677953720093,0.5370985865592957,0.3451419472694397,0.49401381611824036,0.3437773287296295,0.4560723304748535,0.3058670461177826,0.6077380180358887,0.31588509678840637,0.5891382694244385,0.3166731894016266,0.6501507759094238,0.31319886445999146,0.6646019816398621,0.276306688785553,0.6192449927330017,0.28689295053482056,0.6088551878929138,0.2929065525531769,0.6658115386962891,0.29051005840301514,0.6751757264137268,0.24732939898967743,0.6346282362937927,0.2586725652217865,0.6193022131919861,0.2686457335948944,0.6611713767051697,0.26701274514198303,0.6751993298530579,L
0.28158971667289734,0.7496365904808044,0.32661277055740356,0.7353782057762146,0.37017107009887695,0.6965880990028381,0.4057193100452423,0.6673754453659058,0.43695008754730225,0.6539644002914429,0.33837226033210754,0.6052599549293518,0.3474522829055786,0.537366509437561,0.349139541387558,0.49382930994033813,0.34841594099998474,0.4551544785499573,0.3072913587093353,0.6075192093849182,0.31445440649986267,0.5883891582489014,0.31353163719177246,0.649871826171875,0.31157100200653076,0.6639867424964905,0.2772146463394165,0.6167896389961243,0.2844127416610718,0.6060216426849365,0.28881967067718506,0.6631403565406799,0.2879383862018585,0.6723180413246155,0.24773438274860382,0.6303924918174744,0.25594839453697205,0.6154303550720215,0.26441100239753723,0.6570003032684326,0.2635508179664612,0.6706830859184265,L
0.2794846296310425,0.7467231154441833,0.3251230716705322,0.7328983545303345,0.3686853349208832,0.6936769485473633,0.4039407968521118,0.6642056107521057,0.43427249789237976,0.6506211161613464,0.33622708916664124,0.6027988791465759,0.3453892469406128,0.5349466800689697,0.347992867231369,0.4913421869277954,0.3473125994205475,0.45366621017456055,0.3048321008682251,0.607114851474762,0.31285935640335083,0.5865150690078735,0.3123108148574829,0.6477735638618469,0.3094065189361572,0.6613414883613586,0.27492755651474,0.6174596548080444,0.2828664183616638,0.6042446494102478,0.28743070363998413,0.6616122126579285,0.284792959690094,0.669193685054779,0.24530541896820068,0.6314317584037781,0.2541263699531555,0.6131468415260315,0.2630394697189331,0.6549890637397766,0.2605837285518646,0.6682767271995544,L
0.2779533565044403,0.7490694522857666,0.3232992887496948,0.7329196333885193,0.3658634424209595,0.6938342452049255,0.401070237159729,0.663908064365387,0.4315640926361084,0.6484148502349854,0.33338838815689087,0.602957546710968,0.3419583737850189,0.535714864730835,0.34476104378700256,0.4924525022506714,0.3442137539386749,0.45449358224868774,0.30198854207992554,0.6075447797775269,0.3100442588329315,0.5858868360519409,0.3101353645324707,0.6475315093994141,0.30728933215141296,0.6599030494689941,0.27202925086021423,0.6179062724113464,0.2802984118461609,0.6039059162139893,0.285734623670578,0.6614778637886047,0.2832101285457611,0.6670494079589844,0.24286627769470215,0.6326125264167786,0.25145524740219116,0.6134918928146362,0.2613202631473541,0.6548492908477783,0.258831262588501,0.6674991250038147,L
0.28014957904815674,0.749359667301178,0.3252582550048828,0.7346233129501343,0.36835944652557373,0.6938846111297607,0.4033280313014984,0.6625887751579285,0.43421298265457153,0.6465051770210266,0.334942489862442,0.6040948629379272,0.34312230348587036,0.5355169773101807,0.34484604001045227,0.492170512676239,0.3434603214263916,0.45398709177970886,0.30354446172714233,0.6091213822364807,0.31157177686691284,0.5866563320159912,0.3113374710083008,0.6491168141365051,0.3090192973613739,0.6635568141937256,0.2736774682998657,0.6195864677429199,0.2816561758518219,0.6047804951667786,0.28675612807273865,0.6631948947906494,0.28499835729599,0.6723647713661194,0.244029238820076,0.6335776448249817,0.25359460711479187,0.6134411096572876,0.2624994218349457,0.6559299230575562,0.2603759467601776,0.6706590056419373,L
0.2801670432090759,0.7517001628875732,0.3255442678928375,0.7358798384666443,0.3681529760360718,0.6955512166023254,0.4028010368347168,0.6644278168678284,0.4334070086479187,0.6482782959938049,0.3345749080181122,0.606671154499054,0.342623770236969,0.5382469892501831,0.34463706612586975,0.49441367387771606,0.34333130717277527,0.4563993215560913,0.30354568362236023,0.6116494536399841,0.3112013638019562,0.5892096161842346,0.31142523884773254,0.6501773595809937,0.3089378774166107,0.6647353172302246,0.2738092541694641,0.6225405335426331,0.28162577748298645,0.6071803569793701,0.2872188985347748,0.6642321348190308,0.2854849696159363,0.6727955937385559,0.24431456625461578,0.6373229622840881,0.2533668279647827,0.6170714497566223,0.26306670904159546,0.658200740814209,0.2612152397632599,0.6722304821014404,L
0.2793011963367462,0.7543205618858337,0.3243367075920105,0.7376938462257385,0.3665807247161865,0.6967883706092834,0.4010021984577179,0.6650775074958801,0.43151476979255676,0.6486945748329163,0.3321823477745056,0.6065583229064941,0.3397548198699951,0.5395898818969727,0.34181222319602966,0.4959743022918701,0.3407871723175049,0.4582146406173706,0.3008531928062439,0.6118177771568298,0.30958274006843567,0.5900509357452393,0.30970001220703125,0.6517504453659058,0.30670541524887085,0.665316641330719,0.2712518572807312,0.6228204965591431,0.28063705563545227,0.6098248362541199,0.2858120799064636,0.667241632938385,0.2834048569202423,0.6737672090530396,0.24237826466560364,0.6377923488616943,0.25203925371170044,0.6203428506851196,0.26204347610473633,0.6614148616790771,0.26017269492149353,0.6734965443611145,L
0.2816411852836609,0.754471480846405,0.3264354169368744,0.7386919856071472,0.36951151490211487,0.6968616843223572,0.40409424901008606,0.6648838520050049,0.4352940320968628,0.6497476100921631,0.33461830019950867,0.6090263724327087,0.3425673246383667,0.5408073663711548,0.3437604010105133,0.49735474586486816,0.3419468104839325,0.4590061604976654,0.3029107451438904,0.6122115850448608,0.31232020258903503,0.5923589468002319,0.3124673068523407,0.6538642644882202,0.30922678112983704,0.6699877381324768,0.27268439531326294,0.622564435005188,0.28257831931114197,0.6108399033546448,0.28801465034484863,0.6680518984794617,0.28587451577186584,0.6784820556640625,0.2427801489830017,0.6371001601219177,0.2541854977607727,0.620833158493042,0.2633390426635742,0.6618897318840027,0.26128697395324707,0.6755892038345337,L
0.28418174386024475,0.7527102828025818,0.328350692987442,0.7368601560592651,0.3713797628879547,0.6938667297363281,0.40565454959869385,0.6621119976043701,0.4365624487400055,0.6464530825614929,0.3362917900085449,0.6061782836914062,0.34412476420402527,0.5383304953575134,0.34535443782806396,0.4953557848930359,0.3438105285167694,0.4569060504436493,0.3048209547996521,0.6096317768096924,0.31467196345329285,0.5901468992233276,0.3147874176502228,0.652044415473938,0.3113420307636261,0.6679797768592834,0.2748156785964966,0.6204434037208557,0.28479158878326416,0.608568012714386,0.29026538133621216,0.6662641167640686,0.28783148527145386,0.6768696308135986,0.24509495496749878,0.6352944374084473,0.25637778639793396,0.6185848116874695,0.2655406892299652,0.6600804328918457,0.26331350207328796,0.6740460395812988,L
0.28420019149780273,0.7545691728591919,0.3294910192489624,0.7385227084159851,0.3724811375141144,0.6955482363700867,0.4068983495235443,0.6631066203117371,0.4378769099712372,0.6476649045944214,0.3364647924900055,0.6076148748397827,0.3435189127922058,0.5390476584434509,0.34513625502586365,0.49510931968688965,0.3435254991054535,0.45739874243736267,0.3051098585128784,0.6123471856117249,0.3136809468269348,0.5903002023696899,0.31470051407814026,0.6520001292228699,0.3117450773715973,0.669725239276886,0.2753797769546509,0.6239596605300903,0.28431612253189087,0.6108337044715881,0.29018107056617737,0.6681739091873169,0.2879558205604553,0.6789211630821228,0.24606963992118835,0.6394142508506775,0.2563202977180481,0.6210026741027832,0.2657407820224762,0.6621949076652527,0.26371991634368896,0.6762450337409973,L
0.2841673493385315,0.7576472759246826,0.3290124237537384,0.7405683994293213,0.370817631483078,0.6976116299629211,0.405309796333313,0.6648334264755249,0.43609628081321716,0.6492527723312378,0.33649882674217224,0.6084470748901367,0.34382686018943787,0.5402302742004395,0.34493616223335266,0.4958934485912323,0.3427719175815582,0.4581207036972046,0.3045307695865631,0.6135517358779907,0.31323474645614624,0.591389000415802,0.3140711486339569,0.6531157493591309,0.3108757436275482,0.6692946553230286,0.2744171917438507,0.6249346137046814,0.28352272510528564,0.6114950776100159,0.289317786693573,0.6689291596412659,0.28664594888687134,0.6784678101539612,0.24505364894866943,0.6403524875640869,0.25535812973976135,0.6221600770950317,0.26506221294403076,0.6632696390151978,0.26270392537117004,0.676740825176239,L
0.2835889458656311,0.7555716633796692,0.328884094953537,0.7390367984771729,0.3712192177772522,0.6954489946365356,0.4051983952522278,0.6627427339553833,0.4354977607727051,0.6466390490531921,0.3357431888580322,0.6060781478881836,0.34302955865859985,0.5381542444229126,0.3436988592147827,0.494765043258667,0.341720312833786,0.45691707730293274,0.304019033908844,0.6104757189750671,0.3132132589817047,0.5923478603363037,0.31396156549453735,0.653693437576294,0.3110775053501129,0.6690255403518677,0.27397119998931885,0.6216962933540344,0.28316032886505127,0.6107413172721863,0.2892507016658783,0.6686115860939026,0.2872338891029358,0.6788102984428406,0.24446207284927368,0.636894702911377,0.25482314825057983,0.620438277721405,0.26462799310684204,0.6630294919013977,0.2629396617412567,0.6777836084365845,L
0.28317511081695557,0.7546828985214233,0.3281000256538391,0.7382552027702332,0.37018972635269165,0.6953160762786865,0.4039979577064514,0.6620190739631653,0.43451836705207825,0.6455268263816833,0.33533722162246704,0.6060234308242798,0.3423968553543091,0.5381991267204285,0.34320068359375,0.49455201625823975,0.3412664532661438,0.45640963315963745,0.3033560514450073,0.6111034750938416,0.312541663646698,0.5902473330497742,0.31358277797698975,0.6522461175918579,0.31073400378227234,0.6670878529548645,0.2733853757381439,0.6222805380821228,0.28279098868370056,0.6096968650817871,0.28868329524993896,0.6680415272712708,0.28623563051223755,0.6772341728210449,0.24411004781723022,0.6372708678245544,0.254781574010849,0.6195907592773438,0.2642010450363159,0.6619997024536133,0.2617289423942566,0.6760264039039612,L
0.28353312611579895,0.7546412944793701,0.3283484876155853,0.7391690611839294,0.37075841426849365,0.6960283517837524,0.4044919013977051,0.6616937518119812,0.4356599450111389,0.644728422164917,0.3356705605983734,0.606960654258728,0.34238478541374207,0.5390126705169678,0.3431794047355652,0.49558842182159424,0.34158384799957275,0.4573608934879303,0.3039328157901764,0.6119574308395386,0.31234171986579895,0.5911852717399597,0.3135243356227875,0.6540892124176025,0.3113069236278534,0.6686801910400391,0.27384114265441895,0.623060405254364,0.28243255615234375,0.6098812222480774,0.2889142334461212,0.6685550212860107,0.28715264797210693,0.677733838558197,0.24397695064544678,0.6382808685302734,0.25405991077423096,0.6205475330352783,0.2638556659221649,0.6627001166343689,0.26160913705825806,0.6766970753669739,L
0.284011572599411,0.7563435435295105,0.3282514214515686,0.7385777235031128,0.3695545792579651,0.6954712271690369,0.4035205841064453,0.6620063781738281,0.4341494143009186,0.645200788974762,0.3338087201118469,0.607739269733429,0.3405981957912445,0.5393707156181335,0.3417242467403412,0.4949784576892853,0.339459091424942,0.4571937322616577,0.3020809590816498,0.6127884387969971,0.31188467144966125,0.5912362337112427,0.31311970949172974,0.6534377336502075,0.30932560563087463,0.6695887446403503,0.272096186876297,0.6243680715560913,0.2821463644504547,0.6108458638191223,0.2884727120399475,0.6689093708992004,0.2853078842163086,0.6792079210281372,0.24248406291007996,0.6401118636131287,0.2538917362689972,0.6215496063232422,0.26404428482055664,0.6636735796928406,0.2612125277519226,0.6782217025756836,L
0.2823626697063446,0.7567086815834045,0.32719171047210693,0.7405651807785034,0.3701423704624176,0.6965649724006653,0.40379661321640015,0.6615123152732849,0.43488556146621704,0.6449118256568909,0.3343034088611603,0.6087045669555664,0.3407396972179413,0.5402571558952332,0.3412170112133026,0.49629566073417664,0.33910349011421204,0.4583170711994171,0.30268266797065735,0.613179624080658,0.3111429810523987,0.5921396017074585,0.3121366798877716,0.6546093225479126,0.30965524911880493,0.6716967225074768,0.27303239703178406,0.6241738200187683,0.2814958989620209,0.611710250377655,0.28774309158325195,0.6702010631561279,0.2863754332065582,0.6819756627082825,0.2437344789505005,0.639274001121521,0.25347334146499634,0.6229040622711182,0.26301372051239014,0.6652423143386841,0.2619035243988037,0.6798043847084045,L
0.2815796434879303,0.7574815154075623,0.3264288902282715,0.7395398020744324,0.3684057593345642,0.6960170865058899,0.4021684527397156,0.6630174517631531,0.4324588179588318,0.6463103294372559,0.33261555433273315,0.6087017059326172,0.3393191695213318,0.5405235290527344,0.34031739830970764,0.49622517824172974,0.33798885345458984,0.4584381580352783,0.30069729685783386,0.6132894158363342,0.3106156885623932,0.592338502407074,0.3116611838340759,0.6539795994758606,0.30781450867652893,0.6707949042320251,0.2706082761287689,0.6244347095489502,0.28068554401397705,0.6121551990509033,0.28691259026527405,0.6696892380714417,0.28421100974082947,0.6800545454025269,0.24114379286766052,0.6395006775856018,0.2527005970478058,0.6227485537528992,0.2625604271888733,0.6642066240310669,0.26001134514808655,0.677814245223999,L
0.2780166268348694,0.7603004574775696,0.32340487837791443,0.7412326335906982,0.3651261329650879,0.6986657381057739,0.3984449505805969,0.6659407019615173,0.4278293251991272,0.6477936506271362,0.32843828201293945,0.6098904609680176,0.3350864052772522,0.5421440005302429,0.33616432547569275,0.4986197352409363,0.334138959646225,0.46117448806762695,0.2964772880077362,0.6155070066452026,0.30553725361824036,0.5948699712753296,0.30717551708221436,0.6563650369644165,0.30391186475753784,0.6708776950836182,0.26635420322418213,0.6271350383758545,0.2762698829174042,0.6144306063652039,0.28259536623954773,0.6723344922065735,0.27942827343940735,0.6797780394554138,0.23718608915805817,0.6430632472038269,0.24765214323997498,0.6247543096542358,0.25797343254089355,0.6665931940078735,0.25504574179649353,0.679973840713501,L
0.2769680917263031,0.7609653472900391,0.3219833970069885,0.7428441643714905,0.36484530568122864,0.698215126991272,0.39874720573425293,0.6648111343383789,0.4287046790122986,0.6478248238563538,0.32788607478141785,0.6100882291793823,0.33501067757606506,0.5427314043045044,0.33557695150375366,0.49954670667648315,0.33336758613586426,0.4613460898399353,0.2959972321987152,0.6149411797523499,0.30537858605384827,0.5955482125282288,0.3064386248588562,0.6577512621879578,0.30357611179351807,0.6725748181343079,0.26594069600105286,0.6261091828346252,0.2756134271621704,0.6148804426193237,0.28164687752723694,0.6733949780464172,0.2794359028339386,0.6827544569969177,0.2365996539592743,0.6412374973297119,0.24735766649246216,0.6242542266845703,0.2570625841617584,0.6665449142456055,0.2549325227737427,0.680597186088562,L
0.27239394187927246,0.7586438655853271,0.31771108508110046,0.7392457723617554,0.35966768860816956,0.6972421407699585,0.3929908573627472,0.6650111675262451,0.4226694405078888,0.6476752161979675,0.3232795298099518,0.6082608103752136,0.33032962679862976,0.5405872464179993,0.33148959279060364,0.4972289204597473,0.32979780435562134,0.45935213565826416,0.2917172908782959,0.6130929589271545,0.3006225526332855,0.5947638154029846,0.3021332621574402,0.6562376618385315,0.29916810989379883,0.6703500747680664,0.2617378830909729,0.6242324113845825,0.2710507810115814,0.6140011548995972,0.27721482515335083,0.6715249419212341,0.27457523345947266,0.6784421801567078,0.23284050822257996,0.6393765807151794,0.24283041059970856,0.6237146258354187,0.25253909826278687,0.6657576560974121,0.24963459372520447,0.6784913539886475,L
0.2684076130390167,0.7602464556694031,0.31378161907196045,0.7383803129196167,0.3546113073825836,0.6979302763938904,0.38794025778770447,0.665459394454956,0.4184836149215698,0.6464698910713196,0.31907787919044495,0.6084627509117126,0.3255436420440674,0.5408066511154175,0.3266772925853729,0.4973675012588501,0.32518163323402405,0.4598158299922943,0.28796717524528503,0.615330159664154,0.29525163769721985,0.5935782790184021,0.2967833876609802,0.655021071434021,0.2947704792022705,0.6681100130081177,0.2583850920200348,0.6274226903915405,0.26624712347984314,0.6127312183380127,0.27264416217803955,0.670657217502594,0.2707468569278717,0.6771242618560791,0.22968687117099762,0.6437707543373108,0.23711952567100525,0.6227236986160278,0.24803507328033447,0.6642709374427795,0.24636833369731903,0.678530216217041,L
0.26983994245529175,0.7574119567871094,0.31385722756385803,0.7367192506790161,0.35555219650268555,0.6956354975700378,0.38918501138687134,0.663195788860321,0.41965386271476746,0.6445084810256958,0.31961435079574585,0.607146143913269,0.32565730810165405,0.5399224758148193,0.3261690139770508,0.49672019481658936,0.3245046138763428,0.458454966545105,0.2886814475059509,0.6134255528450012,0.2965961694717407,0.5932295918464661,0.29823753237724304,0.6549120545387268,0.2965848445892334,0.6670516729354858,0.25949597358703613,0.6250433325767517,0.2670898139476776,0.6115363836288452,0.27374526858329773,0.6689226031303406,0.27243176102638245,0.6760938763618469,0.23047912120819092,0.6401164531707764,0.238518625497818,0.6202003955841064,0.24889102578163147,0.6617188453674316,0.24728037416934967,0.6764990091323853,L
0.27006545662879944,0.7583471536636353,0.3146596848964691,0.739462673664093,0.35732996463775635,0.6971279978752136,0.3910066485404968,0.6634427905082703,0.42153400182724,0.6448690891265869,0.32053259015083313,0.6086002588272095,0.3270082473754883,0.5409139394760132,0.32751691341400146,0.4976428747177124,0.32573243975639343,0.4592556953430176,0.2892037332057953,0.6140239238739014,0.2970272898674011,0.5940383672714233,0.29822176694869995,0.6568892598152161,0.29622596502304077,0.6699091792106628,0.25949254631996155,0.6252793669700623,0.26733413338661194,0.6126810312271118,0.27390173077583313,0.6711927056312561,0.27250128984451294,0.6786125898361206,0.23031336069107056,0.6408259868621826,0.23843425512313843,0.6222766041755676,0.24898210167884827,0.6641928553581238,0.2474106252193451,0.6782655715942383,L
0.2704676687717438,0.7612993121147156,0.31495192646980286,0.7416093349456787,0.3572019338607788,0.6986262798309326,0.3908449709415436,0.6656644344329834,0.4209092855453491,0.6471588611602783,0.32080984115600586,0.6108896732330322,0.3272738754749298,0.5430712699890137,0.32777079939842224,0.49969035387039185,0.32556962966918945,0.4616677463054657,0.2892477214336395,0.6166245341300964,0.29754963517189026,0.5955550074577332,0.298857718706131,0.6576141119003296,0.2963673770427704,0.6718569993972778,0.25931569933891296,0.6280900239944458,0.2678905725479126,0.6144574880599976,0.27441835403442383,0.6729713082313538,0.27263015508651733,0.682000458240509,0.22985008358955383,0.6436111330986023,0.23926714062690735,0.6236705183982849,0.24960091710090637,0.6659184098243713,0.24781841039657593,0.6808865070343018,L
0.2708760201931,0.7631205916404724,0.315455824136734,0.7432880401611328,0.35806983709335327,0.6992506384849548,0.3927306532859802,0.6657931208610535,0.42368412017822266,0.6483511924743652,0.32177671790122986,0.6134093999862671,0.3287242352962494,0.5457326769828796,0.32924774289131165,0.5026577115058899,0.3274141848087311,0.463775634765625,0.29101499915122986,0.6179178357124329,0.2984781563282013,0.5963513255119324,0.2997146248817444,0.6587687134742737,0.29819798469543457,0.6735999584197998,0.26141712069511414,0.6286617517471313,0.26870712637901306,0.6154483556747437,0.27532532811164856,0.6742082238197327,0.2748894691467285,0.6841719150543213,0.23208194971084595,0.6434148550033569,0.2403460443019867,0.6248515248298645,0.250415176153183,0.6671459078788757,0.24965724349021912,0.6823382377624512,L
0.2728625535964966,0.7634407877922058,0.3167680501937866,0.7438256740570068,0.35902702808380127,0.6992373466491699,0.39312440156936646,0.6653149724006653,0.42462682723999023,0.6471557021141052,0.3230404257774353,0.6113048195838928,0.32978177070617676,0.544167160987854,0.3300333023071289,0.5011502504348755,0.3277309834957123,0.46253347396850586,0.2911520004272461,0.6157999038696289,0.30092617869377136,0.5969210267066956,0.30223917961120605,0.6604132652282715,0.2992492914199829,0.6745707988739014,0.26101091504096985,0.626676082611084,0.2708076238632202,0.6160035729408264,0.27739769220352173,0.675507128238678,0.2752307951450348,0.6842677593231201,0.2315746545791626,0.6417565941810608,0.24254240095615387,0.6254590153694153,0.25282594561576843,0.6687684655189514,0.25048965215682983,0.6831060647964478,L
0.2761169373989105,0.761266827583313,0.3213386535644531,0.7411612868309021,0.3636288642883301,0.6968071460723877,0.3978310227394104,0.6641426086425781,0.4282572269439697,0.6470093131065369,0.3254094123840332,0.611617922782898,0.3325451910495758,0.5441728234291077,0.3333355784416199,0.5012511014938354,0.33138391375541687,0.46269917488098145,0.29459694027900696,0.6158081293106079,0.3042159676551819,0.5958641171455383,0.3055671751499176,0.6581701636314392,0.3025628924369812,0.6732233762741089,0.26515471935272217,0.6269822716712952,0.27494943141937256,0.6153785586357117,0.28132331371307373,0.6729418039321899,0.27915409207344055,0.6828998327255249,0.23564237356185913,0.6419962048530579,0.24586382508277893,0.6245442628860474,0.25618767738342285,0.6653369665145874,0.254660427570343,0.6797685027122498,L
0.2769964039325714,0.7612301111221313,0.3215791881084442,0.7425223588943481,0.3645658493041992,0.6970398426055908,0.3982345461845398,0.6631981134414673,0.42897939682006836,0.6467814445495605,0.3275352716445923,0.6109001040458679,0.3340492248535156,0.5430696606636047,0.3341585099697113,0.5000073909759521,0.3318594694137573,0.4615025520324707,0.29545119404792786,0.6146434545516968,0.30513542890548706,0.5960931777954102,0.3060093820095062,0.6589953899383545,0.3027900755405426,0.6740050911903381,0.2649218440055847,0.6255502700805664,0.2751259505748749,0.6157624125480652,0.28155913949012756,0.674533486366272,0.279562771320343,0.6844932436943054,0.23507770895957947,0.6407544612884521,0.24653759598731995,0.6256343722343445,0.25655657052993774,0.6681971549987793,0.25449657440185547,0.6823289394378662,L
0.27735579013824463,0.7607921361923218,0.3219858705997467,0.7420915365219116,0.3646758198738098,0.6969481706619263,0.39796680212020874,0.66316157579422,0.42852193117141724,0.6457605361938477,0.3273751139640808,0.6095095276832581,0.3344256579875946,0.5422910451889038,0.33489465713500977,0.49958282709121704,0.3330790400505066,0.4611668586730957,0.29557761549949646,0.6128451824188232,0.30581721663475037,0.5956589579582214,0.30677297711372375,0.6576919555664062,0.30341145396232605,0.6724132895469666,0.26527607440948486,0.6236640214920044,0.27608558535575867,0.6148862838745117,0.2826266586780548,0.6729670763015747,0.2807088792324066,0.6821050047874451,0.23570573329925537,0.6389100551605225,0.24735815823078156,0.6244478821754456,0.2576402723789215,0.6663792133331299,0.2557585835456848,0.6798728704452515,L
0.2755093276500702,0.7625030875205994,0.32056960463523865,0.7433716058731079,0.3629424571990967,0.6983734369277954,0.3958590030670166,0.664921760559082,0.4253648519515991,0.6476863026618958,0.3251093327999115,0.6118029356002808,0.33193153142929077,0.5440783500671387,0.33273184299468994,0.5006673336029053,0.3305031657218933,0.46270880103111267,0.29306328296661377,0.6158609390258789,0.30416062474250793,0.596732497215271,0.305345743894577,0.6587432622909546,0.30117177963256836,0.6744442582130432,0.26259294152259827,0.6268398761749268,0.2740902602672577,0.6159191131591797,0.28054264187812805,0.6741843819618225,0.27746081352233887,0.6842697262763977,0.2327113151550293,0.642314612865448,0.24523210525512695,0.6259146332740784,0.25549402832984924,0.6680285334587097,0.25274521112442017,0.6821082830429077,L
0.2754386365413666,0.7660781741142273,0.3196459710597992,0.7463128566741943,0.36229193210601807,0.7003273963928223,0.3955588936805725,0.6664877533912659,0.4257905185222626,0.6495834589004517,0.3244425058364868,0.6130803227424622,0.3310001790523529,0.5464382171630859,0.33136534690856934,0.5039269328117371,0.32906651496887207,0.4660133123397827,0.2925204634666443,0.6166101694107056,0.30267155170440674,0.5994508266448975,0.3043210804462433,0.6619070172309875,0.30110254883766174,0.6760185956954956,0.26232486963272095,0.6274502277374268,0.2730223536491394,0.6188867092132568,0.27993905544281006,0.6768503189086914,0.27800315618515015,0.6858589053153992,0.2326955497264862,0.6426214575767517,0.24441969394683838,0.62876296043396,0.25478091835975647,0.6704526543617249,0.2527950406074524,0.6835270524024963,L
0.27639666199684143,0.7648876905441284,0.3216609060764313,0.7465955018997192,0.3647919297218323,0.701951265335083,0.3990664482116699,0.6681315898895264,0.42956870794296265,0.6508784890174866,0.32722198963165283,0.6147021055221558,0.33386147022247314,0.5471794605255127,0.3343452513217926,0.5045570135116577,0.3323504626750946,0.46630677580833435,0.296029657125473,0.6178467869758606,0.30474400520324707,0.6005145907402039,0.3067311942577362,0.6630818843841553,0.30457183718681335,0.6772167086601257,0.2660907804965973,0.6285040974617004,0.2750474810600281,0.6194567084312439,0.2823849022388458,0.6776588559150696,0.28148576617240906,0.6878663301467896,0.23603495955467224,0.643291175365448,0.245677649974823,0.6288834810256958,0.2566610276699066,0.6711238026618958,0.25654131174087524,0.6857770085334778,L
0.2799764573574066,0.765569806098938,0.32553741335868835,0.7477757930755615,0.36849236488342285,0.7018300294876099,0.402466356754303,0.6676903367042542,0.4332490563392639,0.6521596312522888,0.3295203149318695,0.6141944527626038,0.3366091251373291,0.547214925289154,0.3370172083377838,0.5045665502548218,0.33501768112182617,0.46591103076934814,0.2980625033378601,0.6174852848052979,0.3090704083442688,0.6006450653076172,0.3102557957172394,0.6634654998779297,0.30716070532798767,0.6766873002052307,0.26832714676856995,0.6278262734413147,0.279247522354126,0.6194299459457397,0.2857990860939026,0.6782433390617371,0.2838291823863983,0.6870573163032532,0.23896019160747528,0.6424272656440735,0.24997928738594055,0.628282368183136,0.26054710149765015,0.6704714894294739,0.25929367542266846,0.6842605471611023,L
0.2831386923789978,0.7670942544937134,0.3291759788990021,0.7497978210449219,0.37183696031570435,0.704006016254425,0.4069425165653229,0.6691322922706604,0.43881842494010925,0.6527762413024902,0.33373701572418213,0.6147679686546326,0.3406602144241333,0.5476445555686951,0.3411484360694885,0.5040738582611084,0.33860400319099426,0.4654828906059265,0.30167633295059204,0.6178197860717773,0.31360095739364624,0.6020331978797913,0.31503692269325256,0.6650934815406799,0.31105226278305054,0.6786817312240601,0.2718869149684906,0.6286301612854004,0.28448033332824707,0.6214871406555176,0.29111799597740173,0.6807400584220886,0.2886016070842743,0.6903824210166931,0.24273425340652466,0.6437303423881531,0.25531405210494995,0.6307405233383179,0.26593509316444397,0.6739877462387085,0.2647460997104645,0.6884807348251343,L
0.294092059135437,0.7660155296325684,0.34047845005989075,0.7448530197143555,0.3814017176628113,0.6966596841812134,0.4163891077041626,0.6651579737663269,0.4475937783718109,0.6494045257568359,0.3409620225429535,0.6093346476554871,0.34725329279899597,0.543509304523468,0.3480880558490753,0.5006173849105835,0.3466404974460602,0.46277087926864624,0.3091545104980469,0.6127464175224304,0.326490581035614,0.6003657579421997,0.3278129994869232,0.6621164679527283,0.321884423494339,0.677189826965332,0.2799347937107086,0.6248010396957397,0.2990345060825348,0.6203202605247498,0.30454108119010925,0.6762858629226685,0.29944026470184326,0.6831895112991333,0.2523112893104553,0.6414794325828552,0.2697650194168091,0.6325128674507141,0.27997931838035583,0.6731938123703003,0.27655327320098877,0.6844408512115479,L
0.29916778206825256,0.7609050869941711,0.3462204039096832,0.7382352948188782,0.3874778747558594,0.6885318756103516,0.42202121019363403,0.6560869812965393,0.452213853597641,0.6416317224502563,0.34557363390922546,0.6041032075881958,0.3525961637496948,0.5379089117050171,0.3548853099346161,0.4944440722465515,0.3547893166542053,0.45750370621681213,0.31501421332359314,0.6074718832969666,0.3353671431541443,0.5912991762161255,0.3364953398704529,0.6535861492156982,0.32864803075790405,0.6720592379570007,0.2870032489299774,0.6200823783874512,0.30862897634506226,0.6117082834243774,0.312629371881485,0.6692598462104797,0.30459967255592346,0.6798623204231262,0.2594299018383026,0.6377739906311035,0.278806209564209,0.6245215535163879,0.28867974877357483,0.6660739183425903,0.28422075510025024,0.679282546043396,L
0.30135950446128845,0.7572401762008667,0.3494513928890228,0.7350726127624512,0.38979387283325195,0.6868340969085693,0.42488914728164673,0.6533301472663879,0.45412829518318176,0.6365346908569336,0.3479846715927124,0.6023387908935547,0.3554965555667877,0.5364071130752563,0.3575848639011383,0.49333661794662476,0.35705018043518066,0.45614326000213623,0.31718453764915466,0.6060872077941895,0.33869433403015137,0.5915419459342957,0.3395543694496155,0.6539493203163147,0.33146584033966064,0.6658757925033569,0.2886035740375519,0.6173750162124634,0.31087228655815125,0.6108496189117432,0.3156690001487732,0.6689594984054565,0.307251900434494,0.6738123297691345,0.26132407784461975,0.6341436505317688,0.2805403172969818,0.6228212714195251,0.2913280129432678,0.6634644269943237,0.28575533628463745,0.6748520731925964,L
0.30393192172050476,0.7557663321495056,0.34892868995666504,0.7267187833786011,0.38417956233024597,0.6753987073898315,0.4169725775718689,0.6420568227767944,0.44484853744506836,0.6229655742645264,0.33808863162994385,0.5960206985473633,0.34564855694770813,0.5320616960525513,0.3488486409187317,0.48884516954421997,0.3481951057910919,0.45204415917396545,0.30763864517211914,0.6013500094413757,0.33889687061309814,0.5850134491920471,0.3416876792907715,0.6468248963356018,0.329555481672287,0.659456193447113,0.28108784556388855,0.6151542663574219,0.3142469823360443,0.6085609197616577,0.31912124156951904,0.6661720871925354,0.3056250810623169,0.6700791716575623,0.25809311866760254,0.6363110542297363,0.28639519214630127,0.6251466274261475,0.2962873876094818,0.6650490164756775,0.2840341627597809,0.6761221289634705,L
0.3025801181793213,0.7571678161621094,0.3427774906158447,0.7089128494262695,0.3619811534881592,0.6544955968856812,0.37836432456970215,0.6141412854194641,0.39986199140548706,0.5854846239089966,0.30957186222076416,0.5846592783927917,0.321723997592926,0.5231386423110962,0.32791393995285034,0.4812614619731903,0.33119434118270874,0.4450523853302002,0.2872733771800995,0.5930472016334534,0.3476402163505554,0.5855837464332581,0.35153985023498535,0.6348807215690613,0.3359549045562744,0.6536786556243896,0.27671220898628235,0.6137886047363281,0.33941400051116943,0.6128857135772705,0.338907390832901,0.6569401621818542,0.32330578565597534,0.6692883372306824,0.27373141050338745,0.6414637565612793,0.3264388144016266,0.6357460021972656,0.3287918269634247,0.6680105328559875,0.3142020106315613,0.681265652179718,L
0.291440486907959,0.75262451171875,0.33314940333366394,0.6913851499557495,0.34675881266593933,0.6379835605621338,0.35735321044921875,0.598350465297699,0.3663436770439148,0.5743581056594849,0.295576810836792,0.5790618062019348,0.31200942397117615,0.5190839767456055,0.32096126675605774,0.47761502861976624,0.32670858502388,0.44318079948425293,0.28399336338043213,0.5895258188247681,0.35399842262268066,0.5782030820846558,0.358524352312088,0.6187019348144531,0.34378889203071594,0.6361283659934998,0.2851594090461731,0.6122483611106873,0.3563322424888611,0.607008695602417,0.3531738817691803,0.6422445774078369,0.33665600419044495,0.6542638540267944,0.2943858206272125,0.6385705471038818,0.3503575325012207,0.6338337063789368,0.3495694100856781,0.6614810228347778,0.33618780970573425,0.6737319231033325,L
0.2933709919452667,0.7573418617248535,0.33295938372612,0.7008861303329468,0.34258848428726196,0.6494019627571106,0.34570619463920593,0.6113312244415283,0.34886622428894043,0.5866510272026062,0.2954147160053253,0.582512378692627,0.31316155195236206,0.5231480598449707,0.32138702273368835,0.4808497428894043,0.3264242112636566,0.4456591010093689,0.2848023772239685,0.5914086699485779,0.35479170083999634,0.5806043148040771,0.3580876588821411,0.6199750304222107,0.34298044443130493,0.6359570026397705,0.2869027256965637,0.6115543246269226,0.3575892746448517,0.6077694296836853,0.35371702909469604,0.6434920430183411,0.3369341194629669,0.6547562479972839,0.29704129695892334,0.6359984874725342,0.3531685173511505,0.6336658000946045,0.3504454493522644,0.6632195711135864,0.3355405628681183,0.6752771735191345,L
0.292523592710495,0.7550504207611084,0.33049866557121277,0.7002661228179932,0.3393038511276245,0.64958655834198,0.34249088168144226,0.6120725870132446,0.3450574576854706,0.5889657139778137,0.2943924069404602,0.5815315246582031,0.3118778169155121,0.5212721824645996,0.3209080100059509,0.48003607988357544,0.3265455663204193,0.4454878568649292,0.28452154994010925,0.5902097821235657,0.3537530303001404,0.5802531242370605,0.35699954628944397,0.6188721060752869,0.341555655002594,0.6346877217292786,0.287474125623703,0.6101771593093872,0.3572521209716797,0.6060619950294495,0.354059100151062,0.6411470174789429,0.3372642397880554,0.652675986289978,0.29851168394088745,0.6332436800003052,0.3547820746898651,0.631122350692749,0.35214170813560486,0.6609483361244202,0.33659127354621887,0.6735403537750244,L
0.2941942512989044,0.7509312033653259,0.33212050795555115,0.6962925791740417,0.33972740173339844,0.6469011306762695,0.34222209453582764,0.6100050806999207,0.34427720308303833,0.5871977210044861,0.294292151927948,0.5804259181022644,0.3117496073246002,0.5201097130775452,0.3208064138889313,0.4787355065345764,0.32679450511932373,0.4439259171485901,0.2848595976829529,0.5892249345779419,0.35350465774536133,0.5776702165603638,0.3570117652416229,0.6156629920005798,0.34200841188430786,0.6317206621170044,0.2883720099925995,0.6086465120315552,0.3575584590435028,0.6033861041069031,0.3546143174171448,0.6381443738937378,0.33797168731689453,0.6502346992492676,0.300065279006958,0.6307017803192139,0.35617733001708984,0.6282358765602112,0.35402095317840576,0.6580119729042053,0.33876168727874756,0.6708003282546997,L
0.2933117747306824,0.7535082101821899,0.3313024938106537,0.6978211402893066,0.34154456853866577,0.6480111479759216,0.34855225682258606,0.6109302043914795,0.35453829169273376,0.5881171822547913,0.29515349864959717,0.58100825548172,0.31363311409950256,0.521852970123291,0.32256388664245605,0.48005378246307373,0.32835638523101807,0.4444170892238617,0.2859896719455719,0.5902718305587769,0.35720986127853394,0.5805180668830872,0.36049556732177734,0.6210697889328003,0.34507429599761963,0.6372313499450684,0.2893998622894287,0.6105968952178955,0.36046701669692993,0.6067594885826111,0.35632047057151794,0.6433834433555603,0.3390178084373474,0.6549277305603027,0.30032095313072205,0.6339118480682373,0.3565323054790497,0.6307595372200012,0.35295480489730835,0.6611797213554382,0.3372512757778168,0.6739767789840698,L
0.29221758246421814,0.7539013624191284,0.3318854868412018,0.6992239952087402,0.3395877182483673,0.6479706764221191,0.3407977223396301,0.6097888946533203,0.34182876348495483,0.5859761834144592,0.2944634258747101,0.5814331769943237,0.3131083846092224,0.5217046737670898,0.3225233256816864,0.4803369641304016,0.3286462128162384,0.4457238018512726,0.2846502363681793,0.5900481939315796,0.35459595918655396,0.5796512961387634,0.3569515347480774,0.6184014678001404,0.3412690758705139,0.633581817150116,0.2873116731643677,0.6097517609596252,0.3580870032310486,0.6059116721153259,0.35393816232681274,0.6410309076309204,0.33711007237434387,0.6516773700714111,0.2979586720466614,0.6332489252090454,0.35412144660949707,0.6318268179893494,0.3506825268268585,0.6613242030143738,0.3351159989833832,0.6727602481842041,L
0.29528161883354187,0.7570959329605103,0.33856913447380066,0.7085469365119934,0.35708075761795044,0.6558427810668945,0.37170153856277466,0.615912675857544,0.3858240246772766,0.5848276019096375,0.3027206063270569,0.5831204056739807,0.3171652853488922,0.5244795083999634,0.32511135935783386,0.4820248484611511,0.32885485887527466,0.44612088799476624,0.28415828943252563,0.5905693173408508,0.34684932231903076,0.5773866772651672,0.352043479681015,0.6252264976501465,0.3360859155654907,0.644995391368866,0.2768446207046509,0.6079736351966858,0.33997777104377747,0.6032813787460327,0.34072941541671753,0.6473281383514404,0.32437723875045776,0.6620506048202515,0.2766146659851074,0.6313709020614624,0.329407662153244,0.626509964466095,0.3313601315021515,0.6595166921615601,0.3157752752304077,0.6742187142372131,L
0.2935197949409485,0.7532488703727722,0.3413110673427582,0.7272471189498901,0.38067731261253357,0.6773783564567566,0.41087034344673157,0.6388446688652039,0.4377728998661041,0.6173938512802124,0.33897072076797485,0.5954796075820923,0.34704798460006714,0.5286784172058105,0.34844470024108887,0.48727288842201233,0.34943532943725586,0.4501895606517792,0.3095417320728302,0.5986947417259216,0.33104243874549866,0.5801986455917358,0.33177196979522705,0.6421414613723755,0.3239322602748871,0.6590080857276917,0.2821173071861267,0.6111815571784973,0.3045501112937927,0.601406991481781,0.30853021144866943,0.6588128805160522,0.30066239833831787,0.66780686378479,0.2560737133026123,0.6295483112335205,0.2766549587249756,0.6150224804878235,0.28542426228523254,0.6541005969047546,0.2792743742465973,0.6661535501480103,L
0.2912989854812622,0.7534593939781189,0.3398415148258209,0.7368125915527344,0.3851163983345032,0.6923524141311646,0.41913527250289917,0.6577475070953369,0.44836777448654175,0.6404792666435242,0.3497529923915863,0.6074382662773132,0.35769227147102356,0.5379485487937927,0.3594803214073181,0.4951871633529663,0.36018162965774536,0.4582054913043976,0.32068461179733276,0.6101141571998596,0.3258982002735138,0.5870595574378967,0.3245331048965454,0.647274911403656,0.32302141189575195,0.6690866351127625,0.29198282957077026,0.6204508543014526,0.2969129681587219,0.6058809161186218,0.3005640208721161,0.6627143621444702,0.300933301448822,0.6770111918449402,0.262381374835968,0.6345240473747253,0.2672637403011322,0.6151824593544006,0.2750759422779083,0.6558974981307983,0.27671730518341064,0.6718939542770386,L
0.2903180718421936,0.7555670142173767,0.3369576036930084,0.7381047606468201,0.37798047065734863,0.6937319040298462,0.4118584394454956,0.6604481339454651,0.4402225911617279,0.6406249403953552,0.3478977680206299,0.6094196438789368,0.35467079281806946,0.5393853187561035,0.3564431369304657,0.4966312050819397,0.3550776243209839,0.45716482400894165,0.3179093897342682,0.615123450756073,0.3189351558685303,0.591183066368103,0.3201446235179901,0.6526883840560913,0.3206165134906769,0.6673437356948853,0.28837451338768005,0.6255037188529968,0.28911539912223816,0.607025146484375,0.29624781012535095,0.666320264339447,0.29837244749069214,0.6751628518104553,0.25922858715057373,0.6396955847740173,0.2612932026386261,0.61589115858078,0.271361768245697,0.6586414575576782,0.2718593180179596,0.6749271154403687,L
0.2907114326953888,0.7534925937652588,0.3374609351158142,0.7375221848487854,0.37957584857940674,0.6927562952041626,0.4141819179058075,0.6593804359436035,0.4436451196670532,0.6411792635917664,0.34995463490486145,0.606015145778656,0.35653653740882874,0.5367037057876587,0.3568679988384247,0.4950800836086273,0.3555235266685486,0.4554781913757324,0.3198016881942749,0.6122544407844543,0.3193254768848419,0.5886223912239075,0.3198806047439575,0.65057772397995,0.3225471079349518,0.6608747839927673,0.29026445746421814,0.6218476891517639,0.28910231590270996,0.6058608889579773,0.2953893840312958,0.6650745272636414,0.2989620566368103,0.6692614555358887,0.26108700037002563,0.6348077654838562,0.26199743151664734,0.6117303967475891,0.27102917432785034,0.6545650959014893,0.2716541886329651,0.6696164011955261,L
0.2926117479801178,0.7540993690490723,0.33919796347618103,0.7381846904754639,0.3818831145763397,0.6945971846580505,0.4172057509422302,0.6620678305625916,0.44679659605026245,0.6441348195075989,0.35237810015678406,0.6071162223815918,0.35980165004730225,0.5385231971740723,0.36094966530799866,0.4967328906059265,0.3600436747074127,0.4575367569923401,0.3227744996547699,0.6118847727775574,0.3230767548084259,0.5890603065490723,0.322734534740448,0.6494894623756409,0.32510167360305786,0.6617298126220703,0.29356250166893005,0.6207324266433716,0.2923598289489746,0.6054732799530029,0.29802027344703674,0.6637986898422241,0.30217811465263367,0.6708409190177917,0.2644379734992981,0.6323286294937134,0.2649862766265869,0.6102598309516907,0.2740367650985718,0.6532136797904968,0.27629315853118896,0.6697721481323242,L
0.29240429401397705,0.7503452897071838,0.3390801250934601,0.7338425517082214,0.3799436390399933,0.6903005242347717,0.4129694402217865,0.6580602526664734,0.44169485569000244,0.6401647925376892,0.35195717215538025,0.606358528137207,0.3590404689311981,0.535949170589447,0.36038243770599365,0.49394112825393677,0.35953086614608765,0.4546966552734375,0.32182174921035767,0.6118098497390747,0.3209170699119568,0.5855663418769836,0.3209465742111206,0.6469282507896423,0.32270514965057373,0.6626930832862854,0.29239222407341003,0.6212980151176453,0.29034239053726196,0.6027392148971558,0.2965961992740631,0.6624879240989685,0.3004535734653473,0.6720473766326904,0.2632376551628113,0.6343296766281128,0.2634904682636261,0.6096735596656799,0.27223774790763855,0.6535269618034363,0.2734515964984894,0.6703662872314453,L
0.2936645448207855,0.7505089640617371,0.33811870217323303,0.7319118976593018,0.375738263130188,0.6882815361022949,0.4052128791809082,0.656268298625946,0.43114280700683594,0.6357496380805969,0.3474712073802948,0.603108823299408,0.3515976369380951,0.5332744717597961,0.3504515588283539,0.4908813536167145,0.34716588258743286,0.4516751170158386,0.3171386420726776,0.6105312705039978,0.3137502074241638,0.5862293243408203,0.31609323620796204,0.6469911932945251,0.3199099898338318,0.6606431007385254,0.28817805647850037,0.6211705207824707,0.28409868478775024,0.6050332188606262,0.29351258277893066,0.6624942421913147,0.2997863292694092,0.6687774658203125,0.25998654961586,0.6353106498718262,0.2583900988101959,0.6147164702415466,0.27006134390830994,0.6565277576446533,0.2734487056732178,0.6709966063499451,L
0.2979415953159332,0.7492705583572388,0.3393810987472534,0.7303377389907837,0.3730911612510681,0.6865445971488953,0.3965354859828949,0.6566777229309082,0.4175261855125427,0.6362773776054382,0.3455202281475067,0.597072184085846,0.3453453481197357,0.5272459983825684,0.3405829966068268,0.4853058457374573,0.3350636661052704,0.44592276215553284,0.3164438009262085,0.6070501804351807,0.3077971339225769,0.5849219560623169,0.31254956126213074,0.6455181241035461,0.3204779326915741,0.6571947932243347,0.2888469994068146,0.6186268925666809,0.2788037657737732,0.6056695580482483,0.2909594178199768,0.6613402366638184,0.3015623092651367,0.6657736897468567,0.26205262541770935,0.6335837841033936,0.2542087435722351,0.6154597401618958,0.26762691140174866,0.6564629673957825,0.2748918831348419,0.6709762215614319,L
0.30439284443855286,0.7456526756286621,0.33647626638412476,0.7254968285560608,0.3624471127986908,0.6904749274253845,0.38496989011764526,0.6673412322998047,0.4075128436088562,0.647359311580658,0.34868526458740234,0.5894033908843994,0.3480399250984192,0.5228831768035889,0.3424765169620514,0.4802338480949402,0.3356245756149292,0.44141340255737305,0.3196038007736206,0.5993552207946777,0.3089624345302582,0.5819545388221741,0.31604596972465515,0.6415292024612427,0.32701969146728516,0.6445964574813843,0.29247069358825684,0.6101212501525879,0.2807999849319458,0.6016476154327393,0.29323065280914307,0.6540190577507019,0.3051016926765442,0.6530486345291138,0.26546430587768555,0.6229925751686096,0.2564774751663208,0.6086835265159607,0.2688639760017395,0.647753119468689,0.27795639634132385,0.6603010892868042,L
0.30527204275131226,0.7391385436058044,0.3346811830997467,0.7186938524246216,0.3574784994125366,0.6869701743125916,0.37616100907325745,0.6652196049690247,0.3982199430465698,0.6467363238334656,0.3494206964969635,0.5841736793518066,0.3483941853046417,0.5161348581314087,0.34349119663238525,0.4716262221336365,0.33736687898635864,0.4353402256965637,0.31982165575027466,0.5932422876358032,0.3095795512199402,0.5733525156974792,0.31548258662223816,0.6319370865821838,0.3256467878818512,0.6409174799919128,0.2930239140987396,0.6037775874137878,0.28258955478668213,0.5942718982696533,0.2931972146034241,0.6450144052505493,0.30393582582473755,0.6494351625442505,0.26637569069862366,0.6171281337738037,0.259380578994751,0.6024309992790222,0.2709171175956726,0.6403162479400635,0.28042471408843994,0.6539653539657593,L
0.3041166067123413,0.7370980978012085,0.33176809549331665,0.7182477712631226,0.35356032848358154,0.6886730790138245,0.3713081181049347,0.6669726371765137,0.3936178386211395,0.6494861841201782,0.35004398226737976,0.5833737850189209,0.3495507836341858,0.5155377388000488,0.3450682759284973,0.470205694437027,0.3393637239933014,0.43398863077163696,0.32001960277557373,0.5911207795143127,0.30880308151245117,0.5725202560424805,0.3140648901462555,0.6308623552322388,0.3242184519767761,0.6397454738616943,0.2929714322090149,0.6008403897285461,0.28166961669921875,0.5929516553878784,0.29160189628601074,0.6436848044395447,0.3021363615989685,0.6484105587005615,0.26617923378944397,0.6130591034889221,0.25855007767677307,0.6003549098968506,0.26916101574897766,0.6382513642311096,0.2786715030670166,0.6512144804000854,L
0.302835077047348,0.7339649200439453,0.3312907814979553,0.7141127586364746,0.35324376821517944,0.6842904090881348,0.37085533142089844,0.6630962491035461,0.39376166462898254,0.6462438106536865,0.3506929278373718,0.5814557671546936,0.3509562313556671,0.5145114064216614,0.3472626209259033,0.4699847102165222,0.34297579526901245,0.43403881788253784,0.3216313123703003,0.5890588164329529,0.30960410833358765,0.569581925868988,0.31484732031822205,0.6263845562934875,0.3260542154312134,0.6344466209411621,0.2949378490447998,0.598581075668335,0.28356900811195374,0.5899097323417664,0.29256609082221985,0.6395763158798218,0.3031458854675293,0.6426825523376465,0.2682938277721405,0.6103203296661377,0.2598414421081543,0.5956751704216003,0.26993808150291443,0.6319369077682495,0.2792019546031952,0.6442530155181885,L
0.3028470575809479,0.7295567989349365,0.331462562084198,0.7104072570800781,0.3534074127674103,0.6812058091163635,0.37145641446113586,0.6608296036720276,0.393772155046463,0.6434979438781738,0.3519616723060608,0.5780176520347595,0.35268479585647583,0.5118647217750549,0.34957894682884216,0.4676206707954407,0.34541940689086914,0.4320720434188843,0.32253536581993103,0.5842009782791138,0.31102532148361206,0.5660703778266907,0.3150554895401001,0.6237591505050659,0.3251314163208008,0.6330128312110901,0.2956233024597168,0.593198835849762,0.2847168743610382,0.5856674909591675,0.293241024017334,0.6364562511444092,0.30336934328079224,0.6409569382667542,0.26887086033821106,0.6047707200050354,0.26133784651756287,0.5913919806480408,0.27122706174850464,0.6290662884712219,0.28043508529663086,0.6416317224502563,L
0.2983534634113312,0.728444516658783,0.3350297212600708,0.7099853157997131,0.3648926019668579,0.6734515428543091,0.3890420198440552,0.6502125859260559,0.4117712676525116,0.632594883441925,0.3492559492588043,0.5796473622322083,0.3510787785053253,0.510853111743927,0.3476594388484955,0.46841639280319214,0.3427709937095642,0.4307224452495575,0.3209371268749237,0.586559534072876,0.31114354729652405,0.5652427673339844,0.3151238262653351,0.6246770024299622,0.3245311975479126,0.6375584006309509,0.2927790582180023,0.5947938561439514,0.28326699137687683,0.584828794002533,0.29253360629081726,0.6397351026535034,0.3031061887741089,0.6460743546485901,0.26555490493774414,0.6064475178718567,0.2587850093841553,0.5917569994926453,0.2693358063697815,0.6326240301132202,0.27703481912612915,0.6475344896316528,L
0.29732826352119446,0.7310116291046143,0.3423473536968231,0.7114924788475037,0.3801766037940979,0.6694454550743103,0.40969207882881165,0.6394264698028564,0.4353145658969879,0.6202383041381836,0.3519064784049988,0.5860224366188049,0.35666483640670776,0.5176910161972046,0.3565607964992523,0.4767051339149475,0.3544595241546631,0.43918168544769287,0.322858065366745,0.591551661491394,0.32405537366867065,0.5703467726707458,0.32488635182380676,0.6320247650146484,0.3265778720378876,0.6457808017730713,0.29411619901657104,0.601391613483429,0.2953759431838989,0.5878426432609558,0.30236709117889404,0.6452149152755737,0.3062741160392761,0.6529789566993713,0.26518145203590393,0.6146184206008911,0.2675117254257202,0.5961474776268005,0.2783273458480835,0.6379346251487732,0.28165966272354126,0.6534640789031982,L
0.2970736622810364,0.7319437265396118,0.34117382764816284,0.7123547792434692,0.3795526921749115,0.6650283932685852,0.4118618667125702,0.6325430870056152,0.4397434890270233,0.615533709526062,0.34318622946739197,0.5864928960800171,0.34970623254776,0.5199276208877563,0.35188916325569153,0.47856971621513367,0.35069894790649414,0.4420212507247925,0.31301918625831604,0.5915695428848267,0.3260934054851532,0.573754072189331,0.32693517208099365,0.6339013576507568,0.3210395276546478,0.6482729315757751,0.28445881605148315,0.6041845083236694,0.29748430848121643,0.5916606187820435,0.303583562374115,0.6480857729911804,0.2984056770801544,0.6576920747756958,0.25627967715263367,0.6208380460739136,0.2686815857887268,0.6036207675933838,0.27975136041641235,0.6429749727249146,0.2759511172771454,0.6565929055213928,L
0.2912866771221161,0.7350607514381409,0.3359588384628296,0.7189690470695496,0.37680456042289734,0.6774530410766602,0.40880805253982544,0.6456423997879028,0.4360318183898926,0.6281715035438538,0.34434065222740173,0.5913517475128174,0.3527119755744934,0.5256101489067078,0.35422950983047485,0.483320415019989,0.3533870279788971,0.4467831254005432,0.31394118070602417,0.5950076580047607,0.32206183671951294,0.5769330859184265,0.3216669261455536,0.6360901594161987,0.31877249479293823,0.6514094471931458,0.28472664952278137,0.6056885123252869,0.2916928231716156,0.5944631099700928,0.2968493402004242,0.6498435735702515,0.2955150306224823,0.6596641540527344,0.2560291290283203,0.6206883192062378,0.26273736357688904,0.6048734188079834,0.27239990234375,0.6447137594223022,0.2719120979309082,0.658819317817688,L
0.2992251515388489,0.7403651475906372,0.34243762493133545,0.716600239276886,0.37909331917762756,0.6638303399085999,0.41099604964256287,0.6305177211761475,0.4394361078739166,0.6111895442008972,0.3353915214538574,0.5855002999305725,0.34546130895614624,0.5239715576171875,0.34946656227111816,0.48344624042510986,0.349625825881958,0.44814956188201904,0.3051464557647705,0.5892122983932495,0.3309169113636017,0.5805476307868958,0.33199813961982727,0.6393117904663086,0.322248637676239,0.6525053977966309,0.2782473564147949,0.6027669310569763,0.3056911528110504,0.60026615858078,0.309769868850708,0.6544279456138611,0.29989081621170044,0.660696268081665,0.2537986934185028,0.6223158836364746,0.2789252996444702,0.613021194934845,0.2878778576850891,0.6514670848846436,0.2789488434791565,0.6629452109336853,L
0.30015334486961365,0.7450429201126099,0.34472134709358215,0.7178816795349121,0.3799205422401428,0.6655765175819397,0.41020065546035767,0.6294234395027161,0.4371214807033539,0.6092827916145325,0.3328326344490051,0.5881854891777039,0.34407830238342285,0.5261653065681458,0.34904947876930237,0.48484545946121216,0.35184532403945923,0.4498492181301117,0.3037737011909485,0.5925047993659973,0.33689114451408386,0.5803729891777039,0.3372400403022766,0.6400492191314697,0.32460445165634155,0.6549075245857239,0.27925610542297363,0.6062868237495422,0.31526702642440796,0.604070782661438,0.3181360363960266,0.6579067707061768,0.30519792437553406,0.6641329526901245,0.258070170879364,0.6268433928489685,0.2885722815990448,0.6190197467803955,0.2967389225959778,0.6563385128974915,0.286173552274704,0.6674637794494629,L
0.3023815155029297,0.7461211681365967,0.34516867995262146,0.7158641219139099,0.3770063519477844,0.6627142429351807,0.40534356236457825,0.6268876791000366,0.4297487735748291,0.6063086986541748,0.32916703820228577,0.5879326462745667,0.3395076096057892,0.5258271098136902,0.3456873297691345,0.4848580062389374,0.348917156457901,0.4502047300338745,0.301901251077652,0.5922648310661316,0.3434150516986847,0.5812413692474365,0.3440151810646057,0.6387314200401306,0.32792842388153076,0.6513032913208008,0.28066372871398926,0.6059256196022034,0.3232523500919342,0.6052720546722412,0.3250840902328491,0.6568506360054016,0.3098183870315552,0.6620734930038452,0.2634406089782715,0.6259037852287292,0.29918044805526733,0.6206603646278381,0.30614468455314636,0.6568869948387146,0.2938022017478943,0.6672549247741699,L
0.3027409613132477,0.7485275268554688,0.34402385354042053,0.711685836315155,0.3712017834186554,0.6582916378974915,0.39725005626678467,0.6214265823364258,0.41958582401275635,0.5959579944610596,0.32205575704574585,0.5855444073677063,0.33172857761383057,0.5238968133926392,0.33808398246765137,0.48202216625213623,0.34058958292007446,0.4476550221443176,0.29573267698287964,0.5916871428489685,0.34337928891181946,0.577190637588501,0.34539613127708435,0.6335592865943909,0.32780423760414124,0.6470639705657959,0.276852548122406,0.606661856174469,0.32696428894996643,0.6047697067260742,0.32784098386764526,0.6547897458076477,0.3102015256881714,0.6606643199920654,0.2631872594356537,0.628244161605835,0.30508822202682495,0.625481367111206,0.31111642718315125,0.6600383520126343,0.29720428586006165,0.669612467288971,L
0.30261486768722534,0.7532202005386353,0.3432213366031647,0.7120537161827087,0.36696508526802063,0.6601727604866028,0.3895180821418762,0.6237553954124451,0.41073134541511536,0.596394419670105,0.3163503408432007,0.5872516632080078,0.3271568715572357,0.5260511040687561,0.3348749876022339,0.48407530784606934,0.33808964490890503,0.4495121240615845,0.2927486300468445,0.5924988985061646,0.34895527362823486,0.5794072151184082,0.35352757573127747,0.6304529309272766,0.33500802516937256,0.6484906673431396,0.2781076729297638,0.607947826385498,0.3355392515659332,0.6047342419624329,0.3365967869758606,0.652459979057312,0.3184770941734314,0.6647955775260925,0.2689149081707001,0.6304506659507751,0.3170483112335205,0.6256656646728516,0.32125234603881836,0.6604230999946594,0.3063862919807434,0.6737022995948792,L
0.2973947525024414,0.7590960264205933,0.3427687883377075,0.7132534980773926,0.3627799451351166,0.6614671945571899,0.3793811798095703,0.6219286918640137,0.395155131816864,0.5913321375846863,0.3086986243724823,0.5874955058097839,0.32532739639282227,0.5301583409309387,0.3348809778690338,0.4880058169364929,0.34065839648246765,0.45289891958236694,0.2902796268463135,0.5945340991020203,0.35542646050453186,0.5845112800598145,0.35809585452079773,0.6330174207687378,0.340753972530365,0.6513305902481079,0.28328511118888855,0.6120927929878235,0.34799596667289734,0.6096453666687012,0.346656858921051,0.6551154851913452,0.32969167828559875,0.6695789098739624,0.2833678424358368,0.6354156732559204,0.33556830883026123,0.6311162710189819,0.3365921080112457,0.6645916700363159,0.3214349150657654,0.6790241599082947,L
0.29662492871284485,0.7592154145240784,0.34433895349502563,0.7059973478317261,0.3602792024612427,0.6557959318161011,0.37243202328681946,0.6199432611465454,0.3832166790962219,0.5877108573913574,0.3050507605075836,0.5885984897613525,0.3256070017814636,0.5307154655456543,0.33635881543159485,0.48954832553863525,0.3438502550125122,0.4546692371368408,0.29043516516685486,0.597193717956543,0.3584800958633423,0.5861203670501709,0.36254602670669556,0.6307739019393921,0.34865784645080566,0.6521888971328735,0.2880289852619171,0.6158922910690308,0.35538449883461,0.6118087768554688,0.35443049669265747,0.6528897285461426,0.3398459851741791,0.6686150431632996,0.2935766279697418,0.6391831040382385,0.34735554456710815,0.6352893114089966,0.34776100516319275,0.6665889024734497,0.33412981033325195,0.6802014708518982,L
0.2954200506210327,0.7548682689666748,0.3397746980190277,0.6993810534477234,0.35340768098831177,0.6486332416534424,0.36465519666671753,0.6114964485168457,0.37787967920303345,0.5860707759857178,0.29944881796836853,0.5860610008239746,0.3199712932109833,0.5284214019775391,0.3305596709251404,0.4884629547595978,0.3389352560043335,0.45450133085250854,0.2878539562225342,0.5947921276092529,0.35805556178092957,0.5841854810714722,0.3605784475803375,0.6255988478660583,0.345846027135849,0.6445021033287048,0.2880810499191284,0.6140916347503662,0.35673776268959045,0.6103780269622803,0.35342973470687866,0.6473579406738281,0.33811503648757935,0.6609026193618774,0.296050101518631,0.6365917921066284,0.3499394655227661,0.6357094049453735,0.34845373034477234,0.6639729142189026,0.3347676694393158,0.6750097274780273,L
0.29518449306488037,0.7584655284881592,0.34287068247795105,0.7080980539321899,0.3594842851161957,0.6575860381126404,0.37193620204925537,0.621391236782074,0.38395705819129944,0.5879894495010376,0.3041515350341797,0.5867288112640381,0.3251049518585205,0.5299465656280518,0.33605247735977173,0.48864299058914185,0.34372955560684204,0.45314615964889526,0.28928595781326294,0.5946871042251587,0.3572956621646881,0.5842878222465515,0.36081382632255554,0.6298431754112244,0.34720632433891296,0.6498521566390991,0.2864857316017151,0.6129329204559326,0.35400018095970154,0.6100022196769714,0.35255905985832214,0.6515600085258484,0.3379210829734802,0.6653872132301331,0.2917037010192871,0.6356968879699707,0.34516969323158264,0.6318840384483337,0.3452259600162506,0.6630075573921204,0.33126071095466614,0.6750608682632446,L
0.30241504311561584,0.755092978477478,0.3421713709831238,0.7182298302650452,0.3687710762023926,0.6693120002746582,0.39136818051338196,0.6352514624595642,0.4101787805557251,0.607464611530304,0.32121533155441284,0.5886117219924927,0.333667129278183,0.5290918946266174,0.342335045337677,0.4883192181587219,0.3463953733444214,0.4545004069805145,0.2965208888053894,0.5914074778556824,0.3505609333515167,0.5813696384429932,0.35426950454711914,0.6325397491455078,0.3359581530094147,0.649512767791748,0.2802788019180298,0.6062133312225342,0.33539798855781555,0.6072133779525757,0.3360562324523926,0.6543827056884766,0.3181017339229584,0.6639767289161682,0.26913222670555115,0.6284777522087097,0.3161129057407379,0.6271148920059204,0.32020214200019836,0.6615114808082581,0.30519700050354004,0.6734039783477783,L
