0.324900358915329,0.6770464181900024,0.3492250144481659,0.6750163435935974,0.3752827048301697,0.6676416993141174,0.36398521065711975,0.6668142080307007,0.34109246730804443,0.6693048477172852,0.3707018494606018,0.5786767601966858,0.3727211356163025,0.5799646973609924,0.3704501986503601,0.5762385725975037,0.36573225259780884,0.5639631152153015,0.33757784962654114,0.5619120001792908,0.34361863136291504,0.6145257949829102,0.35007500648498535,0.6514295935630798,0.35142186284065247,0.6502339839935303,0.3095422387123108,0.5718814730644226,0.32101595401763916,0.6442967057228088,0.3272458612918854,0.6636018753051758,0.3267104923725128,0.6442160606384277,0.28618666529655457,0.5938751697540283,0.2976338565349579,0.6540734767913818,0.304675430059433,0.6708167791366577,0.3038375675678253,0.6562380194664001,Z
0.32606637477874756,0.675702691078186,0.3514905273914337,0.6744171977043152,0.37783706188201904,0.6674512624740601,0.36533090472221375,0.6677464246749878,0.3421187400817871,0.6692487597465515,0.3699558675289154,0.577358067035675,0.37299278378486633,0.5796424150466919,0.371210515499115,0.5763581991195679,0.36652153730392456,0.565118670463562,0.33769240975379944,0.5602595210075378,0.3443979024887085,0.6169993877410889,0.35157135128974915,0.6514103412628174,0.3528261184692383,0.6480737328529358,0.31036287546157837,0.5702587366104126,0.32228755950927734,0.6444976925849915,0.32881152629852295,0.6612406969070435,0.32807430624961853,0.6403019428253174,0.2873538136482239,0.5921042561531067,0.29897791147232056,0.6535153985023499,0.30678150057792664,0.6685130000114441,0.30624914169311523,0.6527231335639954,Z
0.32630473375320435,0.6800956130027771,0.35283827781677246,0.6777628064155579,0.37860924005508423,0.6692016124725342,0.36458277702331543,0.6668701171875,0.3409309983253479,0.6677812933921814,0.3699701726436615,0.5773744583129883,0.37512415647506714,0.5788850784301758,0.3722867965698242,0.5772984623908997,0.36611199378967285,0.5672646760940552,0.3374325633049011,0.5604903697967529,0.3448445200920105,0.6182374954223633,0.3513889014720917,0.6529707908630371,0.3522506058216095,0.6491748094558716,0.3099868893623352,0.5709661245346069,0.3220839500427246,0.6443425416946411,0.32851096987724304,0.6615872979164124,0.3279077112674713,0.6410054564476013,0.28718802332878113,0.5937098264694214,0.29931414127349854,0.6546146869659424,0.3066771626472473,0.6700730323791504,0.30575820803642273,0.6550031304359436,Z
0.32477033138275146,0.6751813888549805,0.35157179832458496,0.6724829077720642,0.377550333738327,0.66506028175354,0.36531341075897217,0.6647881269454956,0.3411062955856323,0.6688520908355713,0.36879104375839233,0.5686231851577759,0.3746768534183502,0.5785442590713501,0.3732913136482239,0.5949204564094543,0.367713987827301,0.5968701243400574,0.33645498752593994,0.5562770962715149,0.34493985772132874,0.6162501573562622,0.35053014755249023,0.6508045196533203,0.3491824269294739,0.6457242965698242,0.3089943528175354,0.5679517984390259,0.32205283641815186,0.6417847871780396,0.32753846049308777,0.6609343886375427,0.32454347610473633,0.6410238742828369,0.2863118648529053,0.5903297066688538,0.2984526753425598,0.6517922878265381,0.305508017539978,0.6676023602485657,0.3038405776023865,0.6517953872680664,Z
0.33265429735183716,0.6672593355178833,0.35669267177581787,0.6645243763923645,0.3850663900375366,0.6565065979957581,0.37565287947654724,0.6560011506080627,0.3521607220172882,0.6605274081230164,0.3776159882545471,0.5644615888595581,0.3807865083217621,0.5638467669487,0.3761585056781769,0.5609332919120789,0.370283305644989,0.5523943305015564,0.34372612833976746,0.547501266002655,0.3500382900238037,0.6124417185783386,0.3547807037830353,0.648472011089325,0.35588932037353516,0.6479430794715881,0.31529146432876587,0.5586960911750793,0.32671892642974854,0.6358516216278076,0.33299311995506287,0.6541996598243713,0.3339771628379822,0.6377164721488953,0.29142051935195923,0.5816890001296997,0.30302661657333374,0.6418219804763794,0.31123533844947815,0.6591432690620422,0.313092440366745,0.6478931307792664,Z
0.3265797197818756,0.6507806181907654,0.35074296593666077,0.652022123336792,0.3779184818267822,0.6467245221138,0.3648134469985962,0.6397139430046082,0.340525358915329,0.6345258951187134,0.37118256092071533,0.552272617816925,0.3758279085159302,0.5456628799438477,0.3736903965473175,0.5430132746696472,0.3692896366119385,0.5391665697097778,0.33874592185020447,0.5343443751335144,0.34436357021331787,0.5852500796318054,0.3482706546783447,0.6233879327774048,0.3492005467414856,0.629988431930542,0.3106689155101776,0.5433695316314697,0.31939974427223206,0.6119532585144043,0.32522353529930115,0.633858859539032,0.3267269432544708,0.6218088269233704,0.2874053120613098,0.5640363097190857,0.29771310091018677,0.6185423135757446,0.30541476607322693,0.6375418305397034,0.30755969882011414,0.628105103969574,Z
0.32040154933929443,0.6340603828430176,0.3453181982040405,0.6258993744850159,0.37013792991638184,0.6130133867263794,0.3545354902744293,0.6031726598739624,0.32994791865348816,0.5992133617401123,0.36436086893081665,0.5273429155349731,0.3683294951915741,0.5213814377784729,0.3629816770553589,0.5109457969665527,0.35545453429222107,0.4962836503982544,0.33056312799453735,0.507089376449585,0.3344878554344177,0.5552027821540833,0.3395817279815674,0.5978289246559143,0.34221288561820984,0.6049847602844238,0.3020809590816498,0.5141010284423828,0.3111288845539093,0.5785298943519592,0.3171989619731903,0.6035996079444885,0.3190157413482666,0.5917637944221497,0.2787942886352539,0.5343398451805115,0.28823786973953247,0.5860881209373474,0.2955726087093353,0.6072494983673096,0.2970882058143616,0.59848952293396,Z
0.32153528928756714,0.6114011406898499,0.3487309515476227,0.6026080846786499,0.3763979971408844,0.5876078009605408,0.3625286817550659,0.5746335387229919,0.33671510219573975,0.5722335577011108,0.36748242378234863,0.5005847811698914,0.3698168098926544,0.49462923407554626,0.36553266644477844,0.48128193616867065,0.35910242795944214,0.46421584486961365,0.3333199918270111,0.48044657707214355,0.3375947177410126,0.5214380621910095,0.3425242304801941,0.5606139898300171,0.3431258499622345,0.5699388980865479,0.30458587408065796,0.4880038797855377,0.3141627311706543,0.5491997599601746,0.32013189792633057,0.5733357071876526,0.32107603549957275,0.5642666220664978,0.28123700618743896,0.5099104046821594,0.2927694320678711,0.5614337921142578,0.30093228816986084,0.582103967666626,0.3022504150867462,0.575178861618042,Z
0.32312509417533875,0.5934972167015076,0.3500465750694275,0.5908824801445007,0.37972354888916016,0.5776227712631226,0.3668217658996582,0.5614147186279297,0.3422049880027771,0.5530033111572266,0.3727537989616394,0.4875427186489105,0.3757275938987732,0.4771132469177246,0.37270623445510864,0.46479159593582153,0.3680116832256317,0.4505813419818878,0.33810752630233765,0.467346727848053,0.3426688015460968,0.5067182183265686,0.3460257053375244,0.5511350035667419,0.34690409898757935,0.5637214183807373,0.3083997666835785,0.47456809878349304,0.3170648217201233,0.5375863909721375,0.3234238922595978,0.5666858553886414,0.32625263929367065,0.5607067942619324,0.28390002250671387,0.49562597274780273,0.2939361333847046,0.545714259147644,0.30250081419944763,0.5697027444839478,0.30539196729660034,0.5644299387931824,Z
0.32017257809638977,0.5937440991401672,0.3460446298122406,0.5912651419639587,0.37422922253608704,0.57947838306427,0.3610455095767975,0.5640595555305481,0.3350326120853424,0.55583655834198,0.3678306043148041,0.48762771487236023,0.3721228241920471,0.4761936664581299,0.36789101362228394,0.4619213938713074,0.3620225191116333,0.44545766711235046,0.33464691042900085,0.4674735367298126,0.3355081379413605,0.5027971863746643,0.3384951949119568,0.5463393926620483,0.3412819802761078,0.559861421585083,0.3051380217075348,0.47416794300079346,0.3112351596355438,0.5320124626159668,0.31865641474723816,0.5640817880630493,0.32367148995399475,0.5622712969779968,0.2798641622066498,0.4934157431125641,0.28761520981788635,0.5427098274230957,0.29745182394981384,0.5684348344802856,0.3032040596008301,0.5649170875549316,Z
0.3081240653991699,0.592725396156311,0.3341403603553772,0.5898096561431885,0.3622448742389679,0.5729323029518127,0.34550198912620544,0.5585134625434875,0.3191674053668976,0.5521836876869202,0.3514888882637024,0.48428234457969666,0.3529038727283478,0.4694517254829407,0.34598225355148315,0.45582303404808044,0.3376511037349701,0.4386292099952698,0.3182975649833679,0.46608102321624756,0.31892129778862,0.5078073143959045,0.3245764374732971,0.5494428277015686,0.3286432921886444,0.5538294911384583,0.289367139339447,0.474668025970459,0.2942816913127899,0.5291126370429993,0.3027942478656769,0.5578585863113403,0.3073531985282898,0.549643874168396,0.26466992497444153,0.4947144091129303,0.2715814411640167,0.5390253663063049,0.28132715821266174,0.5622880458831787,0.28550583124160767,0.555137574672699,Z
0.2779052257537842,0.6098770499229431,0.2961709797382355,0.5983307957649231,0.30023375153541565,0.5757660865783691,0.26767244935035706,0.56248939037323,0.2397056519985199,0.5542829632759094,0.2951250970363617,0.5089409947395325,0.27330029010772705,0.478492796421051,0.2517814636230469,0.46600341796875,0.230915367603302,0.45834803581237793,0.27540990710258484,0.5116938352584839,0.25916051864624023,0.5114831328392029,0.25376641750335693,0.5422734618186951,0.249872624874115,0.5596500635147095,0.26047956943511963,0.5237746834754944,0.24347566068172455,0.5228925943374634,0.24261349439620972,0.5483984351158142,0.2420794665813446,0.5580520033836365,0.24874188005924225,0.54032963514328,0.23444992303848267,0.5376163125038147,0.23606452345848083,0.5567062497138977,0.23894624412059784,0.5655895471572876,Z
0.2466270923614502,0.6053677797317505,0.2729816734790802,0.594310462474823,0.28005003929138184,0.5730696320533752,0.24447253346443176,0.5729198455810547,0.21469826996326447,0.5736631155014038,0.25887513160705566,0.4884396493434906,0.23528198897838593,0.47820207476615906,0.21410757303237915,0.47275447845458984,0.19599783420562744,0.4627569019794464,0.23068109154701233,0.48326975107192993,0.21775676310062408,0.531963050365448,0.23897959291934967,0.5676016807556152,0.2551427483558655,0.5714748501777649,0.20873503386974335,0.4958544671535492,0.19898629188537598,0.5470530390739441,0.221591055393219,0.5717825293540955,0.23609185218811035,0.5659222602844238,0.19231487810611725,0.5149147510528564,0.18598070740699768,0.5520678162574768,0.20204013586044312,0.5723757743835449,0.2131630778312683,0.5694423317909241,Z
0.24772119522094727,0.6104917526245117,0.27596375346183777,0.6013385653495789,0.2850334048271179,0.5804953575134277,0.25209760665893555,0.5821634531021118,0.22207051515579224,0.5816601514816284,0.26601579785346985,0.5003328323364258,0.2419186383485794,0.49071404337882996,0.22064507007598877,0.4836840331554413,0.20079030096530914,0.4708552062511444,0.2343427538871765,0.4911915361881256,0.21607986092567444,0.5406973958015442,0.23678246140480042,0.5747369527816772,0.2540445029735565,0.5750359892845154,0.20915208756923676,0.501171886920929,0.19675761461257935,0.5528215765953064,0.2164486050605774,0.5798233151435852,0.22944040596485138,0.5733427405357361,0.1911686509847641,0.518804669380188,0.18590182065963745,0.561373233795166,0.20370835065841675,0.5831957459449768,0.21587933599948883,0.5793390274047852,Z
0.25505033135414124,0.6239558458328247,0.28224271535873413,0.6112044453620911,0.29235485196113586,0.5880061388015747,0.26207858324050903,0.587626576423645,0.23312143981456757,0.5881792902946472,0.2727571725845337,0.5094290375709534,0.25168555974960327,0.5007902383804321,0.23212987184524536,0.49455955624580383,0.213090181350708,0.48354217410087585,0.2404642552137375,0.5003851652145386,0.22436480224132538,0.552329957485199,0.2442648708820343,0.5884329080581665,0.2601935565471649,0.5922459959983826,0.2152184545993805,0.5105114579200745,0.2065621167421341,0.5663431286811829,0.22648178040981293,0.5919530987739563,0.23973357677459717,0.5859982371330261,0.19729822874069214,0.5283061265945435,0.19491751492023468,0.5715867280960083,0.21321646869182587,0.593461811542511,0.2255290299654007,0.5897114276885986,Z
0.2736959755420685,0.6331918835639954,0.2958921492099762,0.6279201507568359,0.311619371175766,0.6176635026931763,0.29052382707595825,0.6168785095214844,0.26613402366638184,0.613014280796051,0.29558199644088745,0.5375982522964478,0.2890684902667999,0.5309873819351196,0.27372193336486816,0.5304891467094421,0.256278932094574,0.5244885683059692,0.2618553936481476,0.5297951698303223,0.2554596960544586,0.5866750478744507,0.27328601479530334,0.6208437085151672,0.28581076860427856,0.6190537214279175,0.23685690760612488,0.5435826778411865,0.23776930570602417,0.6080841422080994,0.2570134103298187,0.6270773410797119,0.26798442006111145,0.6162143349647522,0.21934525668621063,0.5654976963996887,0.22334805130958557,0.6143045425415039,0.24033761024475098,0.6313525438308716,0.2503139078617096,0.6249639391899109,Z
0.30202716588974,0.633760929107666,0.31424251198768616,0.6308808326721191,0.3257647454738617,0.6306888461112976,0.32340580224990845,0.6403364539146423,0.3145449757575989,0.6477642059326172,0.3096899688243866,0.5514199733734131,0.32085540890693665,0.5793140530586243,0.32149243354797363,0.5838058590888977,0.31874874234199524,0.5730172991752625,0.2828119993209839,0.5513617396354675,0.2894846796989441,0.6140154004096985,0.298478364944458,0.6306982636451721,0.30091825127601624,0.6197487711906433,0.262835294008255,0.5685421228408813,0.27045896649360657,0.6299712061882019,0.281406968832016,0.6423752903938293,0.2848075032234192,0.6309026479721069,0.24910308420658112,0.5921804308891296,0.25562146306037903,0.638338029384613,0.2680834233760834,0.6491428017616272,0.2749972641468048,0.6417137384414673,Z
0.32143881916999817,0.6350873708724976,0.32462212443351746,0.6411442756652832,0.32722207903862,0.6462609767913818,0.3324110209941864,0.6527971029281616,0.3402170240879059,0.6557549834251404,0.30725857615470886,0.591866672039032,0.3201926350593567,0.6515018939971924,0.3280435800552368,0.6701180338859558,0.3323797583580017,0.6657119989395142,0.302436888217926,0.5919496417045593,0.3165247142314911,0.6598068475723267,0.3254910111427307,0.6767551898956299,0.32922881841659546,0.6721435785293579,0.30071166157722473,0.6004182696342468,0.3145652413368225,0.6648416519165039,0.32133564352989197,0.6762214303016663,0.32161960005760193,0.6679224967956543,0.3012152314186096,0.6142363548278809,0.31107327342033386,0.662693202495575,0.3169759213924408,0.6732150316238403,0.3193765878677368,0.6674273610115051,Z
0.3176625370979309,0.6575143337249756,0.3364483118057251,0.6509882211685181,0.3482878506183624,0.6426127552986145,0.34858325123786926,0.6427163481712341,0.3450932800769806,0.6421553492546082,0.33154788613319397,0.6054551601409912,0.341520756483078,0.6382598280906677,0.34066253900527954,0.6472619771957397,0.3385007083415985,0.6472170948982239,0.3104343116283417,0.6140965819358826,0.3225625157356262,0.6589047312736511,0.32045236229896545,0.6587989926338196,0.31486067175865173,0.6527173519134521,0.2951219081878662,0.6315973401069641,0.3062090277671814,0.6720452904701233,0.30925583839416504,0.6674190163612366,0.3079877197742462,0.6582944393157959,0.2847781181335449,0.6523787975311279,0.29175519943237305,0.6789689064025879,0.2970183193683624,0.6761868596076965,0.29998326301574707,0.668750524520874,Z
0.32484686374664307,0.6779056191444397,0.34266307950019836,0.6677951216697693,0.3570549488067627,0.6610562801361084,0.36347657442092896,0.6639357209205627,0.36582258343696594,0.6671457886695862,0.34552350640296936,0.6068800687789917,0.35626310110092163,0.648135781288147,0.35671621561050415,0.6694234013557434,0.35702118277549744,0.679034948348999,0.32331886887550354,0.6138632297515869,0.33536985516548157,0.6804966330528259,0.3367196023464203,0.6908428072929382,0.33465561270713806,0.6870393753051758,0.30495259165763855,0.6320326924324036,0.31721031665802,0.6936919093132019,0.3221670389175415,0.6939926147460938,0.3228231966495514,0.6832644939422607,0.290413498878479,0.6532719135284424,0.30023133754730225,0.694309413433075,0.3062799870967865,0.6950991153717041,0.30876654386520386,0.6850256323814392,Z
0.3270348310470581,0.6962010860443115,0.34951251745224,0.6927806735038757,0.3721516728401184,0.6859321594238281,0.3775280714035034,0.680346667766571,0.3660491406917572,0.6726027131080627,0.3672322630882263,0.6114397644996643,0.37753838300704956,0.6490232348442078,0.3737989068031311,0.6565733551979065,0.37098777294158936,0.6505523324012756,0.338838666677475,0.6113631129264832,0.3523339331150055,0.682924747467041,0.34771186113357544,0.6824442148208618,0.3423610031604767,0.6638917326927185,0.31382471323013306,0.6276899576187134,0.3276161253452301,0.6974434852600098,0.32602083683013916,0.6876788139343262,0.3229462802410126,0.6641474366188049,0.29197365045547485,0.650216817855835,0.30457764863967896,0.6985256671905518,0.30731797218322754,0.6917068362236023,0.3064839243888855,0.671522319316864,Z
0.30914783477783203,0.712570309638977,0.33570006489753723,0.7105400562286377,0.3521849513053894,0.7113091945648193,0.34132716059684753,0.7288570404052734,0.322565495967865,0.7438138723373413,0.33593153953552246,0.6337811946868896,0.337615966796875,0.6777048707008362,0.34150242805480957,0.6836370229721069,0.34226876497268677,0.6711202263832092,0.30739766359329224,0.6360395550727844,0.3157515227794647,0.7040225267410278,0.32166171073913574,0.7103114128112793,0.31957554817199707,0.6922484636306763,0.2838059067726135,0.6526976823806763,0.2944968342781067,0.7190110683441162,0.30320703983306885,0.722547173500061,0.3038313388824463,0.7024080157279968,0.265481561422348,0.6759571433067322,0.275505006313324,0.7241832613945007,0.28529390692710876,0.7308956980705261,0.2892299294471741,0.7203108072280884,Z
0.2985052764415741,0.7308896780014038,0.31708335876464844,0.7390339374542236,0.31857994198799133,0.7390262484550476,0.28511765599250793,0.7420998811721802,0.25519439578056335,0.7386003136634827,0.30266305804252625,0.6618747115135193,0.27975308895111084,0.6972696185112,0.2663896083831787,0.7280906438827515,0.2563686966896057,0.7397843599319458,0.2802973985671997,0.655586302280426,0.2588672339916229,0.6955606341362,0.26858314871788025,0.7267236709594727,0.27592548727989197,0.7371733784675598,0.2633587121963501,0.6615548133850098,0.24439722299575806,0.6944080591201782,0.2579612135887146,0.7198701500892639,0.2663589119911194,0.7281579375267029,0.2506503462791443,0.6763991117477417,0.2384539693593979,0.7020609378814697,0.2486984133720398,0.7224382162094116,0.25629016757011414,0.7326478958129883,Z
0.26974260807037354,0.7227221131324768,0.2933610677719116,0.723949670791626,0.29838505387306213,0.7262589931488037,0.269405335187912,0.7393208146095276,0.24385589361190796,0.7400640249252319,0.2881718575954437,0.6624857783317566,0.28393933176994324,0.678645670413971,0.26967698335647583,0.6798637509346008,0.25877878069877625,0.6800084710121155,0.2625962495803833,0.658607006072998,0.24998407065868378,0.7078633308410645,0.24301840364933014,0.7190062999725342,0.23910976946353912,0.7218067646026611,0.24205461144447327,0.671809196472168,0.23094147443771362,0.7278900742530823,0.24054595828056335,0.7339841723442078,0.2488739937543869,0.7274428606033325,0.2263258397579193,0.6938185095787048,0.2238418161869049,0.7351301312446594,0.2350047081708908,0.7454867362976074,0.24585486948490143,0.7460353374481201,Z
0.2571037709712982,0.753212571144104,0.286261647939682,0.7524350881576538,0.29950881004333496,0.7418835759162903,0.2699044346809387,0.7434219717979431,0.24168333411216736,0.7431597113609314,0.282490074634552,0.6644983887672424,0.277230441570282,0.6866855621337891,0.26872900128364563,0.6921374201774597,0.2594548463821411,0.6853989362716675,0.2510601282119751,0.658733606338501,0.24049678444862366,0.7249297499656677,0.253404438495636,0.7526280283927917,0.2611218988895416,0.7505360841751099,0.22634872794151306,0.6731853485107422,0.2212618738412857,0.7400038838386536,0.2427646815776825,0.7554996013641357,0.25490638613700867,0.7455276250839233,0.20810449123382568,0.6964383721351624,0.20631547272205353,0.7431275248527527,0.22332672774791718,0.759701132774353,0.23440828919410706,0.7585407495498657,Z
0.2609129250049591,0.772387683391571,0.28656357526779175,0.7684467434883118,0.30116069316864014,0.755625307559967,0.26879239082336426,0.7600690722465515,0.23689182102680206,0.7626689672470093,0.2799907922744751,0.6609305739402771,0.26400524377822876,0.7048479318618774,0.2556222975254059,0.7317320108413696,0.2449273020029068,0.726269543170929,0.24679744243621826,0.6567806601524353,0.23550918698310852,0.7309532165527344,0.2556125223636627,0.7560415267944336,0.26447755098342896,0.7425103783607483,0.22075513005256653,0.6713582277297974,0.2155456840991974,0.7462652325630188,0.23744818568229675,0.7647215723991394,0.24544262886047363,0.7496022582054138,0.20113912224769592,0.6956131458282471,0.2027452290058136,0.7512367367744446,0.22052033245563507,0.7665044069290161,0.22839826345443726,0.7568939924240112,Z
0.26138371229171753,0.76646488904953,0.2897779941558838,0.7607067227363586,0.30541977286338806,0.7459618449211121,0.2742858827114105,0.7527191638946533,0.2422700673341751,0.7580440044403076,0.2845558524131775,0.6561028361320496,0.267403781414032,0.6930513381958008,0.2584913372993469,0.7217439413070679,0.24811412394046783,0.7224811315536499,0.2515972852706909,0.6513893604278564,0.23850345611572266,0.7208604216575623,0.2590334415435791,0.7450867891311646,0.2701573073863983,0.7351652979850769,0.2255266010761261,0.6652842164039612,0.21855121850967407,0.7382423281669617,0.2406197041273117,0.7553088068962097,0.24994057416915894,0.7425587773323059,0.2061469405889511,0.688718318939209,0.20610788464546204,0.7438849210739136,0.22507619857788086,0.7589678764343262,0.23437213897705078,0.750434160232544,Z
0.26227515935897827,0.7697763442993164,0.291728675365448,0.7636581063270569,0.3084680438041687,0.749695897102356,0.275454044342041,0.7567006349563599,0.24350376427173615,0.7629934549331665,0.2848926782608032,0.656966507434845,0.26915428042411804,0.6929433345794678,0.2660467326641083,0.7247939109802246,0.2598620653152466,0.7250556945800781,0.25096145272254944,0.6519564986228943,0.239349827170372,0.7229286432266235,0.26078760623931885,0.7503513097763062,0.2694869041442871,0.7371686697006226,0.22445148229599,0.6665291786193848,0.22009530663490295,0.7418946027755737,0.24359750747680664,0.7602818012237549,0.2513936161994934,0.7436753511428833,0.20528456568717957,0.6913819313049316,0.20732596516609192,0.746762752532959,0.22767028212547302,0.7618792653083801,0.23599298298358917,0.7522709369659424,Z
0.2635975778102875,0.7665588855743408,0.2924121618270874,0.7603628635406494,0.3100191056728363,0.7465279698371887,0.2783116400241852,0.7529968023300171,0.24633099138736725,0.7575846910476685,0.28833121061325073,0.6583418250083923,0.27632543444633484,0.6843751668930054,0.2653876543045044,0.7164012789726257,0.2519066035747528,0.7236308455467224,0.25403428077697754,0.6513437628746033,0.24232757091522217,0.7243929505348206,0.26095905900001526,0.7522090673446655,0.26862964034080505,0.7421104907989502,0.22744259238243103,0.664790153503418,0.22294634580612183,0.7436529994010925,0.2456831932067871,0.7609242796897888,0.253972589969635,0.7455620765686035,0.20778897404670715,0.688727855682373,0.2098717987537384,0.7471247315406799,0.23036670684814453,0.7628193497657776,0.23920750617980957,0.7548875212669373,Z
0.26967713236808777,0.7698166966438293,0.29684343934059143,0.7637824416160583,0.3148195147514343,0.7513538599014282,0.2842300236225128,0.7543938159942627,0.2515100836753845,0.7549187541007996,0.29674065113067627,0.6553682684898376,0.28787070512771606,0.6843326091766357,0.2775561809539795,0.7121336460113525,0.262994647026062,0.7161470651626587,0.26243045926094055,0.6485008597373962,0.2521294057369232,0.7220744490623474,0.2724863290786743,0.751223087310791,0.2815653681755066,0.7396637797355652,0.23564393818378448,0.6625688076019287,0.23235806822776794,0.7411522269248962,0.25464004278182983,0.7594766616821289,0.2625380754470825,0.7430157661437988,0.2155204713344574,0.6870339512825012,0.21801327168941498,0.7470743060112,0.23713120818138123,0.7632105350494385,0.24533070623874664,0.7521588206291199,Z
0.28420376777648926,0.7599303722381592,0.3083849847316742,0.7524518966674805,0.32740214467048645,0.7415584325790405,0.3045557141304016,0.745884358882904,0.27747637033462524,0.7499691843986511,0.30897432565689087,0.6471842527389526,0.3058152198791504,0.6849867105484009,0.30276480317115784,0.7066395878791809,0.29818764328956604,0.7014384269714355,0.2761431038379669,0.6431441307067871,0.27594301104545593,0.7113791108131409,0.2873893678188324,0.736065149307251,0.2920084297657013,0.7239266633987427,0.25033706426620483,0.6584190726280212,0.25335565209388733,0.7293709516525269,0.2676291763782501,0.7468643188476562,0.2713223099708557,0.7323105335235596,0.230350524187088,0.6825263500213623,0.23604042828083038,0.7367011904716492,0.25101280212402344,0.7515332698822021,0.25762203335762024,0.7399535775184631,Z
0.3054223358631134,0.7513936161994934,0.3287765681743622,0.747208297252655,0.3475190997123718,0.7411924004554749,0.3296368718147278,0.7491878271102905,0.3050520420074463,0.7547095417976379,0.33253443241119385,0.6434008479118347,0.33394378423690796,0.6843422651290894,0.333427757024765,0.7073512077331543,0.33190953731536865,0.7031248211860657,0.2979038953781128,0.6382657289505005,0.30612295866012573,0.7104705572128296,0.3162592947483063,0.7366683483123779,0.31970280408859253,0.7262029647827148,0.2712801396846771,0.6540171504020691,0.2845308780670166,0.7303887009620667,0.29575443267822266,0.7438018918037415,0.29628801345825195,0.7250698804855347,0.2507099211215973,0.6795170307159424,0.2642436921596527,0.7386184334754944,0.2771298587322235,0.7516191005706787,0.28054362535476685,0.7375949621200562,Z
0.3128173351287842,0.7435862421989441,0.33855634927749634,0.7443195581436157,0.3599037230014801,0.7415540814399719,0.34457892179489136,0.7523815035820007,0.31920018792152405,0.7597185373306274,0.34851664304733276,0.6473833322525024,0.35009628534317017,0.6937771439552307,0.3483423590660095,0.7068952322006226,0.34741634130477905,0.6967604160308838,0.31446507573127747,0.6410413384437561,0.3226783275604248,0.7201483845710754,0.3295343220233917,0.741685152053833,0.331074982881546,0.7272870540618896,0.2869991660118103,0.6560550928115845,0.29741472005844116,0.7336164712905884,0.3043411374092102,0.7457931637763977,0.3025973439216614,0.7259783148765564,0.2638935446739197,0.6798816323280334,0.27571114897727966,0.7383749485015869,0.28686249256134033,0.750625491142273,0.2897847592830658,0.7378259897232056,Z
0.3159983456134796,0.7451269030570984,0.34267598390579224,0.745410144329071,0.366428941488266,0.7424268126487732,0.3534407317638397,0.7521771192550659,0.32755422592163086,0.7592974901199341,0.3557603061199188,0.6462382078170776,0.3586421608924866,0.6889066696166992,0.35629528760910034,0.7029346227645874,0.3534139394760132,0.698645830154419,0.32164573669433594,0.6399001479148865,0.32891589403152466,0.7232488393783569,0.3342753052711487,0.7387629151344299,0.3343491554260254,0.7236365675926208,0.2937160134315491,0.6554310321807861,0.3050500154495239,0.7377919554710388,0.311781644821167,0.7417287230491638,0.31003403663635254,0.7181085348129272,0.2707584798336029,0.6794649958610535,0.2838318645954132,0.7405181527137756,0.2918851673603058,0.745983362197876,0.2914513647556305,0.7284547090530396,Z
0.31946706771850586,0.7410739660263062,0.3465498983860016,0.741952121257782,0.370578795671463,0.7424216270446777,0.3602278530597687,0.7558246850967407,0.33585575222969055,0.7663272023200989,0.3625054657459259,0.6437658667564392,0.36456260085105896,0.7005813121795654,0.36305680871009827,0.7186161875724792,0.36198723316192627,0.7099106311798096,0.32901105284690857,0.6420801281929016,0.33731764554977417,0.7258211374282837,0.3413675129413605,0.7369905114173889,0.3407411575317383,0.7160619497299194,0.3010163903236389,0.6583918333053589,0.3137151002883911,0.7390526533126831,0.31865838170051575,0.7401891946792603,0.31553885340690613,0.7132541537284851,0.2778393030166626,0.6819970607757568,0.29040879011154175,0.7412477731704712,0.2970714867115021,0.7437430620193481,0.29562512040138245,0.7235098481178284,Z
0.32303860783576965,0.7383593320846558,0.35037466883659363,0.7392029166221619,0.37387141585350037,0.740412175655365,0.36500978469848633,0.7543841004371643,0.3428412973880768,0.7637376189231873,0.3634696900844574,0.6449887156486511,0.3688768744468689,0.6781270503997803,0.3704058527946472,0.698189914226532,0.3707437515258789,0.703205406665802,0.3323969841003418,0.642982006072998,0.34369704127311707,0.7219863533973694,0.3465639650821686,0.7356088757514954,0.34497180581092834,0.7196446657180786,0.30571505427360535,0.6601580381393433,0.32070788741111755,0.7391120195388794,0.32528701424598694,0.73963463306427,0.3230521082878113,0.7145901918411255,0.2829122543334961,0.6838756799697876,0.29702240228652954,0.742552638053894,0.3036072552204132,0.7444885969161987,0.30316585302352905,0.7253771424293518,Z
0.32207924127578735,0.7381275296211243,0.3462026119232178,0.7355024814605713,0.3679829239845276,0.7376508712768555,0.36706358194351196,0.7544592618942261,0.3502505421638489,0.769800066947937,0.3640083074569702,0.6490529179573059,0.37440598011016846,0.6703477501869202,0.3780842423439026,0.6906140446662903,0.3789748549461365,0.7074617147445679,0.3355923593044281,0.646888256072998,0.349397212266922,0.7253766655921936,0.35069596767425537,0.7354070544242859,0.3473776578903198,0.7230947017669678,0.30973654985427856,0.6645053029060364,0.3241884410381317,0.7440435290336609,0.32680416107177734,0.7395513653755188,0.3249167203903198,0.7177298069000244,0.28701838850975037,0.6875318288803101,0.3002883791923523,0.7460580468177795,0.3047015368938446,0.7440018653869629,0.303985059261322,0.7254501581192017,Z
0.3266575336456299,0.735633134841919,0.34874892234802246,0.7330971956253052,0.3700404167175293,0.7346705794334412,0.371926873922348,0.7451695799827576,0.356320858001709,0.7523251175880432,0.36695021390914917,0.649885356426239,0.37518537044525146,0.6665557622909546,0.38032153248786926,0.6894611120223999,0.38183125853538513,0.7071656584739685,0.3387070596218109,0.6468951106071472,0.3523387014865875,0.7311291098594666,0.3518139123916626,0.7409955859184265,0.34623563289642334,0.7251918315887451,0.3128400146961212,0.6653684377670288,0.3282771408557892,0.7477893829345703,0.3300161361694336,0.7401893734931946,0.32719889283180237,0.7167330980300903,0.2899633049964905,0.6904274821281433,0.30493637919425964,0.7505412101745605,0.3102085292339325,0.7458599209785461,0.3099493682384491,0.7266746759414673,Z
0.33004236221313477,0.728583812713623,0.35170525312423706,0.7288667559623718,0.37227678298950195,0.733533501625061,0.37528496980667114,0.7473151683807373,0.3587341606616974,0.7567314505577087,0.37145742774009705,0.6501937508583069,0.38016441464424133,0.6786916851997375,0.3842909634113312,0.6938241720199585,0.38581743836402893,0.7044885158538818,0.3431253433227539,0.646429717540741,0.35734662413597107,0.7359822988510132,0.3553418517112732,0.7403625845909119,0.34912383556365967,0.7211315035820007,0.31648245453834534,0.6647448539733887,0.331953227519989,0.7494315505027771,0.33202821016311646,0.7396715879440308,0.328470379114151,0.7148320078849792,0.29239192605018616,0.6892876625061035,0.30782902240753174,0.7504522800445557,0.31192636489868164,0.7441877126693726,0.3108014762401581,0.7235397696495056,Z
0.3299672603607178,0.7377513647079468,0.35159897804260254,0.7357146739959717,0.37294715642929077,0.7392821907997131,0.3749028444290161,0.7534299492835999,0.35906192660331726,0.764674186706543,0.37243688106536865,0.6511734127998352,0.3808467984199524,0.671868622303009,0.38703107833862305,0.6931836009025574,0.3900143504142761,0.7091596126556396,0.3438943028450012,0.6482457518577576,0.35665351152420044,0.7302036285400391,0.3562822937965393,0.7424126267433167,0.35220497846603394,0.7262207269668579,0.3176490068435669,0.6664924025535583,0.3328901529312134,0.7470328211784363,0.3345557451248169,0.74348384141922,0.3321007490158081,0.7204634547233582,0.2939909100532532,0.6911762356758118,0.3081298768520355,0.7504647970199585,0.3126165270805359,0.7487668395042419,0.3122434616088867,0.7298538088798523,Z
0.3328924775123596,0.7324510812759399,0.35593968629837036,0.7333849668502808,0.3782256543636322,0.7365344762802124,0.3822740316390991,0.749566912651062,0.3657039701938629,0.7610260248184204,0.3735443353652954,0.6521965861320496,0.38450494408607483,0.6789613962173462,0.3901093006134033,0.6962166428565979,0.39265209436416626,0.7093942165374756,0.34483784437179565,0.6485198140144348,0.36268287897109985,0.7367488741874695,0.35979557037353516,0.7400696277618408,0.3524540066719055,0.7221420407295227,0.3182785212993622,0.666935384273529,0.33706003427505493,0.7505800724029541,0.33541303873062134,0.7397868037223816,0.3307739794254303,0.7154698371887207,0.29487884044647217,0.6919366121292114,0.3124876022338867,0.7520832419395447,0.31465956568717957,0.7440360188484192,0.31167176365852356,0.7229633331298828,Z
0.32874795794487,0.7351363897323608,0.35341280698776245,0.7331103086471558,0.37551435828208923,0.7345479130744934,0.37400221824645996,0.7508155107498169,0.3548906445503235,0.7649083137512207,0.3694453835487366,0.649593710899353,0.3777194321155548,0.6789436936378479,0.38229793310165405,0.6977334022521973,0.3844296336174011,0.709168016910553,0.3393898606300354,0.6477742195129395,0.35576531291007996,0.7324584722518921,0.3552558124065399,0.7389332056045532,0.35060107707977295,0.7207534313201904,0.3125755786895752,0.6656225919723511,0.33076977729797363,0.7480235695838928,0.3317909240722656,0.7419722676277161,0.3286604881286621,0.7178859710693359,0.28916531801223755,0.6901107430458069,0.3056502640247345,0.750918984413147,0.30889737606048584,0.7469925880432129,0.30687087774276733,0.7266948819160461,Z
0.326799213886261,0.724340558052063,0.3493373692035675,0.7190240025520325,0.36832964420318604,0.7191214561462402,0.3705250024795532,0.7331681251525879,0.35417309403419495,0.7451438307762146,0.36466506123542786,0.6397262811660767,0.3757471442222595,0.6605817675590515,0.38115257024765015,0.6803410053253174,0.382643461227417,0.6986938118934631,0.33733630180358887,0.6373419761657715,0.3519125282764435,0.7191734313964844,0.3516528308391571,0.7295351028442383,0.3467370271682739,0.7165560722351074,0.3119801878929138,0.6542985439300537,0.32778266072273254,0.7352937459945679,0.3294565975666046,0.7305917143821716,0.32674741744995117,0.7089102864265442,0.2893712520599365,0.6771959662437439,0.3026926517486572,0.7379898428916931,0.30745550990104675,0.7365705966949463,0.3074870705604553,0.718227207660675,Z
0.33040815591812134,0.7253283262252808,0.3523547947406769,0.7185150384902954,0.373595654964447,0.71099454164505,0.3842734396457672,0.7130876779556274,0.38748618960380554,0.7107411623001099,0.3719310760498047,0.6352337598800659,0.3839815557003021,0.6657928228378296,0.38862669467926025,0.6856849789619446,0.3909531235694885,0.6976988315582275,0.3440055549144745,0.6360968351364136,0.36155396699905396,0.7233099937438965,0.35902220010757446,0.7285619378089905,0.35264745354652405,0.7103520035743713,0.3191203474998474,0.6560053825378418,0.3363720178604126,0.7397689819335938,0.3360760807991028,0.7306801676750183,0.3327450454235077,0.7072246074676514,0.2964349687099457,0.681557297706604,0.31241124868392944,0.742631733417511,0.31454408168792725,0.7346758246421814,0.31178274750709534,0.7116983532905579,Z
0.33160287141799927,0.7285441160202026,0.35711240768432617,0.7214082479476929,0.3805708587169647,0.7158615589141846,0.3927692472934723,0.7199543118476868,0.3838154077529907,0.7229118943214417,0.37561342120170593,0.6393917202949524,0.388227641582489,0.6661341190338135,0.395374596118927,0.6867059469223022,0.3995695412158966,0.7024354934692383,0.34822872281074524,0.6383216381072998,0.36532387137413025,0.7238890528678894,0.36261218786239624,0.7359374165534973,0.356245219707489,0.7230255007743835,0.3227432072162628,0.6570128202438354,0.3402600884437561,0.7397390007972717,0.3385814428329468,0.7358812689781189,0.3342307507991791,0.7148380875587463,0.29979199171066284,0.6814495921134949,0.31488174200057983,0.7412136793136597,0.3177456855773926,0.7386905550956726,0.3158380389213562,0.7192845344543457,Z
0.33568108081817627,0.7257506847381592,0.36312055587768555,0.714470386505127,0.38681530952453613,0.704300045967102,0.4009974002838135,0.7027320861816406,0.395429790019989,0.70097815990448,0.3791065514087677,0.6288259625434875,0.3899301588535309,0.6640295386314392,0.3963591754436493,0.6793716549873352,0.400068074464798,0.6873951554298401,0.3516959547996521,0.6283189058303833,0.37028229236602783,0.7155938148498535,0.36786574125289917,0.7244186401367188,0.3609463572502136,0.7109460234642029,0.32644206285476685,0.6468898057937622,0.346060574054718,0.7314765453338623,0.3444085419178009,0.7286226749420166,0.33955782651901245,0.7082886099815369,0.303826242685318,0.6728330850601196,0.32123005390167236,0.7347158193588257,0.32410475611686707,0.7333582639694214,0.3217027187347412,0.7153810262680054,Z
0.33779942989349365,0.7085886001586914,0.368099570274353,0.6992595195770264,0.3925997316837311,0.6963850855827332,0.3981713652610779,0.7044815421104431,0.37891528010368347,0.7104297876358032,0.3941744863986969,0.6020280718803406,0.4021281599998474,0.6355252265930176,0.40265601873397827,0.6450703144073486,0.401724249124527,0.6424153447151184,0.36379891633987427,0.5955855250358582,0.3735705018043518,0.6712446212768555,0.37651076912879944,0.6968961358070374,0.3760342001914978,0.6949270963668823,0.33468231558799744,0.6094501614570618,0.3497605323791504,0.6893768906593323,0.3538646697998047,0.702872097492218,0.3522244989871979,0.6881119012832642,0.3102637529373169,0.6316416263580322,0.32403555512428284,0.6909871101379395,0.3282366991043091,0.7020933628082275,0.3267242908477783,0.6896410584449768,Z
0.33482488989830017,0.6835454702377319,0.3650933802127838,0.6713878512382507,0.3913949429988861,0.6604958772659302,0.38297683000564575,0.6561144590377808,0.35864725708961487,0.6574561595916748,0.3880345821380615,0.5742802619934082,0.38821089267730713,0.5730591416358948,0.39289894700050354,0.5711917877197266,0.3990075886249542,0.5683369040489197,0.3584226071834564,0.5550621747970581,0.3653424382209778,0.6085497736930847,0.3675508499145508,0.6441745758056641,0.36786994338035583,0.6483849883079529,0.3316919803619385,0.5605900287628174,0.3434850871562958,0.6294629573822021,0.34726694226264954,0.6497654914855957,0.3481546938419342,0.6355603933334351,0.30770933628082275,0.5787851214408875,0.31862735748291016,0.6331236958503723,0.32338398694992065,0.6509602665901184,0.32340797781944275,0.6397891640663147,Z
0.3371400535106659,0.6546636819839478,0.36643704771995544,0.6506127119064331,0.3947979509830475,0.6447210907936096,0.38772785663604736,0.6350496411323547,0.36586838960647583,0.6283623576164246,0.39222291111946106,0.5484497547149658,0.390357106924057,0.5488606691360474,0.3949976861476898,0.544867992401123,0.40207135677337646,0.5392981767654419,0.3627048432826996,0.5283140540122986,0.36928266286849976,0.5805553197860718,0.3706122040748596,0.6179266571998596,0.3700309991836548,0.6268277764320374,0.33541688323020935,0.5343807339668274,0.3460068106651306,0.6061464548110962,0.3496769070625305,0.6277176737785339,0.3511471450328827,0.6174045205116272,0.31081780791282654,0.5536616444587708,0.3220183253288269,0.6094374060630798,0.3275386691093445,0.6286383867263794,0.32881006598472595,0.6204761266708374,Z
0.34135937690734863,0.6424009203910828,0.3661499619483948,0.6452856063842773,0.3952816128730774,0.6424846649169922,0.3905097544193268,0.6318415999412537,0.36717209219932556,0.6228028535842896,0.3949231803417206,0.5409643650054932,0.3954218626022339,0.5411532521247864,0.39656955003738403,0.5409062504768372,0.3978269696235657,0.5395711660385132,0.3637751638889313,0.5229780077934265,0.36755478382110596,0.5786638259887695,0.3685770630836487,0.6174039840698242,0.3696790039539337,0.6219273209571838,0.33497166633605957,0.5301300287246704,0.3425477147102356,0.6026064157485962,0.34583336114883423,0.6270467042922974,0.34778907895088196,0.6168808937072754,0.3094829320907593,0.5492702722549438,0.3175143301486969,0.6048833727836609,0.32267704606056213,0.6251508593559265,0.3246197998523712,0.6160871386528015,Z
0.32730063796043396,0.6432561874389648,0.35175150632858276,0.6417933702468872,0.37608203291893005,0.6359009742736816,0.365582674741745,0.6296388506889343,0.3446142077445984,0.6244972944259644,0.37558871507644653,0.5371305346488953,0.37944936752319336,0.5368885397911072,0.37544339895248413,0.5515298247337341,0.3696180582046509,0.5555174946784973,0.34472545981407166,0.5219306349754333,0.346432089805603,0.5696456432342529,0.34934699535369873,0.6095139384269714,0.35118547081947327,0.6059302687644958,0.3162393569946289,0.5307605266571045,0.3201460838317871,0.5965429544448853,0.32485324144363403,0.6204743385314941,0.3265106976032257,0.6028605103492737,0.2913375496864319,0.5508198142051697,0.29640209674835205,0.6025345325469971,0.30283352732658386,0.6227410435676575,0.30481281876564026,0.6109164357185364,Z
0.3201081156730652,0.6364474296569824,0.34280791878700256,0.6368789076805115,0.3687681257724762,0.6313234567642212,0.36046525835990906,0.6205533146858215,0.3384210169315338,0.6132030487060547,0.3689913749694824,0.5344719886779785,0.37207329273223877,0.5296685099601746,0.3660336136817932,0.5288519859313965,0.35748952627182007,0.5248569846153259,0.33678656816482544,0.5166144967079163,0.33713826537132263,0.5681257843971252,0.3415949046611786,0.608010470867157,0.3444678783416748,0.6061956286430359,0.30789172649383545,0.524080216884613,0.3112408518791199,0.590650737285614,0.3186017870903015,0.6144583821296692,0.3217768967151642,0.5996907353401184,0.283327579498291,0.5432302355766296,0.288207083940506,0.5957291126251221,0.29588639736175537,0.6163783669471741,0.29916563630104065,0.6063331365585327,Z
0.3296176791191101,0.6350731253623962,0.3537307679653168,0.6348066329956055,0.3804636001586914,0.6279602646827698,0.37111297249794006,0.617939829826355,0.3490772843360901,0.6107007265090942,0.3784407377243042,0.5326894521713257,0.381220281124115,0.5273022055625916,0.37485209107398987,0.5243971943855286,0.36755338311195374,0.5190972089767456,0.3465747833251953,0.5137683153152466,0.3479909896850586,0.5684821009635925,0.3507148325443268,0.6073490381240845,0.35337358713150024,0.6107614040374756,0.3177475333213806,0.5210777521133423,0.3235504627227783,0.5897223353385925,0.3284924030303955,0.6126621961593628,0.3310740292072296,0.602928876876831,0.29257023334503174,0.5404801964759827,0.2996881306171417,0.5946259498596191,0.30641788244247437,0.6138964295387268,0.3091849386692047,0.6056048274040222,Z
0.32799655199050903,0.6426689624786377,0.3529461622238159,0.6414396166801453,0.3808324337005615,0.6356933116912842,0.3738538920879364,0.6311965584754944,0.3514387905597687,0.629116952419281,0.37671715021133423,0.5389469861984253,0.38007852435112,0.5386543869972229,0.3777022659778595,0.542401134967804,0.37368014454841614,0.5411392450332642,0.3455113172531128,0.5237228870391846,0.35012510418891907,0.5775014758110046,0.353360116481781,0.6167106628417969,0.3545520305633545,0.6136021018028259,0.3176667392253876,0.532240092754364,0.3253059983253479,0.6017788648605347,0.3310093879699707,0.6255014538764954,0.33199161291122437,0.6087673306465149,0.2930380702018738,0.5513235926628113,0.3008314073085785,0.6071736216545105,0.3072147071361542,0.6269740462303162,0.30769026279449463,0.6152800917625427,Z
0.32142573595046997,0.6470603942871094,0.34736841917037964,0.6446244716644287,0.372776597738266,0.6361535787582397,0.3599119186401367,0.6348220109939575,0.33418703079223633,0.6366158723831177,0.36730092763900757,0.5366126298904419,0.37155935168266296,0.5518275499343872,0.36968350410461426,0.5702404975891113,0.36604803800582886,0.5726611018180847,0.3357561230659485,0.5258087515830994,0.3419094383716583,0.5874372720718384,0.3452763259410858,0.6205235123634338,0.34464162588119507,0.6135240793228149,0.3081638216972351,0.5378387570381165,0.31762075424194336,0.6098654270172119,0.3227415680885315,0.6288522481918335,0.3217228949069977,0.6086952090263367,0.28448256850242615,0.5590547919273376,0.2934338450431824,0.6163226962089539,0.30074816942214966,0.6334073543548584,0.30166006088256836,0.6189755797386169,Z
0.3194536566734314,0.6480675339698792,0.3467845022678375,0.6446621417999268,0.37189534306526184,0.6373234987258911,0.3591148555278778,0.6380988359451294,0.33435043692588806,0.6414918899536133,0.36721518635749817,0.5414974689483643,0.37081167101860046,0.5550848245620728,0.3676403760910034,0.5729269981384277,0.3626795709133148,0.5759319067001343,0.3354639708995819,0.5287980437278748,0.34082022309303284,0.5900404453277588,0.34315696358680725,0.6258248090744019,0.3426690101623535,0.620836079120636,0.30764004588127136,0.5392343401908875,0.3170166015625,0.6127818822860718,0.3201996982097626,0.6330662369728088,0.31817805767059326,0.6140836477279663,0.28353479504585266,0.5599437355995178,0.29372119903564453,0.6184539198875427,0.299329549074173,0.635543167591095,0.2983851432800293,0.621747612953186,Z
0.3231545686721802,0.6475788950920105,0.350725382566452,0.6463519334793091,0.37550902366638184,0.6405197381973267,0.36194172501564026,0.640350341796875,0.3378506898880005,0.6413072943687439,0.3694378435611725,0.5375500321388245,0.3732067346572876,0.5653675198554993,0.3697311282157898,0.5940547585487366,0.365177184343338,0.5981668829917908,0.3381129205226898,0.529394268989563,0.34389185905456543,0.591419517993927,0.34588566422462463,0.6247018575668335,0.34484800696372986,0.6154991388320923,0.3109319508075714,0.5417016744613647,0.3208553194999695,0.6147109270095825,0.32475602626800537,0.6317857503890991,0.3221854567527771,0.6100464463233948,0.28747862577438354,0.5623975992202759,0.2968430519104004,0.6193777918815613,0.3025858700275421,0.6339840888977051,0.300996869802475,0.6176818609237671,Z
0.3233868479728699,0.6483867168426514,0.34990715980529785,0.6474168300628662,0.37642279267311096,0.6422955393791199,0.36691248416900635,0.6421024799346924,0.34274736046791077,0.6427890062332153,0.37222403287887573,0.5462210178375244,0.37593764066696167,0.560538649559021,0.37275123596191406,0.5727390050888062,0.3675922453403473,0.5720058679580688,0.3408999443054199,0.5343865752220154,0.3454340994358063,0.5949511528015137,0.34671899676322937,0.627528190612793,0.3454182744026184,0.6190603375434875,0.31346604228019714,0.5443024039268494,0.32222118973731995,0.6162557601928711,0.3237767815589905,0.6339710354804993,0.32036271691322327,0.6127809286117554,0.2891291081905365,0.563489556312561,0.29842033982276917,0.6201193332672119,0.3029908835887909,0.6363489627838135,0.30113422870635986,0.6224318742752075,Z
0.32645606994628906,0.6493623852729797,0.35461902618408203,0.6482162475585938,0.38017576932907104,0.6438228487968445,0.3676393926143646,0.6443051695823669,0.3432270288467407,0.6450611352920532,0.3738798499107361,0.5429796576499939,0.37756383419036865,0.5719784498214722,0.37487584352493286,0.5966675877571106,0.36978620290756226,0.5980240106582642,0.34223636984825134,0.5334724187850952,0.34638193249702454,0.5986508727073669,0.34891340136528015,0.6314770579338074,0.3482266962528229,0.6213739514350891,0.3145546317100525,0.5449848175048828,0.3233664929866791,0.6190156936645508,0.32671478390693665,0.6365368962287903,0.32368791103363037,0.6137340664863586,0.29051464796066284,0.5654508471488953,0.2990061640739441,0.623732328414917,0.3044728636741638,0.6386054158210754,0.30285322666168213,0.621610701084137,Z
0.32800042629241943,0.6504814624786377,0.35695329308509827,0.6479700207710266,0.3835160434246063,0.6414573788642883,0.3709285855293274,0.6408911943435669,0.3459310531616211,0.6413646936416626,0.3767933249473572,0.5438949465751648,0.3789670467376709,0.5642186403274536,0.377166748046875,0.5736836791038513,0.3728141486644745,0.5697680115699768,0.3446170389652252,0.5311219096183777,0.34752240777015686,0.5970848202705383,0.3518352806568146,0.6311787366867065,0.35294827818870544,0.6264287829399109,0.3160988390445709,0.5419909358024597,0.32384708523750305,0.6175084114074707,0.3279866576194763,0.6361039876937866,0.32663995027542114,0.6161996126174927,0.29134196043014526,0.5630143284797668,0.29943060874938965,0.6215714812278748,0.305228590965271,0.6376249194145203,0.30451512336730957,0.6227903962135315,Z
0.32720041275024414,0.6519098877906799,0.3558254539966583,0.6497161388397217,0.3818497061729431,0.643216609954834,0.36745989322662354,0.6421611905097961,0.34209492802619934,0.6417472958564758,0.37527996301651,0.5446969866752625,0.37759673595428467,0.5624047517776489,0.3761005401611328,0.5779085159301758,0.37146735191345215,0.5767606496810913,0.34353771805763245,0.5331302881240845,0.3470493257045746,0.5891951322555542,0.3509485721588135,0.6229267716407776,0.3510094881057739,0.6156112551689148,0.31542688608169556,0.5432238578796387,0.32260042428970337,0.6144022345542908,0.32833990454673767,0.6361778974533081,0.3280339539051056,0.617301344871521,0.29121261835098267,0.562495768070221,0.29860609769821167,0.6189815402030945,0.3046148717403412,0.6369180679321289,0.3041752874851227,0.6228415369987488,Z
0.3272797763347626,0.6516823768615723,0.3549495041370392,0.6505643129348755,0.38255101442337036,0.6429933905601501,0.36882704496383667,0.6422573328018188,0.34241801500320435,0.6416454315185547,0.3763843774795532,0.5517978668212891,0.37859123945236206,0.5577641725540161,0.3747219443321228,0.5542020797729492,0.36856013536453247,0.5412914752960205,0.3432007431983948,0.5338994860649109,0.3471902012825012,0.5963323712348938,0.35159924626350403,0.6288125514984131,0.35257989168167114,0.6222505569458008,0.314809650182724,0.5428443551063538,0.3238302171230316,0.6175878643989563,0.32726672291755676,0.6339405179023743,0.3256521224975586,0.6118271946907043,0.29034560918807983,0.5626075267791748,0.29948610067367554,0.6246107816696167,0.30471092462539673,0.6386163830757141,0.30333372950553894,0.6217283010482788,Z
0.3280056416988373,0.6518094539642334,0.35591554641723633,0.6506171226501465,0.38452425599098206,0.642829418182373,0.3702133893966675,0.6433997750282288,0.3436402380466461,0.6455280780792236,0.37913650274276733,0.5546198487281799,0.3797109127044678,0.562044084072113,0.3777058720588684,0.5568020939826965,0.3744429647922516,0.5416772961616516,0.3458472788333893,0.5345450639724731,0.3476681709289551,0.5939231514930725,0.35175609588623047,0.6293657422065735,0.3527391850948334,0.6241165399551392,0.3172604441642761,0.5419055819511414,0.32466578483581543,0.6181614398956299,0.3280075192451477,0.6365766525268555,0.32647648453712463,0.6144341826438904,0.2920882999897003,0.5606846213340759,0.3006404638290405,0.6232323050498962,0.305325984954834,0.6393508911132812,0.30336856842041016,0.6231516599655151,Z
0.3298576772212982,0.650950014591217,0.3583027422428131,0.6499991416931152,0.386091023683548,0.6433413624763489,0.3716157376766205,0.6443286538124084,0.34449511766433716,0.6454397439956665,0.37979453802108765,0.5514434576034546,0.38195085525512695,0.5611236691474915,0.37949541211128235,0.5583160519599915,0.3759121894836426,0.5438686013221741,0.3464163839817047,0.5332974195480347,0.3503027558326721,0.6003732085227966,0.3539588153362274,0.6320490837097168,0.3552000820636749,0.6242932081222534,0.31782352924346924,0.5417783856391907,0.327062726020813,0.6205090284347534,0.3305376172065735,0.6368225812911987,0.32957667112350464,0.6146782636642456,0.2929714620113373,0.5609365701675415,0.30230042338371277,0.6246861219406128,0.3069074749946594,0.6398650407791138,0.30544227361679077,0.6238101720809937,Z
0.3280506134033203,0.6527594327926636,0.35526809096336365,0.6514514088630676,0.38519322872161865,0.643599271774292,0.37548357248306274,0.6430273652076721,0.34935322403907776,0.6452451944351196,0.3798462748527527,0.5532683730125427,0.3828447163105011,0.5593914985656738,0.38121160864830017,0.5557211637496948,0.3782652020454407,0.5424194931983948,0.3467976450920105,0.5345317721366882,0.3500130772590637,0.5987445116043091,0.35312044620513916,0.6323272585868835,0.3534978926181793,0.6263099908828735,0.31834089756011963,0.5425274968147278,0.32692575454711914,0.6184264421463013,0.3297981023788452,0.6359243392944336,0.3278847932815552,0.6147990822792053,0.2932601571083069,0.5615435242652893,0.3023741841316223,0.6239036321640015,0.3067116439342499,0.6391316652297974,0.3047632873058319,0.6228783130645752,Z
0.32974207401275635,0.6518635749816895,0.35819047689437866,0.6499624252319336,0.38754865527153015,0.6420287489891052,0.37496480345726013,0.64423006772995,0.3484709858894348,0.6491531133651733,0.3804128170013428,0.5559476613998413,0.3828430473804474,0.5624032616615295,0.382576048374176,0.5574215054512024,0.38178324699401855,0.544073760509491,0.34765785932540894,0.5368310213088989,0.3521419167518616,0.6043469309806824,0.3549420237541199,0.6366336345672607,0.35486382246017456,0.6297802329063416,0.31932657957077026,0.5449613332748413,0.32859906554222107,0.6243000030517578,0.331820547580719,0.6395801901817322,0.33022576570510864,0.617134153842926,0.29427945613861084,0.5642737150192261,0.30395251512527466,0.6282066702842712,0.3084690570831299,0.6422709822654724,0.3065865635871887,0.6255270838737488,Z
0.33103147149086,0.6535136103630066,0.3594077229499817,0.6530364751815796,0.38815799355506897,0.6451238393783569,0.37550222873687744,0.6455897688865662,0.34872880578041077,0.6482734680175781,0.38199764490127563,0.5554794073104858,0.38583508133888245,0.5592706799507141,0.38528311252593994,0.5572888851165771,0.38308414816856384,0.5466338992118835,0.3492794334888458,0.5368732213973999,0.3537455201148987,0.602184534072876,0.3566063940525055,0.634472131729126,0.35630977153778076,0.6264318823814392,0.32087966799736023,0.5454066395759583,0.3299366533756256,0.6232327818870544,0.33326831459999084,0.6395487189292908,0.3315277099609375,0.6174017786979675,0.2956901490688324,0.564710795879364,0.30492597818374634,0.627415657043457,0.3096555769443512,0.6424497365951538,0.30795687437057495,0.6262258887290955,Z
0.33285221457481384,0.6506605744361877,0.3602791726589203,0.6493175029754639,0.38908010721206665,0.6418836116790771,0.376693993806839,0.6449690461158752,0.3508096933364868,0.6494755744934082,0.38210833072662354,0.5563310384750366,0.3879644274711609,0.5604236721992493,0.3870144784450531,0.5547020435333252,0.38490739464759827,0.5413872003555298,0.348871648311615,0.5367886424064636,0.3541877567768097,0.6023516058921814,0.35677263140678406,0.6343641877174377,0.35768234729766846,0.6290040612220764,0.3204157054424286,0.5447666645050049,0.3312656283378601,0.6243716478347778,0.3343138098716736,0.6397103667259216,0.33403879404067993,0.6178162097930908,0.29564568400382996,0.5636039972305298,0.3065739572048187,0.6271384954452515,0.31051838397979736,0.6411901116371155,0.3091573119163513,0.6249211430549622,Z
0.3318617641925812,0.6528816819190979,0.3586624264717102,0.6498834490776062,0.3873564898967743,0.6401532292366028,0.3758656978607178,0.6437063217163086,0.35006752610206604,0.6505950093269348,0.3805486559867859,0.554412841796875,0.386728435754776,0.5568917393684387,0.38555005192756653,0.553104817867279,0.3819182813167572,0.54225093126297,0.347980797290802,0.5358553528785706,0.3533085584640503,0.5992669463157654,0.355998694896698,0.6334927082061768,0.355848491191864,0.6287121176719666,0.3200184404850006,0.544156551361084,0.3304153382778168,0.6214317679405212,0.3331402540206909,0.6386487483978271,0.33124247193336487,0.6175987720489502,0.29533982276916504,0.5631011128425598,0.30552828311920166,0.6253818273544312,0.3098297715187073,0.6404017806053162,0.3079864978790283,0.6244919300079346,Z
0.33271700143814087,0.6467164754867554,0.35961082577705383,0.6464921236038208,0.38867396116256714,0.6392121315002441,0.3770623803138733,0.6438155174255371,0.35157647728919983,0.6503995656967163,0.38269370794296265,0.5549200177192688,0.3861306309700012,0.558412492275238,0.3860814869403839,0.5545275807380676,0.3850628137588501,0.5433145761489868,0.3497977554798126,0.5361947417259216,0.35462868213653564,0.6015341281890869,0.3574593663215637,0.635753333568573,0.35757768154144287,0.6299517154693604,0.32128337025642395,0.5445878505706787,0.33139580488204956,0.6211826205253601,0.3353409171104431,0.639000654220581,0.33392322063446045,0.6181607246398926,0.2961999475955963,0.563796877861023,0.30639323592185974,0.6247348785400391,0.31116825342178345,0.6405726075172424,0.30934083461761475,0.6252608299255371,Z
0.3318174481391907,0.6518088579177856,0.3583737313747406,0.6508183479309082,0.38659346103668213,0.6435648202896118,0.3759862780570984,0.6445455551147461,0.35081952810287476,0.6462115049362183,0.38105836510658264,0.5544460415840149,0.38514384627342224,0.5599319934844971,0.3839951157569885,0.5561982989311218,0.3819926083087921,0.5443335175514221,0.34827321767807007,0.5363103747367859,0.353663831949234,0.5996541976928711,0.35669952630996704,0.6306598782539368,0.35773080587387085,0.6241220235824585,0.31990525126457214,0.5450378656387329,0.3309604823589325,0.6228800415992737,0.33402079343795776,0.6382991075515747,0.3333580791950226,0.6167750358581543,0.29516515135765076,0.5647755265235901,0.3064194917678833,0.6276314854621887,0.3106837570667267,0.6413562893867493,0.3093288838863373,0.6250273585319519,Z
0.33025944232940674,0.6540669798851013,0.3589109182357788,0.6532601714134216,0.3869613707065582,0.6450382471084595,0.37365540862083435,0.6455180644989014,0.34745240211486816,0.6477764844894409,0.3816864788532257,0.5581957101821899,0.38383612036705017,0.5627245306968689,0.3839097023010254,0.5583927035331726,0.3835451006889343,0.5473605990409851,0.3490615487098694,0.5391215682029724,0.35236451029777527,0.6029708385467529,0.3557438552379608,0.6354966163635254,0.3564070165157318,0.6306734681129456,0.3205450773239136,0.5471199154853821,0.32924577593803406,0.6240300536155701,0.3333287537097931,0.6394749879837036,0.3326500654220581,0.6184561848640442,0.29547205567359924,0.5662378072738647,0.30524542927742004,0.6275680065155029,0.31013622879981995,0.6421652436256409,0.30877000093460083,0.6269859671592712,Z
0.33099088072776794,0.6534899473190308,0.3590041697025299,0.6514745354652405,0.3872922658920288,0.643229067325592,0.3747137486934662,0.6465128064155579,0.34881946444511414,0.6517074704170227,0.3801930546760559,0.5560334324836731,0.3853805661201477,0.5611209869384766,0.3836613893508911,0.5578659772872925,0.38045427203178406,0.5450797080993652,0.3476404845714569,0.5385499000549316,0.35263514518737793,0.6057565212249756,0.35569873452186584,0.6346997618675232,0.3561934232711792,0.6262718439102173,0.3193225562572479,0.5471587181091309,0.3294517695903778,0.6267528533935547,0.33336952328681946,0.6414516568183899,0.332805335521698,0.6198052763938904,0.2944217026233673,0.565914511680603,0.3047415614128113,0.6293092966079712,0.30968376994132996,0.6435853242874146,0.30869370698928833,0.6280257105827332,Z
0.3300132155418396,0.6531215906143188,0.3570195436477661,0.6530501246452332,0.3855152428150177,0.6470589637756348,0.3747880756855011,0.6475728750228882,0.34843698143959045,0.6489603519439697,0.38129881024360657,0.5563114285469055,0.3846716582775116,0.5603502988815308,0.38378316164016724,0.5599090456962585,0.3809935450553894,0.5517152547836304,0.3485300540924072,0.5386192798614502,0.3521007001399994,0.6005438566207886,0.3546448051929474,0.6345090270042419,0.3548721373081207,0.6272488236427307,0.3200874924659729,0.5464992523193359,0.32877054810523987,0.621254026889801,0.33148518204689026,0.6393181085586548,0.3295697569847107,0.6180176138877869,0.29479461908340454,0.5647591352462769,0.303561806678772,0.6253812909126282,0.30781009793281555,0.640800416469574,0.30601245164871216,0.6250361204147339,Z
0.3312702476978302,0.6517947316169739,0.35896027088165283,0.6505732536315918,0.3871827721595764,0.642703115940094,0.3741171061992645,0.6461625695228577,0.3479481637477875,0.6519830822944641,0.38066765666007996,0.5528577566146851,0.38445568084716797,0.5630500316619873,0.38411784172058105,0.56782066822052,0.38191238045692444,0.5600271224975586,0.3482620418071747,0.5366582274436951,0.3526221513748169,0.6030281782150269,0.35648277401924133,0.6349755525588989,0.3571081757545471,0.6257363557815552,0.32012689113616943,0.5456070899963379,0.32941877841949463,0.6243683695793152,0.3339316248893738,0.6407310962677002,0.3330885171890259,0.618262767791748,0.2955603003501892,0.5643062591552734,0.30490079522132874,0.6273381114006042,0.3096827566623688,0.6424188017845154,0.3081551790237427,0.6263540387153625,Z
0.33085641264915466,0.6515752077102661,0.3583122193813324,0.6506850719451904,0.3870192766189575,0.6436779499053955,0.37550342082977295,0.6456170082092285,0.3495735824108124,0.649276614189148,0.38002264499664307,0.5556470155715942,0.38464128971099854,0.5637975931167603,0.38399481773376465,0.5601264238357544,0.38299813866615295,0.5484578609466553,0.34760576486587524,0.5383766293525696,0.3526664674282074,0.6070794463157654,0.3548484146595001,0.6361042857170105,0.3551971912384033,0.6287624835968018,0.31956642866134644,0.5474472045898438,0.32973551750183105,0.6263911724090576,0.33184003829956055,0.6394456624984741,0.33042776584625244,0.6176139116287231,0.2946399450302124,0.5667501091957092,0.3050231337547302,0.6285871863365173,0.3087533116340637,0.6407397389411926,0.30716589093208313,0.6244535446166992,Z
0.32983699440956116,0.6492596864700317,0.3567582070827484,0.6485216021537781,0.386335551738739,0.6431419253349304,0.37714436650276184,0.6458544135093689,0.35117307305336,0.6506311297416687,0.38028740882873535,0.5548974275588989,0.38419315218925476,0.564483106136322,0.383547842502594,0.5655904412269592,0.3818240463733673,0.5573083162307739,0.3476239740848541,0.5386753678321838,0.35200101137161255,0.6057100892066956,0.35503634810447693,0.6376113891601562,0.3552689850330353,0.6310460567474365,0.31928420066833496,0.5471056699752808,0.32936182618141174,0.6246667504310608,0.3329930603504181,0.641732931137085,0.33170783519744873,0.6218739151954651,0.294126957654953,0.565187394618988,0.304818332195282,0.6270295977592468,0.30936774611473083,0.642557680606842,0.30784302949905396,0.6284031271934509,Z
0.3313716650009155,0.6482528448104858,0.3594542443752289,0.6469860076904297,0.38750025629997253,0.6410086154937744,0.37604618072509766,0.6457387208938599,0.35046738386154175,0.6530334949493408,0.37936267256736755,0.5526094436645508,0.3846223056316376,0.5660737752914429,0.3843882381916046,0.573432981967926,0.38225239515304565,0.5676586627960205,0.3470225930213928,0.5380014181137085,0.3522413969039917,0.6080535650253296,0.3560902774333954,0.6367721557617188,0.35649892687797546,0.6261590123176575,0.3190080225467682,0.5478180646896362,0.3290354311466217,0.628821074962616,0.33307209610939026,0.6421779990196228,0.3319336473941803,0.6184914708137512,0.2944876551628113,0.5673080086708069,0.3047844171524048,0.6313892602920532,0.30967164039611816,0.643388569355011,0.3082069754600525,0.6262648105621338,Z
0.3294040262699127,0.6501247882843018,0.35774004459381104,0.6496738791465759,0.3858826458454132,0.643677830696106,0.3744851052761078,0.646756112575531,0.3493254482746124,0.6500822901725769,0.3791833519935608,0.5562984943389893,0.3837336301803589,0.5694202184677124,0.38264521956443787,0.5687515735626221,0.3802918493747711,0.557365894317627,0.34681078791618347,0.5391808748245239,0.3506059944629669,0.6073333024978638,0.3539234399795532,0.6358555555343628,0.35461294651031494,0.6277889013290405,0.3187864422798157,0.547662615776062,0.32816559076309204,0.6267420053482056,0.3313296437263489,0.6397291421890259,0.3304378092288971,0.6175642609596252,0.29393285512924194,0.5664676427841187,0.30430686473846436,0.6284871697425842,0.3081750273704529,0.6410574913024902,0.30638769268989563,0.6253935694694519,Z
0.33262842893600464,0.6464105248451233,0.36060577630996704,0.6453160047531128,0.387683242559433,0.6387866139411926,0.37472763657569885,0.6466277837753296,0.3491775095462799,0.6552213430404663,0.3794456720352173,0.5521224737167358,0.3834676444530487,0.5718175172805786,0.38337141275405884,0.5772016048431396,0.3825341463088989,0.5696510076522827,0.3461538255214691,0.5381539463996887,0.352165162563324,0.612433910369873,0.3562200367450714,0.6357703804969788,0.3571701645851135,0.6226806640625,0.3179487884044647,0.54854816198349,0.32951855659484863,0.6316643357276917,0.3328421711921692,0.6408655047416687,0.33132514357566833,0.6155165433883667,0.2935154438018799,0.56857830286026,0.3050210177898407,0.6341304779052734,0.30895277857780457,0.6438313722610474,0.306762158870697,0.6254006624221802,Z
0.3313463032245636,0.652093231678009,0.35971662402153015,0.6511515974998474,0.3865727186203003,0.6438875794410706,0.37395811080932617,0.6474257707595825,0.3496960401535034,0.650593101978302,0.37959691882133484,0.5587802529335022,0.38443341851234436,0.5692328810691833,0.38264000415802,0.5663192272186279,0.3798958659172058,0.5567877292633057,0.34710693359375,0.5412314534187317,0.3505184054374695,0.6103784441947937,0.3539333939552307,0.641291618347168,0.355790913105011,0.6380436420440674,0.31887567043304443,0.5500510334968567,0.32853981852531433,0.6311965584754944,0.3320273756980896,0.6447136402130127,0.3323853313922882,0.6247905492782593,0.2941964864730835,0.5695464015007019,0.30492109060287476,0.6309265494346619,0.30891773104667664,0.6437737345695496,0.3077780306339264,0.6295168399810791,Z
0.33028650283813477,0.6521642804145813,0.35869792103767395,0.649643063545227,0.38709360361099243,0.6422873139381409,0.3761051297187805,0.6472876667976379,0.35094618797302246,0.6548900604248047,0.3794315457344055,0.556168258190155,0.38247278332710266,0.5689456462860107,0.38216856122016907,0.5701355338096619,0.3814534544944763,0.5617890357971191,0.3472106158733368,0.5412232875823975,0.3524681329727173,0.6106960773468018,0.3549673557281494,0.6404060125350952,0.35525068640708923,0.6322685480117798,0.3192274570465088,0.5503081679344177,0.3292859196662903,0.6290251612663269,0.331851989030838,0.6429682970046997,0.3301966190338135,0.6208056807518005,0.29431283473968506,0.5688943862915039,0.3044534921646118,0.6299970149993896,0.3088136911392212,0.6432981491088867,0.3073797821998596,0.6276483535766602,Z
0.33194464445114136,0.6457592844963074,0.3600319027900696,0.6453811526298523,0.38741642236709595,0.6397262811660767,0.3750593662261963,0.6486878395080566,0.3506562411785126,0.6587072014808655,0.37955236434936523,0.5570091605186462,0.384042352437973,0.574372410774231,0.383681982755661,0.5754029750823975,0.3820682168006897,0.5662218332290649,0.34703385829925537,0.5412470102310181,0.352524071931839,0.6143592596054077,0.3551282286643982,0.6406184434890747,0.3551599681377411,0.6305583715438843,0.3190249502658844,0.5499048233032227,0.32935410737991333,0.6319681406021118,0.3320018947124481,0.6436070203781128,0.3308824896812439,0.6198403835296631,0.2944179177284241,0.5682245492935181,0.30520927906036377,0.6320961713790894,0.3088473677635193,0.6439561247825623,0.3071233630180359,0.6270849704742432,Z
0.3313840925693512,0.6497064232826233,0.3605034053325653,0.6489149332046509,0.3873406946659088,0.6431311368942261,0.3750814199447632,0.6486198902130127,0.3502078652381897,0.6548897624015808,0.37909188866615295,0.5550510883331299,0.3833479583263397,0.5715662240982056,0.38246235251426697,0.5786003470420837,0.379740446805954,0.5756850838661194,0.34707701206207275,0.5417157411575317,0.3521331250667572,0.6126442551612854,0.35524997115135193,0.6396675109863281,0.3550516963005066,0.6305356621742249,0.31912851333618164,0.5516069531440735,0.32879525423049927,0.6317833065986633,0.33274978399276733,0.6438180804252625,0.33199459314346313,0.6210500597953796,0.2946169674396515,0.570246160030365,0.30434972047805786,0.6315438747406006,0.3083694577217102,0.6438390612602234,0.30673426389694214,0.6279377937316895,Z
0.33331575989723206,0.650176465511322,0.3613492548465729,0.6497284770011902,0.3874519467353821,0.6437593102455139,0.3738195300102234,0.6495000123977661,0.34916743636131287,0.6556870341300964,0.37972503900527954,0.5567876696586609,0.3837815523147583,0.5766146779060364,0.38330215215682983,0.5790475606918335,0.3821745216846466,0.5713348388671875,0.34680411219596863,0.5413500070571899,0.3519826829433441,0.6147294640541077,0.35526734590530396,0.6393437385559082,0.3562202751636505,0.631029486656189,0.31863710284233093,0.550660252571106,0.3293156027793884,0.6329029202461243,0.3325011730194092,0.6429104208946228,0.33218491077423096,0.6207196116447449,0.2943496108055115,0.5699209570884705,0.3054409921169281,0.6334729790687561,0.3089459240436554,0.6435946822166443,0.30741435289382935,0.6267914772033691,Z
0.33061179518699646,0.6544607281684875,0.35975509881973267,0.6524358987808228,0.3860686421394348,0.6448604464530945,0.3730791509151459,0.6495727896690369,0.3485811948776245,0.6536117792129517,0.3786843717098236,0.556056022644043,0.38470420241355896,0.5700865983963013,0.3833262324333191,0.575718879699707,0.3803218603134155,0.5734907388687134,0.3465130627155304,0.5414406061172485,0.3526343107223511,0.6126413941383362,0.354609876871109,0.6402509212493896,0.3541278541088104,0.6340912580490112,0.31862643361091614,0.5511156916618347,0.3299242854118347,0.6317830681800842,0.3322144150733948,0.6441223621368408,0.33071911334991455,0.6231384873390198,0.29417556524276733,0.5703177452087402,0.3057829439640045,0.6325361728668213,0.3095993101596832,0.6445832848548889,0.308086633682251,0.6290938258171082,Z
0.33167046308517456,0.6455161571502686,0.3597188889980316,0.6457193493843079,0.387565553188324,0.6402620673179626,0.3763786554336548,0.6488040685653687,0.3517850637435913,0.6580944061279297,0.378614217042923,0.5550243258476257,0.3828356862068176,0.5734670758247375,0.38120728731155396,0.5744418501853943,0.3788658380508423,0.5657748579978943,0.34616541862487793,0.5412588119506836,0.35366880893707275,0.6164573431015015,0.35572513937950134,0.6391831040382385,0.3553158938884735,0.6282072067260742,0.31821271777153015,0.5511912107467651,0.32993224263191223,0.6342249512672424,0.3326320946216583,0.6437603235244751,0.33161458373069763,0.620542585849762,0.2936382293701172,0.570237934589386,0.30550554394721985,0.6336321830749512,0.30923840403556824,0.6442338228225708,0.30774495005607605,0.6280480027198792,Z
0.32813552021980286,0.6557424068450928,0.35659927129745483,0.6523078680038452,0.38394537568092346,0.6454854607582092,0.37345224618911743,0.6512214541435242,0.3491186201572418,0.6583137512207031,0.37669673562049866,0.5565780401229858,0.3815211057662964,0.5747697949409485,0.380273699760437,0.5795135498046875,0.37687021493911743,0.5747766494750977,0.3440544903278351,0.5435599684715271,0.3497578501701355,0.6126852631568909,0.3529585301876068,0.6400306224822998,0.352707177400589,0.6313783526420593,0.31611108779907227,0.5537892580032349,0.325948566198349,0.6331726908683777,0.3302229940891266,0.6458585262298584,0.3291476368904114,0.6232752799987793,0.2917635142803192,0.5731953978538513,0.3020833730697632,0.6342716813087463,0.3064475655555725,0.6468271017074585,0.304489403963089,0.6312046647071838,Z
0.32836025953292847,0.6546453237533569,0.35752978920936584,0.6526495218276978,0.38460272550582886,0.6466541886329651,0.373180091381073,0.6542680263519287,0.34806087613105774,0.663622260093689,0.37443962693214417,0.557913064956665,0.38002052903175354,0.5804241299629211,0.3792716860771179,0.5911028981208801,0.37585803866386414,0.5902320146560669,0.34206026792526245,0.5471550822257996,0.348583459854126,0.6208025813102722,0.3523537218570709,0.6465960144996643,0.35209518671035767,0.6348739862442017,0.3145405650138855,0.5584805607795715,0.32473549246788025,0.6382214426994324,0.33004575967788696,0.6501967310905457,0.3293164372444153,0.6268730759620667,0.29049262404441833,0.5781089663505554,0.30133166909217834,0.6382323503494263,0.3059402406215668,0.6502269506454468,0.30407479405403137,0.63450026512146,Z
0.32553791999816895,0.6635570526123047,0.3531579375267029,0.6590406894683838,0.3794932961463928,0.6516653895378113,0.36836710572242737,0.658855140209198,0.34413614869117737,0.6705148816108704,0.37029364705085754,0.5579249262809753,0.3754346966743469,0.5909892916679382,0.3758205771446228,0.6021775603294373,0.3745284676551819,0.5945829153060913,0.33844897150993347,0.5501759052276611,0.3464450538158417,0.6228802800178528,0.3496391177177429,0.6451486349105835,0.348269522190094,0.6296461224555969,0.31131216883659363,0.5630151629447937,0.3223288357257843,0.6407211422920227,0.326374888420105,0.6514351963996887,0.3237587809562683,0.6266045570373535,0.28786689043045044,0.5840392708778381,0.29842934012413025,0.6441211104393005,0.3032972514629364,0.6554157137870789,0.3013917803764343,0.6387278437614441,Z
0.3223933279514313,0.6568746566772461,0.3510967195034027,0.6546067595481873,0.37642142176628113,0.6486321687698364,0.36345645785331726,0.6592720150947571,0.3380945026874542,0.6708434820175171,0.3652164340019226,0.5581048727035522,0.3704301714897156,0.588739812374115,0.37105050683021545,0.6038487553596497,0.36939263343811035,0.6014348864555359,0.33280590176582336,0.5516480207443237,0.34218984842300415,0.6257194876670837,0.3465938866138458,0.6479239463806152,0.34569379687309265,0.6342322826385498,0.3055613338947296,0.5649645328521729,0.3183264434337616,0.6446923017501831,0.32359975576400757,0.6551644802093506,0.3214222192764282,0.6308043599128723,0.2824249863624573,0.5859498381614685,0.29463082551956177,0.6465044617652893,0.30055806040763855,0.6566932797431946,0.2992599904537201,0.6392471790313721,Z
0.3215198516845703,0.6514368653297424,0.3490685224533081,0.6512394547462463,0.3777795732021332,0.6487033367156982,0.3728202283382416,0.656529426574707,0.35021308064460754,0.664162814617157,0.37085139751434326,0.561955451965332,0.3709459900856018,0.581081748008728,0.3717762231826782,0.5836132168769836,0.3735233545303345,0.5771650075912476,0.33856919407844543,0.5492008924484253,0.34411507844924927,0.6232519149780273,0.34727904200553894,0.6506463289260864,0.3482282757759094,0.6413248181343079,0.3105493187904358,0.5591661334037781,0.32112810015678406,0.6415403485298157,0.32466599345207214,0.6540244221687317,0.32410728931427,0.6327746510505676,0.28584834933280945,0.5782933831214905,0.2974444031715393,0.6399189233779907,0.30150505900382996,0.652155876159668,0.3001464903354645,0.6378734111785889,Z
0.3227311670780182,0.6632833480834961,0.35003310441970825,0.6590358018875122,0.3787767291069031,0.6528118252754211,0.3718341588973999,0.6577356457710266,0.3478247821331024,0.6663527488708496,0.37149375677108765,0.5639911890029907,0.3742903470993042,0.5842769145965576,0.3751218318939209,0.5865693092346191,0.37548139691352844,0.5778306126594543,0.3392585515975952,0.5514187812805176,0.3464619517326355,0.6281133890151978,0.3497466742992401,0.6522702574729919,0.34998366236686707,0.6387713551521301,0.3114320933818817,0.5625316500663757,0.3220386505126953,0.6452937126159668,0.3272435963153839,0.6553998589515686,0.32742688059806824,0.6312333345413208,0.28719252347946167,0.5833645462989807,0.2981124520301819,0.6451627612113953,0.30356431007385254,0.6554969549179077,0.3030308187007904,0.6398813128471375,Z
0.32433560490608215,0.6537495255470276,0.3517410159111023,0.6532942056655884,0.3795575499534607,0.6502299308776855,0.3707525432109833,0.6588826179504395,0.3462664484977722,0.6686992049217224,0.3711548447608948,0.564361572265625,0.3729645609855652,0.5858718752861023,0.3731541037559509,0.5883845090866089,0.37325701117515564,0.580564558506012,0.33850640058517456,0.5513774156570435,0.34534668922424316,0.6273753643035889,0.34843769669532776,0.6513880491256714,0.34886860847473145,0.6395448446273804,0.31088197231292725,0.5616862773895264,0.32256677746772766,0.6451305747032166,0.3259792923927307,0.6538355350494385,0.3252427577972412,0.6291242241859436,0.28704923391342163,0.5814256072044373,0.29910382628440857,0.6455024480819702,0.30291426181793213,0.6546655297279358,0.3012275993824005,0.6373344659805298,Z
0.3263293206691742,0.6648619771003723,0.3535769283771515,0.6606810092926025,0.3800501823425293,0.6556296348571777,0.3702932596206665,0.6622310876846313,0.34512609243392944,0.6695073843002319,0.37255463004112244,0.5621868371963501,0.37264466285705566,0.5858787298202515,0.37453144788742065,0.5937128067016602,0.37644162774086,0.5875810384750366,0.34000056982040405,0.5531935691833496,0.34676432609558105,0.6253765821456909,0.35150250792503357,0.6532866358757019,0.352460652589798,0.640180766582489,0.312345415353775,0.5656293630599976,0.3228338658809662,0.6449792981147766,0.32973524928092957,0.6584579944610596,0.32943540811538696,0.6352817416191101,0.28833287954330444,0.5870712399482727,0.29873570799827576,0.6463417410850525,0.305512398481369,0.6593480110168457,0.3049892783164978,0.6448050737380981,Z
0.3268893361091614,0.6508315801620483,0.3539254665374756,0.6511372327804565,0.3821505308151245,0.6465305089950562,0.3725927472114563,0.6573169231414795,0.3478768765926361,0.6700326204299927,0.3732193112373352,0.5634951591491699,0.3738570511341095,0.5808549523353577,0.3746480941772461,0.5846263766288757,0.37546733021736145,0.5788139700889587,0.33997735381126404,0.5502320528030396,0.34674763679504395,0.6234477758407593,0.3504677712917328,0.6483064889907837,0.3503533899784088,0.6361543536186218,0.3120424151420593,0.5605601072311401,0.32424336671829224,0.642674446105957,0.3283042311668396,0.6541058421134949,0.3267940878868103,0.6296201348304749,0.2879536747932434,0.5800748467445374,0.3006364703178406,0.6444828510284424,0.304776132106781,0.6563893556594849,0.30260246992111206,0.6395367980003357,Z
0.3249204158782959,0.6564735174179077,0.3531361222267151,0.6537941694259644,0.38006818294525146,0.6497847437858582,0.37164607644081116,0.6585178971290588,0.34680411219596863,0.668387770652771,0.3708716928958893,0.561240553855896,0.3739895224571228,0.5872496962547302,0.37522098422050476,0.5988190174102783,0.3753669857978821,0.5950103998184204,0.3387177288532257,0.5515037178993225,0.3452637493610382,0.6251753568649292,0.3489667475223541,0.6500795483589172,0.34900805354118347,0.634448230266571,0.31160882115364075,0.5622926354408264,0.32205381989479065,0.6419371962547302,0.326707661151886,0.652621865272522,0.3253505229949951,0.6264634132385254,0.2878202199935913,0.5813952088356018,0.29866620898246765,0.6415410041809082,0.3034287691116333,0.6527266502380371,0.3017547130584717,0.6363124847412109,Z
0.32498878240585327,0.6578077077865601,0.35137367248535156,0.6550071239471436,0.3787176311016083,0.6512616276741028,0.3722027838230133,0.6623218059539795,0.34862279891967773,0.6738399267196655,0.3691820800304413,0.5650911927223206,0.3701138198375702,0.5868805646896362,0.3746161162853241,0.5931896567344666,0.38051649928092957,0.5889119505882263,0.33766594529151917,0.5547903180122375,0.3464353084564209,0.6326631307601929,0.34936633706092834,0.6561926603317261,0.3487282395362854,0.6436861753463745,0.3108546733856201,0.5665329098701477,0.32302990555763245,0.6495534777641296,0.3273265063762665,0.6585684418678284,0.32618391513824463,0.6335330605506897,0.28733304142951965,0.5873022079467773,0.29946067929267883,0.6495242118835449,0.30376294255256653,0.6590647101402283,0.301941454410553,0.6426026225090027,Z
0.3246716260910034,0.6591132283210754,0.35196653008461,0.6580877900123596,0.3788456916809082,0.6540464162826538,0.3694058656692505,0.6636642217636108,0.34537941217422485,0.6745901107788086,0.3696836531162262,0.5655347108840942,0.3688810169696808,0.5890531539916992,0.3731379210948944,0.5982670187950134,0.3788236379623413,0.5926083326339722,0.3381907641887665,0.5559067130088806,0.3444474935531616,0.6312071084976196,0.348466157913208,0.657084047794342,0.34893277287483215,0.6429197192192078,0.3112192451953888,0.5678141713142395,0.3214048147201538,0.6486920714378357,0.327097624540329,0.6611596941947937,0.32694464921951294,0.6375796794891357,0.287585586309433,0.5880284309387207,0.297601580619812,0.6487189531326294,0.30296170711517334,0.6611618995666504,0.30225998163223267,0.6458082795143127,Z
0.32542094588279724,0.6711453199386597,0.35297691822052,0.666875958442688,0.37929028272628784,0.6614110469818115,0.36902767419815063,0.6682745814323425,0.3442670702934265,0.676059901714325,0.37055957317352295,0.5676228404045105,0.3725712299346924,0.5924797058105469,0.3734360933303833,0.6032177805900574,0.3735100328922272,0.5984655618667603,0.3382607400417328,0.5590503811836243,0.3455582857131958,0.6317702531814575,0.3488534688949585,0.65799480676651,0.3482257127761841,0.643703281879425,0.31095004081726074,0.5715987682342529,0.3218962550163269,0.6509384512901306,0.32689207792282104,0.6628857851028442,0.32514718174934387,0.6378133893013,0.28745585680007935,0.5928817987442017,0.2984688878059387,0.6527918577194214,0.30410003662109375,0.6646025776863098,0.30258506536483765,0.6483378410339355,Z
