0.25584423542022705,0.7563682794570923,0.24688765406608582,0.6917111277580261,0.25428858399391174,0.631226658821106,0.28067901730537415,0.5991062521934509,0.30715733766555786,0.6032425761222839,0.24926628172397614,0.5889402031898499,0.3116604685783386,0.5539113879203796,0.3146388828754425,0.5814655423164368,0.3024533987045288,0.598566472530365,0.26632335782051086,0.6114301681518555,0.32964929938316345,0.5733898878097534,0.3309115767478943,0.601586103439331,0.32054978609085083,0.6169004440307617,0.28795531392097473,0.639067530632019,0.3453052341938019,0.594563364982605,0.3439778685569763,0.616982102394104,0.3309793174266815,0.6337643265724182,0.31015005707740784,0.6689501404762268,0.3537147045135498,0.6211597323417664,0.377128541469574,0.598668098449707,0.3944728672504425,0.5754497051239014,J
0.2547565698623657,0.7574923038482666,0.24572978913784027,0.692600429058075,0.2537674605846405,0.6321640610694885,0.28131547570228577,0.6006777286529541,0.30756503343582153,0.6057673692703247,0.24690859019756317,0.5899239778518677,0.30933234095573425,0.5542261004447937,0.31273770332336426,0.5824236273765564,0.3005329668521881,0.5998172163963318,0.2640827000141144,0.6131075024604797,0.3274277150630951,0.5736284852027893,0.3288252055644989,0.6018832325935364,0.31825560331344604,0.6176414489746094,0.28597110509872437,0.6413727402687073,0.3433566093444824,0.5954607725143433,0.34200143814086914,0.6176955699920654,0.3287404477596283,0.6350075602531433,0.30853962898254395,0.6713220477104187,0.3517243266105652,0.6223084926605225,0.3749515116214752,0.5990830063819885,0.3920718729496002,0.5755348205566406,J
0.24556635320186615,0.7706390619277954,0.2944287955760956,0.7031019926071167,0.3105853497982025,0.660236120223999,0.3225373923778534,0.633011519908905,0.3274208903312683,0.6073566675186157,0.23031926155090332,0.5913774371147156,0.29774799942970276,0.5681194067001343,0.302102655172348,0.6125967502593994,0.28923988342285156,0.6314995884895325,0.22236208617687225,0.6109495759010315,0.29982277750968933,0.591460108757019,0.3025630712509155,0.6298154592514038,0.29170146584510803,0.6463046073913574,0.22604873776435852,0.6400859355926514,0.3003673553466797,0.6172494888305664,0.30025893449783325,0.6479594111442566,0.2851651906967163,0.665830671787262,0.23855705559253693,0.6743564605712891,0.2857513725757599,0.6435332894325256,0.3100874423980713,0.6283552646636963,0.32576045393943787,0.613898754119873,J
0.25626468658447266,0.7721765041351318,0.29804664850234985,0.7107825875282288,0.3181208372116089,0.6621114015579224,0.325496107339859,0.6240333914756775,0.30291467905044556,0.633201539516449,0.226833775639534,0.5932602286338806,0.2879570722579956,0.5774361491203308,0.297933965921402,0.6167203783988953,0.2891661524772644,0.6366835236549377,0.21213558316230774,0.6103349328041077,0.2841913104057312,0.5983949899673462,0.29390397667884827,0.63643878698349,0.2889825105667114,0.6555742025375366,0.2118554711341858,0.6374230980873108,0.2808832824230194,0.620998740196228,0.290004163980484,0.6518034934997559,0.28455787897109985,0.6736383438110352,0.22242438793182373,0.6705950498580933,0.2606152296066284,0.637505829334259,0.28157415986061096,0.6186618804931641,0.2987712621688843,0.602084755897522,J
0.26469653844833374,0.7715551853179932,0.3078603148460388,0.7433896064758301,0.326220840215683,0.6778030395507812,0.30883848667144775,0.6251175999641418,0.27715641260147095,0.6182126998901367,0.32622045278549194,0.6378795504570007,0.3338579535484314,0.5938658118247986,0.328432559967041,0.6317435503005981,0.3232402503490448,0.6515233516693115,0.2992076873779297,0.6265048384666443,0.30512455105781555,0.585174560546875,0.30158525705337524,0.6300649642944336,0.3032084107398987,0.6487681865692139,0.27269887924194336,0.6241678595542908,0.27622607350349426,0.5819172859191895,0.275896281003952,0.626595675945282,0.27671515941619873,0.6572184562683105,0.24400800466537476,0.6271023750305176,0.24766670167446136,0.5729608535766602,0.2466927170753479,0.5403538942337036,0.2457502782344818,0.5054969191551208,J
0.2653006613254547,0.7685000896453857,0.3098487854003906,0.7463437914848328,0.33233654499053955,0.6839990019798279,0.32151246070861816,0.6295748353004456,0.28764766454696655,0.6158661842346191,0.3363761901855469,0.6411628723144531,0.34176892042160034,0.5916590690612793,0.32943838834762573,0.6332108378410339,0.32656770944595337,0.6538246870040894,0.3128608465194702,0.6252284646034241,0.314262717962265,0.5791540145874023,0.3023463189601898,0.6281167268753052,0.3059546947479248,0.6395323276519775,0.2854004204273224,0.6202467083930969,0.28623273968696594,0.5724661350250244,0.27938979864120483,0.6190425157546997,0.27814793586730957,0.653497576713562,0.2567046582698822,0.619078516960144,0.2610413134098053,0.5645450949668884,0.2620711624622345,0.5306664705276489,0.2651676833629608,0.4983809292316437,J
0.2796843349933624,0.7650838494300842,0.3215777277946472,0.7428738474845886,0.34245768189430237,0.6790230870246887,0.32989203929901123,0.622875988483429,0.29505059123039246,0.6093058586120605,0.3492928743362427,0.630729615688324,0.3511715829372406,0.5854079127311707,0.3394416868686676,0.6277808547019958,0.33859819173812866,0.6463581919670105,0.3242012560367584,0.6166264414787292,0.32363685965538025,0.5721734166145325,0.312360018491745,0.6237806081771851,0.3151325285434723,0.6389203667640686,0.2955707907676697,0.6124818325042725,0.2940235733985901,0.5686174631118774,0.28898364305496216,0.6169611811637878,0.2880464494228363,0.6497142910957336,0.26708880066871643,0.612612247467041,0.26844412088394165,0.5575233697891235,0.2680603265762329,0.5240607857704163,0.26870545744895935,0.49079030752182007,J
0.2946776747703552,0.7699147462844849,0.33768004179000854,0.7366907000541687,0.3551412522792816,0.6699168682098389,0.3398551046848297,0.6199439764022827,0.30338332056999207,0.6159908771514893,0.34758085012435913,0.619371771812439,0.35039329528808594,0.5787174701690674,0.34387800097465515,0.6234372854232788,0.34201207756996155,0.6438069343566895,0.32116737961769104,0.6124511361122131,0.3203316628932953,0.5704968571662903,0.3166641294956207,0.6248601078987122,0.31936049461364746,0.6413652896881104,0.29235702753067017,0.6132663488388062,0.2903619110584259,0.5717745423316956,0.2937159240245819,0.6224288940429688,0.29643765091896057,0.6545813083648682,0.2645981013774872,0.6181936860084534,0.2566724419593811,0.5647658109664917,0.2535555362701416,0.5314686894416809,0.2516303062438965,0.49591153860092163,J
0.3098145127296448,0.7652686834335327,0.3439171612262726,0.7243794798851013,0.3581760823726654,0.6560477018356323,0.3400767147541046,0.6117083430290222,0.30356958508491516,0.6158419847488403,0.331868052482605,0.5995801687240601,0.33322933316230774,0.5626822710037231,0.33388572931289673,0.6076309084892273,0.33199429512023926,0.6277751922607422,0.303648978471756,0.6038875579833984,0.30161532759666443,0.5651913285255432,0.31020253896713257,0.6169560551643372,0.3130791485309601,0.6349548697471619,0.2757173776626587,0.6151311993598938,0.27118054032325745,0.5784621238708496,0.2896960377693176,0.6282338500022888,0.29793381690979004,0.6569825410842896,0.25048092007637024,0.6297147274017334,0.23012074828147888,0.5819911956787109,0.22278645634651184,0.5509558320045471,0.21444037556648254,0.5129112005233765,J
0.3037255108356476,0.7578632831573486,0.34623920917510986,0.6908261775970459,0.35685238242149353,0.6330950856208801,0.36183488368988037,0.5931994318962097,0.33952459692955017,0.6120184063911438,0.2646629810333252,0.5759955048561096,0.32390305399894714,0.552450954914093,0.3378792405128479,0.5970364809036255,0.32904109358787537,0.61757892370224,0.25187093019485474,0.5972533822059631,0.31643709540367126,0.5738106966018677,0.33223235607147217,0.6204378008842468,0.32731178402900696,0.6358659863471985,0.25065723061561584,0.6287594437599182,0.31045112013816833,0.6001089811325073,0.3289700150489807,0.6378687620162964,0.32651060819625854,0.6605715751647949,0.2620943486690521,0.6611283421516418,0.27130231261253357,0.6254379153251648,0.2704036831855774,0.5987815856933594,0.26541170477867126,0.5772690176963806,J
0.29190829396247864,0.7497227787971497,0.3338473439216614,0.6796086430549622,0.34727180004119873,0.630028486251831,0.3563482165336609,0.595025360584259,0.35061025619506836,0.6068288683891296,0.260529488325119,0.571975588798523,0.3254527747631073,0.5463567972183228,0.3383268415927887,0.5906475782394409,0.32886677980422974,0.6142247915267944,0.2542876601219177,0.59595787525177,0.3273778259754181,0.5649166107177734,0.33842015266418457,0.6076493859291077,0.33210545778274536,0.6319171190261841,0.26030075550079346,0.6285704970359802,0.32737186551094055,0.5951263308525085,0.33619004487991333,0.6318148970603943,0.3272300660610199,0.6584489941596985,0.2772025167942047,0.6624254584312439,0.3122889995574951,0.6180939078330994,0.319744348526001,0.6000235080718994,0.31997907161712646,0.5836082696914673,J
0.2690340280532837,0.740379810333252,0.26908648014068604,0.6774700284004211,0.2813418507575989,0.6173936128616333,0.309043288230896,0.5820481777191162,0.33465301990509033,0.5755444169044495,0.2528688311576843,0.576572835445404,0.32516413927078247,0.5414995551109314,0.3309992551803589,0.5742440223693848,0.31773295998573303,0.5910565257072449,0.26347410678863525,0.6059954166412354,0.339724600315094,0.5625744462013245,0.3415962755680084,0.5937917828559875,0.33119139075279236,0.6116924285888672,0.28147751092910767,0.6385305523872375,0.34860485792160034,0.5888145565986633,0.3485473096370697,0.6137689352035522,0.3368168771266937,0.6312764286994934,0.3029475212097168,0.6707994937896729,0.3401658236980438,0.6237640976905823,0.3557853698730469,0.5968270301818848,0.3668828010559082,0.566993772983551,J
0.2726418673992157,0.737490177154541,0.26242321729660034,0.6734418272972107,0.27465951442718506,0.6130737662315369,0.3083098530769348,0.5852087736129761,0.3391629755496979,0.5954622030258179,0.27139192819595337,0.5691496729850769,0.33088138699531555,0.5401702523231506,0.3304804265499115,0.5667389631271362,0.31676289439201355,0.5802994966506958,0.29180338978767395,0.5943125486373901,0.3518124222755432,0.5585612654685974,0.34829020500183105,0.587010383605957,0.336824506521225,0.6014729738235474,0.31440144777297974,0.6225962042808533,0.3698178827762604,0.5820596218109131,0.3648093342781067,0.6046578884124756,0.35088804364204407,0.6204326152801514,0.3357732892036438,0.6534808278083801,0.3780878186225891,0.6087634563446045,0.40214309096336365,0.5861347913742065,0.421451210975647,0.5618875622749329,J
0.28248581290245056,0.7319247722625732,0.27409589290618896,0.6679895520210266,0.2859095335006714,0.6099886298179626,0.31757235527038574,0.5830816030502319,0.3429071605205536,0.5923217535018921,0.28322479128837585,0.5641743540763855,0.3431550860404968,0.5406914353370667,0.34294289350509644,0.5692989230155945,0.3284585475921631,0.5837023258209229,0.30302733182907104,0.5881884694099426,0.3622002601623535,0.5590908527374268,0.35995015501976013,0.5875890851020813,0.3476487398147583,0.6013269424438477,0.32527637481689453,0.6172148585319519,0.3788014054298401,0.580580472946167,0.3756546378135681,0.6039929389953613,0.3622214198112488,0.6194512248039246,0.3466922342777252,0.6482455730438232,0.3906348943710327,0.6036986112594604,0.4159996509552002,0.5826977491378784,0.4365311861038208,0.560147225856781,J
0.28268659114837646,0.7311409711837769,0.274832159280777,0.667128324508667,0.2878115177154541,0.6106723546981812,0.3206220865249634,0.5863041877746582,0.34774449467658997,0.5981960296630859,0.285820871591568,0.5653212666511536,0.34399276971817017,0.5400027632713318,0.34390467405319214,0.5688868165016174,0.3305520713329315,0.584567666053772,0.3066229522228241,0.5882532596588135,0.36415091156959534,0.5594139099121094,0.3624342679977417,0.5886291861534119,0.3513602912425995,0.6025317311286926,0.3294619917869568,0.6171802282333374,0.3818187713623047,0.579866886138916,0.37866806983947754,0.6044589877128601,0.3655613958835602,0.6213825941085815,0.3505624234676361,0.6486266851425171,0.392618864774704,0.6038722395896912,0.4180947542190552,0.5833317637443542,0.4389694333076477,0.5614942312240601,J
0.2837747037410736,0.7381485104560852,0.2761971652507782,0.6736077070236206,0.28921908140182495,0.6158673167228699,0.3214492201805115,0.5895294547080994,0.3472311198711395,0.6008884310722351,0.2889968454837799,0.570694088935852,0.34711953997612,0.5486966967582703,0.3470138609409332,0.5768765211105347,0.33312201499938965,0.5910459756851196,0.3111102879047394,0.595428466796875,0.36882466077804565,0.5688959360122681,0.3667038679122925,0.5967546701431274,0.3545629382133484,0.6093708872795105,0.33441299200057983,0.6255931854248047,0.385958731174469,0.5924281477928162,0.3817484974861145,0.6156818866729736,0.3671811819076538,0.6301353573799133,0.35532909631729126,0.6577672362327576,0.3976227045059204,0.6132739782333374,0.4226529002189636,0.5925856232643127,0.4423960745334625,0.5709675550460815,J
0.2835233211517334,0.7407596707344055,0.27650439739227295,0.6765587329864502,0.2930675148963928,0.6195811629295349,0.3286300599575043,0.5961461663246155,0.3559201955795288,0.6077566146850586,0.29000774025917053,0.5746018290519714,0.3482148051261902,0.5509904623031616,0.34772446751594543,0.5792630314826965,0.33371153473854065,0.5939779877662659,0.31162554025650024,0.5988149046897888,0.3695990741252899,0.5707055926322937,0.3676101863384247,0.598739743232727,0.35538822412490845,0.612775981426239,0.3347523808479309,0.6286054253578186,0.3854784369468689,0.5935539603233337,0.38187333941459656,0.6169587969779968,0.3677358031272888,0.632426381111145,0.35550418496131897,0.66058748960495,0.3981364965438843,0.6174697875976562,0.42396584153175354,0.597567081451416,0.4444226920604706,0.5764951109886169,J
0.28256988525390625,0.7397938966751099,0.27670520544052124,0.6752676963806152,0.29254093766212463,0.619757890701294,0.3260608911514282,0.5975455045700073,0.35174015164375305,0.6104060411453247,0.2924667298793793,0.571974515914917,0.35039252042770386,0.5509343147277832,0.34918609261512756,0.5790481567382812,0.33480051159858704,0.5937188863754272,0.31371772289276123,0.5967257618904114,0.371472030878067,0.5706902146339417,0.3685370683670044,0.5990749597549438,0.35622677206993103,0.6131696701049805,0.3360414206981659,0.6273341178894043,0.38890141248703003,0.5927724838256836,0.3842448592185974,0.615662157535553,0.36930346488952637,0.6314965486526489,0.35559603571891785,0.6600441336631775,0.3987719416618347,0.6172863841056824,0.4246790111064911,0.5977925062179565,0.44536471366882324,0.5768783688545227,J
0.28277453780174255,0.7401617169380188,0.27683335542678833,0.6761247515678406,0.29293426871299744,0.6204080581665039,0.3272716999053955,0.5986289978027344,0.35252994298934937,0.6116086840629578,0.2914631962776184,0.573111891746521,0.3512061834335327,0.5541516542434692,0.34984493255615234,0.5824570655822754,0.3353174328804016,0.5971278548240662,0.31210586428642273,0.5984771251678467,0.3715582489967346,0.573166012763977,0.36881372332572937,0.6012871861457825,0.356860876083374,0.6159794330596924,0.33421754837036133,0.6294345855712891,0.38874226808547974,0.5953686237335205,0.38418081402778625,0.617425262928009,0.3693297505378723,0.6330485939979553,0.35405096411705017,0.6620681285858154,0.3976631760597229,0.6199404001235962,0.42369115352630615,0.6004371643066406,0.44471102952957153,0.5795098543167114,J
0.2797811031341553,0.7413961887359619,0.2738344073295593,0.6777936220169067,0.2907005548477173,0.6215261816978455,0.3253231346607208,0.6005749702453613,0.35074660181999207,0.6143016815185547,0.2896602749824524,0.5735480785369873,0.34838858246803284,0.5547357797622681,0.3473212718963623,0.582204282283783,0.33350440859794617,0.5976582169532776,0.3095795810222626,0.5990291237831116,0.368557870388031,0.5742291808128357,0.36642470955848694,0.6017548441886902,0.355428010225296,0.6176146268844604,0.3310185372829437,0.6297236680984497,0.38671401143074036,0.5954539179801941,0.38316991925239563,0.616075873374939,0.3696821331977844,0.6325552463531494,0.350161612033844,0.6618154048919678,0.3943807780742645,0.6202145218849182,0.42045071721076965,0.6000820994377136,0.4417352080345154,0.5794822573661804,J
0.27437588572502136,0.7403985857963562,0.2683655917644501,0.6783652901649475,0.2828107476234436,0.620546281337738,0.315400630235672,0.5974401831626892,0.34231558442115784,0.6097999811172485,0.28235501050949097,0.574154794216156,0.3410133123397827,0.552878737449646,0.34065672755241394,0.5802446007728577,0.3275148272514343,0.5952030420303345,0.30194029211997986,0.5982438325881958,0.36170071363449097,0.5734729170799255,0.3603012263774872,0.600924015045166,0.34974342584609985,0.6165260076522827,0.32374346256256104,0.6274948120117188,0.3794565200805664,0.594619631767273,0.3766024112701416,0.6154785752296448,0.36375653743743896,0.6312825679779053,0.3435647189617157,0.6582351326942444,0.38832420110702515,0.6179429888725281,0.4135572910308838,0.5972187519073486,0.4336491823196411,0.5759602785110474,J
0.2717679440975189,0.741108775138855,0.2659192979335785,0.6775954961776733,0.2825181186199188,0.6208975911140442,0.31755298376083374,0.5988401770591736,0.3440292775630951,0.6116142272949219,0.28121519088745117,0.5729137659072876,0.34115472435951233,0.5532981157302856,0.3405185639858246,0.5809088945388794,0.3274277150630951,0.5971664190292358,0.3005616366863251,0.5974279642105103,0.3611590564250946,0.5733329653739929,0.3597053289413452,0.6008191704750061,0.3494677245616913,0.6171365976333618,0.32182949781417847,0.6277198791503906,0.3798315227031708,0.593795657157898,0.3782240152359009,0.6133770942687988,0.36638474464416504,0.629142701625824,0.3411175012588501,0.6600163578987122,0.38491618633270264,0.6177374720573425,0.4104812741279602,0.5977993011474609,0.431532084941864,0.5781266093254089,J
0.26879554986953735,0.7434207201004028,0.2626231014728546,0.679564893245697,0.2791171967983246,0.623453676700592,0.3141288757324219,0.6009224057197571,0.3408988416194916,0.6135648488998413,0.27693936228752136,0.5754810571670532,0.3371327519416809,0.55498206615448,0.3381524682044983,0.5819622874259949,0.3262193202972412,0.5984066724777222,0.29636794328689575,0.6002755761146545,0.35799479484558105,0.5754153728485107,0.3586796522140503,0.6012662649154663,0.3499923050403595,0.6179704070091248,0.31803736090660095,0.6307570934295654,0.376831978559494,0.595461905002594,0.37859398126602173,0.6120018362998962,0.36975550651550293,0.6265535950660706,0.33784836530685425,0.6627048850059509,0.38143086433410645,0.6201462745666504,0.4064125418663025,0.6003021597862244,0.4269106090068817,0.5807361006736755,J
0.26510125398635864,0.7422143220901489,0.2590099275112152,0.6777830123901367,0.2765681743621826,0.6214882135391235,0.31251025199890137,0.5999002456665039,0.3391241729259491,0.6129882335662842,0.27534306049346924,0.5740485191345215,0.33481064438819885,0.5554501414299011,0.3343285322189331,0.581313967704773,0.32187244296073914,0.5970240831375122,0.2953375279903412,0.599668025970459,0.35497862100601196,0.5761174559593201,0.3540191352367401,0.6011282801628113,0.34503084421157837,0.6165882349014282,0.31683772802352905,0.630359411239624,0.373846173286438,0.5962764620780945,0.3739137649536133,0.6135034561157227,0.3641614317893982,0.6280193328857422,0.33594831824302673,0.6623325347900391,0.3786766231060028,0.6201117038726807,0.40363869071006775,0.6010099053382874,0.42453107237815857,0.5820300579071045,J
0.2644786238670349,0.7419597506523132,0.2581107020378113,0.6781857013702393,0.2744119167327881,0.6218090057373047,0.30910056829452515,0.5994709134101868,0.3355976343154907,0.6111608147621155,0.27343490719795227,0.5737564563751221,0.3336673378944397,0.5544947981834412,0.3337063193321228,0.5808993577957153,0.32165950536727905,0.5963819026947021,0.2933428883552551,0.5980468988418579,0.35393664240837097,0.574989378452301,0.35329702496528625,0.6011298894882202,0.3442866802215576,0.6170923709869385,0.31481626629829407,0.6283314824104309,0.37309712171554565,0.5946280360221863,0.3732852637767792,0.6128836274147034,0.3632957935333252,0.6280938982963562,0.33415356278419495,0.6601840853691101,0.3771956264972687,0.6188388466835022,0.40239858627319336,0.5985375642776489,0.4233705699443817,0.5784057974815369,J
0.26341673731803894,0.7419517636299133,0.25700223445892334,0.6773543953895569,0.27284178137779236,0.6214841604232788,0.3074093163013458,0.5992403626441956,0.3331162631511688,0.6117368936538696,0.27161917090415955,0.5738773941993713,0.33191198110580444,0.5551242828369141,0.3321276307106018,0.5820261240005493,0.3199841380119324,0.5976739525794983,0.29171183705329895,0.5986282825469971,0.3524676263332367,0.5753765106201172,0.3515627980232239,0.6016225814819336,0.34205618500709534,0.6172178387641907,0.313413143157959,0.6293858885765076,0.370965838432312,0.5960540771484375,0.37034478783607483,0.6144646406173706,0.3594686686992645,0.6295236349105835,0.33305346965789795,0.6616882085800171,0.37548235058784485,0.618533194065094,0.4004210829734802,0.5981531143188477,0.4210357666015625,0.5780589580535889,J
0.26552674174308777,0.7399032115936279,0.26030299067497253,0.675733208656311,0.2752401530742645,0.6211971044540405,0.30937936902046204,0.5989795327186584,0.33524447679519653,0.610745370388031,0.27505096793174744,0.5726054906845093,0.3349233865737915,0.5540797710418701,0.33545368909835815,0.5816540122032166,0.32310739159584045,0.5969969630241394,0.2943485379219055,0.5964316129684448,0.3549451529979706,0.5743419528007507,0.35405996441841125,0.6026145815849304,0.3440130054950714,0.6172159910202026,0.3153780400753021,0.6268280744552612,0.3719393014907837,0.5952796339988708,0.3708796799182892,0.6166073083877563,0.35933953523635864,0.6323001384735107,0.3346252739429474,0.6596674919128418,0.37759870290756226,0.6164286732673645,0.4029468297958374,0.5974714756011963,0.4239126443862915,0.5781168341636658,J
0.2626325488090515,0.7446656227111816,0.257467120885849,0.6810755729675293,0.274478942155838,0.6244081854820251,0.3093043863773346,0.6005725264549255,0.3362354040145874,0.6114653944969177,0.27395686507225037,0.5772790908813477,0.3355533480644226,0.5594645142555237,0.33666497468948364,0.5852555632591248,0.32522064447402954,0.6006923913955688,0.2934176027774811,0.6022496819496155,0.35579216480255127,0.5785806179046631,0.35563355684280396,0.6044025421142578,0.34643784165382385,0.6199494004249573,0.31476959586143494,0.6331436634063721,0.3730621933937073,0.5979527831077576,0.3748028576374054,0.6159042716026306,0.3662881851196289,0.6301627159118652,0.3337703347206116,0.6663310527801514,0.37725889682769775,0.6247373819351196,0.402614563703537,0.6063804030418396,0.42367205023765564,0.587799072265625,J
0.25989460945129395,0.7467507123947144,0.2545827627182007,0.6824260950088501,0.27231067419052124,0.6253142356872559,0.308153361082077,0.6041114330291748,0.3344530165195465,0.6178172826766968,0.2706890106201172,0.5774469971656799,0.33327412605285645,0.5606291890144348,0.3327038586139679,0.5872036814689636,0.31967395544052124,0.6019724011421204,0.28895676136016846,0.6042728424072266,0.35250353813171387,0.5815460681915283,0.3516828417778015,0.6063758134841919,0.34222009778022766,0.6216800212860107,0.30976924300193787,0.6363453269004822,0.37010806798934937,0.6025610566139221,0.3706149458885193,0.6187574863433838,0.3607887327671051,0.6325641870498657,0.32936859130859375,0.6693786382675171,0.3725443482398987,0.625417947769165,0.3973378539085388,0.6045066714286804,0.4181708097457886,0.5845227837562561,J
0.2585237920284271,0.7409472465515137,0.2555164098739624,0.6788663864135742,0.2745235860347748,0.620966374874115,0.30964115262031555,0.5973082184791565,0.33630886673927307,0.6073212623596191,0.27423596382141113,0.5757792592048645,0.34050023555755615,0.5615069270133972,0.3378674387931824,0.5895129442214966,0.3228054940700531,0.6003502607345581,0.2891404628753662,0.6045819520950317,0.3568960726261139,0.5843569040298462,0.3521188795566559,0.611068844795227,0.3385557234287262,0.6227697730064392,0.3071056008338928,0.6379460096359253,0.3693177402019501,0.6088964939117432,0.3646160662174225,0.6286174058914185,0.34983986616134644,0.6412245631217957,0.324555903673172,0.6719169020652771,0.37000247836112976,0.631650447845459,0.39619654417037964,0.6126874685287476,0.41827067732810974,0.5928710103034973,J
0.2529608905315399,0.7367320656776428,0.2572622001171112,0.6760033965110779,0.2787953019142151,0.6197654604911804,0.3116028308868408,0.5966132283210754,0.33580198884010315,0.6032753586769104,0.27847203612327576,0.5756091475486755,0.35114702582359314,0.5670405030250549,0.3488119840621948,0.5957056879997253,0.3328634798526764,0.604530394077301,0.28617414832115173,0.6067079901695251,0.3622651994228363,0.5922731757164001,0.3580850064754486,0.6202036738395691,0.34462887048721313,0.6305062770843506,0.2982417345046997,0.6432715654373169,0.36802974343299866,0.620913565158844,0.36375436186790466,0.6414151191711426,0.348652184009552,0.652906596660614,0.31217312812805176,0.6806603670120239,0.3622312843799591,0.6452453136444092,0.39077305793762207,0.628702700138092,0.41472381353378296,0.6113629937171936,J
0.24864941835403442,0.7333146333694458,0.25709882378578186,0.6754627823829651,0.280691921710968,0.6209574341773987,0.31250840425491333,0.5979123115539551,0.33607882261276245,0.6025041341781616,0.28002092242240906,0.5742748379707336,0.35312125086784363,0.5710676908493042,0.3505795896053314,0.5992338061332703,0.3348575234413147,0.606473982334137,0.28376948833465576,0.605113685131073,0.3614828288555145,0.5976290702819824,0.3568120002746582,0.6241051554679871,0.34193357825279236,0.6338451504707336,0.2924095690250397,0.641941487789154,0.3633676767349243,0.625673234462738,0.35858431458473206,0.6456013917922974,0.3433620035648346,0.6555755734443665,0.303276002407074,0.680133044719696,0.3556225299835205,0.6516657471656799,0.38476914167404175,0.6369105577468872,0.4091572165489197,0.6200962066650391,J
0.24584496021270752,0.7279738187789917,0.2561621367931366,0.6707674264907837,0.28346961736679077,0.617757260799408,0.3189159631729126,0.5982840061187744,0.34221985936164856,0.6073519587516785,0.27711373567581177,0.5702369213104248,0.3506520092487335,0.569794774055481,0.34684088826179504,0.5989376306533813,0.3317570388317108,0.6058774590492249,0.27937251329421997,0.6020724177360535,0.3568771183490753,0.5966736674308777,0.35173267126083374,0.6220345497131348,0.3378932774066925,0.6312444806098938,0.28733566403388977,0.6395372152328491,0.3596126437187195,0.624086320400238,0.35479438304901123,0.6415465474128723,0.3398193418979645,0.6503811478614807,0.2986084222793579,0.6776127815246582,0.3498409390449524,0.647691547870636,0.37852954864501953,0.6310836672782898,0.4027753472328186,0.6134282350540161,J
0.2486242949962616,0.7300723791122437,0.255464643239975,0.6726067662239075,0.281719446182251,0.6190318465232849,0.3179363012313843,0.5977853536605835,0.34198102355003357,0.6042237877845764,0.27751216292381287,0.5716221928596497,0.35117343068122864,0.570472776889801,0.34818023443222046,0.5999115705490112,0.3331780433654785,0.6077250242233276,0.28047803044319153,0.6031048893928528,0.35861527919769287,0.5978254675865173,0.35375845432281494,0.6241338849067688,0.34050434827804565,0.6336748600006104,0.28898388147354126,0.6401818990707397,0.3617403507232666,0.6275803446769714,0.3563169538974762,0.6450682282447815,0.3410399258136749,0.6533308625221252,0.30043846368789673,0.6782591342926025,0.35254377126693726,0.6497679352760315,0.38122349977493286,0.6342881917953491,0.40564826130867004,0.6175504326820374,J
0.24764621257781982,0.7299820184707642,0.2554089426994324,0.6729727983474731,0.2820224165916443,0.6196231245994568,0.319352924823761,0.5978253483772278,0.3447548747062683,0.6051539778709412,0.2765224874019623,0.5726572871208191,0.3499464690685272,0.570972740650177,0.3474193811416626,0.5991567969322205,0.33250972628593445,0.6065741777420044,0.27983465790748596,0.6039323806762695,0.3575117886066437,0.5980114340782166,0.35308289527893066,0.6240602731704712,0.33957070112228394,0.6335363388061523,0.288891464471817,0.6407424211502075,0.3607018291950226,0.6274360418319702,0.3558451533317566,0.6452643275260925,0.3409135937690735,0.6540192365646362,0.3007742762565613,0.6784132122993469,0.35266441106796265,0.6505628228187561,0.3812236189842224,0.6359502077102661,0.4052584767341614,0.6198959946632385,J
0.2484978884458542,0.7289122343063354,0.2554219663143158,0.6711591482162476,0.2819249629974365,0.6179195642471313,0.31922781467437744,0.5962313413619995,0.3450513780117035,0.6014023423194885,0.276818186044693,0.5713152289390564,0.34960100054740906,0.5685977339744568,0.34717029333114624,0.5970287919044495,0.33243104815483093,0.6049368381500244,0.2811976373195648,0.6025912761688232,0.35826361179351807,0.5962882041931152,0.35353201627731323,0.6227219104766846,0.34059014916419983,0.6317099928855896,0.29096701741218567,0.6396075487136841,0.36287009716033936,0.626684308052063,0.35702377557754517,0.6443638801574707,0.34133413434028625,0.652963399887085,0.30321061611175537,0.6774924993515015,0.35498762130737305,0.6492902040481567,0.383713036775589,0.6342796683311462,0.4080367088317871,0.6182713508605957,J
0.2491283267736435,0.7268438935279846,0.25395241379737854,0.6681900024414062,0.2795707583427429,0.6137288212776184,0.3168875575065613,0.5933717489242554,0.342723548412323,0.6016278266906738,0.276436984539032,0.5711013078689575,0.3494125008583069,0.5670726895332336,0.3453701436519623,0.5944292545318604,0.33000341057777405,0.6017847657203674,0.28201067447662354,0.6041023135185242,0.3588949739933014,0.595267653465271,0.3529127240180969,0.6205915212631226,0.3398464024066925,0.6293495893478394,0.2928074598312378,0.6416451930999756,0.3648853302001953,0.6255425810813904,0.35881462693214417,0.6424647569656372,0.34333962202072144,0.6511518359184265,0.30611467361450195,0.6791372299194336,0.35762321949005127,0.648251473903656,0.3861384987831116,0.6332389712333679,0.4107166528701782,0.6174787282943726,J
0.252259224653244,0.7284181714057922,0.2542470097541809,0.668086588382721,0.28037652373313904,0.612554669380188,0.32119107246398926,0.5950263142585754,0.34879887104034424,0.6096277832984924,0.2772020995616913,0.570229709148407,0.3469133973121643,0.5640639066696167,0.34203243255615234,0.5910658836364746,0.3261587917804718,0.5988753437995911,0.285540372133255,0.6039104461669922,0.35823914408683777,0.5916042327880859,0.352284699678421,0.616854727268219,0.3394239544868469,0.6255784630775452,0.2985045611858368,0.6412387490272522,0.3665868043899536,0.6222224235534668,0.36030396819114685,0.638809084892273,0.3442295789718628,0.6475363969802856,0.31317198276519775,0.6779585480690002,0.36297500133514404,0.6452518105506897,0.39108210802078247,0.6294898986816406,0.41497281193733215,0.6134951114654541,J
0.2625340521335602,0.7325882315635681,0.2634412944316864,0.6716046333312988,0.28701668977737427,0.6151390671730042,0.32602015137672424,0.5979081392288208,0.3525990843772888,0.6135988235473633,0.2835433781147003,0.5769842863082886,0.34982556104660034,0.5640577077865601,0.3451162278652191,0.5925493240356445,0.32929110527038574,0.6018032431602478,0.2959107458591461,0.6099939942359924,0.36412620544433594,0.5910426378250122,0.35844147205352783,0.6168707609176636,0.345540851354599,0.6268125772476196,0.3118855059146881,0.6462908983230591,0.3739748001098633,0.621925950050354,0.3682654798030853,0.6389458775520325,0.3525982201099396,0.6477444171905518,0.32882022857666016,0.6816192269325256,0.37452244758605957,0.6425197124481201,0.4011760652065277,0.6247429251670837,0.4236842095851898,0.6079384088516235,J
0.26653119921684265,0.7363729476928711,0.2673225998878479,0.6747241020202637,0.29007279872894287,0.6191120147705078,0.3274269104003906,0.6012852787971497,0.35546210408210754,0.6150251626968384,0.2892265319824219,0.5791081190109253,0.3538163900375366,0.5640184879302979,0.3499327301979065,0.5927926301956177,0.33483245968818665,0.6036388278007507,0.3023613691329956,0.611602783203125,0.3687017261981964,0.5925557613372803,0.36297497153282166,0.6192166805267334,0.34989622235298157,0.6295742392539978,0.3184483051300049,0.647864818572998,0.37955498695373535,0.6224726438522339,0.3723065257072449,0.640918493270874,0.3553163707256317,0.6515308618545532,0.3342685401439667,0.6832057237625122,0.3810705244541168,0.6452420353889465,0.40836337208747864,0.6273149847984314,0.4310654103755951,0.6095359921455383,J
0.2683524787425995,0.7417373061180115,0.26657581329345703,0.6771417856216431,0.28859543800354004,0.6202820539474487,0.32709839940071106,0.6010603308677673,0.3539856970310211,0.6165274977684021,0.2881050109863281,0.5805858969688416,0.34961169958114624,0.563335657119751,0.3464466333389282,0.5901913046836853,0.3324820399284363,0.6017111539840698,0.30589979887008667,0.6133217811584473,0.36809009313583374,0.5903750061988831,0.36379289627075195,0.6148695945739746,0.35170862078666687,0.6266649961471558,0.32488077878952026,0.6488285064697266,0.38136428594589233,0.6179279088973999,0.3770254850387573,0.6354643702507019,0.3627845048904419,0.6473339200019836,0.3419684171676636,0.6832073926925659,0.3849512040615082,0.6410731673240662,0.40933743119239807,0.6212448477745056,0.42919477820396423,0.6020288467407227,J
0.26557624340057373,0.7410534620285034,0.26313474774360657,0.6749616265296936,0.2861611247062683,0.6192969679832458,0.3247651159763336,0.6035693287849426,0.34920158982276917,0.6204034090042114,0.2835298180580139,0.576636016368866,0.3456590175628662,0.5602502226829529,0.3426170349121094,0.5873159170150757,0.32913050055503845,0.6000115275382996,0.3015836179256439,0.6097027063369751,0.3647754192352295,0.5884121060371399,0.36034366488456726,0.6127498745918274,0.347941130399704,0.6274999976158142,0.32125380635261536,0.6452990174293518,0.37962156534194946,0.6156566739082336,0.38067400455474854,0.6276974678039551,0.3712214529514313,0.6369416117668152,0.3397389054298401,0.6787174344062805,0.38063085079193115,0.6348628401756287,0.4041542410850525,0.6139442324638367,0.42417532205581665,0.5946235656738281,J
0.26481473445892334,0.7399716973304749,0.2627628445625305,0.6745157837867737,0.28550392389297485,0.6178208589553833,0.3248402178287506,0.5986426472663879,0.3520108461380005,0.6137931942939758,0.28339236974716187,0.5770239233970642,0.3456818759441376,0.5599438548088074,0.3421884775161743,0.5874819755554199,0.3277513384819031,0.599346935749054,0.3011694848537445,0.6105073690414429,0.36400702595710754,0.5873178839683533,0.3595820665359497,0.6113708019256592,0.3471866846084595,0.6233335137367249,0.32043835520744324,0.6465234756469727,0.3774529993534088,0.6160370707511902,0.3733682334423065,0.6331945061683655,0.35910993814468384,0.6450774073600769,0.3383930027484894,0.6812300086021423,0.380726158618927,0.6375293731689453,0.4049622118473053,0.6166278123855591,0.4248164892196655,0.5969720482826233,J
0.2556912899017334,0.7474945187568665,0.25491899251937866,0.6813664436340332,0.2755883038043976,0.6219675540924072,0.31103792786598206,0.6016952991485596,0.33833298087120056,0.6184259653091431,0.2785629630088806,0.5838891267776489,0.3413337767124176,0.5659658908843994,0.3387146592140198,0.5918928980827332,0.32540416717529297,0.6022465825080872,0.29509076476097107,0.6159638166427612,0.35952964425086975,0.5939032435417175,0.3552404046058655,0.6190791726112366,0.3428962528705597,0.631230354309082,0.31301605701446533,0.6517927646636963,0.3708969056606293,0.6232656240463257,0.36763668060302734,0.6405872106552124,0.354171484708786,0.6516523957252502,0.33004337549209595,0.687063992023468,0.3742271363735199,0.6439291834831238,0.39934444427490234,0.6232738494873047,0.4192909002304077,0.6036261320114136,J
0.2540028691291809,0.7436419129371643,0.2528635263442993,0.6791470646858215,0.2754533886909485,0.6222427487373352,0.31364667415618896,0.6053217053413391,0.33834177255630493,0.6216886639595032,0.27506962418556213,0.5815916061401367,0.3384188413619995,0.5639417767524719,0.33496150374412537,0.5904996395111084,0.3207108974456787,0.6025543212890625,0.29206132888793945,0.6157379746437073,0.35630112886428833,0.591863751411438,0.3515948951244354,0.6155511736869812,0.33910897374153137,0.6287567019462585,0.3105243742465973,0.6518003940582275,0.3692285120487213,0.6210228204727173,0.3657545745372772,0.6354502439498901,0.3521221876144409,0.6459146738052368,0.3281271755695343,0.685886800289154,0.37175559997558594,0.643173098564148,0.39619001746177673,0.6225045323371887,0.41632288694381714,0.6029760241508484,J
0.2582247257232666,0.738770604133606,0.2571343779563904,0.6744181513786316,0.280667781829834,0.619949460029602,0.3199475407600403,0.603053867816925,0.34679919481277466,0.6178373098373413,0.27947425842285156,0.5796724557876587,0.34181928634643555,0.5609191060066223,0.33880284428596497,0.5881578922271729,0.3249777555465698,0.5994997620582581,0.2961769104003906,0.6126593351364136,0.35971277952194214,0.5898274779319763,0.35480058193206787,0.614039421081543,0.34245508909225464,0.6254140734672546,0.31448855996131897,0.6482679843902588,0.37237218022346497,0.6199155449867249,0.3685549795627594,0.6363866925239563,0.35497236251831055,0.647126317024231,0.33169764280319214,0.6823427677154541,0.3756575584411621,0.6423053741455078,0.4006548225879669,0.6231066584587097,0.4215269088745117,0.6042803525924683,J
0.25542110204696655,0.7398896813392639,0.25438687205314636,0.6753060817718506,0.27878695726394653,0.6184964179992676,0.31830042600631714,0.60170578956604,0.3438778817653656,0.6178373694419861,0.27824822068214417,0.5766861438751221,0.3409479558467865,0.5625682473182678,0.3370198905467987,0.5893310308456421,0.3222576081752777,0.6012946367263794,0.2955722212791443,0.6107310652732849,0.3592517077922821,0.5906887054443359,0.35450223088264465,0.6138677597045898,0.34212759137153625,0.6258382201194763,0.31411638855934143,0.6476570963859558,0.37260687351226807,0.62049800157547,0.37000876665115356,0.6351671814918518,0.357183039188385,0.6452991366386414,0.3313726782798767,0.6830575466156006,0.3748059570789337,0.6406800150871277,0.3994603157043457,0.6207746863365173,0.4197152554988861,0.6025015711784363,J
0.25503912568092346,0.7369715571403503,0.2549111247062683,0.6718446016311646,0.27936193346977234,0.617436408996582,0.3194000720977783,0.6018370985984802,0.3446778655052185,0.6180091500282288,0.2776039242744446,0.5750860571861267,0.34009790420532227,0.5592974424362183,0.3367219567298889,0.5863539576530457,0.32250338792800903,0.5990439057350159,0.2947663962841034,0.6087006330490112,0.35822993516921997,0.5883826017379761,0.3536527454853058,0.6120201349258423,0.3413533866405487,0.6245301365852356,0.3134520351886749,0.6452208757400513,0.37203043699264526,0.6171359419822693,0.3695257306098938,0.6321853995323181,0.35667869448661804,0.6429169774055481,0.33087125420570374,0.6803423762321472,0.3745791018009186,0.6389932632446289,0.39941251277923584,0.619835615158081,0.4199348986148834,0.6018194556236267,J
0.2567824721336365,0.7323104739189148,0.2565690279006958,0.6666359901428223,0.2813602089881897,0.6128565073013306,0.32202401757240295,0.597288191318512,0.3486050069332123,0.6131607294082642,0.27990031242370605,0.5708378553390503,0.3423575162887573,0.5560646057128906,0.3386644721031189,0.582648754119873,0.32461103796958923,0.5940533876419067,0.29704520106315613,0.6035705804824829,0.3604656159877777,0.5854373574256897,0.3554244637489319,0.6093078255653381,0.34355345368385315,0.6206661462783813,0.315372496843338,0.6397520303726196,0.3739352822303772,0.6146125197410583,0.37164410948753357,0.6305879950523376,0.35955095291137695,0.6410679817199707,0.33232182264328003,0.6748752593994141,0.3760911226272583,0.6360451579093933,0.4010618329048157,0.6181942224502563,0.4222213327884674,0.6007631421089172,J
0.2590160071849823,0.7313066720962524,0.25883403420448303,0.665930986404419,0.2837775647640228,0.609997034072876,0.32409214973449707,0.593441903591156,0.35097476840019226,0.6101157665252686,0.28306087851524353,0.5709894895553589,0.34591609239578247,0.5592635869979858,0.34086480736732483,0.5859875082969666,0.3260370194911957,0.5960686802864075,0.2992591857910156,0.6055705547332764,0.362478107213974,0.587719738483429,0.3570108115673065,0.6105774641036987,0.34518668055534363,0.6205472946166992,0.3171992301940918,0.642281174659729,0.37506699562072754,0.6172220706939697,0.3711724281311035,0.6333572268486023,0.35812950134277344,0.6434640288352966,0.3342457115650177,0.677065372467041,0.378680557012558,0.6386635899543762,0.4040554165840149,0.6208710670471191,0.4255286157131195,0.6035054326057434,J
0.2594239115715027,0.7306920289993286,0.2592276632785797,0.6671459078788757,0.28417614102363586,0.6116364598274231,0.32374289631843567,0.5951890349388123,0.3513174057006836,0.6111369729042053,0.2842303216457367,0.5727530121803284,0.3461184501647949,0.5589883923530579,0.3411136865615845,0.5861518979072571,0.32653331756591797,0.596897304058075,0.30072540044784546,0.6073749661445618,0.3630790412425995,0.5883218050003052,0.35722699761390686,0.6123923659324646,0.34487470984458923,0.6231796741485596,0.3187018930912018,0.6440105438232422,0.3758411407470703,0.6180016398429871,0.3702745735645294,0.636159360408783,0.3556683361530304,0.6476250290870667,0.3353092670440674,0.6785716414451599,0.37959688901901245,0.6407777070999146,0.4049431085586548,0.6221551895141602,0.42609846591949463,0.6039450168609619,J
0.25807511806488037,0.7322540283203125,0.2590687870979309,0.6677206158638,0.28559640049934387,0.6130084991455078,0.3267226219177246,0.5971605181694031,0.3520496189594269,0.6133094429969788,0.28480714559555054,0.5722775459289551,0.3471304476261139,0.5601774454116821,0.3417647182941437,0.5870183706283569,0.3262522220611572,0.5981910228729248,0.30134138464927673,0.6070215702056885,0.36365166306495667,0.5889840722084045,0.3578904867172241,0.6125482320785522,0.3450471758842468,0.6241453886032104,0.3191428780555725,0.6442297697067261,0.376298189163208,0.618338406085968,0.3720398545265198,0.6340669393539429,0.3577987551689148,0.6444370746612549,0.3355313837528229,0.6796579360961914,0.3792493939399719,0.6397793292999268,0.4042324423789978,0.6210710406303406,0.42468899488449097,0.6032311320304871,J
0.2596657872200012,0.7330881953239441,0.2596054673194885,0.6681640148162842,0.2844735383987427,0.6135627031326294,0.3247052729129791,0.5984334945678711,0.34925171732902527,0.6160891056060791,0.2842978239059448,0.5726525783538818,0.3467993438243866,0.5598971247673035,0.34203478693962097,0.586741030216217,0.32693445682525635,0.5982391238212585,0.3006822168827057,0.6077204942703247,0.36415186524391174,0.5894278883934021,0.35891562700271606,0.6130455732345581,0.3461112082004547,0.6251349449157715,0.31861448287963867,0.6450848579406738,0.3769150674343109,0.6190153360366821,0.3734886348247528,0.6338518261909485,0.3596830666065216,0.6441537141799927,0.3353525400161743,0.6803321838378906,0.379459023475647,0.6400796175003052,0.40435245633125305,0.6214379072189331,0.4247555136680603,0.6038375496864319,J
0.25826990604400635,0.7349994778633118,0.2595403790473938,0.6709522008895874,0.2845957577228546,0.6158627867698669,0.3244558274745941,0.5989826321601868,0.35127079486846924,0.6141287684440613,0.28466397523880005,0.5740720629692078,0.34726595878601074,0.5615451335906982,0.34264111518859863,0.589088499546051,0.32773154973983765,0.6001946330070496,0.30087897181510925,0.607684850692749,0.3643694519996643,0.590217113494873,0.3587196469306946,0.6150643229484558,0.3458329439163208,0.6258352398872375,0.318637490272522,0.6445952653884888,0.3767877519130707,0.6197360157966614,0.37113460898399353,0.6378673315048218,0.35575059056282043,0.6490347385406494,0.3351328372955322,0.680320143699646,0.3798610270023346,0.6416253447532654,0.40521126985549927,0.6233418583869934,0.42593079805374146,0.6053799390792847,J
0.2591380476951599,0.7354201078414917,0.2592449188232422,0.6711117029190063,0.2831239700317383,0.6155923008918762,0.32222574949264526,0.5992138981819153,0.34759828448295593,0.6164776086807251,0.28474560379981995,0.5736624002456665,0.34787464141845703,0.5615957379341125,0.34312382340431213,0.5884879231452942,0.3279034197330475,0.5995625853538513,0.30103495717048645,0.6077027916908264,0.36480122804641724,0.5902055501937866,0.35931938886642456,0.614630401134491,0.3466891646385193,0.6260839700698853,0.3187764286994934,0.6448009014129639,0.3776524066925049,0.6193356513977051,0.3727181851863861,0.6365785598754883,0.3579953908920288,0.6480989456176758,0.33518514037132263,0.6805124282836914,0.38016781210899353,0.6416596174240112,0.405468225479126,0.6232911944389343,0.42639273405075073,0.6054232120513916,J
0.25905096530914307,0.7346542477607727,0.25937139987945557,0.6704080700874329,0.2832593023777008,0.615168035030365,0.3222692608833313,0.5995491147041321,0.3480069041252136,0.6165658235549927,0.284629762172699,0.5742385387420654,0.3476978838443756,0.5606729984283447,0.34291696548461914,0.5876221060752869,0.327803373336792,0.5993461608886719,0.30045953392982483,0.6085193157196045,0.3641941547393799,0.5898582935333252,0.3587666451931,0.6140989661216736,0.34618815779685974,0.6257575154304504,0.317888468503952,0.6457191109657288,0.3770957589149475,0.6190882921218872,0.372664213180542,0.6351901888847351,0.35808658599853516,0.6463422179222107,0.3343072235584259,0.6813655495643616,0.3790550231933594,0.6415947675704956,0.4043109714984894,0.6229907870292664,0.4250166118144989,0.6053212285041809,J
0.258297324180603,0.7384167909622192,0.257713258266449,0.6743815541267395,0.28022733330726624,0.6172471642494202,0.3177317678928375,0.5999147295951843,0.34472227096557617,0.6166134476661682,0.28275883197784424,0.5772800445556641,0.3464323580265045,0.5614805817604065,0.3421642780303955,0.5887885689735413,0.32723352313041687,0.6001461744308472,0.29923635721206665,0.6111056804656982,0.3639351725578308,0.5912067890167236,0.3584441542625427,0.6156761050224304,0.3452862501144409,0.6269580125808716,0.31724241375923157,0.6477037072181702,0.37601685523986816,0.6213200092315674,0.37101447582244873,0.639141321182251,0.35607221722602844,0.6504654288291931,0.3338794410228729,0.6828543543815613,0.37872418761253357,0.6431840658187866,0.40387147665023804,0.6240842938423157,0.4242599904537201,0.6057341694831848,J
0.2576620876789093,0.7421724796295166,0.25676512718200684,0.6775130033493042,0.2789623737335205,0.6199421882629395,0.31603026390075684,0.6019171476364136,0.3417876958847046,0.6182856559753418,0.28214365243911743,0.5767321586608887,0.34587326645851135,0.5627491474151611,0.3415396809577942,0.5899102687835693,0.32629767060279846,0.6016031503677368,0.2984895706176758,0.6107020974159241,0.3637349009513855,0.591579794883728,0.35819774866104126,0.6157469749450684,0.34501057863235474,0.6273664236068726,0.3163095712661743,0.6480198502540588,0.3764727711677551,0.6213405132293701,0.37161964178085327,0.6375836133956909,0.3565518856048584,0.6487593650817871,0.33269956707954407,0.6841932535171509,0.3779914677143097,0.6430888175964355,0.40321147441864014,0.6241328716278076,0.42376482486724854,0.6062397956848145,J
0.25682350993156433,0.7398184537887573,0.2571556270122528,0.673765242099762,0.28037139773368835,0.6174947023391724,0.3183025121688843,0.6016963720321655,0.3434867858886719,0.6191476583480835,0.28165748715400696,0.5761187076568604,0.3454141318798065,0.5630125999450684,0.34071657061576843,0.5900338292121887,0.32557398080825806,0.6013968586921692,0.29793569445610046,0.6103618144989014,0.3626285791397095,0.5916886329650879,0.35715451836586,0.6155179142951965,0.3445183336734772,0.6270571947097778,0.3157411813735962,0.6477086544036865,0.37558600306510925,0.6212146878242493,0.3720540404319763,0.6366024017333984,0.3583925664424896,0.6470407247543335,0.3325735032558441,0.6837537884712219,0.37697991728782654,0.6426754593849182,0.40195608139038086,0.6238240599632263,0.42262518405914307,0.6060635447502136,J
0.25885820388793945,0.7364805340766907,0.25883978605270386,0.6701107025146484,0.28482678532600403,0.6146905422210693,0.32616564631462097,0.5979125499725342,0.3536393642425537,0.6120914220809937,0.28205013275146484,0.5751330256462097,0.34559953212738037,0.5591243505477905,0.3416564464569092,0.5861126780509949,0.32701078057289124,0.5978711247444153,0.29850155115127563,0.6092911958694458,0.3632914125919342,0.5881140828132629,0.3582618534564972,0.6118018627166748,0.3454848527908325,0.6241268515586853,0.3165387809276581,0.6461717486381531,0.3763126730918884,0.6175950765609741,0.3738144636154175,0.6332433819770813,0.3608068823814392,0.6444367170333862,0.33359915018081665,0.6815845966339111,0.3773188591003418,0.6401694416999817,0.40266865491867065,0.6210482716560364,0.42391616106033325,0.6034832000732422,J
0.2594039738178253,0.7364926338195801,0.2591143250465393,0.6712795495986938,0.28412044048309326,0.6141007542610168,0.32517939805984497,0.5960304141044617,0.35312366485595703,0.6124716401100159,0.28328609466552734,0.5746991038322449,0.3469694256782532,0.5607379674911499,0.34155553579330444,0.5882553458213806,0.3263634741306305,0.5992686748504639,0.29958614706993103,0.6093290448188782,0.36380329728126526,0.589375376701355,0.35757067799568176,0.6134154200553894,0.34459590911865234,0.6244202256202698,0.3176042437553406,0.6460623145103455,0.3762085735797882,0.6191712021827698,0.3704354763031006,0.6367782354354858,0.3550936281681061,0.6483594179153442,0.33454447984695435,0.680928111076355,0.3790970742702484,0.6410703659057617,0.4042494297027588,0.6221205592155457,0.42497625946998596,0.603833794593811,J
0.25893884897232056,0.7368003129959106,0.25960680842399597,0.6714603304862976,0.2845037877559662,0.6159614324569702,0.3246399462223053,0.5984037518501282,0.351901650428772,0.61313796043396,0.2846224009990692,0.5740551352500916,0.3477103114128113,0.5610198974609375,0.3427615761756897,0.5883923768997192,0.32767894864082336,0.5995243191719055,0.3012581765651703,0.6078509092330933,0.3647982180118561,0.5895135998725891,0.3585868775844574,0.614132821559906,0.3456895053386688,0.6251899003982544,0.31922775506973267,0.6448426842689514,0.37740129232406616,0.6193087697029114,0.37130171060562134,0.6370777487754822,0.3556850254535675,0.6483466029167175,0.3358409106731415,0.6807906627655029,0.37985244393348694,0.6407011151313782,0.40500497817993164,0.6225991249084473,0.42587119340896606,0.6051648855209351,J
0.2601996958255768,0.7338826060295105,0.26169925928115845,0.6679516434669495,0.28832006454467773,0.6131348609924316,0.33000683784484863,0.5959557890892029,0.3569924533367157,0.6102752089500427,0.2848411798477173,0.57233065366745,0.34885266423225403,0.557277262210846,0.3451445698738098,0.5855846405029297,0.3302721083164215,0.5979018807411194,0.30045536160469055,0.6063995361328125,0.3660697042942047,0.5868154764175415,0.36160707473754883,0.6120406985282898,0.34887516498565674,0.6246818900108337,0.318350225687027,0.6433145999908447,0.37918317317962646,0.6158323884010315,0.3770095705986023,0.6326960325241089,0.3639465570449829,0.6442006230354309,0.3354751467704773,0.678755521774292,0.37940704822540283,0.6389625072479248,0.40475231409072876,0.6206175088882446,0.42598843574523926,0.603289008140564,J
0.2612169086933136,0.7341926693916321,0.2623724341392517,0.6690636873245239,0.2878563404083252,0.6126852035522461,0.3282362222671509,0.5947131514549255,0.35530152916908264,0.6108745336532593,0.28622734546661377,0.5716444253921509,0.34983742237091064,0.5583428740501404,0.3449888527393341,0.5871992111206055,0.3301742970943451,0.5984020829200745,0.30219870805740356,0.6063936948776245,0.3669075667858124,0.5876409411430359,0.3615489602088928,0.6128093004226685,0.34914278984069824,0.6235753893852234,0.32021939754486084,0.6435204744338989,0.37941741943359375,0.6174936294555664,0.3744370639324188,0.6359039545059204,0.35981759428977966,0.6471090316772461,0.33724692463874817,0.6788919568061829,0.3819011151790619,0.6396743059158325,0.40733104944229126,0.6211010217666626,0.4285045862197876,0.6027955412864685,J
0.2601449489593506,0.7376284003257751,0.2605702877044678,0.6718339920043945,0.28469735383987427,0.6154590845108032,0.3239459991455078,0.5986038446426392,0.351541668176651,0.6157424449920654,0.28636255860328674,0.5742135047912598,0.3493458032608032,0.5609510540962219,0.34495076537132263,0.5883181691169739,0.3300083577632904,0.5993058681488037,0.3033457398414612,0.608079731464386,0.36686697602272034,0.5902037620544434,0.3615868091583252,0.6147056818008423,0.34881067276000977,0.6252219676971436,0.3214654326438904,0.6449270844459534,0.3787202537059784,0.6202833652496338,0.37348294258117676,0.6384092569351196,0.3584527373313904,0.6491442322731018,0.3379600942134857,0.6807649731636047,0.3826148211956024,0.6415536999702454,0.4080544710159302,0.6234539747238159,0.4287315011024475,0.6056336760520935,J
0.2608676552772522,0.7362571358680725,0.2622949779033661,0.6711075305938721,0.28668859601020813,0.6155238151550293,0.3264888525009155,0.5980085134506226,0.35271692276000977,0.6141549348831177,0.286202996969223,0.5744093656539917,0.3501754105091095,0.5612230896949768,0.34643885493278503,0.5889477133750916,0.33139023184776306,0.6007217764854431,0.3026629686355591,0.6086562275886536,0.3676963448524475,0.5904307961463928,0.36324629187583923,0.6153486371040344,0.3507032096385956,0.6272273659706116,0.3208169937133789,0.6457067728042603,0.38018107414245605,0.6197473406791687,0.37653446197509766,0.6366479992866516,0.36225011944770813,0.6477982997894287,0.3376082479953766,0.6812810897827148,0.38207384943962097,0.6416974067687988,0.40743303298950195,0.6235907673835754,0.42814087867736816,0.6061899065971375,J
0.26122820377349854,0.7358769178390503,0.2624572217464447,0.670700192451477,0.2856411635875702,0.614700198173523,0.32387638092041016,0.597345232963562,0.3498769998550415,0.6139087080955505,0.28660640120506287,0.5751503109931946,0.3496316969394684,0.5610586404800415,0.3457942605018616,0.588228166103363,0.3310686945915222,0.5994917154312134,0.3025282025337219,0.6092574596405029,0.36700060963630676,0.5903022885322571,0.36236560344696045,0.6150005459785461,0.35018637776374817,0.6265107989311218,0.32027682662010193,0.6463629007339478,0.37950649857521057,0.6195061802864075,0.3754213750362396,0.6365894675254822,0.36121174693107605,0.6481850743293762,0.33680689334869385,0.6821421980857849,0.3821547031402588,0.642564058303833,0.4075503647327423,0.62446129322052,0.42836302518844604,0.6067936420440674,J
0.26088351011276245,0.7386913299560547,0.2601134181022644,0.6731271147727966,0.28361961245536804,0.6165333390235901,0.32216334342956543,0.6000576019287109,0.34815695881843567,0.6181663274765015,0.28448134660720825,0.5765978693962097,0.34772077202796936,0.5616008639335632,0.34300100803375244,0.5886121988296509,0.327838659286499,0.600788950920105,0.3014121651649475,0.6111370325088501,0.3653193712234497,0.5908072590827942,0.3601299524307251,0.6146378517150879,0.34754878282546997,0.627045214176178,0.31973305344581604,0.6480777263641357,0.37826067209243774,0.6199499368667603,0.37435388565063477,0.635848879814148,0.36029428243637085,0.6472977995872498,0.3366779386997223,0.6832195520401001,0.38071927428245544,0.642022967338562,0.40550458431243896,0.6228227615356445,0.4256253242492676,0.6049594879150391,J
0.25967544317245483,0.744022786617279,0.2596901059150696,0.6784314513206482,0.2833484411239624,0.6211245656013489,0.3219921290874481,0.60243159532547,0.3492557108402252,0.6177954077720642,0.28450092673301697,0.5799716711044312,0.3477645516395569,0.5647247433662415,0.3433651030063629,0.5924121141433716,0.32827675342559814,0.6041443347930908,0.30150696635246277,0.6138635873794556,0.36545249819755554,0.5939508080482483,0.3600226938724518,0.6187472939491272,0.34705597162246704,0.6305381655693054,0.31989070773124695,0.6509652733802795,0.3781200051307678,0.6238740682601929,0.3723943531513214,0.6418870687484741,0.356706440448761,0.6536956429481506,0.3367011845111847,0.6867147088050842,0.381348192691803,0.6456525921821594,0.4065043330192566,0.625943660736084,0.4268301725387573,0.6068377494812012,J
0.2586408853530884,0.7415579557418823,0.25962939858436584,0.6764294505119324,0.2828370928764343,0.620637059211731,0.3210214674472809,0.6045278310775757,0.3465970456600189,0.621634304523468,0.28425246477127075,0.577122688293457,0.3477097451686859,0.563502311706543,0.3434504270553589,0.5912306904792786,0.32865458726882935,0.6029101610183716,0.2999062240123749,0.6109135746955872,0.36488279700279236,0.5924399495124817,0.35954388976097107,0.6175543665885925,0.3468782305717468,0.6299034953117371,0.3172593116760254,0.6482359766960144,0.37757977843284607,0.6218330264091492,0.3728562295436859,0.6383196711540222,0.35792076587677,0.6499375700950623,0.3337472379207611,0.6844958066940308,0.3787189722061157,0.6433864235877991,0.40431907773017883,0.6237329244613647,0.42560887336730957,0.6051667332649231,J
0.2589888274669647,0.7457972764968872,0.25915390253067017,0.6803827881813049,0.2806376516819,0.6233213543891907,0.31692856550216675,0.6051731705665588,0.3433992266654968,0.6228525638580322,0.2840784788131714,0.5810768604278564,0.34710532426834106,0.5662457942962646,0.34332001209259033,0.5941932797431946,0.32868480682373047,0.6054492592811584,0.3010232448577881,0.6140384674072266,0.36499515175819397,0.5952231287956238,0.3598026931285858,0.620744526386261,0.34707993268966675,0.6318390369415283,0.3192153573036194,0.6509717702865601,0.37726256251335144,0.6246678233146667,0.3713451623916626,0.6433149576187134,0.35571345686912537,0.6550453901290894,0.3357797861099243,0.6873159408569336,0.38066810369491577,0.6465141177177429,0.4057343006134033,0.6273341178894043,0.42601680755615234,0.6083457469940186,J
0.2579217255115509,0.7452594637870789,0.2588621973991394,0.6802448034286499,0.28098875284194946,0.6231713891029358,0.3181087374687195,0.6054584980010986,0.3438754975795746,0.6227500438690186,0.2838095724582672,0.5811887979507446,0.3477221131324768,0.5665159821510315,0.3434872329235077,0.5938398838043213,0.328085720539093,0.6053299307823181,0.29951784014701843,0.6150416731834412,0.36496201157569885,0.5949886441230774,0.3594502806663513,0.6200575828552246,0.34603792428970337,0.63198322057724,0.31698688864707947,0.6522261500358582,0.37689492106437683,0.6238699555397034,0.37169671058654785,0.6411256790161133,0.3560549020767212,0.6533655524253845,0.3335161805152893,0.6883244514465332,0.37922871112823486,0.6467437744140625,0.4048879146575928,0.6272262334823608,0.425688773393631,0.6087173819541931,J
0.25721651315689087,0.7466938495635986,0.25760582089424133,0.680073082447052,0.28045913577079773,0.6235714554786682,0.31832176446914673,0.6060147881507874,0.3440976142883301,0.6237298250198364,0.2823161482810974,0.5820773243904114,0.34607449173927307,0.5666952133178711,0.34165847301483154,0.5946655869483948,0.32643404603004456,0.6068109273910522,0.29928064346313477,0.6157687306404114,0.36356568336486816,0.5952286124229431,0.35794347524642944,0.6199235320091248,0.34462398290634155,0.6319666504859924,0.31760478019714355,0.6530187726020813,0.37652501463890076,0.624254584312439,0.3716357946395874,0.6406816840171814,0.35631704330444336,0.6523007750511169,0.33454781770706177,0.6892483830451965,0.3790144920349121,0.6470248699188232,0.40378281474113464,0.6274892687797546,0.42364510893821716,0.6089016795158386,J
0.260347455739975,0.7462256550788879,0.26086848974227905,0.6820580959320068,0.2836949825286865,0.6256166100502014,0.3211253583431244,0.6065468192100525,0.3476960361003876,0.6206995248794556,0.2852824628353119,0.5837786197662354,0.3489178717136383,0.5680544376373291,0.34507274627685547,0.5965290069580078,0.3304005265235901,0.6076837778091431,0.30180051922798157,0.6167042255401611,0.3658791780471802,0.5971710085868835,0.36016446352005005,0.6227518916130066,0.3467447757720947,0.633701503276825,0.32003217935562134,0.6530940532684326,0.37790754437446594,0.6263766884803772,0.3713655471801758,0.6460129618644714,0.3553219139575958,0.6579174995422363,0.3366885483264923,0.688596785068512,0.3816335201263428,0.6490819454193115,0.40710410475730896,0.6293388605117798,0.42805665731430054,0.609362006187439,J
0.2598949074745178,0.7478304505348206,0.2599886357784271,0.683836042881012,0.28330764174461365,0.6269294619560242,0.32124122977256775,0.6080130934715271,0.34895962476730347,0.6215759515762329,0.28619641065597534,0.5848594903945923,0.35008570551872253,0.5697717070579529,0.3460955023765564,0.5973431468009949,0.33142080903053284,0.6087692379951477,0.303132563829422,0.6182577610015869,0.36794692277908325,0.5990090370178223,0.36212319135665894,0.6239354610443115,0.34897029399871826,0.6351404190063477,0.32121971249580383,0.6549779772758484,0.37975263595581055,0.6286191344261169,0.37316325306892395,0.6475203633308411,0.35729601979255676,0.6594945192337036,0.3372277319431305,0.6906105279922485,0.3821638226509094,0.651276707649231,0.4073305130004883,0.63181072473526,0.4279515743255615,0.6123059988021851,J
0.2586720585823059,0.747353196144104,0.2595578730106354,0.6818398833274841,0.28215986490249634,0.6260728240013123,0.31929129362106323,0.609781801700592,0.3442189693450928,0.6269460916519165,0.2854722738265991,0.5816935300827026,0.3488008379936218,0.5679899454116821,0.34441566467285156,0.5959462523460388,0.3295201063156128,0.6075341105461121,0.30199527740478516,0.6144912242889404,0.3666348159313202,0.5967041850090027,0.3607431650161743,0.6226376295089722,0.3475593626499176,0.6350409388542175,0.31989094614982605,0.6515135765075684,0.3793373703956604,0.6265111565589905,0.3739776909351349,0.6440023183822632,0.35862019658088684,0.655518651008606,0.3364383578300476,0.6879319548606873,0.3817833662033081,0.6472247242927551,0.4074952006340027,0.6281927824020386,0.4287290573120117,0.609597384929657,J
0.2579483091831207,0.746488094329834,0.25957369804382324,0.6810829639434814,0.2830260396003723,0.6246907114982605,0.32063981890678406,0.6078988909721375,0.34704822301864624,0.6245303750038147,0.285819411277771,0.5822982788085938,0.3497938811779022,0.5681573152542114,0.34543752670288086,0.5955275297164917,0.3302590250968933,0.6069443225860596,0.3016993999481201,0.6160040497779846,0.36688005924224854,0.5966519713401794,0.36114266514778137,0.6219661235809326,0.3478924632072449,0.6341948509216309,0.3192119002342224,0.6533250212669373,0.3786049485206604,0.6262797713279724,0.37265023589134216,0.6441429853439331,0.3566581606864929,0.6565303206443787,0.33555981516838074,0.6899653077125549,0.381229043006897,0.6490641832351685,0.4071054756641388,0.6298137307167053,0.42819756269454956,0.6114307641983032,J
0.25930169224739075,0.7466782331466675,0.2602634131908417,0.6821690201759338,0.28257691860198975,0.6252998113632202,0.31984221935272217,0.6070593595504761,0.3455958664417267,0.622717559337616,0.28583675622940063,0.5824620127677917,0.3500393033027649,0.5678409337997437,0.34620043635368347,0.5951377749443054,0.33117547631263733,0.6059443950653076,0.3020409047603607,0.6155173182487488,0.3674895167350769,0.5961484909057617,0.36202317476272583,0.6217162013053894,0.34864890575408936,0.6333281397819519,0.3196568787097931,0.6525965332984924,0.3790813088417053,0.6259055733680725,0.37328723073005676,0.6442104578018188,0.3572790324687958,0.6562894582748413,0.3359942138195038,0.6890404224395752,0.382138192653656,0.6487212777137756,0.4079733192920685,0.6293843984603882,0.4289304316043854,0.6103199124336243,J
0.2593652009963989,0.7447588443756104,0.2603321075439453,0.6796631813049316,0.28455665707588196,0.6229522824287415,0.3233860731124878,0.6069620847702026,0.34875935316085815,0.6242746710777283,0.2859692871570587,0.5809665322303772,0.34994783997535706,0.567969024181366,0.3452131152153015,0.5949987173080444,0.3301084637641907,0.6063787937164307,0.3021228313446045,0.615756630897522,0.36716896295547485,0.5967629551887512,0.3610800504684448,0.6208380460739136,0.3475745618343353,0.6329039931297302,0.3196023404598236,0.6534169316291809,0.37922805547714233,0.6271867752075195,0.3732360601425171,0.6430953741073608,0.3570706248283386,0.6542572379112244,0.336006760597229,0.6896045804023743,0.3808709681034088,0.6481003761291504,0.40628480911254883,0.6282516717910767,0.4270419478416443,0.610049843788147,J
0.2589779496192932,0.7473709583282471,0.2593768239021301,0.6828076243400574,0.28121888637542725,0.625530481338501,0.3180288076400757,0.6072925329208374,0.34280824661254883,0.6234754323959351,0.2841227948665619,0.5815933346748352,0.3478676676750183,0.5670221447944641,0.34412911534309387,0.5946792364120483,0.3291495144367218,0.6067918539047241,0.3004257380962372,0.6147205829620361,0.36528176069259644,0.5960891246795654,0.3600808084011078,0.6215733885765076,0.3469729423522949,0.6339676380157471,0.3183823525905609,0.651743471622467,0.3778403401374817,0.6252790093421936,0.37256577610969543,0.6422252655029297,0.3568982183933258,0.6540302634239197,0.33515799045562744,0.6877156496047974,0.38059982657432556,0.6459183096885681,0.40617460012435913,0.625705361366272,0.42691975831985474,0.6063605546951294,J
0.2648998200893402,0.7446155548095703,0.26185646653175354,0.6775515079498291,0.2829291522502899,0.6216315627098083,0.3209671378135681,0.6059538722038269,0.3462947905063629,0.6225826740264893,0.2797500789165497,0.5813373327255249,0.3437117636203766,0.5609584450721741,0.341579794883728,0.5889236330986023,0.3286792039871216,0.6021848320960999,0.29734817147254944,0.6143320798873901,0.3622364401817322,0.5898076295852661,0.359519898891449,0.614311695098877,0.3480225205421448,0.6296088099479675,0.31733471155166626,0.6500160694122314,0.376833975315094,0.6180866360664368,0.3783562481403351,0.6307533383369446,0.3688201308250427,0.6408966779708862,0.3369675278663635,0.6833787560462952,0.3787417411804199,0.6379162073135376,0.4027450680732727,0.6161237359046936,0.4231991767883301,0.5966160297393799,J
0.27219146490097046,0.7474963068962097,0.26764631271362305,0.6814457178115845,0.28572291135787964,0.6228011846542358,0.32353198528289795,0.6013363599777222,0.35046181082725525,0.6162837147712708,0.27856144309043884,0.5838298201560974,0.34040889143943787,0.5573779344558716,0.33948683738708496,0.5874528288841248,0.32559216022491455,0.6025527119636536,0.2972375750541687,0.6144860982894897,0.3595224916934967,0.584101140499115,0.35815370082855225,0.6106436848640442,0.3463808596134186,0.6255224347114563,0.3188283443450928,0.6480915546417236,0.37497180700302124,0.6106587648391724,0.3744259178638458,0.6285940408706665,0.36167094111442566,0.6423157453536987,0.34042999148368835,0.6804102063179016,0.3799094259738922,0.6306687593460083,0.4032082259654999,0.6059437990188599,0.42188265919685364,0.5833199620246887,J
0.27135664224624634,0.7436831593513489,0.2673250734806061,0.6786412596702576,0.2872151732444763,0.6198382377624512,0.3270711600780487,0.5952848196029663,0.3559799790382385,0.6065022349357605,0.27766162157058716,0.5814290046691895,0.340953528881073,0.5531805157661438,0.3408351242542267,0.5839917659759521,0.3276897072792053,0.5993019938468933,0.29646170139312744,0.6105743646621704,0.3603306710720062,0.5786565542221069,0.3595268726348877,0.6056734323501587,0.3485279381275177,0.6204158067703247,0.3183933198451996,0.6424692869186401,0.3759925365447998,0.6042665243148804,0.3763113021850586,0.6230735778808594,0.36468780040740967,0.6364624500274658,0.34010204672813416,0.6738751530647278,0.37946879863739014,0.625822126865387,0.40242981910705566,0.6018218994140625,0.42107629776000977,0.579457700252533,J
0.26912394165992737,0.727403998374939,0.26137906312942505,0.6636830568313599,0.2749468684196472,0.6048137545585632,0.3107243776321411,0.5793716907501221,0.3402963876724243,0.5895751118659973,0.2655249536037445,0.5691925883293152,0.32736873626708984,0.5350714325904846,0.32862022519111633,0.5642138719558716,0.3158254027366638,0.5768172740936279,0.284272700548172,0.5962511301040649,0.3477848172187805,0.5567919611930847,0.3476710617542267,0.5853974223136902,0.3359668552875519,0.601047933101654,0.3072251081466675,0.6251418590545654,0.3635675311088562,0.5809109807014465,0.36284953355789185,0.6026932597160339,0.34965965151786804,0.6179974675178528,0.3307325839996338,0.652525007724762,0.3704180121421814,0.6015242338180542,0.3933948874473572,0.5740206837654114,0.41135698556900024,0.5466315746307373,J
0.27024003863334656,0.7252966165542603,0.2588772177696228,0.6628290414810181,0.2689207196235657,0.6012035608291626,0.30277517437934875,0.5743914842605591,0.3312481641769409,0.5884946584701538,0.2606114447116852,0.5661835074424744,0.3213143050670624,0.5312200784683228,0.3219853341579437,0.5604305863380432,0.3097657263278961,0.5769322514533997,0.2814537286758423,0.5935667157173157,0.3425180912017822,0.5541858673095703,0.341996967792511,0.580111026763916,0.33156096935272217,0.5963577628135681,0.3054320514202118,0.6226359009742737,0.3593544363975525,0.5791796445846558,0.358675479888916,0.5965772867202759,0.3465733528137207,0.6112874746322632,0.32946857810020447,0.6500512957572937,0.36608508229255676,0.5962150692939758,0.38658201694488525,0.568130373954773,0.40289032459259033,0.5425887107849121,J
0.26143354177474976,0.7120386362075806,0.2536768317222595,0.6519812345504761,0.26602351665496826,0.5921493768692017,0.301043838262558,0.5670045614242554,0.3299502730369568,0.5790339708328247,0.25662314891815186,0.5534493923187256,0.3211054801940918,0.5206043124198914,0.32245075702667236,0.5511953234672546,0.3095395863056183,0.5659714341163635,0.2737377882003784,0.5827456712722778,0.3400566875934601,0.5435742139816284,0.33887386322021484,0.5722804665565491,0.3273580074310303,0.5880315899848938,0.2949163317680359,0.6138129234313965,0.35493868589401245,0.570953905582428,0.35112836956977844,0.5909378528594971,0.3362351059913635,0.6061904430389404,0.3169243633747101,0.6430895328521729,0.3588147759437561,0.5924771428108215,0.38187187910079956,0.5660233497619629,0.40049779415130615,0.5408281683921814,J
0.25248196721076965,0.7033623456954956,0.24787497520446777,0.6431875228881836,0.2611881494522095,0.5843861699104309,0.29541540145874023,0.5583695769309998,0.32462334632873535,0.5687779784202576,0.25322163105010986,0.5448167324066162,0.3205839693546295,0.5161659717559814,0.3217175602912903,0.5469544529914856,0.30811697244644165,0.5604453682899475,0.26817786693573,0.5753172636032104,0.33823585510253906,0.5395010709762573,0.33728858828544617,0.5689290761947632,0.3254009485244751,0.5829201936721802,0.28752845525741577,0.6079698801040649,0.35063326358795166,0.5673368573188782,0.34748148918151855,0.5885577201843262,0.33286285400390625,0.6031005382537842,0.30831682682037354,0.6391469240188599,0.3540511429309845,0.5919324159622192,0.3787173628807068,0.5667606592178345,0.3981185853481293,0.5410332083702087,J
0.25757890939712524,0.7151555418968201,0.25333139300346375,0.6517992615699768,0.27100276947021484,0.5926743745803833,0.30862435698509216,0.5692848563194275,0.3392132818698883,0.5846841335296631,0.2627622187137604,0.5565261244773865,0.3298889398574829,0.5273350477218628,0.3300850987434387,0.5582365393638611,0.316148966550827,0.5719093680381775,0.27724242210388184,0.5863128900527954,0.34622687101364136,0.5545016527175903,0.3445430397987366,0.5827091932296753,0.3322486877441406,0.5962516069412231,0.29653531312942505,0.6190895438194275,0.35803401470184326,0.5831518173217773,0.3549462854862213,0.6031106114387512,0.3405052423477173,0.6155886650085449,0.3174920976161957,0.65121990442276,0.36248844861984253,0.6070047616958618,0.38710588216781616,0.5838549137115479,0.40648728609085083,0.5600028038024902,J
0.2582237422466278,0.7266891598701477,0.2568504214286804,0.6594145894050598,0.278354674577713,0.6030679941177368,0.31887245178222656,0.5834603309631348,0.35122188925743103,0.5989919304847717,0.2709369957447052,0.5681284666061401,0.3367963135242462,0.5418221950531006,0.33720284700393677,0.5715660452842712,0.32419949769973755,0.5859159231185913,0.28620201349258423,0.5987095832824707,0.3539096713066101,0.5703588724136353,0.3523549437522888,0.5976857542991638,0.3408387303352356,0.612108051776886,0.30529922246932983,0.632943868637085,0.36661019921302795,0.5974805355072021,0.36577486991882324,0.6167356967926025,0.3537903428077698,0.6297724843025208,0.3245590031147003,0.6667463779449463,0.36841967701911926,0.6232083439826965,0.39303815364837646,0.6021384000778198,0.41282087564468384,0.5802400708198547,J
0.25950750708580017,0.7310822606086731,0.2588983178138733,0.6648894548416138,0.27990037202835083,0.6067419052124023,0.31937918066978455,0.5841681361198425,0.3488610088825226,0.5982279777526855,0.27230554819107056,0.5732443928718567,0.3385632634162903,0.5499319434165955,0.33719807863235474,0.5788715481758118,0.3236529529094696,0.592380702495575,0.28793632984161377,0.60506272315979,0.3552796244621277,0.5766974687576294,0.35353603959083557,0.6037758588790894,0.34244343638420105,0.6169756650924683,0.3071865737438202,0.6396061778068542,0.36867693066596985,0.6045767664909363,0.3665866255760193,0.6232512593269348,0.35302233695983887,0.6354012489318848,0.3264904022216797,0.6730471253395081,0.37169358134269714,0.6284163594245911,0.39727962017059326,0.6059193015098572,0.4175340533256531,0.5834943056106567,J
0.2571628987789154,0.7442401051521301,0.2565051317214966,0.6805277466773987,0.2771322727203369,0.6210801601409912,0.3155496120452881,0.59574955701828,0.34428828954696655,0.6088354587554932,0.27039262652397156,0.5849443674087524,0.33630213141441345,0.5594476461410522,0.33490443229675293,0.5890539884567261,0.3205939829349518,0.6024974584579468,0.2861274778842926,0.6165459752082825,0.3531428873538971,0.5857439637184143,0.3509428799152374,0.6147289872169495,0.33840301632881165,0.628596305847168,0.30552926659584045,0.6515631675720215,0.3659767210483551,0.6135873198509216,0.3634386658668518,0.6341291069984436,0.34865644574165344,0.6479661464691162,0.3249189853668213,0.685584306716919,0.3697741627693176,0.6398050785064697,0.3960198163986206,0.6168415546417236,0.4164403975009918,0.5945141315460205,J
0.2564775347709656,0.731884777545929,0.2533358633518219,0.668276846408844,0.27147912979125977,0.6104150414466858,0.30858391523361206,0.591428816318512,0.3354448676109314,0.6076602935791016,0.2656671404838562,0.5735393762588501,0.33281853795051575,0.5487757325172424,0.331899493932724,0.5775694251060486,0.31788167357444763,0.5899282693862915,0.28189653158187866,0.6065671443939209,0.3513054847717285,0.5766463875770569,0.3483163118362427,0.6025428771972656,0.33502569794654846,0.6164570450782776,0.3011748790740967,0.641567587852478,0.3638836145401001,0.6067143678665161,0.3603755533695221,0.6234580874443054,0.3451560139656067,0.6350530385971069,0.32088446617126465,0.6740973591804504,0.365675687789917,0.6281487941741943,0.39070770144462585,0.6040647029876709,0.4107937812805176,0.5813436508178711,J
0.2566524147987366,0.7147531509399414,0.25309208035469055,0.6526226997375488,0.27014434337615967,0.5950958728790283,0.30695629119873047,0.5749386548995972,0.33378300070762634,0.5910307168960571,0.26387688517570496,0.5584279894828796,0.33091700077056885,0.534049391746521,0.32970497012138367,0.5626747608184814,0.31659331917762756,0.5747981667518616,0.2795656621456146,0.5902701020240784,0.34856489300727844,0.5614144802093506,0.34533771872520447,0.587668240070343,0.3340650498867035,0.6008793115615845,0.2987481951713562,0.6238725185394287,0.36200153827667236,0.5902447700500488,0.3587542772293091,0.607287585735321,0.34514495730400085,0.618777334690094,0.3189302384853363,0.6552838087081909,0.36341437697410583,0.6109738945960999,0.38867369294166565,0.58833247423172,0.4100654125213623,0.5662308931350708,J
0.2533304691314697,0.7072940468788147,0.2513916492462158,0.6449787616729736,0.27090558409690857,0.5881364345550537,0.308966726064682,0.5682434439659119,0.3362799882888794,0.5834823846817017,0.26321667432785034,0.547786295413971,0.329623818397522,0.526447057723999,0.32785752415657043,0.5576492547988892,0.31378617882728577,0.5707720518112183,0.27842241525650024,0.5791355967521667,0.34636035561561584,0.552554190158844,0.34296900033950806,0.5804021954536438,0.33100199699401855,0.5928300619125366,0.2971830666065216,0.6134020090103149,0.35875463485717773,0.581516683101654,0.3559112548828125,0.6005577445030212,0.3422207236289978,0.6124709844589233,0.31666430830955505,0.6463927626609802,0.36054348945617676,0.6012788414955139,0.38537201285362244,0.5793960094451904,0.4057672619819641,0.557956337928772,J
0.25413694977760315,0.7108949422836304,0.25190332531929016,0.6477176547050476,0.2704896926879883,0.5887312293052673,0.30855515599250793,0.5652393102645874,0.33666250109672546,0.5797670483589172,0.26292794942855835,0.5496876239776611,0.32916051149368286,0.5281050801277161,0.32744792103767395,0.5587438941001892,0.31302398443222046,0.5719598531723022,0.27813753485679626,0.5805002450942993,0.34534814953804016,0.55344158411026,0.3430958688259125,0.5817673206329346,0.3313566744327545,0.5942893028259277,0.29732373356819153,0.6144163012504578,0.35834410786628723,0.5814323425292969,0.35476869344711304,0.6016724109649658,0.33971893787384033,0.614257276058197,0.31723862886428833,0.6471396684646606,0.3623613119125366,0.6033042669296265,0.38793492317199707,0.5808655023574829,0.4082579016685486,0.5584284663200378,J
0.25883036851882935,0.7190387845039368,0.2568228244781494,0.6545308232307434,0.27461501955986023,0.5961139798164368,0.31136447191238403,0.5741254687309265,0.3391394317150116,0.590997576713562,0.26852309703826904,0.5605884790420532,0.3350646495819092,0.5365793108940125,0.33298563957214355,0.5668266415596008,0.3189846873283386,0.5796456336975098,0.2835666835308075,0.5912839770317078,0.3512192666530609,0.5623437762260437,0.34847432374954224,0.5903934240341187,0.33690404891967773,0.6025968790054321,0.30286771059036255,0.6246865391731262,0.3642690181732178,0.5902109742164612,0.36147621273994446,0.6096218228340149,0.34736207127571106,0.6211627125740051,0.3233298659324646,0.6572367548942566,0.3668651282787323,0.6122468709945679,0.39195314049720764,0.5903669595718384,0.41247546672821045,0.568589448928833,J
0.25768527388572693,0.73041170835495,0.2564009726047516,0.6646396517753601,0.2781200706958771,0.6074726581573486,0.3188234865665436,0.5858643651008606,0.34853801131248474,0.6016858816146851,0.27060818672180176,0.5711536407470703,0.33629339933395386,0.548824667930603,0.3341093957424164,0.5788065195083618,0.32015499472618103,0.5929189324378967,0.28642338514328003,0.601922869682312,0.35316169261932373,0.5738844275474548,0.35050827264785767,0.6017684936523438,0.3389720618724823,0.6156204342842102,0.305968314409256,0.6359879970550537,0.36734259128570557,0.6003961563110352,0.3657635748386383,0.6194296479225159,0.3527877926826477,0.6324049234390259,0.32595157623291016,0.6696938276290894,0.3683395981788635,0.6242389678955078,0.39321044087409973,0.6024847626686096,0.4136081039905548,0.5815203189849854,J
0.25705021619796753,0.7313726544380188,0.2541581392288208,0.6667682528495789,0.27399206161499023,0.6073225736618042,0.3117853105068207,0.584721565246582,0.3394634425640106,0.5993200540542603,0.27027595043182373,0.5706387758255005,0.3349274694919586,0.5487461090087891,0.33277902007102966,0.5764279961585999,0.3186526894569397,0.5891936421394348,0.28701967000961304,0.6037527322769165,0.3529983460903168,0.5755126476287842,0.3504136800765991,0.6008907556533813,0.33883267641067505,0.6135836243629456,0.30671125650405884,0.6391259431838989,0.36675071716308594,0.603714644908905,0.3640056550502777,0.6224907636642456,0.3502393066883087,0.6359765529632568,0.3259119987487793,0.6725180745124817,0.36988383531570435,0.6257730722427368,0.3947597146034241,0.6023206114768982,0.4148079454898834,0.5801960825920105,J
0.255569726228714,0.731208086013794,0.2535557746887207,0.6663147211074829,0.27487093210220337,0.6081020832061768,0.3145800828933716,0.5872719287872314,0.34324774146080017,0.6037709712982178,0.27010592818260193,0.5712205767631531,0.3348273038864136,0.5501915216445923,0.33243849873542786,0.578345775604248,0.3184441030025482,0.5910874009132385,0.2874513566493988,0.6038534641265869,0.35299918055534363,0.5772031545639038,0.35025662183761597,0.6021799445152283,0.33877328038215637,0.614341139793396,0.3074541687965393,0.6388630270957947,0.3668118417263031,0.6055001616477966,0.3646125793457031,0.6235107779502869,0.351358562707901,0.6360559463500977,0.3269799053668976,0.6719741225242615,0.3706628382205963,0.6264355778694153,0.3952649235725403,0.6038522720336914,0.4149794578552246,0.582539975643158,J
0.2557978630065918,0.7275642156600952,0.25402867794036865,0.6624258756637573,0.2772444188594818,0.6047566533088684,0.3186614513397217,0.5846478343009949,0.34656843543052673,0.6004713773727417,0.2702105939388275,0.5689351558685303,0.335814893245697,0.5476943254470825,0.3331122100353241,0.5764382481575012,0.3192606270313263,0.5895228385925293,0.28711915016174316,0.6018346548080444,0.3535534143447876,0.5749343037605286,0.35050782561302185,0.5994814038276672,0.33886200189590454,0.612322986125946,0.30694571137428284,0.6368260979652405,0.3672158420085907,0.6027063131332397,0.36681216955184937,0.6190856695175171,0.3551783561706543,0.6308882236480713,0.3266604542732239,0.6699082851409912,0.369223028421402,0.6245629191398621,0.3934333324432373,0.6026363372802734,0.4133785665035248,0.5824224948883057,J
