0.3548577129840851,0.818403959274292,0.39010298252105713,0.7490700483322144,0.394086629152298,0.6784012317657471,0.3867616355419159,0.6265453100204468,0.382132351398468,0.57692950963974,0.3379078805446625,0.6295246481895447,0.3490554988384247,0.5649580955505371,0.3511838912963867,0.5192537903785706,0.35087263584136963,0.4805317521095276,0.32027941942214966,0.6431244015693665,0.38082969188690186,0.5974119901657104,0.4263158142566681,0.5982325077056885,0.4555892050266266,0.5991916656494141,0.3140067458152771,0.6666766405105591,0.3804900348186493,0.63946133852005,0.3872072398662567,0.68539959192276,0.37801286578178406,0.7111071944236755,0.31708166003227234,0.6942134499549866,0.37213781476020813,0.6724117398262024,0.3786097764968872,0.7049190402030945,0.36774230003356934,0.7247761487960815,H
0.3554792106151581,0.8191150426864624,0.39012354612350464,0.7490478754043579,0.39408209919929504,0.6789707541465759,0.38703814148902893,0.6271849274635315,0.3825555741786957,0.577499270439148,0.33771631121635437,0.6309195160865784,0.3485089838504791,0.5656919479370117,0.35073503851890564,0.5193442106246948,0.35036611557006836,0.4802667498588562,0.32013529539108276,0.6441857814788818,0.38031211495399475,0.5971093773841858,0.4264715909957886,0.5977826118469238,0.45597609877586365,0.5996435284614563,0.3138168454170227,0.6672266721725464,0.3802434504032135,0.6390881538391113,0.3878738284111023,0.6854948997497559,0.3787984549999237,0.7117515802383423,0.3169320225715637,0.6941083073616028,0.37165868282318115,0.672113299369812,0.3782672584056854,0.7049499154090881,0.36704492568969727,0.7249749898910522,H
0.35536131262779236,0.8164314031600952,0.3902379870414734,0.7466911673545837,0.3934573531150818,0.6766741871833801,0.3857901692390442,0.625101625919342,0.38187795877456665,0.5757310390472412,0.3370545506477356,0.6293236017227173,0.34791967272758484,0.5633957386016846,0.3500073254108429,0.5168163180351257,0.3490264117717743,0.47771182656288147,0.319598913192749,0.6429169774055481,0.3794562816619873,0.594879150390625,0.4258699417114258,0.5961788892745972,0.4555472433567047,0.5991421937942505,0.3135690689086914,0.6657335162162781,0.3802720010280609,0.6379560828208923,0.3883586823940277,0.684744119644165,0.38003671169281006,0.7119182348251343,0.31699684262275696,0.6924537420272827,0.37188810110092163,0.6704685688018799,0.37884339690208435,0.7032954692840576,0.3682079613208771,0.7237923741340637,H
0.35992109775543213,0.813046395778656,0.3958212733268738,0.7424418926239014,0.39849555492401123,0.6737542748451233,0.39077118039131165,0.6237954497337341,0.3867683708667755,0.5761519074440002,0.34453731775283813,0.6233507990837097,0.35513144731521606,0.5592073202133179,0.3570024073123932,0.5133556723594666,0.35669660568237305,0.47427284717559814,0.32621172070503235,0.6364253759384155,0.386726975440979,0.5927519798278809,0.43137413263320923,0.5945774912834167,0.46038055419921875,0.596617579460144,0.31982144713401794,0.6599617004394531,0.3856458365917206,0.6368507146835327,0.3923344612121582,0.6824086308479309,0.38364943861961365,0.7075639963150024,0.3231135904788971,0.688084065914154,0.3761504888534546,0.6692546606063843,0.3823108673095703,0.7010050415992737,0.3720216155052185,0.7194925546646118,H
0.3612852096557617,0.8205755949020386,0.39722490310668945,0.7510558366775513,0.4024842381477356,0.6800644397735596,0.39604276418685913,0.6279679536819458,0.39116114377975464,0.5783888697624207,0.3474884629249573,0.6297888159751892,0.35812637209892273,0.5637797117233276,0.3598845303058624,0.5182007551193237,0.35919928550720215,0.47908997535705566,0.32972458004951477,0.6428084969520569,0.389041930437088,0.5970943570137024,0.43431705236434937,0.5983307361602783,0.46444761753082275,0.6017612218856812,0.3226693868637085,0.6659554839134216,0.38913536071777344,0.6416523456573486,0.3956316411495209,0.6892288327217102,0.3870495557785034,0.7160401344299316,0.3252491056919098,0.693113386631012,0.3807750344276428,0.6721490025520325,0.3868395686149597,0.70571368932724,0.37628868222236633,0.7265340089797974,H
0.36345022916793823,0.8191389441490173,0.3986769914627075,0.7505773305892944,0.40340447425842285,0.6780000329017639,0.39576634764671326,0.6259431838989258,0.3896314203739166,0.5745153427124023,0.34731826186180115,0.6283556818962097,0.3571572005748749,0.5610853433609009,0.3584310710430145,0.5136888027191162,0.35730835795402527,0.4736259877681732,0.3286077082157135,0.6409552693367004,0.3896481990814209,0.594061017036438,0.43591436743736267,0.5885135531425476,0.4666651487350464,0.5862290859222412,0.31975582242012024,0.6649293303489685,0.38757747411727905,0.6387926340103149,0.39577391743659973,0.6880820393562317,0.38903558254241943,0.7171174883842468,0.32142314314842224,0.6941484808921814,0.3767954409122467,0.6723388433456421,0.38383662700653076,0.7063232660293579,0.3736323118209839,0.7277086973190308,H
0.3670731484889984,0.8200516700744629,0.4037468433380127,0.7478622198104858,0.4096565246582031,0.6765716075897217,0.4026924669742584,0.6242583990097046,0.3963557481765747,0.5737473368644714,0.35628944635391235,0.6255103349685669,0.36638498306274414,0.5599603652954102,0.3681802451610565,0.5139736533164978,0.36796659231185913,0.4741556644439697,0.3364048898220062,0.6385611295700073,0.398558646440506,0.595309317111969,0.44288063049316406,0.5945079922676086,0.47252100706100464,0.5944271683692932,0.32737863063812256,0.6630244851112366,0.39422184228897095,0.6407821774482727,0.3994729518890381,0.6884605288505554,0.39045995473861694,0.7142053842544556,0.3281291425228119,0.692754864692688,0.3828912079334259,0.6740151643753052,0.38865959644317627,0.7075754404067993,0.37794625759124756,0.7265588045120239,H
0.3755376636981964,0.8172929286956787,0.4111325740814209,0.7469180822372437,0.41586482524871826,0.6753574013710022,0.4082932770252228,0.6246142387390137,0.40476536750793457,0.5758872032165527,0.3616848289966583,0.6251288056373596,0.37184885144233704,0.5588840246200562,0.37413614988327026,0.5127549171447754,0.3742845952510834,0.47279900312423706,0.3428032696247101,0.638281524181366,0.4041256904602051,0.5939118266105652,0.44886404275894165,0.5893685221672058,0.4790117144584656,0.587235689163208,0.3341769576072693,0.6624844074249268,0.40049058198928833,0.6385833621025085,0.4066770672798157,0.6850717663764954,0.398826539516449,0.7113539576530457,0.3353722393512726,0.6916118264198303,0.38930264115333557,0.6701658964157104,0.39540350437164307,0.703285813331604,0.38528987765312195,0.7236645221710205,H
0.383558452129364,0.812732458114624,0.42266079783439636,0.740764856338501,0.4271649122238159,0.6694303750991821,0.41916942596435547,0.6174100637435913,0.41414234042167664,0.5675191879272461,0.37303081154823303,0.6181086301803589,0.3842209279537201,0.5527441501617432,0.38604095578193665,0.5063413977622986,0.3859742283821106,0.4669720530509949,0.35349240899086,0.6306098103523254,0.4171546697616577,0.5905013084411621,0.4602595567703247,0.590817391872406,0.4875534176826477,0.5891856551170349,0.345053493976593,0.6544867753982544,0.4133213460445404,0.633630096912384,0.41966813802719116,0.6805400252342224,0.41116809844970703,0.7053181529045105,0.3467954397201538,0.6839792728424072,0.4008454382419586,0.6675282120704651,0.4072226285934448,0.7006382942199707,0.3969648480415344,0.7185295820236206,H
0.38720500469207764,0.8060232996940613,0.4251672327518463,0.7363631129264832,0.4300712049007416,0.6643187403678894,0.42335641384124756,0.6111788749694824,0.421768456697464,0.5611783266067505,0.3756241500377655,0.6115579009056091,0.3869277238845825,0.5450304746627808,0.38960936665534973,0.49859338998794556,0.3897651135921478,0.458834707736969,0.35702434182167053,0.6241809725761414,0.419000506401062,0.5777786374092102,0.46468907594680786,0.5755724906921387,0.49454838037490845,0.5754203796386719,0.3489867150783539,0.6479873657226562,0.4159627854824066,0.622550904750824,0.4237220287322998,0.66981041431427,0.4167598485946655,0.6974939107894897,0.3510364294052124,0.6773900985717773,0.4053307771682739,0.6560856699943542,0.4128054976463318,0.6891884803771973,0.40351036190986633,0.7100905776023865,H
0.3940775394439697,0.8046467900276184,0.4312709867954254,0.736233115196228,0.43657127022743225,0.6662467122077942,0.428960919380188,0.6144545674324036,0.4244351387023926,0.5646256804466248,0.3813025653362274,0.6149896383285522,0.39196157455444336,0.546919584274292,0.3947301506996155,0.4998054504394531,0.3950849771499634,0.4596261978149414,0.3633738160133362,0.62700355052948,0.4234480559825897,0.5794132351875305,0.4692545533180237,0.5746674537658691,0.49965840578079224,0.5727710723876953,0.35481855273246765,0.6488850712776184,0.42060279846191406,0.62257981300354,0.42698603868484497,0.6705975532531738,0.4184611439704895,0.6976583003997803,0.3558054268360138,0.675652801990509,0.4103010892868042,0.6550674438476562,0.41648855805397034,0.6901388764381409,0.40591317415237427,0.7111797332763672,H
0.3935026228427887,0.805182933807373,0.4314737915992737,0.7375000715255737,0.4384180009365082,0.6667816638946533,0.43227624893188477,0.613709032535553,0.4273238778114319,0.5634618401527405,0.3836640417575836,0.6143396496772766,0.39502739906311035,0.5479444861412048,0.3978767395019531,0.5013329386711121,0.39832189679145813,0.4615279734134674,0.3651076555252075,0.625819742679596,0.4263540506362915,0.5813243389129639,0.47181928157806396,0.5764043927192688,0.5021079778671265,0.5735081434249878,0.3567807078361511,0.6484131813049316,0.4241786599159241,0.6245142221450806,0.4309878349304199,0.6727884411811829,0.4229629635810852,0.6998738646507263,0.35833221673965454,0.6762484312057495,0.4134102463722229,0.6567695140838623,0.4198349416255951,0.6913015842437744,0.40967223048210144,0.7119433283805847,H
0.39259669184684753,0.8061200976371765,0.4313858151435852,0.7374526262283325,0.4380209743976593,0.6663092374801636,0.4312514066696167,0.613785982131958,0.4256219267845154,0.5626683235168457,0.3835577666759491,0.6163989305496216,0.3959013819694519,0.5501753091812134,0.3989521265029907,0.5037594437599182,0.3994496464729309,0.46419239044189453,0.36526697874069214,0.6284340023994446,0.42626363039016724,0.5847225785255432,0.4723607897758484,0.5810040235519409,0.5030734539031982,0.579326331615448,0.3570427894592285,0.6512234210968018,0.42491525411605835,0.628039538860321,0.4317491054534912,0.6772111058235168,0.42396029829978943,0.7055784463882446,0.3586741089820862,0.6790450215339661,0.41441088914871216,0.6610763669013977,0.42028436064720154,0.6954401135444641,0.4094754755496979,0.7163584232330322,H
0.3922865688800812,0.7992807030677795,0.43090853095054626,0.7334833741188049,0.4386073052883148,0.6622664332389832,0.4333895444869995,0.60923832654953,0.4310930073261261,0.5593434572219849,0.3861027657985687,0.6100901365280151,0.39857587218284607,0.544334888458252,0.40211060643196106,0.49864462018013,0.40311434864997864,0.4595820903778076,0.36738550662994385,0.621493935585022,0.42900794744491577,0.5802022814750671,0.4736846685409546,0.5757936835289001,0.50335693359375,0.5722302198410034,0.3584599196910858,0.6442475318908691,0.42561209201812744,0.6231019496917725,0.43177980184555054,0.6710187196731567,0.42417237162590027,0.6978856921195984,0.3593386113643646,0.6726652979850769,0.4135306775569916,0.6553171873092651,0.4193669557571411,0.6893520951271057,0.40901699662208557,0.7094763517379761,H
0.3920082151889801,0.7960230708122253,0.4307737946510315,0.7314033508300781,0.4386332333087921,0.6610345244407654,0.4321032166481018,0.6089364886283875,0.42714428901672363,0.55818110704422,0.38650786876678467,0.6077842712402344,0.3975478708744049,0.5419503450393677,0.3997880816459656,0.49630117416381836,0.399586021900177,0.45708009600639343,0.36757123470306396,0.6189480423927307,0.42797592282295227,0.5789690017700195,0.4735087752342224,0.5732660293579102,0.5043214559555054,0.569534420967102,0.3578322231769562,0.6415395140647888,0.4243289828300476,0.6205667853355408,0.43020859360694885,0.668724536895752,0.4228536784648895,0.6969691514968872,0.35777318477630615,0.6700628399848938,0.4127067029476166,0.6533403396606445,0.4177384376525879,0.6870630979537964,0.4068796634674072,0.7076218724250793,H
0.3917202651500702,0.7984133362770081,0.4303721487522125,0.7323279976844788,0.4384787082672119,0.6610998511314392,0.43239909410476685,0.6080809831619263,0.42732271552085876,0.5570693016052246,0.3861684203147888,0.6109451055526733,0.39761096239089966,0.5456981658935547,0.40047091245651245,0.5002742409706116,0.40101733803749084,0.4610258936882019,0.3670981228351593,0.6218209862709045,0.42628467082977295,0.5809995532035828,0.47099289298057556,0.5766157507896423,0.5013792514801025,0.5745733380317688,0.3571939766407013,0.6436334252357483,0.42392945289611816,0.6242237091064453,0.429765909910202,0.6736680865287781,0.4222911298274994,0.7025756239891052,0.3571087419986725,0.6709946990013123,0.4121241867542267,0.6563978791236877,0.41709086298942566,0.6905249953269958,0.40625667572021484,0.711338460445404,H
0.3882288932800293,0.7953268885612488,0.4278564751148224,0.7308880090713501,0.435940682888031,0.6609787344932556,0.4299446940422058,0.6084303855895996,0.4266766905784607,0.5580419301986694,0.38412827253341675,0.6080182790756226,0.39585503935813904,0.5414615869522095,0.398820698261261,0.4950876533985138,0.3990112245082855,0.4557386636734009,0.36545005440711975,0.6186637282371521,0.426015704870224,0.5768430233001709,0.47099876403808594,0.5722548365592957,0.5012359023094177,0.5692726373672485,0.3561326265335083,0.6405342817306519,0.42257049679756165,0.6204828023910522,0.428043007850647,0.6687914729118347,0.4202443063259125,0.6962677836418152,0.35640206933021545,0.6685473322868347,0.41047558188438416,0.6521429419517517,0.4154313802719116,0.6858640313148499,0.4045909345149994,0.7058496475219727,H
0.3900492489337921,0.7920862436294556,0.42774897813796997,0.7276314496994019,0.43513941764831543,0.6577556729316711,0.4290171265602112,0.6058415174484253,0.42530930042266846,0.5557477474212646,0.3835411071777344,0.605059802532196,0.3949964642524719,0.5398246645927429,0.39765334129333496,0.494255006313324,0.39787957072257996,0.45529094338417053,0.36515915393829346,0.6158901453018188,0.4245014786720276,0.5758180618286133,0.4696199893951416,0.5704447031021118,0.5002246499061584,0.5671082735061646,0.35565340518951416,0.6376911997795105,0.4214564561843872,0.6165668964385986,0.42814725637435913,0.6639552116394043,0.42157313227653503,0.6918522119522095,0.3556160032749176,0.6655275821685791,0.40992236137390137,0.6486596465110779,0.415276437997818,0.6818587779998779,0.40474188327789307,0.7023738026618958,H
0.388542115688324,0.7913967967033386,0.42694464325904846,0.7271209955215454,0.43471595644950867,0.6565572023391724,0.42854607105255127,0.6033902168273926,0.42451319098472595,0.5531695485115051,0.38352665305137634,0.6039578318595886,0.3950797915458679,0.538141131401062,0.3977821171283722,0.4926331639289856,0.3979336619377136,0.45366185903549194,0.3649251461029053,0.6145544648170471,0.4241385757923126,0.5715709924697876,0.46860694885253906,0.5672541856765747,0.4986228346824646,0.5641607046127319,0.35539308190345764,0.6359257698059082,0.42096826434135437,0.614971935749054,0.4265103042125702,0.6629046201705933,0.4187543988227844,0.6895828247070312,0.35546931624412537,0.6631177663803101,0.4091266989707947,0.6474418044090271,0.4138615131378174,0.6809285879135132,0.4027659595012665,0.7001401782035828,H
0.38781365752220154,0.7927960157394409,0.42577260732650757,0.7286444902420044,0.43406763672828674,0.6583994030952454,0.42843809723854065,0.6053298115730286,0.42527031898498535,0.5550337433815002,0.3815513253211975,0.6060857176780701,0.3938312530517578,0.540022075176239,0.3966711461544037,0.4944791793823242,0.3969835638999939,0.45548659563064575,0.3636314570903778,0.6162277460098267,0.42310631275177,0.5727824568748474,0.46766501665115356,0.5680893659591675,0.4977394938468933,0.5653097033500671,0.3543524444103241,0.6367380619049072,0.42005982995033264,0.6150383353233337,0.42596694827079773,0.6635342836380005,0.4184485077857971,0.691310703754425,0.3546442687511444,0.6629422903060913,0.40855827927589417,0.6463024020195007,0.41361045837402344,0.6803500652313232,0.40280014276504517,0.7009045481681824,H
0.38834917545318604,0.7872896194458008,0.42564645409584045,0.7223244309425354,0.43288904428482056,0.6532683372497559,0.42670440673828125,0.6012794375419617,0.42309924960136414,0.5521332621574402,0.38153746724128723,0.6010707020759583,0.3939496874809265,0.5358567833900452,0.39694976806640625,0.4903411269187927,0.3972412943840027,0.451596736907959,0.36281073093414307,0.6119084358215332,0.42397159337997437,0.5700454115867615,0.46885061264038086,0.5667436122894287,0.4987873136997223,0.5649725198745728,0.3537924885749817,0.6337393522262573,0.42038071155548096,0.6130977869033813,0.4269707500934601,0.66112220287323,0.4200097918510437,0.6888806223869324,0.354486882686615,0.661499559879303,0.40809306502342224,0.6443582773208618,0.41363638639450073,0.6777568459510803,0.40308207273483276,0.698218584060669,H
0.38854509592056274,0.7854413390159607,0.42594876885414124,0.7216175198554993,0.433563232421875,0.6513854265213013,0.4274502992630005,0.5987589359283447,0.4234115481376648,0.5492189526557922,0.3830624222755432,0.5990944504737854,0.394509881734848,0.5341995358467102,0.3974943459033966,0.48924291133880615,0.3979358673095703,0.45090538263320923,0.3644147217273712,0.6097037196159363,0.42292895913124084,0.5678696036338806,0.4670315086841583,0.5641259551048279,0.4966779351234436,0.5617763996124268,0.3548823297023773,0.6314265131950378,0.42061492800712585,0.6117572784423828,0.4270527958869934,0.6594489812850952,0.4198167622089386,0.6859901547431946,0.3549460768699646,0.6588537693023682,0.4087470471858978,0.6436425447463989,0.41435274481773376,0.6769217848777771,0.40389829874038696,0.6961867809295654,H
0.38826271891593933,0.7805520296096802,0.4259941875934601,0.7172380685806274,0.4329335391521454,0.6473552584648132,0.4262429177761078,0.5955708026885986,0.42269018292427063,0.5459487438201904,0.3818911015987396,0.5952901244163513,0.39354121685028076,0.5297142267227173,0.3961029350757599,0.4844532012939453,0.3961118459701538,0.4461006224155426,0.3631611466407776,0.6064926981925964,0.4228803813457489,0.5649749636650085,0.4664009213447571,0.5623338222503662,0.4954686760902405,0.5602978467941284,0.35369306802749634,0.6282356381416321,0.4196304380893707,0.6077868938446045,0.42616257071495056,0.6563456654548645,0.41947266459465027,0.6836082935333252,0.3538479208946228,0.6552731394767761,0.4071809649467468,0.6384260654449463,0.41255298256874084,0.671996533870697,0.40198904275894165,0.6920358538627625,H
0.3916008472442627,0.7824187278747559,0.4274223744869232,0.7213336825370789,0.43544575572013855,0.6487827301025391,0.42932361364364624,0.5965657234191895,0.4249647259712219,0.5470801591873169,0.3859933316707611,0.5968155264854431,0.395618200302124,0.5307610034942627,0.39680084586143494,0.48633742332458496,0.39596328139305115,0.4478093385696411,0.364801824092865,0.606493353843689,0.41960975527763367,0.5658242106437683,0.4614580571651459,0.5641184449195862,0.4892091751098633,0.5616968274116516,0.3511890769004822,0.627013087272644,0.4148866534233093,0.6079028844833374,0.4203406274318695,0.6597115397453308,0.4109974801540375,0.68691086769104,0.3465123772621155,0.6533721089363098,0.39967378973960876,0.6375267505645752,0.40539735555648804,0.672228217124939,0.39340728521347046,0.6912383437156677,H
0.39046475291252136,0.7827853560447693,0.426039457321167,0.7262954711914062,0.4357597827911377,0.6514328718185425,0.43151721358299255,0.5991480350494385,0.4303593635559082,0.5533062219619751,0.39037758111953735,0.5995662212371826,0.3992740213871002,0.5312216281890869,0.40047067403793335,0.48871421813964844,0.4000221788883209,0.45023757219314575,0.3680911660194397,0.6073235273361206,0.41716834902763367,0.5653709769248962,0.4570888578891754,0.5622508525848389,0.4848240613937378,0.5592270493507385,0.35175150632858276,0.624920666217804,0.41028258204460144,0.6059383749961853,0.4152585566043854,0.6587414145469666,0.405263751745224,0.6858630776405334,0.3436591625213623,0.6473086476325989,0.3939530849456787,0.6310459971427917,0.3996224105358124,0.6664355993270874,0.38758131861686707,0.6849598288536072,H
0.38861560821533203,0.7797383069992065,0.42540639638900757,0.7310128808021545,0.4361097812652588,0.654472291469574,0.4318373203277588,0.6015205383300781,0.43528786301612854,0.5603418946266174,0.39660370349884033,0.5973365902900696,0.4049520194530487,0.5303353667259216,0.40456539392471313,0.48865917325019836,0.40299516916275024,0.4507148861885071,0.3725534677505493,0.6040152907371521,0.4140060842037201,0.566583514213562,0.44920188188552856,0.5651945471763611,0.47317129373550415,0.5597217082977295,0.3533145785331726,0.6210278272628784,0.4038357138633728,0.605414867401123,0.40931829810142517,0.6605702638626099,0.3988594114780426,0.6855235695838928,0.34101438522338867,0.6436273455619812,0.38368314504623413,0.6270245313644409,0.39035987854003906,0.662982702255249,0.3779611587524414,0.6792250275611877,H
0.3835928738117218,0.7840421795845032,0.4221227467060089,0.738964319229126,0.43477869033813477,0.6666132807731628,0.42935872077941895,0.6124674081802368,0.434153288602829,0.5684399604797363,0.39847496151924133,0.6064633727073669,0.40579792857170105,0.537838339805603,0.40568363666534424,0.49562883377075195,0.40422430634498596,0.45682084560394287,0.37445294857025146,0.6128675937652588,0.40959349274635315,0.5728583335876465,0.4409015476703644,0.5719485282897949,0.4605710208415985,0.5623374581336975,0.35323065519332886,0.6281154751777649,0.39665791392326355,0.6081168055534363,0.40185922384262085,0.667057991027832,0.39107999205589294,0.6901754140853882,0.3368235230445862,0.6486098170280457,0.3748995065689087,0.6292072534561157,0.38176199793815613,0.6694028973579407,0.3695571720600128,0.6859138011932373,H
0.3821905553340912,0.7843258380889893,0.42131075263023376,0.7400280237197876,0.43598484992980957,0.6724237203598022,0.42992669343948364,0.6192784905433655,0.4325127601623535,0.5727909803390503,0.3999897539615631,0.6081186532974243,0.40725159645080566,0.5402629375457764,0.40697914361953735,0.49734950065612793,0.4056052565574646,0.4589037299156189,0.37553563714027405,0.614866316318512,0.4082612991333008,0.5757232904434204,0.43761247396469116,0.5741655826568604,0.4557884633541107,0.5619553923606873,0.35339832305908203,0.6298022866249084,0.39438217878341675,0.6122807860374451,0.39960503578186035,0.6699430346488953,0.38932645320892334,0.6894136667251587,0.33551889657974243,0.6505388021469116,0.37196028232574463,0.6324998736381531,0.3786787688732147,0.6728127002716064,0.3665464520454407,0.6882668733596802,H
0.3776259124279022,0.7852999567985535,0.4187862277030945,0.7441052198410034,0.4338541030883789,0.6747777462005615,0.42733579874038696,0.6193616390228271,0.43523547053337097,0.5743713974952698,0.4022700786590576,0.6115078330039978,0.4091118574142456,0.5421439409255981,0.40893903374671936,0.49873411655426025,0.4078814685344696,0.46022605895996094,0.3776072561740875,0.6179559230804443,0.40631330013275146,0.5787551999092102,0.43165361881256104,0.5786715745925903,0.4469115436077118,0.5646032691001892,0.35474666953086853,0.6318408250808716,0.3906613886356354,0.6119190454483032,0.39504772424697876,0.670879065990448,0.385570228099823,0.6896916031837463,0.3347710967063904,0.6510809063911438,0.36733514070510864,0.631741464138031,0.37374985218048096,0.6737440228462219,0.36291760206222534,0.6889395117759705,H
0.37375831604003906,0.7829506397247314,0.41496390104293823,0.7444825768470764,0.4317987561225891,0.6762838363647461,0.4237346351146698,0.6210335493087769,0.4283401072025299,0.5747444033622742,0.4038793444633484,0.6119756698608398,0.41006821393966675,0.5413696765899658,0.40822362899780273,0.498134970664978,0.40523168444633484,0.4603007435798645,0.3787051737308502,0.6185586452484131,0.40374991297721863,0.57951819896698,0.42681026458740234,0.5779396891593933,0.4414111375808716,0.5625929832458496,0.3547211289405823,0.6325827836990356,0.3867151737213135,0.6120389699935913,0.3896002471446991,0.6706029176712036,0.3803103268146515,0.6896518468856812,0.33238497376441956,0.6520515084266663,0.36243000626564026,0.6330325603485107,0.36805880069732666,0.6752868294715881,0.35788920521736145,0.6903802752494812,H
0.37011486291885376,0.7841532826423645,0.414571076631546,0.7431289553642273,0.4290543496608734,0.6742649674415588,0.4200807511806488,0.6184334754943848,0.4277777373790741,0.5726659297943115,0.4036341607570648,0.6157163977622986,0.41037818789482117,0.5449708700180054,0.4092857539653778,0.5014360547065735,0.4070148766040802,0.46275556087493896,0.37916991114616394,0.6228190064430237,0.4012497365474701,0.579939603805542,0.4228697717189789,0.5796449184417725,0.4368302822113037,0.565218448638916,0.35451412200927734,0.6365146040916443,0.38329529762268066,0.6127197742462158,0.3851102888584137,0.6719579696655273,0.37558722496032715,0.6892023086547852,0.3306539058685303,0.6552758812904358,0.3572484254837036,0.6339139342308044,0.36199817061424255,0.6764789819717407,0.3514491319656372,0.6905408501625061,H
0.3688242733478546,0.7846307158470154,0.41359812021255493,0.7438346147537231,0.42936640977859497,0.6750149130821228,0.4216472804546356,0.6186790466308594,0.43059012293815613,0.5721696019172668,0.4036770164966583,0.6167891621589661,0.4109630584716797,0.546210527420044,0.4105111360549927,0.5022327899932861,0.40838974714279175,0.4633977711200714,0.37892818450927734,0.6238254904747009,0.4003712236881256,0.5821378827095032,0.4202236235141754,0.58336341381073,0.43227797746658325,0.5702136754989624,0.3539995849132538,0.6371793150901794,0.3820328712463379,0.6147419810295105,0.38307154178619385,0.6729251146316528,0.37361449003219604,0.6895124912261963,0.32962357997894287,0.6551095247268677,0.3560265600681305,0.63438880443573,0.3602321743965149,0.6766854524612427,0.34973347187042236,0.6906362175941467,H
0.3654502034187317,0.781650185585022,0.41180557012557983,0.7451351881027222,0.4276123344898224,0.6757181882858276,0.4182801842689514,0.617933452129364,0.42722970247268677,0.5742242932319641,0.4040866792201996,0.6138756275177002,0.411965012550354,0.5455660820007324,0.4116431474685669,0.5025648474693298,0.40829405188560486,0.4637959599494934,0.3766987919807434,0.6213731169700623,0.395746648311615,0.5851125121116638,0.40946173667907715,0.6023147106170654,0.41334667801856995,0.5945157408714294,0.351273775100708,0.6352019309997559,0.37586161494255066,0.6117660403251648,0.3787548542022705,0.6717479825019836,0.36927592754364014,0.6856740117073059,0.32635343074798584,0.6541962027549744,0.35034069418907166,0.6326940059661865,0.35619407892227173,0.6759315729141235,0.3460392951965332,0.6894396543502808,H
0.36144667863845825,0.7812581658363342,0.40814825892448425,0.7457510828971863,0.42441225051879883,0.6769837737083435,0.4148135781288147,0.6190480589866638,0.42209699749946594,0.5724154114723206,0.4014853835105896,0.6159942746162415,0.409917414188385,0.547276496887207,0.41066694259643555,0.5036006569862366,0.4076944887638092,0.4639935791492462,0.373412162065506,0.6236196756362915,0.39143165946006775,0.5859598517417908,0.4019985496997833,0.6075124144554138,0.4020436406135559,0.6035254597663879,0.3474080264568329,0.6375832557678223,0.3717840015888214,0.6113993525505066,0.37446948885917664,0.6720359325408936,0.36399412155151367,0.6871414184570312,0.3214002549648285,0.6560993790626526,0.34600794315338135,0.6335639953613281,0.35167816281318665,0.6769048571586609,0.34084051847457886,0.6907356977462769,H
0.34591540694236755,0.7818180918693542,0.3905823230743408,0.745654284954071,0.40974459052085876,0.6821985244750977,0.40286967158317566,0.6229749917984009,0.40219271183013916,0.5749397277832031,0.3916570842266083,0.6184152364730835,0.40157052874565125,0.5489417910575867,0.4034898281097412,0.5049790143966675,0.4004479646682739,0.4648124575614929,0.36133822798728943,0.625160276889801,0.3772151470184326,0.593913197517395,0.37998583912849426,0.6392766237258911,0.37312567234039307,0.6430187821388245,0.33430832624435425,0.6383281350135803,0.3525952100753784,0.6126657724380493,0.3557940721511841,0.6739780306816101,0.3459506928920746,0.6864839196205139,0.3055691719055176,0.657050609588623,0.3246201276779175,0.6355602145195007,0.33162128925323486,0.6785971522331238,0.32316726446151733,0.6917558908462524,H
0.34550032019615173,0.779565691947937,0.38884449005126953,0.7472382187843323,0.40709832310676575,0.681292712688446,0.3985132575035095,0.6218863725662231,0.40107667446136475,0.5739771723747253,0.38977140188217163,0.616875410079956,0.4000767469406128,0.5485934019088745,0.4026206135749817,0.5031741261482239,0.40017375349998474,0.4643992781639099,0.35870200395584106,0.6243708729743958,0.3771938681602478,0.5962862968444824,0.377704381942749,0.6512410640716553,0.3675808012485504,0.6652947068214417,0.33206748962402344,0.6386067867279053,0.35042133927345276,0.6140429973602295,0.3541713058948517,0.6751898527145386,0.3445262312889099,0.6890813112258911,0.30446696281433105,0.6589009165763855,0.32409393787384033,0.6360687017440796,0.3316887617111206,0.6793666481971741,0.32344433665275574,0.6934882402420044,H
0.3354695439338684,0.7746160626411438,0.3790203332901001,0.7432753443717957,0.4002975821495056,0.6782916188240051,0.3918958306312561,0.6163684129714966,0.3932045102119446,0.5666363835334778,0.3898015320301056,0.6152123212814331,0.3995089530944824,0.5445594191551208,0.4019257426261902,0.49973127245903015,0.4001610577106476,0.45955690741539,0.35851380228996277,0.6209967732429504,0.3703727424144745,0.5838772058486938,0.3693810999393463,0.6344173550605774,0.36231812834739685,0.6457121968269348,0.3299999535083771,0.6335937976837158,0.34175950288772583,0.608290433883667,0.344473659992218,0.6690040230751038,0.338198184967041,0.6788838505744934,0.30053168535232544,0.651595950126648,0.31364357471466064,0.6294946074485779,0.31984710693359375,0.6725286245346069,0.31394875049591064,0.6831097602844238,H
0.33509016036987305,0.7705766558647156,0.3778846859931946,0.7404587268829346,0.3987712562084198,0.6772065162658691,0.39197492599487305,0.6158771514892578,0.389899879693985,0.5667973756790161,0.38974836468696594,0.6113622188568115,0.4002353847026825,0.5421953201293945,0.40353792905807495,0.4971144199371338,0.4017561674118042,0.45851773023605347,0.3568037748336792,0.6172440648078918,0.36730703711509705,0.5774933099746704,0.3672647178173065,0.6323235034942627,0.3616541922092438,0.6453767418861389,0.3281567394733429,0.630796492099762,0.33919548988342285,0.6054450273513794,0.3441215455532074,0.667412519454956,0.3389711380004883,0.6774983406066895,0.2987898886203766,0.6496810913085938,0.3107513189315796,0.6270421147346497,0.3197573125362396,0.6704792976379395,0.3153036832809448,0.6821844577789307,H
0.33608973026275635,0.7692180275917053,0.3772195875644684,0.7379879951477051,0.3990207016468048,0.6742444038391113,0.3930879235267639,0.6124334335327148,0.38784515857696533,0.5614920854568481,0.38994506001472473,0.6081117391586304,0.4007748067378998,0.5402823686599731,0.4050467014312744,0.4950752258300781,0.4035555124282837,0.45578402280807495,0.357381671667099,0.6133389472961426,0.3659173548221588,0.5735448002815247,0.36634278297424316,0.6304027438163757,0.3609335720539093,0.6446514129638672,0.32857632637023926,0.6261162757873535,0.3384571969509125,0.6015201807022095,0.34365275502204895,0.6640193462371826,0.33841970562934875,0.6734451055526733,0.29924097657203674,0.6434799432754517,0.3113496005535126,0.6229884624481201,0.3198828399181366,0.6662005186080933,0.31504249572753906,0.6760391592979431,H
0.3422047197818756,0.7652028799057007,0.38171350955963135,0.7338190674781799,0.403270959854126,0.6704461574554443,0.39654532074928284,0.6070938110351562,0.38934382796287537,0.5550452470779419,0.3962419927120209,0.6039007306098938,0.4056335687637329,0.5358239412307739,0.40872129797935486,0.4914720058441162,0.40685805678367615,0.4521138072013855,0.3635909855365753,0.610144317150116,0.36960744857788086,0.5692230463027954,0.37080350518226624,0.626128613948822,0.36755046248435974,0.6389243602752686,0.33450260758399963,0.6233072876930237,0.34160706400871277,0.5999865531921387,0.34773045778274536,0.661178708076477,0.3442578911781311,0.6674069166183472,0.3052012026309967,0.6399020552635193,0.31407758593559265,0.6201069355010986,0.32237139344215393,0.663063108921051,0.3182176947593689,0.6710475087165833,H
0.35305869579315186,0.763472318649292,0.3924432694911957,0.7332999110221863,0.41487300395965576,0.6698486804962158,0.4066389501094818,0.6066826581954956,0.39490407705307007,0.556909441947937,0.4079825282096863,0.6027465462684631,0.4160451292991638,0.5350667834281921,0.41813763976097107,0.49197012186050415,0.41602542996406555,0.4527472257614136,0.3749849200248718,0.6097021102905273,0.3806211054325104,0.572757363319397,0.3801751732826233,0.6303989887237549,0.37631532549858093,0.6408093571662903,0.34616151452064514,0.6214742064476013,0.3521589934825897,0.5986515879631042,0.35757145285606384,0.6600372791290283,0.3545333743095398,0.6657930016517639,0.3176783621311188,0.6372042894363403,0.32616668939590454,0.619147539138794,0.3338010311126709,0.6618499159812927,0.32923412322998047,0.6705589294433594,H
0.3631434440612793,0.7616293430328369,0.40011781454086304,0.730854868888855,0.4210015535354614,0.6677018404006958,0.4127238988876343,0.6041690707206726,0.4043126404285431,0.551568329334259,0.4163306951522827,0.5973858833312988,0.4217577874660492,0.5299574136734009,0.4226004183292389,0.48747122287750244,0.4203161895275116,0.44718074798583984,0.3836061954498291,0.6054753065109253,0.3833025097846985,0.5722015500068665,0.3847334384918213,0.6314051151275635,0.3837360143661499,0.6401532888412476,0.35506075620651245,0.6186935901641846,0.35585007071495056,0.5960590839385986,0.3633131682872772,0.6567825675010681,0.36313915252685547,0.6608788371086121,0.32705554366111755,0.6362466216087341,0.3312360644340515,0.6153621077537537,0.3401217460632324,0.6567820906639099,0.33816057443618774,0.6657707095146179,H
0.3714342415332794,0.7560622692108154,0.408477246761322,0.7241023182868958,0.4305900037288666,0.6617754101753235,0.4212057292461395,0.5992511510848999,0.41207587718963623,0.5472354292869568,0.42407333850860596,0.5920737385749817,0.4293641149997711,0.5250160098075867,0.43026334047317505,0.48245832324028015,0.4278716444969177,0.44268012046813965,0.3919438421726227,0.6004456281661987,0.3912224769592285,0.566467821598053,0.39311733841896057,0.6235101819038391,0.3923383057117462,0.6329509615898132,0.3639647662639618,0.6138972043991089,0.36456120014190674,0.5918696522712708,0.37250879406929016,0.6512676477432251,0.37267059087753296,0.6552527546882629,0.33663392066955566,0.6315893530845642,0.3399917185306549,0.6115103363990784,0.34908363223075867,0.6526536345481873,0.3475094139575958,0.6610943078994751,H
0.3781507611274719,0.7560911178588867,0.4157577157020569,0.7227187156677246,0.43611735105514526,0.6608335971832275,0.4258931875228882,0.5990633964538574,0.41681385040283203,0.5470758676528931,0.42976707220077515,0.5924053192138672,0.4342646896839142,0.5255881547927856,0.4348198175430298,0.4818120300769806,0.4324108064174652,0.4422900378704071,0.3975253701210022,0.6002803444862366,0.39653077721595764,0.5642797350883484,0.3978462517261505,0.6201531291007996,0.3961949944496155,0.6329454779624939,0.36923515796661377,0.6139633059501648,0.36959007382392883,0.5915399193763733,0.3775823712348938,0.6506170630455017,0.37736648321151733,0.6570603847503662,0.34196892380714417,0.6323526501655579,0.3469374179840088,0.6114751696586609,0.3563358783721924,0.6515344977378845,0.3543805181980133,0.6611241102218628,H
0.3823122978210449,0.7616982460021973,0.41921427845954895,0.7287619113922119,0.44116872549057007,0.66574627161026,0.4320037364959717,0.6033308506011963,0.4262462258338928,0.549964189529419,0.4348650872707367,0.5952123999595642,0.43938910961151123,0.5287129282951355,0.43980568647384644,0.4842524230480194,0.43774911761283875,0.44411176443099976,0.40314781665802,0.6025112271308899,0.4006645679473877,0.566440224647522,0.40148499608039856,0.6216129660606384,0.40109920501708984,0.6345808506011963,0.37520214915275574,0.6160681247711182,0.37395939230918884,0.5943002104759216,0.38123929500579834,0.6524744629859924,0.3826804757118225,0.6580405831336975,0.34824520349502563,0.6343481540679932,0.3511030673980713,0.6137140989303589,0.36006632447242737,0.6535447835922241,0.3598351776599884,0.6628074645996094,H
0.3807309567928314,0.7648853659629822,0.4191755950450897,0.7328200936317444,0.44205260276794434,0.6701079607009888,0.43181148171424866,0.6069770455360413,0.4274061322212219,0.5555834174156189,0.43497374653816223,0.6005260348320007,0.4399062693119049,0.5323150753974915,0.44058310985565186,0.4899815320968628,0.43887263536453247,0.4493555426597595,0.40289098024368286,0.6061216592788696,0.4019838571548462,0.574502170085907,0.40241074562072754,0.631416380405426,0.40182724595069885,0.6401053667068481,0.37493839859962463,0.6179038882255554,0.37513041496276855,0.5980808734893799,0.3815450668334961,0.6567593812942505,0.38287031650543213,0.6594329476356506,0.34798187017440796,0.6354571580886841,0.35218000411987305,0.6167256236076355,0.360389769077301,0.6564720869064331,0.35936349630355835,0.6645790934562683,H
0.37636905908584595,0.7608675360679626,0.4151465892791748,0.7299500107765198,0.43782374262809753,0.669015109539032,0.42975443601608276,0.6076750159263611,0.42271098494529724,0.5556909441947937,0.4296962320804596,0.5986427068710327,0.435916006565094,0.5294720530509949,0.43602102994918823,0.4866793155670166,0.43331629037857056,0.44641801714897156,0.39766910672187805,0.6048291921615601,0.39625614881515503,0.5716633200645447,0.3972892761230469,0.6276317238807678,0.3968483507633209,0.6386422514915466,0.3694985806941986,0.616783082485199,0.3688020706176758,0.5963491201400757,0.37648504972457886,0.6548874378204346,0.37815752625465393,0.6598418951034546,0.34205734729766846,0.6335627436637878,0.34514591097831726,0.6158812642097473,0.35418635606765747,0.6558439135551453,0.3542245328426361,0.6646566987037659,H
0.37389451265335083,0.7654132843017578,0.4127937853336334,0.7326651811599731,0.4352709650993347,0.6702369451522827,0.42530423402786255,0.6072998046875,0.41754916310310364,0.5562529563903809,0.42711198329925537,0.6024918556213379,0.43195295333862305,0.5333876013755798,0.4321925640106201,0.49129295349121094,0.42951303720474243,0.4514084756374359,0.395113468170166,0.6087242364883423,0.39309537410736084,0.5730290412902832,0.39427757263183594,0.6306048035621643,0.39393115043640137,0.6425509452819824,0.3669081926345825,0.6212993264198303,0.36619433760643005,0.5998258590698242,0.373678982257843,0.6590040326118469,0.37503528594970703,0.6633832454681396,0.3396277129650116,0.6394289135932922,0.3427450358867645,0.6210843920707703,0.35141414403915405,0.6611745357513428,0.3503720164299011,0.6696471571922302,H
0.3733694553375244,0.767458975315094,0.4120410680770874,0.7354599237442017,0.4344097971916199,0.6736351251602173,0.4259716868400574,0.6120010018348694,0.42306333780288696,0.561198353767395,0.428955614566803,0.6052111387252808,0.4353214502334595,0.5379795432090759,0.43631505966186523,0.4944611191749573,0.43468961119651794,0.4542772173881531,0.39711278676986694,0.6101150512695312,0.3979640007019043,0.5739071369171143,0.3979504704475403,0.6302915811538696,0.3969648480415344,0.6435214281082153,0.36894264817237854,0.6214441657066345,0.37076619267463684,0.5986829996109009,0.3764471411705017,0.6585820317268372,0.3772307336330414,0.6661137938499451,0.3416452407836914,0.6385727524757385,0.34733331203460693,0.6186174154281616,0.35479333996772766,0.6598260998725891,0.3533309996128082,0.6705268025398254,H
0.3716215193271637,0.7669950723648071,0.41078197956085205,0.7373054027557373,0.434855192899704,0.675721287727356,0.42603883147239685,0.6125372648239136,0.4210054278373718,0.5620320439338684,0.4270864725112915,0.605097770690918,0.43365275859832764,0.5377828478813171,0.43529385328292847,0.49524444341659546,0.43362957239151,0.4558548927307129,0.39418768882751465,0.6097260117530823,0.3958803713321686,0.5778602361679077,0.39642924070358276,0.6361406445503235,0.3945290744304657,0.6469427347183228,0.3660091459751129,0.621293842792511,0.3681677281856537,0.6015214323997498,0.3745473027229309,0.6613714694976807,0.3741406500339508,0.6657090187072754,0.33851638436317444,0.6387486457824707,0.3441225588321686,0.6220192313194275,0.3526374101638794,0.6622692942619324,0.3506448268890381,0.6702048182487488,H
0.37528568506240845,0.7650203704833984,0.415739506483078,0.7348829507827759,0.4376067519187927,0.6728888154029846,0.42897629737854004,0.6122099757194519,0.4269369840621948,0.5636220574378967,0.4259305000305176,0.6067253351211548,0.43347758054733276,0.5368963479995728,0.43480950593948364,0.49305033683776855,0.43231824040412903,0.4556751251220703,0.39427730441093445,0.6129540801048279,0.40435484051704407,0.5834768414497375,0.403757780790329,0.6393938660621643,0.3977043330669403,0.6529189944267273,0.36684396862983704,0.6262125968933105,0.37594348192214966,0.6037796139717102,0.38087576627731323,0.6617025136947632,0.376514196395874,0.6713327169418335,0.33885252475738525,0.6451700925827026,0.34961017966270447,0.6255828142166138,0.35812270641326904,0.6647447347640991,0.3537921905517578,0.6745621562004089,H
0.3758503496646881,0.7662047743797302,0.4153040945529938,0.735761821269989,0.43632572889328003,0.6736811399459839,0.42800188064575195,0.6139081120491028,0.4269290864467621,0.5651209950447083,0.42646974325180054,0.6070386171340942,0.43358567357063293,0.5385310053825378,0.4348721206188202,0.495381236076355,0.4328960180282593,0.4572380781173706,0.39481234550476074,0.6137592792510986,0.4041188955307007,0.5849664807319641,0.40382876992225647,0.6417755484580994,0.3987666368484497,0.6539810299873352,0.3672863245010376,0.6271542310714722,0.37571144104003906,0.6050266623497009,0.38114920258522034,0.663860559463501,0.3782656788825989,0.6722079515457153,0.3395763635635376,0.6466156840324402,0.34988176822662354,0.6266195178031921,0.3586329221725464,0.6669764518737793,0.35526248812675476,0.6773989796638489,H
0.3786148428916931,0.7684736847877502,0.4188416600227356,0.738813042640686,0.440548837184906,0.6742717623710632,0.4314376413822174,0.6132131218910217,0.42200133204460144,0.5698457360267639,0.4238380789756775,0.6094581484794617,0.43175774812698364,0.5392361879348755,0.43355870246887207,0.49607616662979126,0.4308505356311798,0.45729732513427734,0.392343670129776,0.6162311434745789,0.4071788489818573,0.5845171213150024,0.40787509083747864,0.6427179574966431,0.39956602454185486,0.6568620204925537,0.3662682771682739,0.6298328042030334,0.3801988363265991,0.6065376996994019,0.38515812158584595,0.665733814239502,0.37777280807495117,0.6761347055435181,0.3403979539871216,0.6495938897132874,0.35599780082702637,0.6297497749328613,0.36474308371543884,0.6695663332939148,0.3575398027896881,0.6808280348777771,H
0.3859020173549652,0.7659158706665039,0.42841845750808716,0.7296959161758423,0.44402745366096497,0.6652966737747192,0.43208810687065125,0.6128758788108826,0.43492263555526733,0.5743976831436157,0.41583797335624695,0.600272536277771,0.42416951060295105,0.5327139496803284,0.42414727807044983,0.49179649353027344,0.4205838441848755,0.453524112701416,0.3863537311553955,0.60854572057724,0.4082496166229248,0.5833218693733215,0.41809526085853577,0.623803973197937,0.41443437337875366,0.6314870119094849,0.3616655766963959,0.6241750717163086,0.3871558606624603,0.6075660586357117,0.3933941721916199,0.666666567325592,0.3840782642364502,0.679754376411438,0.33762601017951965,0.6458651423454285,0.36291831731796265,0.6286683082580566,0.37122923135757446,0.669581949710846,0.3607769310474396,0.6815275549888611,H
0.38869622349739075,0.7638106346130371,0.4292457401752472,0.7232702970504761,0.4429360032081604,0.6561750769615173,0.43354400992393494,0.6037823557853699,0.4354018568992615,0.5590429306030273,0.41246485710144043,0.5921766757965088,0.41887447237968445,0.5269744992256165,0.41811197996139526,0.4846916198730469,0.4159330725669861,0.44885629415512085,0.38393634557724,0.6002165079116821,0.41180557012557983,0.5739032030105591,0.4351235330104828,0.5930599570274353,0.447340726852417,0.5918881297111511,0.35975557565689087,0.6176959276199341,0.395099014043808,0.6076207756996155,0.4005374312400818,0.6632915139198303,0.39157626032829285,0.6788531541824341,0.33962416648864746,0.6413758397102356,0.37265291810035706,0.6319459676742554,0.379445344209671,0.6712432503700256,0.3679151237010956,0.6825568675994873,H
0.39243096113204956,0.7613990306854248,0.43118369579315186,0.7183095216751099,0.44393736124038696,0.6480342745780945,0.43726620078086853,0.5957596302032471,0.4379708468914032,0.5497909188270569,0.4113636910915375,0.5857869982719421,0.419493705034256,0.5235844254493713,0.42072999477386475,0.4811248183250427,0.42014801502227783,0.4447365701198578,0.384065181016922,0.5944005250930786,0.4208430051803589,0.5672944188117981,0.4538798928260803,0.582615077495575,0.47363606095314026,0.5858635902404785,0.36173632740974426,0.614462673664093,0.40498343110084534,0.6055783033370972,0.4112565219402313,0.6585999131202698,0.4017986059188843,0.6780500411987305,0.3453321158885956,0.6403174996376038,0.3838869333267212,0.6325202584266663,0.3900180459022522,0.6682928800582886,0.3771249055862427,0.6798968315124512,H
0.3939060866832733,0.7633606195449829,0.4309256374835968,0.7141172289848328,0.44261670112609863,0.6429154276847839,0.4387038052082062,0.5911064743995667,0.43631812930107117,0.5455610752105713,0.4055413007736206,0.5853855609893799,0.4155696928501129,0.5238586068153381,0.41793307662010193,0.4816220998764038,0.41893333196640015,0.4435449540615082,0.3805007040500641,0.5930299162864685,0.4270734488964081,0.568394660949707,0.4649721086025238,0.5797246694564819,0.4897509515285492,0.587665855884552,0.3611049950122833,0.6133689880371094,0.4151800274848938,0.6090919971466064,0.41963616013526917,0.656645655632019,0.41044479608535767,0.6782959699630737,0.34919023513793945,0.6408259272575378,0.39590635895729065,0.637496829032898,0.400004506111145,0.6704117655754089,0.38753780722618103,0.6838816404342651,H
0.3939287066459656,0.7655535340309143,0.4315583109855652,0.7137113213539124,0.442806214094162,0.6419661045074463,0.4393775463104248,0.5900647044181824,0.4357072710990906,0.5453514456748962,0.4036625623703003,0.5862946510314941,0.41377580165863037,0.5246158242225647,0.41661086678504944,0.48173683881759644,0.4177035689353943,0.44320693612098694,0.37911325693130493,0.5950565338134766,0.4277685284614563,0.568079948425293,0.4671357274055481,0.578940212726593,0.49285688996315,0.5876808166503906,0.36098194122314453,0.6159958243370056,0.41670718789100647,0.6111084222793579,0.4209229052066803,0.658457338809967,0.4109833240509033,0.6808801293373108,0.3505658209323883,0.6435948610305786,0.398693323135376,0.6403058171272278,0.4022735059261322,0.6731749176979065,0.3889365494251251,0.6876097917556763,H
0.39237797260284424,0.7672454118728638,0.4298647344112396,0.7116119861602783,0.44029706716537476,0.6411034464836121,0.43665260076522827,0.591228187084198,0.4332207441329956,0.5461490750312805,0.39858579635620117,0.5850727558135986,0.40965625643730164,0.5245720744132996,0.4131610095500946,0.48149776458740234,0.4149940609931946,0.443038672208786,0.3750998079776764,0.5944013595581055,0.4276694357395172,0.5684208273887634,0.46852412819862366,0.5781403183937073,0.495318204164505,0.5870264172554016,0.35928070545196533,0.6167898178100586,0.41922780871391296,0.6102922558784485,0.4241529107093811,0.6576215624809265,0.41442039608955383,0.6818687319755554,0.3515416979789734,0.6458747386932373,0.402494341135025,0.6395867466926575,0.40730422735214233,0.6719313859939575,0.39514437317848206,0.6883600950241089,H
0.3807114064693451,0.7728239297866821,0.42146897315979004,0.7123882174491882,0.4323049783706665,0.643559455871582,0.4293835163116455,0.5930070877075195,0.4280523657798767,0.5446764826774597,0.38702207803726196,0.5866525769233704,0.4013309180736542,0.5266609191894531,0.40593427419662476,0.4831698536872864,0.4082077145576477,0.44527578353881836,0.36577945947647095,0.5970587134361267,0.42427533864974976,0.568018913269043,0.46732035279273987,0.5768698453903198,0.4958875775337219,0.5844636559486389,0.35381507873535156,0.6200762391090393,0.41889891028404236,0.6115706562995911,0.42142415046691895,0.658451497554779,0.4102218449115753,0.6829074621200562,0.3499417304992676,0.6491327881813049,0.4026666581630707,0.6425239443778992,0.40562692284584045,0.6746882200241089,0.3925515115261078,0.6910067796707153,H
0.3759060502052307,0.7686417102813721,0.4158186614513397,0.7064205408096313,0.4259670376777649,0.6403940916061401,0.4233299195766449,0.5902979373931885,0.4228385388851166,0.5410017967224121,0.3781110346317291,0.5854980945587158,0.39378830790519714,0.5237722992897034,0.39953354001045227,0.47923287749290466,0.4025300145149231,0.4414203464984894,0.3597695827484131,0.5967946648597717,0.42371782660484314,0.5673907995223999,0.4687515199184418,0.5724424123764038,0.49923932552337646,0.5787636041641235,0.3522026538848877,0.6202850937843323,0.4198150932788849,0.6094412803649902,0.420682430267334,0.654035747051239,0.41041645407676697,0.680042028427124,0.35372060537338257,0.6493498682975769,0.4094091057777405,0.6392063498497009,0.4122224748134613,0.6708710789680481,0.4010925889015198,0.6897397041320801,H
0.37147578597068787,0.7686350345611572,0.4124146103858948,0.702713131904602,0.4217968285083771,0.6380303502082825,0.41956859827041626,0.5880058407783508,0.4206509590148926,0.5384612083435059,0.3725103437900543,0.5852621793746948,0.3898644745349884,0.5232544541358948,0.3964129090309143,0.4771961271762848,0.4000285267829895,0.43830132484436035,0.35642874240875244,0.5960224866867065,0.42420443892478943,0.5661278367042542,0.46977698802948,0.5678229928016663,0.5002970695495605,0.5730285048484802,0.35247498750686646,0.6195730566978455,0.4211047887802124,0.6072606444358826,0.4220239818096161,0.6485938429832458,0.4120660424232483,0.6752978563308716,0.3578434884548187,0.6485397219657898,0.41417986154556274,0.6391297578811646,0.4176281988620758,0.6703100204467773,0.4084025025367737,0.6904827356338501,H
0.3696766495704651,0.7683393955230713,0.41168463230133057,0.7000505924224854,0.42172351479530334,0.6360235810279846,0.41943809390068054,0.5874747037887573,0.4205697178840637,0.5390722751617432,0.37051138281822205,0.5847164392471313,0.3887966573238373,0.5238817930221558,0.39611607789993286,0.4784145653247833,0.40070581436157227,0.4395971894264221,0.3562348186969757,0.5955518484115601,0.424598753452301,0.5662022829055786,0.4692448377609253,0.5685713291168213,0.49927330017089844,0.5725449919700623,0.35408416390419006,0.6189661026000977,0.42406269907951355,0.6085689067840576,0.42387038469314575,0.6492803692817688,0.41306838393211365,0.6745898723602295,0.3613332211971283,0.6476130485534668,0.4185259938240051,0.641666829586029,0.4199703633785248,0.6714664697647095,0.4094844460487366,0.6894947290420532,H
0.3659232556819916,0.7718209028244019,0.40788155794143677,0.7036237716674805,0.41692864894866943,0.6394466161727905,0.41634583473205566,0.5893401503562927,0.41936391592025757,0.5423287153244019,0.36582377552986145,0.5874794721603394,0.38678619265556335,0.525301992893219,0.3955257833003998,0.47999489307403564,0.40143105387687683,0.4411495625972748,0.35512304306030273,0.5980191230773926,0.4249930679798126,0.5675761699676514,0.46868979930877686,0.569513738155365,0.49816346168518066,0.5736639499664307,0.356893926858902,0.6208141446113586,0.4296542704105377,0.6107907295227051,0.42875605821609497,0.6522557735443115,0.4171935021877289,0.6791388988494873,0.36776959896087646,0.6477813124656677,0.42750316858291626,0.6418041586875916,0.42637553811073303,0.6719595193862915,0.4139472544193268,0.6914417147636414,H
0.36597368121147156,0.7713462114334106,0.40236616134643555,0.7029129266738892,0.4133586287498474,0.6392574906349182,0.416206419467926,0.5889341831207275,0.42042240500450134,0.5431827902793884,0.36315715312957764,0.5877383947372437,0.38549819588661194,0.5241675972938538,0.3951922059059143,0.4796064794063568,0.4019331634044647,0.44211262464523315,0.3559429943561554,0.6000281572341919,0.42467135190963745,0.5684961080551147,0.4685678482055664,0.5697510242462158,0.49851953983306885,0.5726820230484009,0.3602673411369324,0.6234503388404846,0.4320358633995056,0.6112104058265686,0.4301747977733612,0.6471198797225952,0.4180612862110138,0.6685577630996704,0.3737078309059143,0.6503651142120361,0.43325161933898926,0.6414361000061035,0.43019425868988037,0.6688769459724426,0.4162416160106659,0.6855989694595337,H
0.3663669228553772,0.7719965577125549,0.40055161714553833,0.7036118507385254,0.4119516909122467,0.6389052867889404,0.4153610169887543,0.5884081125259399,0.41939079761505127,0.5427447557449341,0.3623221516609192,0.5881667733192444,0.38575467467308044,0.523656964302063,0.39568445086479187,0.4789447784423828,0.4025877118110657,0.44122761487960815,0.35618579387664795,0.6005698442459106,0.4257623851299286,0.5667662620544434,0.4686621427536011,0.5686033368110657,0.4978562891483307,0.5715348720550537,0.3612928092479706,0.6237316727638245,0.4334416687488556,0.6112238168716431,0.43069466948509216,0.647638201713562,0.4183913767337799,0.6683933138847351,0.3754681646823883,0.6506370902061462,0.4344531297683716,0.641506552696228,0.4308166801929474,0.6693856716156006,0.4169001281261444,0.6855255961418152,H
0.3646067976951599,0.7726764678955078,0.38209590315818787,0.7071572542190552,0.39616742730140686,0.6410390138626099,0.4095497131347656,0.588923454284668,0.4182756543159485,0.5454587340354919,0.35765212774276733,0.5905432105064392,0.3842112123966217,0.5231856107711792,0.3946041464805603,0.4790874719619751,0.40253153443336487,0.4415019154548645,0.3560928702354431,0.604276180267334,0.42470884323120117,0.5678092837333679,0.46555620431900024,0.5690041184425354,0.49354249238967896,0.5706871747970581,0.36468663811683655,0.6277107000350952,0.43453675508499146,0.6124716401100159,0.43206050992012024,0.6462851762771606,0.42040637135505676,0.6645241975784302,0.3815174996852875,0.6536974906921387,0.4388795793056488,0.6422240138053894,0.43406686186790466,0.6689010262489319,0.42058682441711426,0.6835824251174927,H
0.36238470673561096,0.7716049551963806,0.3716999590396881,0.7036277651786804,0.3860609531402588,0.6358200907707214,0.4042351245880127,0.5834614038467407,0.4153960645198822,0.5413393974304199,0.3553449213504791,0.5912686586380005,0.3834652006626129,0.5223007798194885,0.3938867747783661,0.4786439538002014,0.4016228914260864,0.44110342860221863,0.3586429953575134,0.6065851449966431,0.42547011375427246,0.5685725808143616,0.4626341462135315,0.5690487623214722,0.4878126084804535,0.5680793523788452,0.3704831898212433,0.6308924555778503,0.43679070472717285,0.6122393608093262,0.4343833327293396,0.6424593925476074,0.4238550066947937,0.6594359278678894,0.38924089074134827,0.6574151515960693,0.44339707493782043,0.6423413753509521,0.4377645254135132,0.6662922501564026,0.4247826337814331,0.6806076765060425,H
0.3605286478996277,0.7693865299224854,0.3657212257385254,0.7022475004196167,0.3807002007961273,0.634563148021698,0.4015102982521057,0.5812283754348755,0.41375285387039185,0.5387604236602783,0.3542288541793823,0.5896831154823303,0.3826477527618408,0.5203340649604797,0.39333969354629517,0.4769667387008667,0.40150102972984314,0.4404020309448242,0.35891929268836975,0.6051921248435974,0.42492786049842834,0.5672328472137451,0.46094998717308044,0.5687891840934753,0.48528051376342773,0.5693561434745789,0.37164485454559326,0.6293259859085083,0.43692487478256226,0.6115288138389587,0.43467673659324646,0.6412002444267273,0.42430827021598816,0.6575377583503723,0.3909868597984314,0.6558292508125305,0.4440791606903076,0.6414085626602173,0.43847107887268066,0.6655304431915283,0.42548757791519165,0.6797006130218506,H
0.3620007634162903,0.7668794393539429,0.3621242046356201,0.6994290351867676,0.3785088062286377,0.6321591138839722,0.40072304010391235,0.5784526467323303,0.41493096947669983,0.5367164015769958,0.3588237166404724,0.5913828611373901,0.3868797719478607,0.5203295946121216,0.3979988992214203,0.4768271744251251,0.4062667489051819,0.43999892473220825,0.3669484257698059,0.605562686920166,0.4309084415435791,0.568240761756897,0.4646269381046295,0.5682263970375061,0.48670798540115356,0.5688045024871826,0.3821921944618225,0.6294488906860352,0.4441840648651123,0.6129878759384155,0.44174888730049133,0.6409029364585876,0.4316169023513794,0.6578489542007446,0.4023541510105133,0.6565202474594116,0.4524518549442291,0.641998291015625,0.44630834460258484,0.6655597686767578,0.4334098994731903,0.6806245446205139,H
0.3627355396747589,0.7664587497711182,0.3592308759689331,0.6979623436927795,0.3755980134010315,0.6308871507644653,0.39953306317329407,0.5759442448616028,0.41707998514175415,0.5360254049301147,0.35859978199005127,0.5924256443977356,0.38754987716674805,0.5219797492027283,0.398153156042099,0.4787697196006775,0.40588265657424927,0.44190698862075806,0.36946555972099304,0.6057977080345154,0.4315266013145447,0.565825879573822,0.4635213613510132,0.5672042965888977,0.4831327497959137,0.5694111585617065,0.38713425397872925,0.6296311616897583,0.4451987147331238,0.6103790998458862,0.4426381587982178,0.6370009779930115,0.43195202946662903,0.6543080806732178,0.40863049030303955,0.6570494771003723,0.4547935426235199,0.640588641166687,0.4478274881839752,0.662669837474823,0.4346579611301422,0.6780462861061096,H
0.36441969871520996,0.7643111348152161,0.35898417234420776,0.6957099437713623,0.3748508095741272,0.6300309896469116,0.3986920118331909,0.5762649178504944,0.41745784878730774,0.5387526750564575,0.3603484034538269,0.589122474193573,0.38964417576789856,0.5204158425331116,0.400497704744339,0.4775524139404297,0.4087461531162262,0.44122108817100525,0.37249812483787537,0.6017331480979919,0.4343867897987366,0.5654275417327881,0.4633645713329315,0.5705471634864807,0.47962793707847595,0.5743409991264343,0.39118096232414246,0.6253617405891418,0.4481940269470215,0.6105892658233643,0.4454044997692108,0.6378370523452759,0.4341772198677063,0.6546444296836853,0.4129810035228729,0.6525481343269348,0.45759886503219604,0.6403936147689819,0.45066580176353455,0.6632686853408813,0.43742913007736206,0.677648663520813,H
0.3642883896827698,0.7679977416992188,0.35876840353012085,0.7007941007614136,0.3746143877506256,0.6331585645675659,0.3982762396335602,0.5785704255104065,0.41640573740005493,0.5392341613769531,0.3607253134250641,0.592142641544342,0.38899117708206177,0.5224528312683105,0.4004952013492584,0.4789378046989441,0.4095650315284729,0.4426075518131256,0.3725329041481018,0.6047507524490356,0.4340191185474396,0.5683008432388306,0.4637393057346344,0.5725064277648926,0.48107022047042847,0.5754843354225159,0.391212522983551,0.6283635497093201,0.4477502107620239,0.6113222241401672,0.44552475214004517,0.6383190155029297,0.4351082742214203,0.6552910804748535,0.4132859706878662,0.6555549502372742,0.4576113820075989,0.6415117979049683,0.45075204968452454,0.6640609502792358,0.4381268620491028,0.6780236959457397,H
0.3652435541152954,0.7649811506271362,0.3604128658771515,0.697259247303009,0.3756906986236572,0.6320380568504333,0.39890438318252563,0.5780701637268066,0.41682255268096924,0.5403335690498352,0.36033254861831665,0.590272068977356,0.3895125687122345,0.5209583640098572,0.4006809890270233,0.4776882827281952,0.4094695746898651,0.4415430426597595,0.37202027440071106,0.6034736633300781,0.4336649477481842,0.5692009329795837,0.4641461670398712,0.5720743536949158,0.4823388159275055,0.5740221738815308,0.3905556797981262,0.6277422308921814,0.4469183087348938,0.6127999424934387,0.4442637860774994,0.6390967965126038,0.4334934949874878,0.6556738018989563,0.4125548005104065,0.6549666523933411,0.4563525319099426,0.6424127817153931,0.4491939842700958,0.6644688248634338,0.43645989894866943,0.6785099506378174,H
0.37733662128448486,0.7710558176040649,0.4053468704223633,0.7048328518867493,0.41738519072532654,0.6419696807861328,0.4254359006881714,0.5916706323623657,0.43093252182006836,0.5478578209877014,0.37202563881874084,0.5875694751739502,0.3962251842021942,0.5233817100524902,0.40570756793022156,0.479481041431427,0.4120294153690338,0.4427507817745209,0.3679445683956146,0.599356472492218,0.4350327253341675,0.5700881481170654,0.4754164516925812,0.5743818879127502,0.5027358531951904,0.5775030255317688,0.3743603825569153,0.6213284134864807,0.4440438449382782,0.6116049885749817,0.4446330666542053,0.6465854048728943,0.436149001121521,0.6652511358261108,0.39033013582229614,0.6476485133171082,0.4469173550605774,0.6387998461723328,0.4435516893863678,0.6662597060203552,0.4309965670108795,0.6815958619117737,H
0.39161229133605957,0.770615816116333,0.43234777450561523,0.7131636142730713,0.4434733986854553,0.644207775592804,0.4396483898162842,0.5932197570800781,0.43868911266326904,0.5453198552131653,0.39738067984580994,0.5837802886962891,0.4110676944255829,0.5234860777854919,0.4145400822162628,0.48039504885673523,0.4158836901187897,0.44394204020500183,0.37625446915626526,0.5924352407455444,0.4345383048057556,0.5623944997787476,0.4766460657119751,0.5742275714874268,0.5039557814598083,0.5846415758132935,0.36291220784187317,0.6121560335159302,0.4274985194206238,0.6011227965354919,0.43093347549438477,0.6499070525169373,0.4214431047439575,0.6762445569038391,0.3578628897666931,0.6385492086410522,0.41174495220184326,0.6296501755714417,0.4159112274646759,0.6627907156944275,0.40416809916496277,0.6804893016815186,H
0.39308518171310425,0.7702938318252563,0.43217435479164124,0.7171059846878052,0.44501402974128723,0.6462065577507019,0.44290265440940857,0.5945044159889221,0.4435253441333771,0.5476090908050537,0.40256112813949585,0.586215078830719,0.4137241244316101,0.5238131284713745,0.4170898497104645,0.4813809394836426,0.41800564527511597,0.4437030553817749,0.37964576482772827,0.5942487716674805,0.4339488446712494,0.5647456049919128,0.4755833148956299,0.5758262276649475,0.5024699568748474,0.5833685398101807,0.36362823843955994,0.613348126411438,0.42375898361206055,0.6038250923156738,0.42609578371047974,0.652452290058136,0.4144780933856964,0.6751731038093567,0.35518041253089905,0.6386640071868896,0.4076842665672302,0.6303885579109192,0.41103896498680115,0.6649635434150696,0.3974922299385071,0.6811068058013916,H
0.3909634053707123,0.7711443901062012,0.43449851870536804,0.7330892086029053,0.44991618394851685,0.6597397327423096,0.443978488445282,0.6022366881370544,0.45365023612976074,0.5579962730407715,0.42257779836654663,0.6012139916419983,0.4322475790977478,0.533169686794281,0.43329787254333496,0.49239540100097656,0.432424932718277,0.4552338123321533,0.39805588126182556,0.6063596606254578,0.4284709692001343,0.5709067583084106,0.455321729183197,0.5810490250587463,0.4714507758617401,0.5772613286972046,0.3746591806411743,0.6194741725921631,0.4094776213169098,0.6038650870323181,0.4123641550540924,0.6621459722518921,0.40156808495521545,0.6797468066215515,0.35392194986343384,0.636025607585907,0.38716328144073486,0.6225797533988953,0.3923863172531128,0.6649262309074402,0.379673570394516,0.6782603859901428,H
0.37213441729545593,0.7697480916976929,0.4193862974643707,0.7389328479766846,0.44344449043273926,0.6763817667961121,0.43941834568977356,0.6143328547477722,0.4399345815181732,0.567902684211731,0.4303274154663086,0.6128315925598145,0.4438696503639221,0.5431341528892517,0.44878050684928894,0.5011149644851685,0.4492644965648651,0.4617186486721039,0.4006161391735077,0.6169664859771729,0.41760343313217163,0.5830176472663879,0.41471150517463684,0.637476921081543,0.404861181974411,0.6482911705970764,0.3736637830734253,0.6258692145347595,0.38995933532714844,0.5982404947280884,0.38978397846221924,0.6600059270858765,0.3800615072250366,0.6716257333755493,0.34514936804771423,0.6397421956062317,0.36171573400497437,0.615246593952179,0.3662393093109131,0.6581851840019226,0.3580076992511749,0.6715604066848755,H
0.37193620204925537,0.7671936750411987,0.4185006022453308,0.7426623106002808,0.4443219304084778,0.6808041930198669,0.4390483796596527,0.6178774833679199,0.43947234749794006,0.5731023550033569,0.4342474043369293,0.6191052198410034,0.44781485199928284,0.5486980080604553,0.45294615626335144,0.5052000284194946,0.4533643126487732,0.4657215476036072,0.40249040722846985,0.6203058362007141,0.41786855459213257,0.5883821845054626,0.4135272800922394,0.6440554857254028,0.40403470396995544,0.6608397960662842,0.374196320772171,0.628795325756073,0.38877251744270325,0.6014328598976135,0.3879988193511963,0.663030743598938,0.3798009157180786,0.67793869972229,0.34467506408691406,0.6431761980056763,0.3609670400619507,0.6194678544998169,0.3647145926952362,0.6618473529815674,0.3571772873401642,0.6749969720840454,H
0.36422938108444214,0.7635640501976013,0.4109274744987488,0.7411836981773376,0.43902772665023804,0.6800251603126526,0.4329889714717865,0.6163150072097778,0.43673232197761536,0.5716294050216675,0.4323582053184509,0.6164406538009644,0.44601723551750183,0.549170970916748,0.45149320363998413,0.5072940587997437,0.4531378149986267,0.4692734181880951,0.4005088210105896,0.616373598575592,0.413604199886322,0.5835719108581543,0.40758976340293884,0.6368889808654785,0.3998660743236542,0.6509721279144287,0.37209877371788025,0.6234566569328308,0.3846367299556732,0.5985674858093262,0.3810274302959442,0.6608058214187622,0.37386763095855713,0.6737282872200012,0.3414926826953888,0.6359334588050842,0.35517436265945435,0.6137956976890564,0.3567410111427307,0.6580953598022461,0.3505932688713074,0.6702048182487488,H
0.35703739523887634,0.7553402185440063,0.4028931260108948,0.7295201420783997,0.4289809465408325,0.6698384284973145,0.42545977234840393,0.6080030798912048,0.4271574020385742,0.5622238516807556,0.4233526289463043,0.6094760298728943,0.43653184175491333,0.5447809100151062,0.44214099645614624,0.5008755922317505,0.4425046443939209,0.463196337223053,0.39203235507011414,0.6101672053337097,0.40299123525619507,0.5765769481658936,0.3983441889286041,0.6243444085121155,0.39172327518463135,0.6394413709640503,0.3635251224040985,0.6180451512336731,0.37390241026878357,0.5930070877075195,0.37190327048301697,0.6517817378044128,0.36571916937828064,0.6665565967559814,0.33275389671325684,0.6304128170013428,0.34456318616867065,0.6080352067947388,0.34666550159454346,0.6502941250801086,0.341390997171402,0.6627525091171265,H
0.3469175696372986,0.7562394142150879,0.38786596059799194,0.7386081218719482,0.41485482454299927,0.6750406622886658,0.4132748544216156,0.6088244915008545,0.40739524364471436,0.5617987513542175,0.4112990200519562,0.6075683832168579,0.4223020672798157,0.5403414368629456,0.4262317717075348,0.4948773980140686,0.4251501262187958,0.4562338590621948,0.3769664764404297,0.6099860668182373,0.3886541426181793,0.5801355242729187,0.38374409079551697,0.6416875720024109,0.37814411520957947,0.6525428295135498,0.34802111983299255,0.6187398433685303,0.35588130354881287,0.5944757461547852,0.35825181007385254,0.6566630005836487,0.3536306619644165,0.6664882302284241,0.31788867712020874,0.6313745975494385,0.32715168595314026,0.6112350821495056,0.33327996730804443,0.6551086902618408,0.3284459710121155,0.6656769514083862,H
0.3443400263786316,0.7660546898841858,0.38526421785354614,0.7418891787528992,0.4102034270763397,0.6808960437774658,0.4082103371620178,0.6183751821517944,0.40892431139945984,0.5672681331634521,0.40516042709350586,0.6138702630996704,0.41660642623901367,0.5441439747810364,0.4204845726490021,0.5003378987312317,0.4206666946411133,0.4607506990432739,0.3723589777946472,0.6167587637901306,0.38262465596199036,0.5851307511329651,0.37741848826408386,0.6443637013435364,0.3720385730266571,0.6538923382759094,0.3430330157279968,0.62657630443573,0.35199442505836487,0.601879358291626,0.35293328762054443,0.6633671522140503,0.3491503894329071,0.6697956323623657,0.31303858757019043,0.6416820883750916,0.32262441515922546,0.6198446750640869,0.32828211784362793,0.6625099778175354,0.32355791330337524,0.6727182269096375,H
0.3478250801563263,0.7685627937316895,0.38611990213394165,0.7409029603004456,0.41170534491539,0.6793169379234314,0.4113104045391083,0.6168009638786316,0.4086812436580658,0.5658860802650452,0.4058923125267029,0.611680805683136,0.4177449643611908,0.5456411838531494,0.4225821793079376,0.5003031492233276,0.42335063219070435,0.461536705493927,0.3740079700946808,0.6148380637168884,0.38501790165901184,0.5870172381401062,0.37932804226875305,0.645784318447113,0.3725135922431946,0.6568925976753235,0.34559333324432373,0.625652015209198,0.35386142134666443,0.6021830439567566,0.3556017577648163,0.6623135209083557,0.35110223293304443,0.6719956398010254,0.3162570595741272,0.6424987316131592,0.3260871469974518,0.6210557222366333,0.3327840268611908,0.6623339653015137,0.3286181092262268,0.6741043925285339,H
0.35397687554359436,0.7649967670440674,0.3888193666934967,0.7475915551185608,0.41707780957221985,0.6830240488052368,0.4155885577201843,0.6142759323120117,0.40981191396713257,0.5673463344573975,0.41312867403030396,0.6094911098480225,0.42411455512046814,0.5471190214157104,0.42776018381118774,0.5015617609024048,0.42762330174446106,0.4637238383293152,0.379975825548172,0.6133797764778137,0.39213162660598755,0.5881355404853821,0.3853127956390381,0.6507328748703003,0.37741148471832275,0.6603134870529175,0.35280171036720276,0.6235776543617249,0.3603682816028595,0.603197455406189,0.3620493412017822,0.6638249754905701,0.35674822330474854,0.6727663278579712,0.3242059648036957,0.6385326385498047,0.3330404758453369,0.6213225722312927,0.3385443091392517,0.6644055247306824,0.33357536792755127,0.6745569109916687,H
0.35686060786247253,0.765498161315918,0.3936576247215271,0.7385847568511963,0.417721688747406,0.6775692105293274,0.41804027557373047,0.6167113184928894,0.41475775837898254,0.5657919049263,0.4136371612548828,0.60942542552948,0.424441397190094,0.5457543134689331,0.4284099340438843,0.5020114183425903,0.42870253324508667,0.463643342256546,0.38271674513816833,0.6131621599197388,0.3919273912906647,0.5860319137573242,0.3868768811225891,0.6453554630279541,0.3815832734107971,0.6548476219177246,0.35502803325653076,0.6232976317405701,0.3614354729652405,0.6018229722976685,0.36318695545196533,0.6618284583091736,0.36001676321029663,0.6689241528511047,0.32690146565437317,0.6387585401535034,0.33510512113571167,0.618535578250885,0.3412599265575409,0.6598989963531494,0.3373475670814514,0.6709508299827576,H
0.3563993275165558,0.7633311748504639,0.3953339457511902,0.7365658283233643,0.4179579019546509,0.6770302653312683,0.41643089056015015,0.617039144039154,0.41421663761138916,0.5676812529563904,0.4139917194843292,0.6123483180999756,0.42453691363334656,0.5449642539024353,0.42827120423316956,0.5011100769042969,0.42849284410476685,0.4619293212890625,0.3834719955921173,0.6153439879417419,0.39222025871276855,0.5853402018547058,0.38741737604141235,0.6417099833488464,0.3817397952079773,0.6545831561088562,0.3556009531021118,0.6249706149101257,0.36257505416870117,0.600528359413147,0.3636447787284851,0.6598458290100098,0.36014145612716675,0.6703820824623108,0.32732945680618286,0.6404996514320374,0.33615362644195557,0.6180204153060913,0.34141451120376587,0.658805787563324,0.33756592869758606,0.6711777448654175,H
0.3584738075733185,0.7638325095176697,0.3966585695743561,0.7353023290634155,0.4189421236515045,0.6755117774009705,0.420658141374588,0.6163302063941956,0.4176577031612396,0.5656028985977173,0.4153743386268616,0.6099576950073242,0.4261443614959717,0.5454069972038269,0.4300682544708252,0.5015873908996582,0.4304223656654358,0.4628734290599823,0.3849395513534546,0.6142716407775879,0.3941781520843506,0.584398627281189,0.38952335715293884,0.640977680683136,0.3847362697124481,0.649527370929718,0.3570764660835266,0.6237751245498657,0.36392882466316223,0.6017480492591858,0.3656198978424072,0.6606618165969849,0.362991064786911,0.6664905548095703,0.32912665605545044,0.6381168961524963,0.33717694878578186,0.6189652681350708,0.3433768153190613,0.6594651937484741,0.339694082736969,0.6694355607032776,H
0.3590616285800934,0.7651020884513855,0.3968998193740845,0.7371758222579956,0.41933977603912354,0.6774792671203613,0.41910189390182495,0.6176513433456421,0.4171971082687378,0.566921591758728,0.41554391384124756,0.6117088794708252,0.42585045099258423,0.5456700921058655,0.42956027388572693,0.50194251537323,0.42965763807296753,0.4628782868385315,0.3848434388637543,0.6157537698745728,0.3943121135234833,0.5866261720657349,0.3899649977684021,0.6434810757637024,0.38443294167518616,0.6519677042961121,0.35694700479507446,0.6257563829421997,0.36429768800735474,0.6031911969184875,0.366186261177063,0.6622543334960938,0.3628215491771698,0.6683140397071838,0.32873302698135376,0.6411206126213074,0.33744946122169495,0.6209670305252075,0.3439253568649292,0.6617730259895325,0.3399181663990021,0.6720353960990906,H
0.35674506425857544,0.7648555040359497,0.39526718854904175,0.7393039464950562,0.41833004355430603,0.6797898411750793,0.4160969853401184,0.6190429329872131,0.4149094223976135,0.568324863910675,0.41403812170028687,0.6121172308921814,0.4244362711906433,0.5455945134162903,0.4270320534706116,0.5024199485778809,0.4264473021030426,0.4640428423881531,0.3827299177646637,0.6156075596809387,0.39249274134635925,0.5842728614807129,0.387895792722702,0.6427298784255981,0.3829343318939209,0.6538384556770325,0.3549143671989441,0.6253681182861328,0.3630824089050293,0.6025534868240356,0.36436378955841064,0.6635248064994812,0.36130765080451965,0.6717717051506042,0.3270024061203003,0.6407433748245239,0.33658644556999207,0.6200767755508423,0.34197378158569336,0.6624741554260254,0.33789360523223877,0.6741517782211304,H
0.35640084743499756,0.765584409236908,0.3974052369594574,0.7371723651885986,0.4186239242553711,0.6766029596328735,0.4149681627750397,0.6169010996818542,0.41390296816825867,0.5678554177284241,0.41147327423095703,0.6114262342453003,0.42107954621315,0.5441686511039734,0.4236346185207367,0.5007877945899963,0.4226606786251068,0.46331900358200073,0.38000205159187317,0.6157758235931396,0.3914564847946167,0.5846017003059387,0.38831791281700134,0.6399989128112793,0.3821565508842468,0.6508588194847107,0.35207855701446533,0.6266842484474182,0.36258721351623535,0.6040204167366028,0.364719420671463,0.6627204418182373,0.3596469759941101,0.6701899766921997,0.3237563371658325,0.6430007815361023,0.3353945016860962,0.6226151585578918,0.3418375849723816,0.6629296541213989,0.33660420775413513,0.6727629899978638,H
0.35694169998168945,0.7675277590751648,0.3964836001396179,0.7387970089912415,0.4178992509841919,0.6781499981880188,0.4154263138771057,0.6192892789840698,0.4130408465862274,0.5694369077682495,0.41046541929244995,0.6140902638435364,0.42075178027153015,0.5457130670547485,0.4239291846752167,0.5018659830093384,0.42356741428375244,0.46314871311187744,0.38004112243652344,0.6189541816711426,0.39067888259887695,0.5887884497642517,0.3869803249835968,0.6431978940963745,0.38032960891723633,0.6547525525093079,0.3522771894931793,0.6305887699127197,0.36139339208602905,0.6068145036697388,0.3637752830982208,0.6652237176895142,0.35943305492401123,0.6748254299163818,0.3240644335746765,0.6476433277130127,0.33439451456069946,0.6257094740867615,0.3413209915161133,0.6658179759979248,0.33716756105422974,0.6773306131362915,H
0.3546459674835205,0.7719409465789795,0.39160817861557007,0.745306134223938,0.4153233468532562,0.6852304339408875,0.4143679738044739,0.6240890026092529,0.41189104318618774,0.5728335380554199,0.4105267822742462,0.6188353896141052,0.4212978184223175,0.5503653287887573,0.4247945249080658,0.5067915916442871,0.4254537522792816,0.4668499231338501,0.3804374933242798,0.621895432472229,0.38803425431251526,0.5923915505409241,0.38242924213409424,0.6498298645019531,0.37756139039993286,0.6603471040725708,0.3527812361717224,0.6321385502815247,0.3591092526912689,0.609588086605072,0.360183447599411,0.6693283319473267,0.3581007122993469,0.6778243184089661,0.325099378824234,0.6484490633010864,0.33331137895584106,0.6259753108024597,0.3385585844516754,0.667300820350647,0.3352838456630707,0.6799153685569763,H
0.3552173376083374,0.7730648517608643,0.39240729808807373,0.7469691038131714,0.4155956506729126,0.687219500541687,0.41444581747055054,0.6262273192405701,0.41185057163238525,0.57480788230896,0.4117623567581177,0.6174958944320679,0.4223406910896301,0.5514025688171387,0.42543667554855347,0.5079393982887268,0.4254239797592163,0.4688681364059448,0.3806892931461334,0.620488703250885,0.3893759548664093,0.5924996137619019,0.3841244876384735,0.6513239741325378,0.37936916947364807,0.6607823371887207,0.3526327908039093,0.6306186318397522,0.3597019612789154,0.6101526021957397,0.36111387610435486,0.6707960367202759,0.35881516337394714,0.6775150299072266,0.32474642992019653,0.6470825672149658,0.3336200714111328,0.6276488304138184,0.33942916989326477,0.6695777177810669,0.33605244755744934,0.6804865598678589,H
0.35449719429016113,0.7721472978591919,0.3920050859451294,0.7462894916534424,0.4157816469669342,0.6863377094268799,0.41433975100517273,0.6249112486839294,0.4123474359512329,0.5738933086395264,0.4118354320526123,0.6190215349197388,0.423074334859848,0.551027238368988,0.42652732133865356,0.5077876448631287,0.426930695772171,0.46837955713272095,0.3813916742801666,0.6213775873184204,0.38775360584259033,0.5908422470092773,0.38253554701805115,0.6476054191589355,0.3786153793334961,0.6585160493850708,0.3536469340324402,0.6309788823127747,0.3589342534542084,0.6095055937767029,0.3601289987564087,0.6692788600921631,0.3588311970233917,0.677445650100708,0.3260451555252075,0.6467364430427551,0.33342811465263367,0.6264029145240784,0.3382447361946106,0.6679036021232605,0.3356124758720398,0.6793752312660217,H
0.35552123188972473,0.7730631828308105,0.3919013440608978,0.7464241981506348,0.4151376187801361,0.6865760087966919,0.41536402702331543,0.6259658932685852,0.41308024525642395,0.5740572214126587,0.41224318742752075,0.6163470149040222,0.4226444661617279,0.5501464605331421,0.42522814869880676,0.5076501965522766,0.42497479915618896,0.4683751165866852,0.3814409673213959,0.6188988089561462,0.38696348667144775,0.5913236141204834,0.38174891471862793,0.6491779685020447,0.37857183814048767,0.6565646529197693,0.3533782362937927,0.6288082003593445,0.3582404553890228,0.6105614900588989,0.36007264256477356,0.6694979667663574,0.3596983253955841,0.6729231476783752,0.3259832561016083,0.6450387835502625,0.33319374918937683,0.6278404593467712,0.3389262557029724,0.6686980724334717,0.33667296171188354,0.6778901815414429,H
0.3541043698787689,0.7746515870094299,0.39093050360679626,0.7491291761398315,0.4150058627128601,0.6888068914413452,0.4142053723335266,0.6264868378639221,0.4122491478919983,0.5747440457344055,0.41195425391197205,0.6197001934051514,0.4215751588344574,0.5512552261352539,0.42347845435142517,0.5085867643356323,0.42343854904174805,0.4685090184211731,0.3811834752559662,0.6214210987091064,0.38728266954421997,0.5924551486968994,0.3816874325275421,0.6498270630836487,0.37857216596603394,0.6582152843475342,0.3530663847923279,0.6306682229042053,0.35800474882125854,0.6113720536231995,0.35929420590400696,0.6708625555038452,0.35941359400749207,0.6757442951202393,0.325631320476532,0.6462087631225586,0.3328019082546234,0.6285963654518127,0.3377353250980377,0.6700355410575867,0.3357781171798706,0.6800455451011658,H
0.35378342866897583,0.7753829956054688,0.3912208676338196,0.7486134767532349,0.41517800092697144,0.6878963708877563,0.4134979546070099,0.6264025568962097,0.41170209646224976,0.575843095779419,0.41075193881988525,0.616499125957489,0.4208483397960663,0.5498206615447998,0.42302006483078003,0.5076517462730408,0.4228103458881378,0.46836644411087036,0.37896570563316345,0.6191652417182922,0.38547003269195557,0.5909852981567383,0.3805128037929535,0.6506454944610596,0.37695130705833435,0.658961832523346,0.3505081534385681,0.6290302872657776,0.3566902279853821,0.6124266982078552,0.3587280511856079,0.6729869842529297,0.3580136299133301,0.6760647296905518,0.3228662312030792,0.6454663872718811,0.3311963975429535,0.6298974752426147,0.3372786045074463,0.6715127229690552,0.3345142900943756,0.6805338859558105,H
0.3532698452472687,0.7763581871986389,0.39118054509162903,0.7488000392913818,0.41447800397872925,0.6879693269729614,0.41347166895866394,0.6266399025917053,0.41105979681015015,0.5758635997772217,0.409985214471817,0.6183449029922485,0.41993048787117004,0.551559329032898,0.4221213161945343,0.5078445672988892,0.4217541515827179,0.46866482496261597,0.3788233697414398,0.6201843619346619,0.3864884078502655,0.5925664305686951,0.38045376539230347,0.6499128937721252,0.3753606677055359,0.6605595350265503,0.3503314256668091,0.6304833889007568,0.3570624887943268,0.6112903356552124,0.3584792912006378,0.6703057289123535,0.35671353340148926,0.6771312355995178,0.32237493991851807,0.6475241184234619,0.3311971127986908,0.6291422843933105,0.33677616715431213,0.6701116561889648,0.3338317275047302,0.6808829307556152,H
