0.2922670841217041,0.6972619891166687,0.34094569087028503,0.6699263453483582,0.37848132848739624,0.6041394472122192,0.38574594259262085,0.5404987335205078,0.40153011679649353,0.5030824542045593,0.36095213890075684,0.5546927452087402,0.36376261711120605,0.5160377025604248,0.3528286814689636,0.5730748772621155,0.34824568033218384,0.5713122487068176,0.3236300051212311,0.5534629225730896,0.3282994031906128,0.5176202654838562,0.3253302574157715,0.5819410681724548,0.3234733045101166,0.5748753547668457,0.29284435510635376,0.5617730617523193,0.29397889971733093,0.5252871513366699,0.29877564311027527,0.5837574005126953,0.29855409264564514,0.5804257988929749,0.2633441090583801,0.5634955763816833,0.26392072439193726,0.5498367547988892,0.2714366018772125,0.5884330868721008,0.2738769054412842,0.5883021950721741,A
0.29268625378608704,0.6985588073730469,0.34092187881469727,0.6696498990058899,0.37748983502388,0.6033557057380676,0.38479650020599365,0.5398775935173035,0.4007585644721985,0.5028164386749268,0.35940152406692505,0.5554981827735901,0.36145201325416565,0.5173647999763489,0.351553350687027,0.5742255449295044,0.34612399339675903,0.5722595453262329,0.32193106412887573,0.5542352199554443,0.3265586197376251,0.5191456079483032,0.3247462809085846,0.5831573605537415,0.32197126746177673,0.5755137205123901,0.2914579212665558,0.5634374022483826,0.2925560772418976,0.5264020562171936,0.29834648966789246,0.5848310589790344,0.2972988784313202,0.5816944241523743,0.26244837045669556,0.5661943554878235,0.2625284790992737,0.552634596824646,0.2705848515033722,0.5909921526908875,0.27303388714790344,0.5906153321266174,A
0.2918867766857147,0.6969865560531616,0.3406766355037689,0.6715061068534851,0.3780345916748047,0.6034818291664124,0.3859409987926483,0.5390241742134094,0.40242305397987366,0.5032733082771301,0.359660267829895,0.5545201897621155,0.36401891708374023,0.5174267292022705,0.3517031967639923,0.574928343296051,0.3459987938404083,0.5722203850746155,0.32185229659080505,0.5536891222000122,0.3289548456668854,0.5169495344161987,0.3244154155254364,0.582368791103363,0.3215257525444031,0.5757018327713013,0.2911911606788635,0.5635251402854919,0.29412832856178284,0.5270531177520752,0.29887741804122925,0.5852136611938477,0.29751983284950256,0.5818468332290649,0.26205548644065857,0.5655688047409058,0.26351916790008545,0.5527589917182922,0.2712026834487915,0.5909377932548523,0.27377015352249146,0.5895128846168518,A
0.29376333951950073,0.6988233327865601,0.3422934412956238,0.672590970993042,0.37972283363342285,0.6055223941802979,0.3876842260360718,0.5412470698356628,0.40448492765426636,0.5050325393676758,0.362621545791626,0.558184027671814,0.3664591908454895,0.5206248164176941,0.3539171814918518,0.576472282409668,0.3487981855869293,0.5739350318908691,0.3247230350971222,0.5565800666809082,0.3314390182495117,0.5189152956008911,0.32655882835388184,0.5828200578689575,0.32425230741500854,0.5766997337341309,0.2939465045928955,0.5654893517494202,0.2961848974227905,0.5286270380020142,0.3002372980117798,0.586628258228302,0.29960283637046814,0.5833178162574768,0.26501792669296265,0.5672426223754883,0.26542869210243225,0.5545811057090759,0.2722243368625641,0.5932545065879822,0.2749922275543213,0.591727614402771,A
0.2945528030395508,0.699582040309906,0.34251704812049866,0.672831654548645,0.38077208399772644,0.6057652831077576,0.38851508498191833,0.5415311455726624,0.40588006377220154,0.5056662559509277,0.36246559023857117,0.5574649572372437,0.3666292726993561,0.519820511341095,0.3544350862503052,0.5779231786727905,0.34876230359077454,0.5742659568786621,0.3242182433605194,0.5564398765563965,0.3314274251461029,0.5197818279266357,0.32720035314559937,0.5856233835220337,0.32432079315185547,0.5780597925186157,0.293375164270401,0.5660678148269653,0.2961474359035492,0.5289044976234436,0.30120527744293213,0.5874992609024048,0.2999146580696106,0.5834783911705017,0.2644210457801819,0.5676283836364746,0.2656010687351227,0.5553693175315857,0.27310383319854736,0.5936808586120605,0.27548301219940186,0.5919172763824463,A
0.29424014687538147,0.6979126334190369,0.34286338090896606,0.6713407635688782,0.3814631700515747,0.6037790179252625,0.39017149806022644,0.5400020480155945,0.40736642479896545,0.5044973492622375,0.3634030520915985,0.5562381744384766,0.3679717481136322,0.5188791751861572,0.3554401397705078,0.5768800973892212,0.34978094696998596,0.5735108852386475,0.32554861903190613,0.5548858642578125,0.3329589068889618,0.5176657438278198,0.3283928334712982,0.5833776593208313,0.3256155550479889,0.5771008729934692,0.29484304785728455,0.5648808479309082,0.2979450821876526,0.527582049369812,0.302875816822052,0.585780680179596,0.30159905552864075,0.5830478072166443,0.26566678285598755,0.566216766834259,0.2673080861568451,0.5536791086196899,0.2745187282562256,0.5915719866752625,0.27713730931282043,0.5899413824081421,A
0.29435068368911743,0.701418936252594,0.3425605893135071,0.6746225357055664,0.3802180886268616,0.6084634065628052,0.3884355127811432,0.5444846749305725,0.40519893169403076,0.5075711011886597,0.3635726571083069,0.5597896575927734,0.3669307827949524,0.5215410590171814,0.3560314178466797,0.577764630317688,0.3505503833293915,0.5753057599067688,0.3255045711994171,0.5579789280891418,0.33137357234954834,0.5217242240905762,0.32849594950675964,0.5860595703125,0.32606208324432373,0.5787503123283386,0.29464274644851685,0.566767692565918,0.29622983932495117,0.5293433666229248,0.3017730414867401,0.5879625082015991,0.30098286271095276,0.5846713185310364,0.265737920999527,0.5686792731285095,0.2660312056541443,0.5561836957931519,0.27349257469177246,0.594603955745697,0.2757453918457031,0.5935439467430115,A
0.29552096128463745,0.6995894908905029,0.3434928059577942,0.6700196266174316,0.38004809617996216,0.603503942489624,0.3884716033935547,0.5404024720191956,0.4061800241470337,0.5045104026794434,0.3625749349594116,0.556575357913971,0.3658515512943268,0.5182616114616394,0.3545113503932953,0.5764824151992798,0.34915319085121155,0.5734087824821472,0.32493504881858826,0.5555146932601929,0.33046847581863403,0.5197744369506836,0.3273370862007141,0.5847833156585693,0.32469117641448975,0.577135443687439,0.2940066158771515,0.5653339624404907,0.29579266905784607,0.5279039144515991,0.30135786533355713,0.5857909917831421,0.30032411217689514,0.5822548866271973,0.2646593153476715,0.5674595236778259,0.2654001712799072,0.5538994669914246,0.27331578731536865,0.5913259387016296,0.2756888270378113,0.5906814932823181,A
0.2958785891532898,0.7005642652511597,0.34548771381378174,0.6742878556251526,0.38167449831962585,0.6073479056358337,0.39155301451683044,0.5432659387588501,0.40896761417388916,0.5084018707275391,0.36619454622268677,0.5618639588356018,0.36988160014152527,0.5243393182754517,0.35775455832481384,0.5783220529556274,0.35322025418281555,0.5763834714889526,0.32903623580932617,0.5592811107635498,0.33419111371040344,0.521866500377655,0.3296903669834137,0.584457278251648,0.32826918363571167,0.578079104423523,0.2977465093135834,0.5663718581199646,0.29950636625289917,0.5310177803039551,0.3034166097640991,0.5879738926887512,0.30377197265625,0.5834564566612244,0.26843851804733276,0.5683908462524414,0.26874542236328125,0.5556211471557617,0.2755957543849945,0.5939860343933105,0.2787812054157257,0.5927078127861023,A
0.2961917221546173,0.6971941590309143,0.3440708518028259,0.670106053352356,0.3814844787120819,0.604736864566803,0.3904902935028076,0.5412765741348267,0.4089735746383667,0.5058136582374573,0.3637275695800781,0.5562927722930908,0.3664303123950958,0.5178676843643188,0.35586804151535034,0.5763575434684753,0.35138845443725586,0.5744116902351379,0.3265860080718994,0.5550794005393982,0.33147957921028137,0.5194836854934692,0.3290620446205139,0.5847866535186768,0.32701030373573303,0.5777289867401123,0.29581311345100403,0.5643643140792847,0.2976173460483551,0.5274877548217773,0.30326831340789795,0.5858829617500305,0.30268871784210205,0.5830018520355225,0.2664414644241333,0.5663062334060669,0.2675309181213379,0.5522294640541077,0.2754741609096527,0.5902709364891052,0.27798405289649963,0.590621829032898,A
0.2957006096839905,0.698455810546875,0.3438226580619812,0.6699642539024353,0.3822827935218811,0.6035124659538269,0.3917214274406433,0.540403425693512,0.4097062349319458,0.5048337578773499,0.36430343985557556,0.5564410090446472,0.3692803680896759,0.519636332988739,0.3562938868999481,0.5769389271736145,0.3502718210220337,0.5721760392189026,0.32646843791007996,0.5541493892669678,0.334076464176178,0.5175319314002991,0.32898440957069397,0.5828472971916199,0.32643449306488037,0.5751838088035583,0.29594317078590393,0.5639129877090454,0.29860201478004456,0.5274782776832581,0.3033583462238312,0.58503258228302,0.302744060754776,0.5810007452964783,0.26735520362854004,0.5653889775276184,0.26730281114578247,0.5547057390213013,0.2753130793571472,0.5915425419807434,0.27961266040802,0.5887461304664612,A
0.29704099893569946,0.6947843432426453,0.3446977138519287,0.6669999957084656,0.3824878931045532,0.6028440594673157,0.39308589696884155,0.5398839116096497,0.41124027967453003,0.5037193894386292,0.36652064323425293,0.5547777414321899,0.371175616979599,0.518336832523346,0.3577313721179962,0.5755499601364136,0.3522373139858246,0.5714054703712463,0.3294440507888794,0.5518574714660645,0.33638522028923035,0.5149359107017517,0.3310217559337616,0.5799633264541626,0.3291687071323395,0.5734085440635681,0.29840919375419617,0.5608516335487366,0.30144989490509033,0.5243356227874756,0.305502712726593,0.5818663835525513,0.3052517771720886,0.5782755613327026,0.2688978612422943,0.5619277954101562,0.2702398896217346,0.5500165224075317,0.27721506357192993,0.5870221853256226,0.280719131231308,0.5848053097724915,A
0.2979550063610077,0.696668803691864,0.34564408659935,0.6683421730995178,0.38304686546325684,0.6024693250656128,0.3922041058540344,0.5401449203491211,0.4105551242828369,0.5048444867134094,0.36638787388801575,0.5539836883544922,0.3704756200313568,0.5182552337646484,0.3580879271030426,0.575497567653656,0.35245177149772644,0.571545422077179,0.3287420868873596,0.5521072149276733,0.3351486623287201,0.5170683860778809,0.33070361614227295,0.5820661187171936,0.3282929062843323,0.5745168924331665,0.29773348569869995,0.561623752117157,0.300004243850708,0.5261155366897583,0.3044899106025696,0.5839747190475464,0.3036823570728302,0.5794537663459778,0.26870089769363403,0.5634523034095764,0.26907551288604736,0.5523754358291626,0.27638018131256104,0.5898357033729553,0.27939918637275696,0.5875003337860107,A
0.2970496714115143,0.6941599249839783,0.34577035903930664,0.6680152416229248,0.38288742303848267,0.6016491651535034,0.39100807905197144,0.5384147763252258,0.40909960865974426,0.5032401084899902,0.3656705915927887,0.5545241236686707,0.3693993091583252,0.5159056782722473,0.3578474223613739,0.5737695097923279,0.35288506746292114,0.5716227293014526,0.3286350965499878,0.5531547665596008,0.3340458571910858,0.5162320137023926,0.3304092288017273,0.5817660689353943,0.3282155394554138,0.5755516290664673,0.29785335063934326,0.5616080164909363,0.2996021807193756,0.5247377157211304,0.3044240474700928,0.5836228132247925,0.3041914999485016,0.580971896648407,0.2684832811355591,0.5627847909927368,0.2687991261482239,0.5483861565589905,0.2764089107513428,0.5873073935508728,0.27937987446784973,0.5877023339271545,A
0.2965102195739746,0.6969962120056152,0.3448706865310669,0.669685959815979,0.382404625415802,0.6034446954727173,0.39145052433013916,0.5406541228294373,0.4090694785118103,0.5049099326133728,0.3657550811767578,0.5547053813934326,0.3701006770133972,0.5175156593322754,0.3579069674015045,0.574244499206543,0.35193008184432983,0.5708127617835999,0.32775309681892395,0.5527684688568115,0.33423560857772827,0.5168415307998657,0.33006447553634644,0.5814402103424072,0.32735925912857056,0.5740382671356201,0.29681330919265747,0.5614998936653137,0.2989298701286316,0.5248199105262756,0.3035915791988373,0.5832463502883911,0.3027135729789734,0.5795624256134033,0.2680969536304474,0.5630239248275757,0.2684102952480316,0.5505349040031433,0.27581676840782166,0.5886139869689941,0.27863389253616333,0.5873584747314453,A
0.29555025696754456,0.6946360468864441,0.3442382514476776,0.6681128740310669,0.382433146238327,0.6028154492378235,0.3907987177371979,0.5394149422645569,0.40890198945999146,0.5035412907600403,0.36555686593055725,0.5544207692146301,0.36924639344215393,0.5159088373184204,0.35694026947021484,0.5736976265907288,0.35216987133026123,0.5703775882720947,0.328133761882782,0.5524078607559204,0.3340838849544525,0.515221118927002,0.32957154512405396,0.5805157423019409,0.327587753534317,0.5736402869224548,0.2972548305988312,0.5610098242759705,0.2993807792663574,0.523886501789093,0.30378198623657227,0.5821180939674377,0.303654283285141,0.5786513686180115,0.26789888739585876,0.5616834163665771,0.2685326933860779,0.5488805174827576,0.2757796347141266,0.5868520140647888,0.27907833456993103,0.5857169032096863,A
0.2975589632987976,0.6954720616340637,0.34576648473739624,0.6667761206626892,0.3824114501476288,0.6012846231460571,0.3915610909461975,0.540207028388977,0.40946993231773376,0.5050057768821716,0.3653290569782257,0.5535211563110352,0.37030017375946045,0.5167836546897888,0.3583657443523407,0.5733310580253601,0.352282851934433,0.5705149173736572,0.32809188961982727,0.551990807056427,0.3346060514450073,0.5166018009185791,0.3306935131549835,0.5811071395874023,0.32805001735687256,0.5736817717552185,0.29732489585876465,0.5605940818786621,0.29982295632362366,0.5244381427764893,0.3044496476650238,0.5825507044792175,0.3038049638271332,0.5786293148994446,0.2686120569705963,0.562321662902832,0.26952970027923584,0.5493689775466919,0.27673110365867615,0.5875176191329956,0.2791426181793213,0.5869809985160828,A
0.2969270646572113,0.6947205662727356,0.34566015005111694,0.6668436527252197,0.38372302055358887,0.599789559841156,0.39567941427230835,0.5380423069000244,0.4156361222267151,0.5043907165527344,0.3667905628681183,0.5549589991569519,0.3719930648803711,0.5185785889625549,0.3583337366580963,0.575003445148468,0.35254165530204773,0.5711346864700317,0.32933714985847473,0.5521891713142395,0.337187796831131,0.5151269435882568,0.33116891980171204,0.5800644159317017,0.32870733737945557,0.573392927646637,0.2982313632965088,0.5603092312812805,0.30193960666656494,0.5238280892372131,0.30549493432044983,0.5817574262619019,0.304542601108551,0.5778056979179382,0.2688615322113037,0.560633659362793,0.27060893177986145,0.5487125515937805,0.27717825770378113,0.5867652297019958,0.27991506457328796,0.5848022699356079,A
0.29613804817199707,0.6931512355804443,0.3454325199127197,0.6685693860054016,0.3842373490333557,0.6022083163261414,0.39532676339149475,0.5390817523002625,0.41583648324012756,0.5062049627304077,0.3675561845302582,0.556960940361023,0.3722807765007019,0.5194466710090637,0.3588484227657318,0.5757996439933777,0.3536830246448517,0.572277843952179,0.3302980661392212,0.5543402433395386,0.3374210596084595,0.5167402029037476,0.3316963016986847,0.5817991495132446,0.32984572649002075,0.5752324461936951,0.2994154095649719,0.5616298317909241,0.3022277355194092,0.5247193574905396,0.3057246506214142,0.5830837488174438,0.30556127429008484,0.5794966816902161,0.2703431248664856,0.5613524913787842,0.27091920375823975,0.5491253733634949,0.27757084369659424,0.5874482989311218,0.2807634472846985,0.5861931443214417,A
0.29681888222694397,0.6930177807807922,0.3463120758533478,0.6685091257095337,0.38509294390678406,0.6011265516281128,0.3990252614021301,0.5410997271537781,0.4254792034626007,0.5158209800720215,0.36515581607818604,0.5536354780197144,0.3715532124042511,0.5174306035041809,0.3584831953048706,0.5741907954216003,0.35210421681404114,0.571316123008728,0.32942578196525574,0.5515509843826294,0.3370537757873535,0.514744758605957,0.33205071091651917,0.5811664462089539,0.33021673560142517,0.5738022923469543,0.2990450859069824,0.5586998462677002,0.3030071556568146,0.5219606757164001,0.30668824911117554,0.5812252163887024,0.30634334683418274,0.5773772597312927,0.27030250430107117,0.5590963959693909,0.27159833908081055,0.545329213142395,0.2785453796386719,0.5841386914253235,0.28140661120414734,0.5838668942451477,A
0.2979605793952942,0.691458523273468,0.3484232723712921,0.6648905277252197,0.3847215473651886,0.5983828902244568,0.3981401324272156,0.539237916469574,0.42603448033332825,0.5164180397987366,0.3644672930240631,0.5530230402946472,0.371137797832489,0.5167758464813232,0.35824817419052124,0.572682797908783,0.35210028290748596,0.5697715282440186,0.32851171493530273,0.5513401627540588,0.33658161759376526,0.5144194960594177,0.3316018879413605,0.5802496075630188,0.32960817217826843,0.5724915266036987,0.2982504069805145,0.558480978012085,0.3025747835636139,0.5214115977287292,0.30622246861457825,0.5798696279525757,0.3053726553916931,0.5757004022598267,0.2695780098438263,0.5588117837905884,0.27088284492492676,0.5448574423789978,0.27824607491493225,0.5826988220214844,0.28104865550994873,0.5823372602462769,A
0.29803261160850525,0.6898374557495117,0.3486191928386688,0.6640811562538147,0.38415756821632385,0.5960381031036377,0.39724403619766235,0.5363002419471741,0.4241452217102051,0.5146808624267578,0.36703312397003174,0.5518488883972168,0.3726790249347687,0.5175134539604187,0.35852158069610596,0.5731468200683594,0.3525969386100769,0.5693989396095276,0.3300631046295166,0.5491049289703369,0.3382813334465027,0.5119602680206299,0.33172425627708435,0.5776479840278625,0.32964563369750977,0.5706303715705872,0.2991463840007782,0.557177722454071,0.3034132421016693,0.520448625087738,0.30703991651535034,0.5784032344818115,0.30553138256073,0.5746868252754211,0.27008479833602905,0.5581040978431702,0.27175650000572205,0.5453779101371765,0.2787114977836609,0.5827921032905579,0.28147852420806885,0.5807629227638245,A
0.2980014979839325,0.690489649772644,0.3482993245124817,0.666867196559906,0.38481229543685913,0.5983652472496033,0.3974349796772003,0.5379799604415894,0.42481517791748047,0.5167230367660522,0.3666684627532959,0.5539160370826721,0.37375909090042114,0.5190244317054749,0.3592433035373688,0.5738525390625,0.3532775640487671,0.5699245929718018,0.32965609431266785,0.5509105324745178,0.3393504321575165,0.5139538049697876,0.3321738839149475,0.578789234161377,0.32965585589408875,0.5718977451324463,0.2990894913673401,0.5585261583328247,0.3041192591190338,0.5219811797142029,0.30751267075538635,0.5795667171478271,0.3059154748916626,0.5757446885108948,0.2705463171005249,0.5589268207550049,0.2726137340068817,0.5462799072265625,0.2793891727924347,0.5837185978889465,0.28197354078292847,0.5816659927368164,A
0.2981344759464264,0.692162275314331,0.3479897379875183,0.6681813597679138,0.3851611912250519,0.5991775393486023,0.39754921197891235,0.5381650924682617,0.42452988028526306,0.5155882835388184,0.36724719405174255,0.5537506341934204,0.3740417957305908,0.5186583995819092,0.3595867455005646,0.5745543837547302,0.3535767197608948,0.5705403089523315,0.33000704646110535,0.5509531497955322,0.33935195207595825,0.5134663581848145,0.3323332667350769,0.5795747637748718,0.329901784658432,0.5726350545883179,0.2994021773338318,0.5588334798812866,0.3042766749858856,0.52262282371521,0.3076329827308655,0.5809410214424133,0.30601659417152405,0.5767360329627991,0.2708967328071594,0.5593240261077881,0.2726321816444397,0.5468249917030334,0.2795391082763672,0.584839940071106,0.28240329027175903,0.5826975107192993,A
0.29806962609291077,0.6915974020957947,0.34856605529785156,0.6679044961929321,0.3848263621330261,0.5999230146408081,0.39673373103141785,0.537758469581604,0.4236416518688202,0.514808177947998,0.3670807480812073,0.5545331835746765,0.37426742911338806,0.5180150866508484,0.35988175868988037,0.5738398432731628,0.35332152247428894,0.5698361992835999,0.3298257291316986,0.5518574118614197,0.3395126163959503,0.5139065980911255,0.33281147480010986,0.5797854065895081,0.3299981653690338,0.5720675587654114,0.29913267493247986,0.5597369074821472,0.3042767643928528,0.5220974683761597,0.30790579319000244,0.5806049704551697,0.30580011010169983,0.5764914155006409,0.2702993154525757,0.5601480007171631,0.27263814210891724,0.5462675094604492,0.2797843813896179,0.5845579504966736,0.28210270404815674,0.5830733776092529,A
0.2977997660636902,0.6905062198638916,0.34810274839401245,0.6658928394317627,0.38465046882629395,0.5984476804733276,0.39645788073539734,0.5362765192985535,0.42373308539390564,0.5125634670257568,0.36768752336502075,0.5531708598136902,0.3735421299934387,0.516703724861145,0.3593009114265442,0.5727481842041016,0.35347360372543335,0.5688353180885315,0.33057424426078796,0.550815224647522,0.3387758135795593,0.5131191611289978,0.33259668946266174,0.5790826082229614,0.33087244629859924,0.5718069672584534,0.29971686005592346,0.5584375858306885,0.30396318435668945,0.5212441086769104,0.3075900077819824,0.579659104347229,0.30652758479118347,0.5759470462799072,0.2707363963127136,0.5585944652557373,0.27230802178382874,0.5454009175300598,0.27936267852783203,0.5831854939460754,0.2823518216609955,0.5815831422805786,A
0.2982768416404724,0.6908751726150513,0.3484618663787842,0.6667660474777222,0.3846988081932068,0.5983069539070129,0.39670246839523315,0.5362280607223511,0.42389988899230957,0.512853741645813,0.3671759366989136,0.553528904914856,0.37361520528793335,0.517835795879364,0.3592909574508667,0.5730165839195251,0.35341548919677734,0.5685379505157471,0.33000949025154114,0.5507728457450867,0.339245468378067,0.5137040615081787,0.3325067460536957,0.5791427493095398,0.33012107014656067,0.5714083313941956,0.2993183732032776,0.558114230632782,0.3039841651916504,0.520946204662323,0.3074645698070526,0.5795472264289856,0.30593883991241455,0.5753719806671143,0.27061864733695984,0.5581114888191223,0.2725069522857666,0.5452358722686768,0.2792970538139343,0.5833519697189331,0.2816542685031891,0.5816223621368408,A
0.2981741726398468,0.6898004412651062,0.3486424386501312,0.6653355956077576,0.3850925862789154,0.5972603559494019,0.3973492383956909,0.5360015034675598,0.4243510663509369,0.5134831666946411,0.3677014708518982,0.5532798767089844,0.3747633099555969,0.5181990265846252,0.3596244156360626,0.5740166902542114,0.3532963991165161,0.5691237449645996,0.33042800426483154,0.5502445697784424,0.3403398394584656,0.5126698613166809,0.332905113697052,0.5787296295166016,0.33018583059310913,0.5717601180076599,0.2998538613319397,0.5581721067428589,0.30510953068733215,0.521275520324707,0.30835166573524475,0.5796253681182861,0.3062703609466553,0.5757720470428467,0.27126815915107727,0.5583903193473816,0.2735086977481842,0.5455770492553711,0.2803386449813843,0.5831338763237,0.2827724814414978,0.5810413956642151,A
0.2993775010108948,0.6904564499855042,0.3494386374950409,0.6652594804763794,0.3858022689819336,0.5975853204727173,0.39792510867118835,0.53642737865448,0.42452436685562134,0.5131507515907288,0.36834999918937683,0.5538042187690735,0.37508347630500793,0.5184344053268433,0.36082923412323,0.5738673210144043,0.3545544445514679,0.5692194104194641,0.3313457667827606,0.5510269999504089,0.34079280495643616,0.5134395360946655,0.3340649902820587,0.5788202285766602,0.3313042223453522,0.5717813968658447,0.30065909028053284,0.5588527917861938,0.30562442541122437,0.5212867856025696,0.30931949615478516,0.5792485475540161,0.3074609637260437,0.5757150650024414,0.2718179523944855,0.5588841438293457,0.2741246223449707,0.5455706715583801,0.2808975577354431,0.5829232335090637,0.283327579498291,0.5814079642295837,A
0.29926612973213196,0.690558910369873,0.3493371903896332,0.665632426738739,0.3859843909740448,0.5978825688362122,0.3979615271091461,0.5362560749053955,0.42473870515823364,0.5122865438461304,0.3696756064891815,0.5530738830566406,0.3752567172050476,0.5181244611740112,0.360779345035553,0.574051022529602,0.35485854744911194,0.5692001581192017,0.332124263048172,0.5502902865409851,0.3406391441822052,0.5129132270812988,0.33401310443878174,0.5789063572883606,0.33195820450782776,0.5714088678359985,0.3011173605918884,0.5582048892974854,0.3055998980998993,0.5210491418838501,0.3092103898525238,0.5795010328292847,0.30782124400138855,0.575385570526123,0.27215954661369324,0.5584872961044312,0.2740541994571686,0.5455389022827148,0.2808358371257782,0.5835132598876953,0.2835252285003662,0.5815027952194214,A
0.29877713322639465,0.6903673410415649,0.3489384055137634,0.6667180061340332,0.3860040009021759,0.5983509421348572,0.3983735144138336,0.5363762378692627,0.42516881227493286,0.5131589770317078,0.3692362606525421,0.5538364052772522,0.3753913938999176,0.5182938575744629,0.36056703329086304,0.5741174817085266,0.35444164276123047,0.569425106048584,0.3321320116519928,0.550994336605072,0.3410645127296448,0.5134058594703674,0.3340967297554016,0.5791810750961304,0.33168795704841614,0.5719382762908936,0.3012559711933136,0.5586315989494324,0.30572646856307983,0.5212914347648621,0.3091600239276886,0.5797482132911682,0.3077019453048706,0.5756039023399353,0.2723127007484436,0.5586339831352234,0.27403077483177185,0.5457773208618164,0.280816912651062,0.5835124254226685,0.28343451023101807,0.5814177393913269,A
0.30030685663223267,0.6930790543556213,0.35144153237342834,0.668200671672821,0.3880061209201813,0.6002509593963623,0.4053526818752289,0.5440279841423035,0.43402591347694397,0.5240635871887207,0.3660089671611786,0.5512639284133911,0.3711835741996765,0.5161767601966858,0.35956883430480957,0.5718953609466553,0.35345834493637085,0.5697345733642578,0.3294888436794281,0.5491176843643188,0.33651459217071533,0.511925458908081,0.33195483684539795,0.5775718092918396,0.32986852526664734,0.5698638558387756,0.29878485202789307,0.5573195815086365,0.3029434382915497,0.5191769003868103,0.30709272623062134,0.5765981078147888,0.30581745505332947,0.5728029012680054,0.27057626843452454,0.5593024492263794,0.2714472711086273,0.5433734655380249,0.27887338399887085,0.5795035362243652,0.2814716100692749,0.5792328715324402,A
0.3031933009624481,0.6979082226753235,0.35052117705345154,0.684127151966095,0.3889695405960083,0.6189872026443481,0.41578206419944763,0.5663655996322632,0.4449598491191864,0.5473989844322205,0.3615609407424927,0.5525435209274292,0.36346009373664856,0.5015644431114197,0.35559791326522827,0.55336594581604,0.3544226288795471,0.5814375281333923,0.32834601402282715,0.5457190275192261,0.3305327892303467,0.49094000458717346,0.3270568251609802,0.5548072457313538,0.32918819785118103,0.578036367893219,0.2970273494720459,0.5476464033126831,0.2969650328159332,0.49375253915786743,0.29939037561416626,0.5536245107650757,0.30241212248802185,0.5792303681373596,0.26756370067596436,0.5553914904594421,0.2647259533405304,0.5143767595291138,0.2718355357646942,0.5518343448638916,0.27713125944137573,0.5731732249259949,A
0.2963442802429199,0.6956220269203186,0.3462303876876831,0.6721463203430176,0.38374996185302734,0.6033293604850769,0.4023094177246094,0.5444746017456055,0.4317518472671509,0.5230299830436707,0.3598526418209076,0.5503069162368774,0.36087268590927124,0.5107870101928711,0.35152095556259155,0.5657793283462524,0.3507115840911865,0.5728180408477783,0.327796071767807,0.5459964275360107,0.3278416097164154,0.5085400342941284,0.3246763050556183,0.5724279284477234,0.3275233209133148,0.5687846541404724,0.29843780398368835,0.5469694137573242,0.29774656891822815,0.5072317123413086,0.2978350818157196,0.5670018792152405,0.3018453121185303,0.5673098564147949,0.2702903747558594,0.5484923720359802,0.26935267448425293,0.52695232629776,0.272370845079422,0.5678723454475403,0.2757450044155121,0.5724900960922241,A
0.28848767280578613,0.6801998019218445,0.3384789824485779,0.6577047109603882,0.37824660539627075,0.5898166298866272,0.3934565782546997,0.5280641913414001,0.41942065954208374,0.5027291178703308,0.3539780080318451,0.5397201180458069,0.35317981243133545,0.5041319131851196,0.34450823068618774,0.5596135258674622,0.34433919191360474,0.5628429651260376,0.3207962214946747,0.5383958220481873,0.3195197582244873,0.5036126375198364,0.317987322807312,0.5685490369796753,0.32137927412986755,0.5615608096122742,0.2915448248386383,0.5416883230209351,0.28946876525878906,0.5076447129249573,0.2916656732559204,0.5661497116088867,0.2961508631706238,0.5616930723190308,0.2629161477088928,0.5432193279266357,0.2604948878288269,0.5280502438545227,0.2658659815788269,0.5675804615020752,0.27023857831954956,0.5692020058631897,A
0.28242918848991394,0.6796355843544006,0.33101773262023926,0.6541916728019714,0.3690129220485687,0.5869970917701721,0.3831634521484375,0.5245314836502075,0.408295214176178,0.4962459206581116,0.34579598903656006,0.5397523641586304,0.3449051082134247,0.5037766098976135,0.3362613022327423,0.5580796599388123,0.33585089445114136,0.5615523457527161,0.31273022294044495,0.5386431217193604,0.31107109785079956,0.505500853061676,0.30973780155181885,0.5685287117958069,0.31352028250694275,0.5605791807174683,0.2832069396972656,0.542720377445221,0.28037187457084656,0.5099679231643677,0.28312546014785767,0.5660801529884338,0.28831544518470764,0.5610535144805908,0.2544007897377014,0.5448723435401917,0.25096601247787476,0.5310644507408142,0.2567795515060425,0.5688249468803406,0.26207229495048523,0.5694864392280579,A
0.27817869186401367,0.6895647644996643,0.3257988691329956,0.6635417342185974,0.36133673787117004,0.5955169200897217,0.37228405475616455,0.5339720249176025,0.3980838656425476,0.5086243748664856,0.3378032445907593,0.5494716167449951,0.3381626307964325,0.5161759853363037,0.3281402587890625,0.5691644549369812,0.3279862403869629,0.5700858235359192,0.30471062660217285,0.5482884645462036,0.30504506826400757,0.5163418054580688,0.3021809756755829,0.5781729221343994,0.3049670457839966,0.5705020427703857,0.27577245235443115,0.5528708696365356,0.27359020709991455,0.5208456516265869,0.2759384512901306,0.5775229334831238,0.280762642621994,0.5727490782737732,0.2482941448688507,0.5563127994537354,0.24374920129776,0.5435776114463806,0.24965259432792664,0.5815272927284241,0.2551161050796509,0.5814820528030396,A
0.25513261556625366,0.6916186213493347,0.30442705750465393,0.6661825180053711,0.34134191274642944,0.6013237237930298,0.35679852962493896,0.5427849292755127,0.38083693385124207,0.5149362087249756,0.3169203996658325,0.5556943416595459,0.3193386197090149,0.5227016806602478,0.30854910612106323,0.574876070022583,0.30754226446151733,0.575040876865387,0.2848881483078003,0.553780198097229,0.28586819767951965,0.5221745371818542,0.2816089391708374,0.5834470391273499,0.2841527462005615,0.5766979455947876,0.2556987404823303,0.5578421354293823,0.2540673613548279,0.5264790058135986,0.2557413578033447,0.582367479801178,0.26074954867362976,0.5780767798423767,0.22768792510032654,0.5610086917877197,0.22326010465621948,0.5500253438949585,0.22901120781898499,0.5869346857070923,0.23537635803222656,0.5867644548416138,A
0.23406125605106354,0.6969817280769348,0.27761557698249817,0.6721957325935364,0.31479108333587646,0.6077297925949097,0.32949554920196533,0.548763632774353,0.353751540184021,0.520576536655426,0.29107099771499634,0.5583720803260803,0.2902158498764038,0.5298078060150146,0.2817106246948242,0.5802611112594604,0.28308090567588806,0.5771342515945435,0.25953930616378784,0.5571472644805908,0.2581777572631836,0.5273412466049194,0.25574421882629395,0.58732008934021,0.2598496079444885,0.5780733227729797,0.2309330403804779,0.5618841052055359,0.22722986340522766,0.5325545072555542,0.23033234477043152,0.5869316458702087,0.23673564195632935,0.5806929469108582,0.20322872698307037,0.5639766454696655,0.1984340101480484,0.5555093288421631,0.20451661944389343,0.592281699180603,0.21138714253902435,0.5915572643280029,A
0.21602900326251984,0.7005171179771423,0.2613217234611511,0.6768269538879395,0.29678696393966675,0.6146289110183716,0.31333640217781067,0.5583939552307129,0.3371274173259735,0.5317806005477905,0.27447232604026794,0.5644533038139343,0.2736971378326416,0.5357775688171387,0.2645624876022339,0.584223210811615,0.26711490750312805,0.5833379626274109,0.24357102811336517,0.5638473629951477,0.241703063249588,0.53438401222229,0.23819446563720703,0.5928629040718079,0.24296127259731293,0.5851336717605591,0.21473532915115356,0.5680078268051147,0.21111135184764862,0.5392824411392212,0.21307063102722168,0.5922464728355408,0.22058863937854767,0.5866279602050781,0.18727469444274902,0.5710352063179016,0.1816444993019104,0.5609851479530334,0.18780380487442017,0.5955499410629272,0.19608306884765625,0.5947245359420776,A
0.2110312581062317,0.6996070146560669,0.2537016272544861,0.6736729145050049,0.28904661536216736,0.6104481816291809,0.3035207688808441,0.5538752675056458,0.3280944228172302,0.5266417264938354,0.2654047906398773,0.562093198299408,0.26093682646751404,0.5356745719909668,0.2552098035812378,0.5865225791931152,0.2583661377429962,0.5838487148284912,0.2336302548646927,0.5635647177696228,0.22872653603553772,0.5348593592643738,0.22979052364826202,0.5949051380157471,0.23538032174110413,0.5864030718803406,0.20514065027236938,0.569627583026886,0.19885176420211792,0.5411855578422546,0.20496827363967896,0.594971776008606,0.21270978450775146,0.5894050598144531,0.17790581285953522,0.571810781955719,0.1717061996459961,0.5637012124061584,0.17921996116638184,0.5982054471969604,0.1869966834783554,0.5968695282936096,A
0.21988973021507263,0.6983858346939087,0.26297569274902344,0.6757611036300659,0.29757076501846313,0.6130406260490417,0.3105899691581726,0.5569564700126648,0.33442845940589905,0.5306610465049744,0.27184954285621643,0.5670857429504395,0.2714965343475342,0.5410643815994263,0.2646935284137726,0.5877999067306519,0.2663657069206238,0.5853167772293091,0.24196307361125946,0.5667495131492615,0.23990869522094727,0.5390084385871887,0.23895423114299774,0.5956180691719055,0.24397064745426178,0.5875441431999207,0.21422788500785828,0.5708284974098206,0.21016056835651398,0.5443090796470642,0.21424442529678345,0.5963035225868225,0.22142204642295837,0.5898475646972656,0.18762576580047607,0.5733758807182312,0.18340709805488586,0.563941240310669,0.19012609124183655,0.5992106199264526,0.19688044488430023,0.599588930606842,A
0.22550685703754425,0.6961273550987244,0.26879334449768066,0.6739346981048584,0.303478479385376,0.6118791103363037,0.31658029556274414,0.5560447573661804,0.3390030562877655,0.5281819105148315,0.28009986877441406,0.566459059715271,0.2777594327926636,0.5401570796966553,0.27036425471305847,0.5887638330459595,0.2718007266521454,0.5856180787086487,0.2481575310230255,0.5676101446151733,0.24653193354606628,0.5382579565048218,0.24505633115768433,0.5966480374336243,0.24924281239509583,0.5883086919784546,0.2198333442211151,0.5739136934280396,0.2165764570236206,0.5451512932777405,0.22132553160190582,0.5971583724021912,0.22675713896751404,0.5909661650657654,0.19319917261600494,0.5766462683677673,0.1894429326057434,0.5673482418060303,0.19688449800014496,0.6002619862556458,0.20297355949878693,0.5985553860664368,A
0.22870032489299774,0.6958361864089966,0.2723754942417145,0.6743730306625366,0.30748292803764343,0.6119287014007568,0.3201471269130707,0.5558965802192688,0.34250035881996155,0.5280930399894714,0.2837882936000824,0.5676795244216919,0.28243717551231384,0.5418325066566467,0.2743724584579468,0.5903317928314209,0.275188684463501,0.5871135592460632,0.2518138289451599,0.5678752064704895,0.25094476342201233,0.5388052463531494,0.24867936968803406,0.5979841947555542,0.25231605768203735,0.5899976491928101,0.22361618280410767,0.5735515356063843,0.22076144814491272,0.5453198552131653,0.2251669019460678,0.5980639457702637,0.23069754242897034,0.5921714305877686,0.1971709281206131,0.5757352113723755,0.19260893762111664,0.5674847364425659,0.2001151591539383,0.6014754772186279,0.2071736603975296,0.599252462387085,A
0.22899451851844788,0.6945008039474487,0.2725449800491333,0.6719985604286194,0.30607783794403076,0.6106601357460022,0.31881415843963623,0.5541342496871948,0.3422151803970337,0.5267948508262634,0.2829643785953522,0.5645567774772644,0.2819103002548218,0.5377664566040039,0.2743230164051056,0.5879489183425903,0.2744818925857544,0.5851811170578003,0.25028571486473083,0.5646606683731079,0.25011909008026123,0.5361782312393188,0.24896594882011414,0.5961362719535828,0.2521369159221649,0.5874503254890442,0.22186926007270813,0.5721132755279541,0.21974381804466248,0.5436074733734131,0.22562621533870697,0.5962392091751099,0.23004595935344696,0.5909269452095032,0.19521567225456238,0.5750687122344971,0.1914728879928589,0.56817626953125,0.1998635083436966,0.601021409034729,0.2061404287815094,0.5980539917945862,A
0.2239788919687271,0.6869339942932129,0.26757144927978516,0.6642972826957703,0.3019697666168213,0.604561984539032,0.31539779901504517,0.5481806993484497,0.3391438126564026,0.5212901830673218,0.2785351574420929,0.5572618246078491,0.274979829788208,0.5323491096496582,0.267659068107605,0.5789352655410767,0.27165985107421875,0.5779086947441101,0.24822941422462463,0.5567046403884888,0.24480099976062775,0.5302888751029968,0.2435859590768814,0.5875885486602783,0.250142365694046,0.58028644323349,0.21981379389762878,0.5613913536071777,0.21567437052726746,0.5360974073410034,0.21894726157188416,0.5874686241149902,0.22638556361198425,0.5813575387001038,0.19268393516540527,0.5655290484428406,0.18805961310863495,0.5589900612831116,0.19449719786643982,0.5919449329376221,0.2016260325908661,0.5894428491592407,A
0.20460841059684753,0.6816540360450745,0.24690160155296326,0.661537766456604,0.2834756672382355,0.5994037389755249,0.2995803952217102,0.5444761514663696,0.32390475273132324,0.5183347463607788,0.2619535028934479,0.5489000678062439,0.2588571012020111,0.5250325202941895,0.2507975697517395,0.5727492570877075,0.25549960136413574,0.5690696239471436,0.2303912341594696,0.549737811088562,0.22780556976795197,0.5229630470275879,0.22529324889183044,0.5813937187194824,0.23110292851924896,0.5734720826148987,0.20149077475070953,0.5548627972602844,0.19717209041118622,0.5300360918045044,0.20053082704544067,0.5824319124221802,0.20780159533023834,0.5756279826164246,0.17456009984016418,0.5575631260871887,0.16917115449905396,0.5510856509208679,0.1760249137878418,0.5855675935745239,0.18378999829292297,0.5832810401916504,A
0.17324762046337128,0.6838058829307556,0.21396897733211517,0.6642880439758301,0.2527008056640625,0.6025280356407166,0.2697671949863434,0.5470119118690491,0.29551035165786743,0.5204439163208008,0.22980375587940216,0.5478428602218628,0.22835879027843475,0.5250884890556335,0.22010968625545502,0.573952853679657,0.22232061624526978,0.5716410875320435,0.19837191700935364,0.5467949509620667,0.19574494659900665,0.5217940211296082,0.19300419092178345,0.5793838500976562,0.1987614631652832,0.5719255208969116,0.16980645060539246,0.5525097250938416,0.16468551754951477,0.5269871950149536,0.16869467496871948,0.5783945918083191,0.17672944068908691,0.5736227631568909,0.1430218368768692,0.5557801127433777,0.1370447278022766,0.5484322309494019,0.14380285143852234,0.5812817811965942,0.15264993906021118,0.5793643593788147,A
0.15463466942310333,0.6791443824768066,0.19578534364700317,0.6596636772155762,0.2335541695356369,0.6019894480705261,0.25195834040641785,0.5487421751022339,0.27714046835899353,0.5223159193992615,0.21468789875507355,0.5434218049049377,0.2101535201072693,0.5239539742469788,0.20133988559246063,0.5702998042106628,0.20605547726154327,0.5644372701644897,0.1842823326587677,0.5411183834075928,0.1797161102294922,0.5194261074066162,0.17616617679595947,0.5785590410232544,0.1832716315984726,0.568152129650116,0.15514346957206726,0.5450814962387085,0.14947205781936646,0.5222712755203247,0.15155044198036194,0.5759521722793579,0.16016055643558502,0.5690432190895081,0.1274571418762207,0.5478020906448364,0.12179446220397949,0.5429373383522034,0.12660640478134155,0.5776786804199219,0.13457781076431274,0.5747563242912292,A
0.14047184586524963,0.6842724084854126,0.17976261675357819,0.6656219363212585,0.21841533482074738,0.6057287454605103,0.23606106638908386,0.5514544248580933,0.26055216789245605,0.5244350433349609,0.1983678936958313,0.5460159778594971,0.1940241903066635,0.5263670086860657,0.18431508541107178,0.5730567574501038,0.18892207741737366,0.5672768354415894,0.16742493212223053,0.5454049110412598,0.16296622157096863,0.5222726464271545,0.15913374722003937,0.5806026458740234,0.16674092411994934,0.5711765885353088,0.13837842643260956,0.5499191284179688,0.13220065832138062,0.5260708332061768,0.13455669581890106,0.579238772392273,0.14403937757015228,0.5725389719009399,0.11093035340309143,0.5525149703025818,0.10427316278219223,0.5477051734924316,0.10989246517419815,0.5820382833480835,0.11936940252780914,0.5788132548332214,A
0.1291905790567398,0.7012702822685242,0.16545550525188446,0.6820365190505981,0.19818900525569916,0.6259365081787109,0.21671737730503082,0.573125958442688,0.24360819160938263,0.5459305047988892,0.181436225771904,0.5600209832191467,0.17213696241378784,0.5480530261993408,0.16723597049713135,0.5908113121986389,0.17363426089286804,0.5844441652297974,0.15141572058200836,0.5583552122116089,0.1407787799835205,0.5456512570381165,0.1418302059173584,0.6024245023727417,0.1502247303724289,0.5911658406257629,0.12252624332904816,0.5631237626075745,0.11231042444705963,0.5479208827018738,0.11705276370048523,0.600541353225708,0.12737125158309937,0.5930558443069458,0.0954461321234703,0.5691072940826416,0.08655130118131638,0.5647742748260498,0.09305513650178909,0.5992273688316345,0.10158403217792511,0.5980287790298462,A
0.12735208868980408,0.7296993136405945,0.1619570106267929,0.7093364000320435,0.1932450383901596,0.6539153456687927,0.2103014439344406,0.6024495959281921,0.23671427369117737,0.5741170048713684,0.17834146320819855,0.5830179452896118,0.16555824875831604,0.575742244720459,0.1631549447774887,0.6181532144546509,0.17105060815811157,0.6128889322280884,0.1495124101638794,0.5806984305381775,0.1373821198940277,0.5736192464828491,0.139179527759552,0.6286196708679199,0.14751049876213074,0.6184409856796265,0.12089744210243225,0.5857947468757629,0.10999782383441925,0.5755085349082947,0.11442113667726517,0.6266803741455078,0.12407476454973221,0.6183416247367859,0.09406211972236633,0.5941460132598877,0.0857427716255188,0.5905892848968506,0.09251460433006287,0.6247900128364563,0.09937030076980591,0.623694658279419,A
0.13583722710609436,0.7452961206436157,0.17152534425258636,0.7252020239830017,0.20080284774303436,0.6682577133178711,0.21493631601333618,0.6153708100318909,0.23992669582366943,0.5897664427757263,0.1800900399684906,0.6019911766052246,0.16873738169670105,0.595609724521637,0.16741684079170227,0.6377977132797241,0.17314547300338745,0.6338187456130981,0.15092310309410095,0.6012474894523621,0.1390051692724228,0.5938181281089783,0.14293621480464935,0.6486609578132629,0.15042506158351898,0.6380784511566162,0.1228066012263298,0.6079224348068237,0.11156879365444183,0.5975465178489685,0.11886672675609589,0.6478576064109802,0.12752801179885864,0.6414821743965149,0.09638158231973648,0.6177672147750854,0.08815625309944153,0.6123834848403931,0.09665568917989731,0.6448543071746826,0.10366044193506241,0.6446263194084167,A
0.14211145043373108,0.7700214385986328,0.17851683497428894,0.7481921911239624,0.20967495441436768,0.6901832222938538,0.22553104162216187,0.6395460367202759,0.24907992780208588,0.6140583157539368,0.1898600459098816,0.6290875673294067,0.18001705408096313,0.6183990240097046,0.17646056413650513,0.6647838354110718,0.1819792538881302,0.6589035987854004,0.16176755726337433,0.6273516416549683,0.15112507343292236,0.6160953640937805,0.15266449749469757,0.6731162667274475,0.15986700356006622,0.6627247333526611,0.13370086252689362,0.6329677700996399,0.12408026307821274,0.6216095089912415,0.1296614110469818,0.6735246777534485,0.13790655136108398,0.665932297706604,0.1067182719707489,0.6401329636573792,0.10002222657203674,0.6387211680412292,0.10691513121128082,0.6723043322563171,0.11414147913455963,0.6697227358818054,A
0.14589916169643402,0.7855873703956604,0.1827879101037979,0.762965738773346,0.21274800598621368,0.7071394324302673,0.2267565131187439,0.6540881395339966,0.25092726945877075,0.6265961527824402,0.19154149293899536,0.6498351097106934,0.18363648653030396,0.6371675729751587,0.18085597455501556,0.6790785789489746,0.18651816248893738,0.6741771101951599,0.16331258416175842,0.6486388444900513,0.15490444004535675,0.6340049505233765,0.1563417911529541,0.6892138719558716,0.1636594980955124,0.6786372065544128,0.1362677663564682,0.6538918614387512,0.12761162221431732,0.6380274891853333,0.13237640261650085,0.6874860525131226,0.14066848158836365,0.6803370714187622,0.11002372205257416,0.6604479551315308,0.10279686003923416,0.6535354256629944,0.10955159366130829,0.6844262480735779,0.11669200658798218,0.6831808090209961,A
0.15076984465122223,0.79669189453125,0.1859239786863327,0.7753989696502686,0.21432095766067505,0.7183797359466553,0.22906209528446198,0.6655305624008179,0.2528393268585205,0.6375535726547241,0.1968219131231308,0.6565802097320557,0.1843097060918808,0.6504539847373962,0.18295863270759583,0.6930137872695923,0.18983659148216248,0.6872727870941162,0.16760879755020142,0.6560832858085632,0.15493813157081604,0.64836585521698,0.1587427854537964,0.7032802104949951,0.1673336625099182,0.6933987140655518,0.1396995633840561,0.6627622842788696,0.127354234457016,0.6512900590896606,0.13435886800289154,0.70185786485672,0.1445452868938446,0.6966618895530701,0.1137213259935379,0.6702846884727478,0.10479462146759033,0.66717529296875,0.11188365519046783,0.698627233505249,0.12050650268793106,0.696597158908844,A
0.15389834344387054,0.7993337512016296,0.18934933841228485,0.7796255350112915,0.21780186891555786,0.722740888595581,0.23111876845359802,0.670256495475769,0.2546858787536621,0.6421499252319336,0.1990596503019333,0.6588757038116455,0.18730846047401428,0.6550984382629395,0.1856716275215149,0.6957442760467529,0.19187548756599426,0.6894357800483704,0.17084403336048126,0.6575269103050232,0.1571429967880249,0.6558223962783813,0.16161620616912842,0.708164632320404,0.1702454835176468,0.696875274181366,0.1431809663772583,0.6638773679733276,0.13002753257751465,0.6589240431785583,0.13735619187355042,0.7076503038406372,0.14794321358203888,0.6995912790298462,0.11726900935173035,0.6718295216560364,0.10832183063030243,0.6711040735244751,0.11547864973545074,0.7030887007713318,0.1234326958656311,0.7013890147209167,A
0.1626790314912796,0.7970371246337891,0.19737866520881653,0.7737790942192078,0.22905948758125305,0.7176824808120728,0.24421575665473938,0.6658551692962646,0.26521798968315125,0.6370694637298584,0.21041330695152283,0.6589541435241699,0.2008175551891327,0.6490045189857483,0.1983949840068817,0.6918624043464661,0.20405292510986328,0.6846372485160828,0.1822914183139801,0.6573431491851807,0.17108964920043945,0.6468880772590637,0.17435111105442047,0.7023864984512329,0.18245205283164978,0.6921915411949158,0.1544916033744812,0.663175106048584,0.14325785636901855,0.6516929864883423,0.14996157586574554,0.7016231417655945,0.1597737818956375,0.6947113871574402,0.12825745344161987,0.6695668697357178,0.11951202154159546,0.6683304905891418,0.12689419090747833,0.6992413401603699,0.13589206337928772,0.6958686113357544,A
0.1649245023727417,0.7925565242767334,0.20260250568389893,0.7684616446495056,0.23228415846824646,0.7122816443443298,0.24453707039356232,0.6600898504257202,0.26686161756515503,0.6319766044616699,0.20843546092510223,0.6575437784194946,0.20427152514457703,0.6454935669898987,0.20150485634803772,0.6881731152534485,0.20504114031791687,0.6834656000137329,0.18043629825115204,0.6568347215652466,0.17404361069202423,0.646178126335144,0.17729836702346802,0.6991134285926819,0.1834605634212494,0.6882177591323853,0.15451283752918243,0.6633510589599609,0.14683564007282257,0.6477277278900146,0.153335303068161,0.6969252824783325,0.16118647158145905,0.6906368732452393,0.1299649178981781,0.6695651412010193,0.1231362521648407,0.6649004220962524,0.13044407963752747,0.695094645023346,0.1378323882818222,0.6926404237747192,A
0.18079832196235657,0.777296245098114,0.22166211903095245,0.750165581703186,0.255199134349823,0.6921688914299011,0.2714611291885376,0.6401010155677795,0.29266121983528137,0.6131131052970886,0.2339721918106079,0.6392909288406372,0.22806328535079956,0.623798668384552,0.22279538214206696,0.668364405632019,0.22821713984012604,0.66451096534729,0.20462989807128906,0.6376927495002747,0.19761379063129425,0.6233313679695129,0.19744841754436493,0.676449716091156,0.20520754158496857,0.6676892042160034,0.17686468362808228,0.6441147923469543,0.1701686829328537,0.6284851431846619,0.17346778512001038,0.6755879521369934,0.18207740783691406,0.6698817610740662,0.15101808309555054,0.651020348072052,0.14542609453201294,0.6457600593566895,0.15084832906723022,0.6766615509986877,0.15883612632751465,0.6753399968147278,A
0.21352317929267883,0.7616400122642517,0.2557486593723297,0.7317785024642944,0.29286032915115356,0.6767722964286804,0.309180349111557,0.6276415586471558,0.32470840215682983,0.597305417060852,0.275810182094574,0.6254187822341919,0.2718568742275238,0.6050723791122437,0.2638312876224518,0.6515803933143616,0.26388877630233765,0.6475748419761658,0.24532413482666016,0.6213784217834473,0.2423257827758789,0.5983991026878357,0.23908564448356628,0.6544971466064453,0.24329593777656555,0.6467243432998657,0.21721619367599487,0.6263558864593506,0.21261394023895264,0.6039310097694397,0.214808851480484,0.6549542546272278,0.2200201451778412,0.6507424712181091,0.19051535427570343,0.6313020586967468,0.18385420739650726,0.6274372935295105,0.18957293033599854,0.6599611043930054,0.19661365449428558,0.6559712886810303,A
0.22395673394203186,0.7526323795318604,0.26582568883895874,0.7300353050231934,0.301407128572464,0.6701321005821228,0.31568944454193115,0.6149017810821533,0.3385416269302368,0.5887525081634521,0.2797166705131531,0.6239826083183289,0.28044626116752625,0.6012118458747864,0.2701186239719391,0.6482788324356079,0.2710875868797302,0.6450231671333313,0.24929024279117584,0.6216887831687927,0.2492688149213791,0.5957909226417542,0.24501608312129974,0.6522268652915955,0.24902711808681488,0.64549320936203,0.22127023339271545,0.626689612865448,0.21904374659061432,0.6004676818847656,0.22127926349639893,0.6512338519096375,0.22664737701416016,0.646312415599823,0.19460883736610413,0.6295129060745239,0.1904027909040451,0.6238074898719788,0.19693033397197723,0.6561563611030579,0.2040661871433258,0.6535367369651794,A
0.24532297253608704,0.7404972910881042,0.2915530204772949,0.7187188267707825,0.3325776159763336,0.6611424684524536,0.3478103578090668,0.6080430150032043,0.36691030859947205,0.5802904963493347,0.31134286522865295,0.6124205589294434,0.3142436146736145,0.5880125761032104,0.30241724848747253,0.639044463634491,0.30014318227767944,0.6353698968887329,0.27932000160217285,0.6057981252670288,0.2824804484844208,0.583585798740387,0.2765330374240875,0.6423342823982239,0.2785775661468506,0.6340171694755554,0.25100329518318176,0.6089304685592651,0.250731498003006,0.5872194766998291,0.251224160194397,0.6407430171966553,0.25398099422454834,0.6352519989013672,0.2241050899028778,0.6106491088867188,0.22023838758468628,0.609327495098114,0.22497466206550598,0.6444628834724426,0.23062779009342194,0.6397665739059448,A
0.2654789686203003,0.7257168889045715,0.31335482001304626,0.701994001865387,0.3513353765010834,0.6420590877532959,0.36782118678092957,0.5891242027282715,0.3917398452758789,0.5649876594543457,0.33264920115470886,0.5985854268074036,0.34032687544822693,0.5745081901550293,0.32584166526794434,0.6244021654129028,0.3197202682495117,0.6165947318077087,0.29725778102874756,0.593085527420044,0.30762404203414917,0.5687214136123657,0.29994258284568787,0.6279872059822083,0.2976718246936798,0.6169018149375916,0.26801905035972595,0.5992871522903442,0.2741783857345581,0.5729011297225952,0.27555397152900696,0.626194953918457,0.27344173192977905,0.6187984943389893,0.2413107454776764,0.5993441939353943,0.2429829090833664,0.5951552391052246,0.24805189669132233,0.6291843056678772,0.24916478991508484,0.6245564222335815,A
0.27817317843437195,0.7202982902526855,0.32575446367263794,0.7003802061080933,0.3661474585533142,0.6389447450637817,0.38163691759109497,0.5831316709518433,0.40588951110839844,0.5591027736663818,0.3438868224620819,0.5937107801437378,0.35428211092948914,0.5689586997032166,0.34108948707580566,0.618320643901825,0.3344024121761322,0.6126755475997925,0.30855512619018555,0.5900669693946838,0.32192835211753845,0.5631600618362427,0.31581687927246094,0.6215609908103943,0.31170690059661865,0.6152656674385071,0.27954772114753723,0.5974435806274414,0.2881067991256714,0.5670008063316345,0.29128497838974,0.6208029389381409,0.2870565354824066,0.617806613445282,0.25245431065559387,0.5997231602668762,0.2587212324142456,0.5903196334838867,0.26409390568733215,0.6259167790412903,0.2624400556087494,0.6247149109840393,A
0.28192490339279175,0.7214367389678955,0.3292052745819092,0.7000406384468079,0.3673860430717468,0.6409075260162354,0.3822464346885681,0.5868803858757019,0.40630799531936646,0.5624481439590454,0.3502814769744873,0.5974591970443726,0.3581429421901703,0.5721126794815063,0.343949556350708,0.620673656463623,0.33687254786491394,0.614739716053009,0.3158976137638092,0.5915499925613403,0.3269900977611542,0.5638687014579773,0.31918394565582275,0.6222001314163208,0.31626972556114197,0.6148176789283752,0.2866027057170868,0.5971554517745972,0.2929501533508301,0.567061722278595,0.29520612955093384,0.6208657026290894,0.2927995026111603,0.6172387003898621,0.2584599554538727,0.5980300307273865,0.2625484764575958,0.5897610783576965,0.2675710916519165,0.6253516674041748,0.268280029296875,0.6226548552513123,A
0.2864528000354767,0.7238729596138,0.33406928181648254,0.7026913166046143,0.374289870262146,0.6418971419334412,0.38714098930358887,0.5875285863876343,0.4111214876174927,0.5631307363510132,0.3555937111377716,0.5968443751335144,0.3659483790397644,0.5746132135391235,0.35066595673561096,0.6230946183204651,0.3428151607513428,0.6156697869300842,0.3193870782852173,0.5904630422592163,0.33442357182502747,0.5649624466896057,0.3252597451210022,0.6235612034797668,0.3211880922317505,0.6155257225036621,0.2898809313774109,0.59665447473526,0.29907292127609253,0.5691937804222107,0.300813764333725,0.6236571669578552,0.2969200611114502,0.6188446879386902,0.2627127170562744,0.598232626914978,0.26851794123649597,0.5911360383033752,0.2729341685771942,0.627211332321167,0.27134445309638977,0.6236457824707031,A
0.30351516604423523,0.7323771715164185,0.35390812158584595,0.7109559178352356,0.3935472369194031,0.6475505232810974,0.4082503020763397,0.592731773853302,0.43131840229034424,0.5684328079223633,0.37443000078201294,0.6008726954460144,0.3869583010673523,0.5785284042358398,0.37045523524284363,0.6303547620773315,0.36165615916252136,0.6245091557502747,0.3366319537162781,0.5950936079025269,0.3568509519100189,0.5706732273101807,0.34732767939567566,0.6296731233596802,0.33974596858024597,0.6227075457572937,0.3067944049835205,0.6022518873214722,0.3211572468280792,0.5712723731994629,0.3233329951763153,0.6284084320068359,0.3140985369682312,0.6270223259925842,0.2799098491668701,0.6055547595024109,0.29263436794281006,0.5946028232574463,0.2973346412181854,0.632423460483551,0.29062655568122864,0.6306173801422119,A
0.30976027250289917,0.7408662438392639,0.3601168096065521,0.7201815247535706,0.40242260694503784,0.6551351547241211,0.4146825075149536,0.599520742893219,0.4394490420818329,0.5747724175453186,0.3826702833175659,0.6062717437744141,0.3964519202709198,0.58697509765625,0.3799676299095154,0.6383894085884094,0.3708832263946533,0.6301184892654419,0.34329867362976074,0.5995005965232849,0.3648247718811035,0.5790959000587463,0.3550228476524353,0.6390669941902161,0.3478281795978546,0.6297717690467834,0.3135012984275818,0.6056998372077942,0.32825663685798645,0.5810508728027344,0.3303011357784271,0.6378785371780396,0.32176870107650757,0.6343299746513367,0.28741779923439026,0.6073802709579468,0.29986318945884705,0.6035462617874146,0.30425456166267395,0.6425989866256714,0.2975238263607025,0.6390281319618225,A
0.312431275844574,0.7543871402740479,0.36431989073753357,0.7306390404701233,0.4067646265029907,0.6624128818511963,0.41974490880966187,0.6074314713478088,0.44550687074661255,0.5840744972229004,0.38474926352500916,0.6120200157165527,0.40193575620651245,0.5978954434394836,0.3845381736755371,0.6487393975257874,0.37418973445892334,0.6371437907218933,0.34277254343032837,0.6058290600776672,0.3698524534702301,0.5887832045555115,0.3595873713493347,0.6475623846054077,0.3511441648006439,0.636155903339386,0.3128054141998291,0.61368328332901,0.3320483863353729,0.592452883720398,0.33532172441482544,0.6473972201347351,0.3257259428501129,0.6427907347679138,0.2888881266117096,0.616378903388977,0.3044877350330353,0.6153964996337891,0.3106037378311157,0.6531796455383301,0.3034396171569824,0.6478041410446167,A
0.31925565004348755,0.7772234678268433,0.371576189994812,0.7521837949752808,0.4122682511806488,0.6830334663391113,0.4268062710762024,0.6297755837440491,0.4518641233444214,0.6038682460784912,0.39080002903938293,0.6259075999259949,0.40893253684043884,0.6161491870880127,0.3927803635597229,0.6659306287765503,0.3808121085166931,0.6552220582962036,0.3518430292606354,0.6203563809394836,0.37850990891456604,0.6100876331329346,0.3693166673183441,0.6680071949958801,0.3595966696739197,0.6551676988601685,0.3216904103755951,0.6285555958747864,0.34140679240226746,0.6136831641197205,0.3444463610649109,0.6697605848312378,0.3340464234352112,0.6642656326293945,0.29662856459617615,0.6351118087768555,0.31223899126052856,0.6363410353660583,0.3188232183456421,0.673099160194397,0.3105434775352478,0.6678410768508911,A
0.3252051770687103,0.7957903742790222,0.37895676493644714,0.7702486515045166,0.4195557236671448,0.7020397782325745,0.43301504850387573,0.6489611864089966,0.45697230100631714,0.620405912399292,0.3977368474006653,0.6386858820915222,0.41606414318084717,0.6360853910446167,0.4008893370628357,0.6861144304275513,0.3880481719970703,0.674521803855896,0.35792556405067444,0.6330039501190186,0.3849436640739441,0.6316160559654236,0.37666055560112,0.6890548467636108,0.3660891652107239,0.6744713187217712,0.32766008377075195,0.6430050730705261,0.34734824299812317,0.6363462805747986,0.3507385551929474,0.691240131855011,0.3395597040653229,0.6833277940750122,0.3029382824897766,0.6522440314292908,0.318420946598053,0.6612297892570496,0.3251858055591583,0.6960075497627258,0.31644201278686523,0.6889862418174744,A
0.3308466076850891,0.8096904158592224,0.3848136365413666,0.7840979099273682,0.425605833530426,0.7132503986358643,0.4371238648891449,0.658679187297821,0.46188342571258545,0.6313183307647705,0.4005885422229767,0.6482380032539368,0.42205771803855896,0.649360179901123,0.40648841857910156,0.6985564827919006,0.393095999956131,0.6867111325263977,0.3598751425743103,0.6421205401420593,0.3899497389793396,0.6447973251342773,0.38099804520606995,0.7020182013511658,0.37057018280029297,0.6880642175674438,0.32977601885795593,0.6525929570198059,0.35220134258270264,0.6536102294921875,0.3549666404724121,0.7065507769584656,0.34383031725883484,0.6972017884254456,0.30660006403923035,0.6626458168029785,0.3247221112251282,0.6782321929931641,0.33071744441986084,0.7124434113502502,0.32132047414779663,0.7033646106719971,A
0.3383939564228058,0.8335413932800293,0.3927161991596222,0.8114030957221985,0.4328978657722473,0.7435576319694519,0.4461900591850281,0.6900383830070496,0.4693033993244171,0.6599307060241699,0.4059186279773712,0.6715898513793945,0.428871214389801,0.6772465705871582,0.4156252145767212,0.725529670715332,0.4000310003757477,0.718640923500061,0.3692958354949951,0.662863552570343,0.39562392234802246,0.6737977862358093,0.38921478390693665,0.7300326228141785,0.37747347354888916,0.7172451019287109,0.3389521837234497,0.6728838086128235,0.36143210530281067,0.6829018592834473,0.3637678623199463,0.7364024519920349,0.35224318504333496,0.7279209494590759,0.313257098197937,0.68815678358078,0.332351416349411,0.7019487023353577,0.3382323384284973,0.7384690046310425,0.328281968832016,0.7342711687088013,A
0.3407731056213379,0.8563410639762878,0.39500531554222107,0.8386059999465942,0.4349440336227417,0.7704799771308899,0.4487755000591278,0.7156220078468323,0.472861111164093,0.6848589181900024,0.40742015838623047,0.6924487352371216,0.4324292838573456,0.7025013566017151,0.41942670941352844,0.7502579689025879,0.4043009877204895,0.7440794110298157,0.37160971760749817,0.6828909516334534,0.3984684944152832,0.702608048915863,0.39152976870536804,0.7582215070724487,0.37979137897491455,0.7448482513427734,0.34080952405929565,0.6932464838027954,0.36338523030281067,0.7115079760551453,0.3653907775878906,0.7626742124557495,0.3548019230365753,0.7528285384178162,0.3150531053543091,0.7104407548904419,0.334123820066452,0.7282019853591919,0.3404638469219208,0.7640020847320557,0.3315735459327698,0.7599839568138123,A
0.34026971459388733,0.8714768290519714,0.3947872221469879,0.853026807308197,0.435307115316391,0.7853765487670898,0.44808700680732727,0.7308913469314575,0.4714275002479553,0.6985270380973816,0.40909186005592346,0.7052243947982788,0.4307115077972412,0.7180287837982178,0.4179634749889374,0.7650370597839355,0.40284231305122375,0.7593340873718262,0.37178224325180054,0.6954298615455627,0.39617472887039185,0.7201869487762451,0.38938966393470764,0.7745897769927979,0.3771461844444275,0.7612431049346924,0.3399968147277832,0.7069228291511536,0.3601880967617035,0.7296061515808105,0.3626948595046997,0.7790725827217102,0.35229551792144775,0.7691667675971985,0.3136425018310547,0.7256368398666382,0.33127111196517944,0.7471863627433777,0.3373771905899048,0.7814662456512451,0.3291405439376831,0.7759885191917419,A
0.3351878821849823,0.8732923865318298,0.3883480727672577,0.8496739864349365,0.42783603072166443,0.7804616689682007,0.4414002001285553,0.7269037365913391,0.46792536973953247,0.6954324245452881,0.4048316478729248,0.7056959867477417,0.42617475986480713,0.7168624997138977,0.4124138355255127,0.7629719972610474,0.3950643241405487,0.7524666786193848,0.3644214868545532,0.696485161781311,0.39080047607421875,0.7162577509880066,0.38476356863975525,0.7713488340377808,0.37237748503685,0.7562224268913269,0.3323267996311188,0.7087830901145935,0.35340631008148193,0.7255047559738159,0.3580467700958252,0.7762466669082642,0.3470557928085327,0.7660452723503113,0.30713361501693726,0.7246531248092651,0.3252977728843689,0.7449193000793457,0.3330128788948059,0.7788695096969604,0.3248184621334076,0.7723678350448608,A
0.318203330039978,0.8475961089134216,0.37188443541526794,0.8234912753105164,0.4138053059577942,0.7568261623382568,0.4309190511703491,0.7050578594207764,0.45731621980667114,0.6746624112129211,0.3897470533847809,0.6812009215354919,0.408901572227478,0.6889694333076477,0.3944843113422394,0.7356964945793152,0.379620224237442,0.7241161465644836,0.34999972581863403,0.6737647652626038,0.37438610196113586,0.687143087387085,0.36737507581710815,0.7425627708435059,0.3563638925552368,0.7274138927459717,0.31839001178741455,0.6852563619613647,0.3381599187850952,0.6960869431495667,0.3408222198486328,0.7466031908988953,0.33109548687934875,0.7355433106422424,0.2929326295852661,0.698074996471405,0.30875760316848755,0.7129862904548645,0.31461355090141296,0.7473528981208801,0.30688634514808655,0.7410510778427124,A
0.3037020266056061,0.8286461234092712,0.3571264445781708,0.807647705078125,0.3999594449996948,0.7396564483642578,0.41708195209503174,0.6867111325263977,0.4435920715332031,0.6598008275032043,0.37814757227897644,0.6653370261192322,0.3931146264076233,0.6730700135231018,0.3762408196926117,0.7212222814559937,0.36374568939208984,0.710874080657959,0.3396156132221222,0.6558201909065247,0.35918107628822327,0.6710312962532043,0.3495001792907715,0.7267141342163086,0.3413357436656952,0.7124063372612,0.30700087547302246,0.6641802787780762,0.3227568566799164,0.6762488484382629,0.32304847240448,0.7276673913002014,0.31660589575767517,0.7161250710487366,0.2808622717857361,0.6760764122009277,0.2936180830001831,0.6945196390151978,0.29806074500083923,0.7293586134910583,0.2927955687046051,0.7221438884735107,A
0.2822152376174927,0.7978480458259583,0.3323327600955963,0.7758128643035889,0.3755829632282257,0.7130511999130249,0.39382946491241455,0.6604053974151611,0.42000317573547363,0.6341163516044617,0.3582112789154053,0.6592810153961182,0.36505767703056335,0.6420971155166626,0.350204199552536,0.6922425031661987,0.34438613057136536,0.6810978055000305,0.32165077328681946,0.6529726386070251,0.3313429057598114,0.6338843703269958,0.32365933060646057,0.695576012134552,0.32194191217422485,0.6838833689689636,0.29126811027526855,0.6583595871925354,0.2967677414417267,0.640762209892273,0.29809820652008057,0.6958702802658081,0.2973127067089081,0.6870866417884827,0.2637580931186676,0.6582717895507812,0.26455408334732056,0.6610351204872131,0.26976296305656433,0.697371244430542,0.27167177200317383,0.6908853054046631,A
0.27475738525390625,0.7835372686386108,0.32156136631965637,0.7634021043777466,0.3627009689807892,0.7030964493751526,0.38096654415130615,0.6473907828330994,0.4061019718647003,0.6195126175880432,0.34182900190353394,0.6475242376327515,0.3461743891239166,0.6250959634780884,0.3321262001991272,0.6810800433158875,0.3287302553653717,0.6748826503753662,0.30719414353370667,0.6425008773803711,0.3143533766269684,0.6183828115463257,0.30738601088523865,0.68278968334198,0.30786919593811035,0.6733519434928894,0.2775730788707733,0.6490115523338318,0.2803869843482971,0.6239916086196899,0.2819756269454956,0.679862380027771,0.28351831436157227,0.6737785935401917,0.250159353017807,0.6486015319824219,0.24855148792266846,0.6468085050582886,0.25427645444869995,0.6823810935020447,0.25956371426582336,0.6786278486251831,A
0.27006402611732483,0.7713544964790344,0.31569552421569824,0.7519212961196899,0.3560369908809662,0.6915174722671509,0.3729845881462097,0.6356503963470459,0.3981781601905823,0.6104848384857178,0.3325563669204712,0.636422872543335,0.33562713861465454,0.6153045296669006,0.3235127627849579,0.6676855087280273,0.3221670687198639,0.6651337742805481,0.3007645308971405,0.6319852471351624,0.30366790294647217,0.6102834939956665,0.298540323972702,0.6711247563362122,0.3016490042209625,0.6634080410003662,0.27148017287254333,0.6358541250228882,0.2719693183898926,0.6140307188034058,0.2733962833881378,0.6682676076889038,0.2771218717098236,0.6632223129272461,0.2430206537246704,0.6372361183166504,0.2416968196630478,0.6349338293075562,0.24683134257793427,0.6695733070373535,0.2517707943916321,0.6662359237670898,A
0.2637755870819092,0.7442578673362732,0.30866071581840515,0.726515531539917,0.34841975569725037,0.6672582626342773,0.3673132658004761,0.6138637065887451,0.39249101281166077,0.5898748636245728,0.3269425630569458,0.6163098812103271,0.33038413524627686,0.5922372937202454,0.3182626962661743,0.6418195366859436,0.3173219561576843,0.6376068592071533,0.2962625324726105,0.6103466749191284,0.29743462800979614,0.5869465470314026,0.29239311814308167,0.6454498767852783,0.2956154942512512,0.6382209062576294,0.2676667273044586,0.6122140884399414,0.2661147117614746,0.5885993838310242,0.26732584834098816,0.6426336765289307,0.2722550928592682,0.6382303833961487,0.24000096321105957,0.6117035150527954,0.23584052920341492,0.6070616245269775,0.24087096750736237,0.6427481770515442,0.247793048620224,0.6407260894775391,A
0.2640809714794159,0.7132558822631836,0.3087906539440155,0.6954899430274963,0.3471873998641968,0.6365824937820435,0.3647555708885193,0.5808010101318359,0.38947033882141113,0.5574291348457336,0.32529762387275696,0.585407555103302,0.3278454542160034,0.5610045194625854,0.3163362443447113,0.6087512969970703,0.31571710109710693,0.6065609455108643,0.2938571572303772,0.5807756185531616,0.2963503897190094,0.5554296970367432,0.291851669549942,0.6112422347068787,0.29440006613731384,0.6052062511444092,0.2654609680175781,0.5839198231697083,0.26525527238845825,0.5572258234024048,0.26620519161224365,0.6093177199363708,0.2699413597583771,0.6054748296737671,0.23807424306869507,0.5856950283050537,0.23607897758483887,0.5758213400840759,0.2400316745042801,0.6105966567993164,0.24456322193145752,0.6102609038352966,A
0.26250606775283813,0.6864872574806213,0.30602675676345825,0.6726921796798706,0.3448542058467865,0.6152031421661377,0.3627605736255646,0.5586926937103271,0.3871253430843353,0.5330391526222229,0.32555997371673584,0.5594237446784973,0.3268941640853882,0.5322059988975525,0.3153400123119354,0.5791741013526917,0.3147068917751312,0.5789152383804321,0.295272558927536,0.5533658862113953,0.29634180665016174,0.5270810723304749,0.2905066907405853,0.5837531089782715,0.2931978106498718,0.5769387483596802,0.2670865058898926,0.5540683269500732,0.26589617133140564,0.5279214382171631,0.2649086117744446,0.5806644558906555,0.26886942982673645,0.575660228729248,0.23988240957260132,0.5553221702575684,0.2371842861175537,0.5456326007843018,0.24004870653152466,0.5817187428474426,0.24424630403518677,0.581334114074707,A
0.2639535367488861,0.6515862941741943,0.30803000926971436,0.6277493238449097,0.34676602482795715,0.5677486062049866,0.36202213168144226,0.5110712647438049,0.38548222184181213,0.48613032698631287,0.32636502385139465,0.5166742205619812,0.32544028759002686,0.4882562756538391,0.31530481576919556,0.5369619727134705,0.31584808230400085,0.5376025438308716,0.29500851035118103,0.5145633816719055,0.2938480079174042,0.4838443994522095,0.2897040843963623,0.5409315824508667,0.2939339280128479,0.5353823304176331,0.2674291431903839,0.5177441835403442,0.2648012340068817,0.4878935217857361,0.2656903862953186,0.5396550297737122,0.2722660005092621,0.5370208621025085,0.24077019095420837,0.5181269645690918,0.23667876422405243,0.5063070058822632,0.2410954236984253,0.5400773882865906,0.24867413938045502,0.5399585962295532,A
0.26540660858154297,0.6278273463249207,0.31220102310180664,0.6118261814117432,0.34925732016563416,0.5518081188201904,0.3657664358615875,0.4946354329586029,0.3916703760623932,0.4716581106185913,0.3292469382286072,0.5010843873023987,0.3317653238773346,0.4697061777114868,0.31975483894348145,0.5163902044296265,0.3206515908241272,0.516593337059021,0.29857754707336426,0.4959897994995117,0.299356609582901,0.46752113103866577,0.2934275269508362,0.5259469151496887,0.2988317310810089,0.5178835391998291,0.2707836627960205,0.49726176261901855,0.2701658308506012,0.46921712160110474,0.2692842185497284,0.5225826501846313,0.27496466040611267,0.5177719593048096,0.2442488670349121,0.4980323016643524,0.2406330108642578,0.48647093772888184,0.2448984831571579,0.5212767124176025,0.2508019506931305,0.5213249921798706,A
0.2655021846294403,0.6221470236778259,0.31123843789100647,0.606887936592102,0.3482383191585541,0.5476165413856506,0.3636308014392853,0.489504337310791,0.38939812779426575,0.4662740230560303,0.3307226896286011,0.49532845616340637,0.32904064655303955,0.46590346097946167,0.3183463513851166,0.512319803237915,0.32196664810180664,0.5135450959205627,0.30013519525527954,0.49100860953330994,0.29756709933280945,0.4615049362182617,0.29252079129219055,0.5193535685539246,0.30007344484329224,0.5124834775924683,0.27197372913360596,0.49107450246810913,0.26895636320114136,0.4633136987686157,0.2686106562614441,0.5161221623420715,0.27689599990844727,0.5111957788467407,0.24528732895851135,0.49167120456695557,0.24152877926826477,0.48046228289604187,0.245344340801239,0.5149660706520081,0.25151321291923523,0.5147544741630554,A
0.2620968520641327,0.6250423789024353,0.3066045045852661,0.607680082321167,0.34315863251686096,0.5457596778869629,0.3586295545101166,0.4878288507461548,0.38478022813796997,0.4667860269546509,0.32351839542388916,0.49587351083755493,0.32126280665397644,0.4643542468547821,0.3123350739479065,0.513591468334198,0.3151995837688446,0.517573893070221,0.2930205166339874,0.49253347516059875,0.28965938091278076,0.4622592329978943,0.2869234085083008,0.5218896269798279,0.29335451126098633,0.5159997344017029,0.2652612328529358,0.49376535415649414,0.2614481449127197,0.46451085805892944,0.2631090581417084,0.5177431106567383,0.27078497409820557,0.5142700672149658,0.23900054395198822,0.49550262093544006,0.23419728875160217,0.48172658681869507,0.23915907740592957,0.5165141820907593,0.245320126414299,0.5175526738166809,A
0.25915879011154175,0.6464942693710327,0.3040716052055359,0.6269984841346741,0.33861589431762695,0.5655072927474976,0.3540732264518738,0.5084985494613647,0.3803642690181732,0.48571792244911194,0.3208555281162262,0.5161849856376648,0.3189830183982849,0.4864477217197418,0.30920422077178955,0.532911479473114,0.3115878403186798,0.5351374745368958,0.29021456837654114,0.5118318796157837,0.2878209352493286,0.48278170824050903,0.2836397886276245,0.5409899950027466,0.2893577516078949,0.5351817011833191,0.2619221806526184,0.5132031440734863,0.25876858830451965,0.48474588990211487,0.25922197103500366,0.5385537147521973,0.26535120606422424,0.535558819770813,0.23504327237606049,0.5157601833343506,0.23133061826229095,0.5029433369636536,0.23563480377197266,0.538500189781189,0.24082307517528534,0.5392705202102661,A
0.2560887634754181,0.6683111786842346,0.30041858553886414,0.6464782953262329,0.33527183532714844,0.5861862897872925,0.3498116135597229,0.5307295322418213,0.3758142292499542,0.507928192615509,0.3162112236022949,0.5379722714424133,0.3147864043712616,0.5085935592651367,0.3046363890171051,0.5574111938476562,0.30685654282569885,0.5571721196174622,0.2841474115848541,0.5349311232566833,0.2841724753379822,0.5049566030502319,0.2797543704509735,0.5640257000923157,0.28414207696914673,0.5578183531761169,0.25607970356941223,0.5389837622642517,0.25394418835639954,0.50787752866745,0.2555669844150543,0.5620218515396118,0.2599579691886902,0.5593912601470947,0.22954683005809784,0.541164219379425,0.22503678500652313,0.5284607410430908,0.2302173376083374,0.5629792809486389,0.23550085723400116,0.5626945495605469,A
0.24931840598583221,0.7111494541168213,0.2945660352706909,0.6973304152488708,0.32803550362586975,0.6349385380744934,0.34060925245285034,0.5760613679885864,0.36558669805526733,0.5497583150863647,0.3074399530887604,0.5859938263893127,0.3058626353740692,0.5553895235061646,0.2969021499156952,0.6041085124015808,0.2990460991859436,0.6079442501068115,0.27437764406204224,0.586107611656189,0.2739335894584656,0.5561659932136536,0.27098578214645386,0.6160093545913696,0.2757780849933624,0.6112871170043945,0.24532648921012878,0.5905998349189758,0.24326255917549133,0.5613056421279907,0.24609611928462982,0.6159349083900452,0.252072811126709,0.6131822466850281,0.2191498875617981,0.595260500907898,0.21418538689613342,0.579704225063324,0.22029675543308258,0.6166949272155762,0.22538787126541138,0.6186673641204834,A
0.24856016039848328,0.7491353154182434,0.2903369069099426,0.7301125526428223,0.3249530494213104,0.667890191078186,0.33847132325172424,0.6108813881874084,0.3631106913089752,0.5835741758346558,0.30185431241989136,0.616945743560791,0.29956498742103577,0.5943278670310974,0.29175302386283875,0.6436212658882141,0.2949885129928589,0.6431018114089966,0.2717851400375366,0.6163797378540039,0.2690598666667938,0.5933699011802673,0.26750683784484863,0.6519068479537964,0.27299147844314575,0.6454878449440002,0.24393141269683838,0.6210094094276428,0.2389940470457077,0.5970872044563293,0.2431546002626419,0.6502256393432617,0.25003576278686523,0.6461904644966125,0.21819426119327545,0.6245202422142029,0.21235942840576172,0.6157686710357666,0.21920043230056763,0.6498491764068604,0.2257084846496582,0.6485475897789001,A
0.2477153241634369,0.7705795168876648,0.28982144594192505,0.750583291053772,0.32317477464675903,0.6888071894645691,0.3372742533683777,0.6301194429397583,0.3610808551311493,0.6019691824913025,0.30073872208595276,0.6362096667289734,0.2970459759235382,0.6134697794914246,0.2917185425758362,0.6588928699493408,0.293916255235672,0.6605504751205444,0.2701524794101715,0.634803295135498,0.26605546474456787,0.6134711503982544,0.2663750648498535,0.6715660095214844,0.27129459381103516,0.6634699702262878,0.24232615530490875,0.6401647329330444,0.23787233233451843,0.617661714553833,0.24236620962619781,0.6703160405158997,0.24775134027004242,0.6668386459350586,0.21516920626163483,0.647302508354187,0.21157467365264893,0.6370277404785156,0.2180682122707367,0.6716205477714539,0.22287777066230774,0.6718426942825317,A
0.24525079131126404,0.8023868799209595,0.28592386841773987,0.7799462080001831,0.31989553570747375,0.7173073887825012,0.3334551453590393,0.6605445742607117,0.35764676332473755,0.6308196783065796,0.29790180921554565,0.6653532981872559,0.29503899812698364,0.643908679485321,0.2883017957210541,0.6917836666107178,0.2899148464202881,0.6862288117408752,0.2656051814556122,0.6647494435310364,0.2649093270301819,0.6425642967224121,0.26376694440841675,0.702727735042572,0.2672463357448578,0.6924841403961182,0.23764264583587646,0.6718295216560364,0.23380500078201294,0.6484237909317017,0.2397472858428955,0.701917290687561,0.24405473470687866,0.6952691078186035,0.21184605360031128,0.6766353249549866,0.2066720724105835,0.6712981462478638,0.21495521068572998,0.704761266708374,0.22049066424369812,0.700799286365509,A
0.2423291951417923,0.8181576132774353,0.2834571599960327,0.7924987077713013,0.3152816891670227,0.7318099737167358,0.32780030369758606,0.6742575168609619,0.35229775309562683,0.6437019109725952,0.29439935088157654,0.675778329372406,0.2881542444229126,0.6606023907661438,0.284429132938385,0.7082745432853699,0.2858453094959259,0.7035778760910034,0.262957364320755,0.6755629181861877,0.25730612874031067,0.6598515510559082,0.2597838044166565,0.7196439504623413,0.26458975672721863,0.7076995372772217,0.23444755375385284,0.683707594871521,0.22773456573486328,0.667255163192749,0.234632670879364,0.7188144326210022,0.24026794731616974,0.7112205028533936,0.20797377824783325,0.6909106969833374,0.20192962884902954,0.6906619071960449,0.2106810212135315,0.7226965427398682,0.21743853390216827,0.7181442975997925,A
0.24138781428337097,0.825945258140564,0.28105390071868896,0.8014951944351196,0.3127442002296448,0.7396679520606995,0.3248663544654846,0.6819600462913513,0.3475956916809082,0.6502298712730408,0.29164692759513855,0.681641161441803,0.28571614623069763,0.6685703992843628,0.28111448884010315,0.7155234217643738,0.28103211522102356,0.7085204720497131,0.2598212659358978,0.682715892791748,0.25459742546081543,0.6674991250038147,0.257342666387558,0.7271705269813538,0.2612626552581787,0.7155095934867859,0.23159760236740112,0.6914535164833069,0.2245694100856781,0.675069272518158,0.23284612596035004,0.7276301980018616,0.23885519802570343,0.7200374007225037,0.2051451951265335,0.6987017393112183,0.19908007979393005,0.6990836262702942,0.2084987610578537,0.7319215536117554,0.21592380106449127,0.7269943952560425,A
0.240170419216156,0.8380335569381714,0.2795077860355377,0.8124285936355591,0.30821552872657776,0.7491670846939087,0.32048019766807556,0.6918069124221802,0.34388983249664307,0.6595331430435181,0.28740036487579346,0.6883623600006104,0.28099557757377625,0.6801792979240417,0.2789522707462311,0.723590612411499,0.2796582281589508,0.7173972129821777,0.25597235560417175,0.689088761806488,0.2488115131855011,0.6818783283233643,0.2537379562854767,0.7392674684524536,0.2582840919494629,0.7256022095680237,0.2271309643983841,0.6981644034385681,0.21905972063541412,0.6889349818229675,0.22831124067306519,0.7398948669433594,0.2346745729446411,0.7299743890762329,0.20043465495109558,0.7089123129844666,0.19451823830604553,0.7091456651687622,0.20431794226169586,0.7413138747215271,0.21042019128799438,0.7372865676879883,A
0.237544447183609,0.8319703340530396,0.27703145146369934,0.809769868850708,0.3074241876602173,0.7457740306854248,0.31910985708236694,0.6885244250297546,0.34121400117874146,0.6568061709403992,0.28477445244789124,0.6884439587593079,0.2787286341190338,0.6765328645706177,0.27534326910972595,0.7232223749160767,0.2775765061378479,0.7194745540618896,0.2551342248916626,0.6877829432487488,0.24819503724575043,0.6782166361808777,0.25126931071281433,0.7351421117782593,0.2569211721420288,0.724288284778595,0.2268008440732956,0.6947627663612366,0.21927863359451294,0.6837610602378845,0.22690287232398987,0.7355409860610962,0.234414204955101,0.7278837561607361,0.20038248598575592,0.7031900882720947,0.1945711225271225,0.7035086750984192,0.2032422572374344,0.7359887957572937,0.20995813608169556,0.7319551706314087,A
0.2389359027147293,0.8238492608070374,0.2781134843826294,0.799802303314209,0.31015264987945557,0.7373351454734802,0.322326123714447,0.6808104515075684,0.34349727630615234,0.6497214436531067,0.2868458032608032,0.6828691959381104,0.28285887837409973,0.6679497361183167,0.2784372568130493,0.715034008026123,0.27947789430618286,0.7109104990959167,0.25670894980430603,0.6820042729377747,0.2522018551826477,0.6684433817863464,0.2536258399486542,0.7260989546775818,0.25761616230010986,0.7160423994064331,0.22869206964969635,0.689772367477417,0.2229038029909134,0.6742113828659058,0.22934584319591522,0.7256485819816589,0.23550793528556824,0.7193743586540222,0.20237943530082703,0.6970633268356323,0.1966399848461151,0.6957054734230042,0.2052166759967804,0.7281295657157898,0.21313759684562683,0.7239648699760437,A
