0.31797948479652405,0.7897202372550964,0.369861900806427,0.7623108625411987,0.39877018332481384,0.6983506083488464,0.3806951940059662,0.6512632966041565,0.3413752019405365,0.6687208414077759,0.37355074286460876,0.6092915534973145,0.37190377712249756,0.5313051342964172,0.37865638732910156,0.5516769289970398,0.37960851192474365,0.5857079029083252,0.343131422996521,0.6054203510284424,0.34286341071128845,0.5274338126182556,0.35030511021614075,0.5658327341079712,0.35080817341804504,0.6038445830345154,0.31489917635917664,0.6131571531295776,0.3097028136253357,0.5357267260551453,0.32072946429252625,0.5675116181373596,0.323117733001709,0.6061393618583679,0.28398534655570984,0.6305506825447083,0.28023022413253784,0.5682742595672607,0.2913805842399597,0.5818865299224854,0.2964114248752594,0.6120378971099854,E
0.31716981530189514,0.7817001342773438,0.36963894963264465,0.7551872730255127,0.39854952692985535,0.690841019153595,0.3794197142124176,0.6423773765563965,0.34156858921051025,0.6590777039527893,0.3728655278682709,0.6007802486419678,0.3715516924858093,0.5227081775665283,0.3772270977497101,0.5466452836990356,0.3774404227733612,0.5811452865600586,0.3424697816371918,0.5973424911499023,0.3413516879081726,0.5189405083656311,0.3483768105506897,0.5579915046691895,0.34891852736473083,0.5958787798881531,0.31405705213546753,0.6052042245864868,0.3079676330089569,0.5270280838012695,0.3191857635974884,0.5600830912590027,0.3220409154891968,0.599635124206543,0.28290897607803345,0.6231554746627808,0.2789612412452698,0.560981035232544,0.2901151180267334,0.5759850144386292,0.295125812292099,0.6065402626991272,E
0.3147047460079193,0.7792744636535645,0.3668430745601654,0.7530279159545898,0.39651140570640564,0.6935256123542786,0.37964093685150146,0.6431069374084473,0.34174105525016785,0.6523457765579224,0.37155410647392273,0.5992950201034546,0.3694864809513092,0.5199404358863831,0.37461137771606445,0.5411989092826843,0.3751029968261719,0.5751244425773621,0.3413879871368408,0.5960859060287476,0.3407711386680603,0.5158104300498962,0.3467859923839569,0.5550781488418579,0.34784772992134094,0.5910966992378235,0.313178151845932,0.6037768721580505,0.3080120384693146,0.5252894163131714,0.3178795874118805,0.5572718977928162,0.3205947279930115,0.5963820815086365,0.2821802496910095,0.6221756339073181,0.27764052152633667,0.5582252740859985,0.28817063570022583,0.5727490782737732,0.2932239770889282,0.6039177775382996,E
0.31537917256355286,0.7779675126075745,0.36713552474975586,0.7497780323028564,0.39737197756767273,0.6910773515701294,0.3804416060447693,0.6425414085388184,0.3411731719970703,0.6559169292449951,0.3734661042690277,0.5985255837440491,0.37205377221107483,0.5181047916412354,0.37625211477279663,0.5452696681022644,0.3759399354457855,0.5800281763076782,0.3432987928390503,0.5943651795387268,0.34290939569473267,0.5146030187606812,0.34795045852661133,0.5566496849060059,0.3486686646938324,0.5922701358795166,0.31492358446121216,0.6016168594360352,0.3096373677253723,0.5235685706138611,0.3187668025493622,0.5577466487884521,0.32166537642478943,0.5957962274551392,0.28413236141204834,0.6200180649757385,0.27916237711906433,0.5575997233390808,0.2895704507827759,0.5721144676208496,0.295119971036911,0.6021746397018433,E
0.31165042519569397,0.7836812138557434,0.3633469343185425,0.7609306573867798,0.3949353098869324,0.692696750164032,0.37474167346954346,0.6431452035903931,0.33622410893440247,0.6570947170257568,0.3693324327468872,0.6021004915237427,0.3683590590953827,0.5226972103118896,0.37243029475212097,0.5460427403450012,0.372526079416275,0.581277072429657,0.33874303102493286,0.5989806652069092,0.33837535977363586,0.5164673328399658,0.34336262941360474,0.5564504265785217,0.34373489022254944,0.595158576965332,0.3103218078613281,0.6064242124557495,0.30523550510406494,0.526607871055603,0.3141843378543854,0.5609357953071594,0.3161679208278656,0.6011574864387512,0.2796342670917511,0.6228165626525879,0.2755989730358124,0.5596106648445129,0.28563740849494934,0.5764029622077942,0.2903141677379608,0.6067342758178711,E
0.31012454628944397,0.7913504838943481,0.36227351427078247,0.7670534253120422,0.3935430347919464,0.699794352054596,0.3733847439289093,0.6504146456718445,0.3331192433834076,0.665177583694458,0.3668510317802429,0.6083535552024841,0.3656582236289978,0.5285624265670776,0.37071603536605835,0.5524516105651855,0.37103334069252014,0.5878661274909973,0.3363302946090698,0.6049535274505615,0.3356460630893707,0.5231580138206482,0.34146052598953247,0.5627270340919495,0.34176746010780334,0.6010849475860596,0.30753880739212036,0.6129292845726013,0.3023976683616638,0.5340092182159424,0.31180235743522644,0.5674829483032227,0.31373053789138794,0.6070689558982849,0.2766026258468628,0.6301964521408081,0.27228260040283203,0.5678728818893433,0.28309163451194763,0.5834982991218567,0.2883463203907013,0.6129162907600403,E
0.3166830539703369,0.7974059581756592,0.36706194281578064,0.7698016166687012,0.3990430533885956,0.704086184501648,0.3797324299812317,0.6558135747909546,0.3387712836265564,0.6748042702674866,0.37356409430503845,0.6123424768447876,0.3719368577003479,0.531926691532135,0.3762815594673157,0.5596088767051697,0.3761542737483978,0.5969578623771667,0.34229111671447754,0.6089196801185608,0.341217577457428,0.5283557176589966,0.34675630927085876,0.5696507692337036,0.3477013409137726,0.6080950498580933,0.3136744201183319,0.617214024066925,0.3076673746109009,0.5403764247894287,0.31693291664123535,0.5734612345695496,0.32006341218948364,0.6121553778648376,0.2831310033798218,0.6357879042625427,0.2773789167404175,0.5744913816452026,0.2875277101993561,0.5880748629570007,0.2935977578163147,0.6169763207435608,E
0.3182293176651001,0.7918210029602051,0.3698669970035553,0.7600802183151245,0.4009552001953125,0.7036082744598389,0.3839305639266968,0.6541647911071777,0.34383338689804077,0.6664354205131531,0.37882858514785767,0.6072660088539124,0.3802138566970825,0.5289073586463928,0.3834666311740875,0.5578807592391968,0.38179847598075867,0.590812623500824,0.34746694564819336,0.6021682024002075,0.34973058104515076,0.523889422416687,0.3535488247871399,0.5687422156333923,0.3529815673828125,0.6018251180648804,0.3182680010795593,0.6093695163726807,0.3153289556503296,0.5341025590896606,0.3235868811607361,0.5704049468040466,0.32495686411857605,0.6068758368492126,0.2866438925266266,0.6293416023254395,0.284262478351593,0.566685140132904,0.29380884766578674,0.5821864604949951,0.2974730134010315,0.6117051243782043,E
0.319562166929245,0.7865655422210693,0.3726786673069,0.7557775974273682,0.40460747480392456,0.6998395919799805,0.3881756067276001,0.6499627232551575,0.34747937321662903,0.6610563397407532,0.38058769702911377,0.603418231010437,0.38101476430892944,0.5233075618743896,0.3858717679977417,0.5478346347808838,0.38547319173812866,0.5812622308731079,0.34917643666267395,0.597886860370636,0.35084205865859985,0.5195813179016113,0.3554590046405792,0.5620735883712769,0.35571134090423584,0.596540093421936,0.32030579447746277,0.6047853231430054,0.3164699971675873,0.5274230241775513,0.32505714893341064,0.5625632405281067,0.32747745513916016,0.6004652380943298,0.2889171242713928,0.6240839958190918,0.2859960198402405,0.5622840523719788,0.2960300147533417,0.5766503214836121,0.301043301820755,0.6068145632743835,E
0.32267317175865173,0.7786666750907898,0.3757637143135071,0.7526988983154297,0.40720134973526,0.6939927935600281,0.3927507996559143,0.6471215486526489,0.35460934042930603,0.6554657220840454,0.379647433757782,0.5963262319564819,0.3768918812274933,0.5169402956962585,0.38066935539245605,0.5312308073043823,0.38157403469085693,0.5645209550857544,0.34791749715805054,0.5927168726921082,0.345475971698761,0.5088530778884888,0.3496759533882141,0.5428372025489807,0.35199666023254395,0.5810396075248718,0.3189220428466797,0.6007315516471863,0.3130456209182739,0.5207222104072571,0.321077436208725,0.5485938787460327,0.32492291927337646,0.5900475978851318,0.28755590319633484,0.6198312044143677,0.28317520022392273,0.5552571415901184,0.292053759098053,0.5652055740356445,0.2977954149246216,0.5966364741325378,E
0.32864922285079956,0.7817153930664062,0.37913212180137634,0.7556436061859131,0.41244491934776306,0.6956032514572144,0.3954165577888489,0.650809645652771,0.35524702072143555,0.6642910242080688,0.3865254521369934,0.5999574065208435,0.38408786058425903,0.5188473463058472,0.38631609082221985,0.5400052666664124,0.3859691321849823,0.5758848190307617,0.35455456376075745,0.5957534909248352,0.3533109128475189,0.5135084986686707,0.35690081119537354,0.5517755746841431,0.35834234952926636,0.5906112790107727,0.3258405327796936,0.603850781917572,0.3198244571685791,0.5248827934265137,0.32682210206985474,0.5561597347259521,0.33012673258781433,0.5954400897026062,0.2951255440711975,0.6230612993240356,0.28886908292770386,0.5612809062004089,0.29759952425956726,0.5723555684089661,0.3040409982204437,0.6003662943840027,E
0.3302918076515198,0.7766450047492981,0.38292863965034485,0.747779369354248,0.4138500690460205,0.6958063840866089,0.3963356018066406,0.6493227481842041,0.3560931086540222,0.6593744158744812,0.3893032670021057,0.5964069366455078,0.3866303563117981,0.5162817239761353,0.38981521129608154,0.5366734266281128,0.38971391320228577,0.5690109133720398,0.357323557138443,0.5914290547370911,0.3562794029712677,0.5113106966018677,0.359839528799057,0.5521809458732605,0.36157312989234924,0.587153971195221,0.3285106122493744,0.5990555882453918,0.3231060802936554,0.5215305089950562,0.33046725392341614,0.5542418360710144,0.3339649736881256,0.5922492742538452,0.2973821461200714,0.6205309629440308,0.2920781672000885,0.557641327381134,0.3012171983718872,0.5705186128616333,0.30731791257858276,0.6010012030601501,E
0.3359503448009491,0.782243013381958,0.38690805435180664,0.7564340829849243,0.4168691337108612,0.6940075159072876,0.3942113518714905,0.6511388421058655,0.35520851612091064,0.666741669178009,0.393947958946228,0.6008083820343018,0.3915446102619171,0.5201808214187622,0.39369386434555054,0.5442618131637573,0.3935675024986267,0.5805268883705139,0.36195144057273865,0.5972132682800293,0.359915554523468,0.5148633122444153,0.3643718957901001,0.5553210973739624,0.36592015624046326,0.5935311317443848,0.33302703499794006,0.6054176688194275,0.32691681385040283,0.5264838337898254,0.3353319466114044,0.5599865317344666,0.3380287289619446,0.5985339879989624,0.30257877707481384,0.6241910457611084,0.2971588969230652,0.5619747638702393,0.30698034167289734,0.5774276256561279,0.31257951259613037,0.6062635183334351,E
0.33817702531814575,0.783513069152832,0.38858911395072937,0.7554240226745605,0.4190521836280823,0.6952327489852905,0.39536625146865845,0.6535171270370483,0.3559919595718384,0.6663578748703003,0.39616528153419495,0.6011746525764465,0.3927788734436035,0.5212256908416748,0.397044837474823,0.5392818450927734,0.39807528257369995,0.5725749731063843,0.36394116282463074,0.5968590378761292,0.36142510175704956,0.5140860080718994,0.367230623960495,0.5506687760353088,0.3692436218261719,0.5894420742988586,0.334995836019516,0.6050420999526978,0.32889482378959656,0.5256362557411194,0.33785879611968994,0.5557898879051208,0.3410399556159973,0.5943642854690552,0.30445826053619385,0.6238311529159546,0.29815107583999634,0.5615455508232117,0.30828964710235596,0.5742675065994263,0.3143906593322754,0.603081226348877,E
0.33795905113220215,0.7850165367126465,0.38832685351371765,0.7575675845146179,0.4186790883541107,0.6959550380706787,0.3927670121192932,0.6547313928604126,0.3531554043292999,0.6677554845809937,0.3973974585533142,0.603315532207489,0.3942278325557709,0.5237135291099548,0.39768773317337036,0.5393624305725098,0.398234486579895,0.5724650621414185,0.3648318946361542,0.5985097289085388,0.3624248504638672,0.5165110230445862,0.36794373393058777,0.551523745059967,0.3699451684951782,0.590701162815094,0.33587002754211426,0.6063052415847778,0.33001720905303955,0.5277341604232788,0.33844566345214844,0.556531548500061,0.34131717681884766,0.5948222279548645,0.305465430021286,0.6246964335441589,0.29965320229530334,0.5634893178939819,0.30903640389442444,0.5760248303413391,0.3145233690738678,0.6045449376106262,E
0.3399609327316284,0.7771905660629272,0.3905290365219116,0.7485123872756958,0.4213600158691406,0.6919783353805542,0.395595520734787,0.6497323513031006,0.3552963137626648,0.6605828404426575,0.3996714651584625,0.5976333022117615,0.39648517966270447,0.5172773599624634,0.4019199013710022,0.5356853008270264,0.4032287001609802,0.5683969855308533,0.36743929982185364,0.5927393436431885,0.365519255399704,0.5136341452598572,0.37131452560424805,0.5513750910758972,0.3731706738471985,0.5885273814201355,0.3388225734233856,0.6005290150642395,0.33204057812690735,0.5222581624984741,0.34084591269493103,0.5543989539146423,0.3440372943878174,0.5928112864494324,0.308228075504303,0.6196196675300598,0.3039282560348511,0.5575312972068787,0.3135204613208771,0.5712025761604309,0.3184758424758911,0.601097822189331,E
0.34218788146972656,0.7798638343811035,0.3939284384250641,0.7541005611419678,0.42365333437919617,0.6924067735671997,0.400661826133728,0.6503175497055054,0.3608619272708893,0.664393961429596,0.4019123315811157,0.6016523838043213,0.4005848169326782,0.5222295522689819,0.4047744870185852,0.5424739718437195,0.404310941696167,0.5783284306526184,0.3707112967967987,0.5974505543708801,0.3699617087841034,0.5152524709701538,0.3754819929599762,0.5530839562416077,0.37645602226257324,0.5919362306594849,0.34225770831108093,0.60509192943573,0.33718201518058777,0.5276221036911011,0.3458697199821472,0.557804524898529,0.3481651246547699,0.596431314945221,0.3117602467536926,0.622940719127655,0.307057648897171,0.5616587996482849,0.3171970546245575,0.5743885040283203,0.32273632287979126,0.6032624244689941,E
0.34360024333000183,0.7777500748634338,0.3939572274684906,0.751969039440155,0.4246923625469208,0.6927517652511597,0.39949190616607666,0.6499943733215332,0.3597540855407715,0.6603769063949585,0.40402311086654663,0.6011003851890564,0.40180864930152893,0.5212754011154175,0.4062385559082031,0.5380894541740417,0.40647661685943604,0.5706369280815125,0.3719140887260437,0.5955565571784973,0.37075844407081604,0.5139309167861938,0.3767850995063782,0.5498530268669128,0.37808957695961,0.5884865522384644,0.34303149580955505,0.6024925708770752,0.337950199842453,0.5228094458580017,0.3471810221672058,0.5526402592658997,0.3499021530151367,0.5910153388977051,0.3122189939022064,0.6201139688491821,0.3076983094215393,0.5576163530349731,0.31759265065193176,0.5703519582748413,0.3226374387741089,0.5992940664291382,E
0.3441770076751709,0.7776902914047241,0.3949924409389496,0.7533029317855835,0.42608654499053955,0.6929907202720642,0.4022456407546997,0.6524202227592468,0.36316803097724915,0.6644576787948608,0.4039621353149414,0.6014326810836792,0.4013974964618683,0.5228794813156128,0.4057784676551819,0.5371041893959045,0.4067036509513855,0.5704736709594727,0.37187477946281433,0.5965700149536133,0.36980462074279785,0.513876736164093,0.37551477551460266,0.5469765663146973,0.37728434801101685,0.5865940451622009,0.3432072699069977,0.6036686301231384,0.3375042974948883,0.5248725414276123,0.3460586965084076,0.5518113970756531,0.3490104675292969,0.5902052521705627,0.3129764199256897,0.6206658482551575,0.30763155221939087,0.558928906917572,0.3168613612651825,0.5702938437461853,0.32215768098831177,0.5985676050186157,E
0.34218811988830566,0.7754127383232117,0.3945257067680359,0.7530380487442017,0.42787355184555054,0.6959812045097351,0.40949323773384094,0.6507514119148254,0.3686380386352539,0.6607747077941895,0.40437886118888855,0.5991503000259399,0.4017460346221924,0.5183266401290894,0.4074934124946594,0.5334475040435791,0.4083841145038605,0.5655409693717957,0.3727584481239319,0.5930755138397217,0.37052279710769653,0.5104783773422241,0.3768202066421509,0.5466957092285156,0.37817469239234924,0.585525393486023,0.34408292174339294,0.5995998382568359,0.3380262851715088,0.51894611120224,0.3472938537597656,0.5492525696754456,0.35041043162345886,0.588793933391571,0.31286782026290894,0.6171870231628418,0.3084622621536255,0.5528788566589355,0.318014919757843,0.5650087594985962,0.32317307591438293,0.5949239730834961,E
0.34286004304885864,0.7773146629333496,0.3949980139732361,0.7540534734725952,0.4279855787754059,0.6954768896102905,0.4085523784160614,0.6544527411460876,0.36928680539131165,0.6656003594398499,0.4046447277069092,0.6016694903373718,0.4031003713607788,0.5222749710083008,0.4070970416069031,0.5351070761680603,0.4074781537055969,0.5683104991912842,0.37236082553863525,0.5966371297836304,0.3707842528820038,0.5132303237915039,0.37633076310157776,0.5461015701293945,0.3780849575996399,0.5859395861625671,0.3433927893638611,0.6034901142120361,0.3380652964115143,0.5244864821434021,0.3465127646923065,0.5510475635528564,0.3497511148452759,0.5906090140342712,0.3129855990409851,0.6205836534500122,0.3072775900363922,0.5577787756919861,0.3163105547428131,0.5682026743888855,0.322200208902359,0.5969013571739197,E
0.3420715034008026,0.7794448137283325,0.3946670591831207,0.7569962739944458,0.427619069814682,0.6972429752349854,0.40911322832107544,0.6550561785697937,0.36856040358543396,0.6688423156738281,0.40403100848197937,0.602543294429779,0.40298566222190857,0.5220022797584534,0.4078289270401001,0.535996675491333,0.4076271951198578,0.5696907043457031,0.3715873956680298,0.5969695448875427,0.37059086561203003,0.5129056572914124,0.3764764666557312,0.5465080142021179,0.37760022282600403,0.5875720977783203,0.3425469696521759,0.6043250560760498,0.33744725584983826,0.5247552394866943,0.3463009297847748,0.5513182878494263,0.3495543301105499,0.5912023782730103,0.3114432394504547,0.6223120093345642,0.3061968982219696,0.559615969657898,0.31545865535736084,0.5683141946792603,0.32147470116615295,0.5967736840248108,E
0.3429826498031616,0.7822104692459106,0.39422470331192017,0.7611336708068848,0.4288281500339508,0.6992252469062805,0.4124157130718231,0.6579297184944153,0.37173566222190857,0.6724607944488525,0.40756672620773315,0.6067136526107788,0.41026636958122253,0.5256351828575134,0.4125608205795288,0.5414214134216309,0.41086244583129883,0.5784099698066711,0.3734716773033142,0.6006059646606445,0.3754134178161621,0.5165525674819946,0.3789937198162079,0.5506020784378052,0.3804108500480652,0.5922249555587769,0.34377801418304443,0.6075789928436279,0.3412235975265503,0.5276391506195068,0.34840646386146545,0.553266704082489,0.35251790285110474,0.5935326218605042,0.3124551475048065,0.625147819519043,0.3077434003353119,0.5645503401756287,0.3153829574584961,0.5713714361190796,0.3219394385814667,0.5986886024475098,E
0.3441653847694397,0.7807656526565552,0.39530256390571594,0.7585111856460571,0.4291192889213562,0.6997314095497131,0.4122518002986908,0.6582668423652649,0.37185317277908325,0.6718855500221252,0.408150315284729,0.606480598449707,0.4093431532382965,0.5263184905052185,0.41294026374816895,0.539758563041687,0.4122941195964813,0.5750783085823059,0.3743937611579895,0.5998564958572388,0.3756744861602783,0.5171977281570435,0.37978413701057434,0.5499820709228516,0.3810911178588867,0.5910252332687378,0.3445633053779602,0.6063162684440613,0.34189048409461975,0.5264502167701721,0.34915387630462646,0.5513705015182495,0.3525021970272064,0.5917065143585205,0.31314149498939514,0.6237620115280151,0.30819958448410034,0.5632637739181519,0.31629177927970886,0.5702270269393921,0.32245734333992004,0.5981636643409729,E
0.34415096044540405,0.7833471894264221,0.39643824100494385,0.7593187093734741,0.4286646842956543,0.699951171875,0.4094414710998535,0.6577882170677185,0.3697786331176758,0.6696407198905945,0.40462976694107056,0.6063253879547119,0.40498098731040955,0.5252746343612671,0.40738844871520996,0.5486003756523132,0.4059675633907318,0.5851894617080688,0.37271782755851746,0.6016194820404053,0.3721655607223511,0.5180898904800415,0.3763774037361145,0.5559271574020386,0.3773531913757324,0.5950694680213928,0.34355780482292175,0.6090996861457825,0.33891311287879944,0.5304586887359619,0.347168505191803,0.5606074333190918,0.349846214056015,0.5996317267417908,0.3129464089870453,0.6268368363380432,0.30828535556793213,0.5645415186882019,0.3178275227546692,0.5772522687911987,0.323347270488739,0.6066142320632935,E
0.34332162141799927,0.7842013835906982,0.3955269455909729,0.7612709403038025,0.42774367332458496,0.7014496326446533,0.4060322642326355,0.6582859754562378,0.36632639169692993,0.6681134104728699,0.40485715866088867,0.6064121723175049,0.40466251969337463,0.5258203148841858,0.40790945291519165,0.544964075088501,0.40684178471565247,0.579857349395752,0.3725244104862213,0.601022481918335,0.37168067693710327,0.5172202587127686,0.37681353092193604,0.5534218549728394,0.37796750664711,0.5927198529243469,0.34327805042266846,0.6082815527915955,0.33873724937438965,0.5280715227127075,0.3472423553466797,0.5578767657279968,0.3499203026294708,0.5969258546829224,0.31212183833122253,0.6260427236557007,0.3079543113708496,0.5630480051040649,0.3172096014022827,0.5751965641975403,0.32226717472076416,0.6037405133247375,E
0.3430071771144867,0.7847598195075989,0.3948412239551544,0.762028694152832,0.4269101619720459,0.7008153200149536,0.4051715135574341,0.6588107347488403,0.36580902338027954,0.6703585386276245,0.4036795496940613,0.606393039226532,0.403352826833725,0.5255357027053833,0.40650245547294617,0.5461646914482117,0.4055219292640686,0.5814331769943237,0.37162235379219055,0.6021620035171509,0.3702005445957184,0.5172316431999207,0.37537094950675964,0.5535417795181274,0.3766038715839386,0.5924524664878845,0.3426849842071533,0.609664261341095,0.3382405936717987,0.5289023518562317,0.34669554233551025,0.5579314231872559,0.3489378094673157,0.5966891050338745,0.31224262714385986,0.6269356608390808,0.3087685704231262,0.5638511180877686,0.31805601716041565,0.575595498085022,0.3227377235889435,0.6038088202476501,E
0.3423161208629608,0.7819231748580933,0.39354369044303894,0.7571295499801636,0.4253278076648712,0.7017776966094971,0.40373721718788147,0.65927654504776,0.3652973175048828,0.666767954826355,0.40253105759620667,0.6052684783935547,0.4012022018432617,0.524624228477478,0.40254563093185425,0.5466093420982361,0.40224167704582214,0.5790334343910217,0.3705151081085205,0.601300060749054,0.3689866364002228,0.517386794090271,0.37224286794662476,0.5562103986740112,0.3740519881248474,0.5931746363639832,0.3421512246131897,0.608524739742279,0.3374946713447571,0.5288247466087341,0.3448468744754791,0.5605157613754272,0.34779176115989685,0.5985603928565979,0.31307950615882874,0.6259377598762512,0.31106406450271606,0.5629628300666809,0.31982991099357605,0.5763113498687744,0.32460787892341614,0.6049026250839233,E
0.3420861065387726,0.7819207906723022,0.39277225732803345,0.757906436920166,0.424422025680542,0.704554557800293,0.40383151173591614,0.6649641990661621,0.36617183685302734,0.6691288948059082,0.40237000584602356,0.6062637567520142,0.40140119194984436,0.5243499279022217,0.4029079079627991,0.54594486951828,0.4024125635623932,0.5797921419143677,0.37014660239219666,0.6018438935279846,0.36887431144714355,0.5176669359207153,0.3723548650741577,0.5569974184036255,0.3740078806877136,0.5943914651870728,0.3413216471672058,0.6090301871299744,0.33729639649391174,0.5288180708885193,0.3446279466152191,0.561889111995697,0.34688711166381836,0.6000625491142273,0.3118981719017029,0.626352846622467,0.311363160610199,0.5638472437858582,0.3204859495162964,0.578425943851471,0.32476043701171875,0.6069201827049255,E
0.3417586386203766,0.7822524309158325,0.39244216680526733,0.7581453919410706,0.4232078194618225,0.7026511430740356,0.40134087204933167,0.6618543863296509,0.3640010952949524,0.6678052544593811,0.40209394693374634,0.6064813137054443,0.40139877796173096,0.5253898501396179,0.40327274799346924,0.5460057258605957,0.40257027745246887,0.579984724521637,0.37024766206741333,0.6021419167518616,0.36858025193214417,0.5174540281295776,0.3726552724838257,0.5555227398872375,0.37438151240348816,0.5936169028282166,0.34162968397140503,0.6094050407409668,0.3370364010334015,0.5292946100234985,0.34514981508255005,0.5608246922492981,0.3476012647151947,0.5992680788040161,0.31236565113067627,0.6265973448753357,0.3116872012615204,0.5638546943664551,0.3213481307029724,0.5774677395820618,0.3257179856300354,0.6059772968292236,E
0.34077391028404236,0.7822214365005493,0.3909798264503479,0.7585242390632629,0.42149484157562256,0.7014819979667664,0.39828038215637207,0.6598739624023438,0.3606390058994293,0.6664354801177979,0.4015294909477234,0.6059377789497375,0.40083742141723633,0.5249214172363281,0.4017287790775299,0.5453401803970337,0.4011949598789215,0.5790693759918213,0.3690134882926941,0.6009405255317688,0.3681798279285431,0.5163030624389648,0.371153861284256,0.5546345114707947,0.3728339672088623,0.5932580232620239,0.3403116464614868,0.6080717444419861,0.3360682725906372,0.5282164216041565,0.3436400592327118,0.5599095225334167,0.346293181180954,0.5983076095581055,0.3110608160495758,0.6254095435142517,0.309781938791275,0.5625006556510925,0.31886619329452515,0.5764029622077942,0.32337984442710876,0.6051650643348694,E
0.34104305505752563,0.7809262275695801,0.3915541172027588,0.7573772668838501,0.42134252190589905,0.7004138231277466,0.39721396565437317,0.6602045893669128,0.36038273572921753,0.6662205457687378,0.4017796814441681,0.6055683493614197,0.40063783526420593,0.5252554416656494,0.4035312235355377,0.5432232618331909,0.40309759974479675,0.5770348310470581,0.36977121233940125,0.6012086868286133,0.36760684847831726,0.5168286561965942,0.3728385269641876,0.5520613789558411,0.3747854232788086,0.5901061296463013,0.3413700759410858,0.6083227396011353,0.33585819602012634,0.5286740064620972,0.34445053339004517,0.5576012134552002,0.347090482711792,0.5951275825500488,0.31207695603370667,0.6252864599227905,0.30916959047317505,0.5637829899787903,0.31883522868156433,0.5757646560668945,0.3236888647079468,0.6029837727546692,E
0.341009259223938,0.7814924716949463,0.3914664089679718,0.7571600675582886,0.42278924584388733,0.7032039761543274,0.3999204635620117,0.6636590957641602,0.36159998178482056,0.6687977313995361,0.40157565474510193,0.6058611869812012,0.4009333550930023,0.5245159268379211,0.40323224663734436,0.547529935836792,0.401900976896286,0.5820235013961792,0.3693450093269348,0.6007187962532043,0.36799922585487366,0.5165809988975525,0.37261641025543213,0.5563321709632874,0.3738642632961273,0.5935751795768738,0.34024927020072937,0.6077942252159119,0.3355693519115448,0.5287225246429443,0.34395769238471985,0.5613244771957397,0.34629711508750916,0.5993229746818542,0.31055960059165955,0.6256904602050781,0.30842337012290955,0.5638179779052734,0.3184371888637543,0.5779126286506653,0.3232867419719696,0.606207013130188,E
0.33991092443466187,0.782293438911438,0.39081892371177673,0.7586982250213623,0.4218279719352722,0.7023174166679382,0.4001483917236328,0.6624895930290222,0.36238062381744385,0.6677170991897583,0.40086010098457336,0.6054551601409912,0.40027132630348206,0.5242180824279785,0.4030424654483795,0.5438672304153442,0.402299702167511,0.5782303214073181,0.3687072992324829,0.601061999797821,0.3671607971191406,0.5163722634315491,0.37226128578186035,0.5533154606819153,0.37404948472976685,0.5915347337722778,0.33981209993362427,0.6085061430931091,0.3349175453186035,0.528475821018219,0.34382951259613037,0.5586199164390564,0.34664085507392883,0.5967872738838196,0.31007641553878784,0.6259786486625671,0.308096319437027,0.5631605386734009,0.3178776502609253,0.5757383108139038,0.32250747084617615,0.6037440896034241,E
0.3402600586414337,0.7818980813026428,0.39072751998901367,0.7573551535606384,0.42088189721107483,0.6989148259162903,0.39585262537002563,0.6591131687164307,0.35817763209342957,0.6669760346412659,0.4007706642150879,0.605160117149353,0.40009254217147827,0.5246046185493469,0.40305835008621216,0.5431228280067444,0.40256011486053467,0.5769510865211487,0.3688930869102478,0.6006718873977661,0.36718812584877014,0.5157570838928223,0.3726674020290375,0.5511548519134521,0.37432926893234253,0.5899190902709961,0.34050238132476807,0.6077355146408081,0.33499300479888916,0.527778685092926,0.34404218196868896,0.5568357706069946,0.3466501832008362,0.5949557423591614,0.3109807074069977,0.6245042681694031,0.3076733648777008,0.5624445676803589,0.31775790452957153,0.5747929215431213,0.3227406442165375,0.6026667356491089,E
0.3390040397644043,0.7836824655532837,0.3900306522846222,0.7591303586959839,0.42083683609962463,0.6982699036598206,0.39629438519477844,0.6564491987228394,0.3567565381526947,0.6675596833229065,0.4010607600212097,0.6048582196235657,0.3995894193649292,0.5248656868934631,0.4032213091850281,0.5426737070083618,0.40320885181427,0.5767643451690674,0.3689882159233093,0.6001222729682922,0.367221862077713,0.5164417624473572,0.37277960777282715,0.5514097213745117,0.3743603825569153,0.5902315378189087,0.3403066098690033,0.6072492003440857,0.33500561118125916,0.5277707576751709,0.3440423607826233,0.5562452673912048,0.3466894030570984,0.594813883304596,0.3102964162826538,0.6242795586585999,0.30717527866363525,0.5621603727340698,0.3170397877693176,0.5735461711883545,0.32212841510772705,0.6017712950706482,E
0.3399253189563751,0.7805638909339905,0.38952693343162537,0.7557850480079651,0.41892459988594055,0.6957784295082092,0.3925761878490448,0.6551731824874878,0.3546845614910126,0.665708065032959,0.4020017683506012,0.6051105260848999,0.40131115913391113,0.525078535079956,0.4034057557582855,0.544392466545105,0.40303170680999756,0.577911913394928,0.36981239914894104,0.600371241569519,0.36880409717559814,0.5171478986740112,0.3728313148021698,0.5524283647537231,0.37444767355918884,0.5903958082199097,0.34113192558288574,0.6067506074905396,0.33648911118507385,0.5274101495742798,0.3441677987575531,0.5562063455581665,0.34649428725242615,0.5941693782806396,0.31129974126815796,0.6227133870124817,0.3080335557460785,0.5617217421531677,0.31711527705192566,0.5740671753883362,0.3217606842517853,0.6021472811698914,E
0.3399011492729187,0.7829849123954773,0.3889652192592621,0.7592225670814514,0.4161922335624695,0.6943258047103882,0.3889198899269104,0.6516423225402832,0.3493907153606415,0.6668763160705566,0.40306317806243896,0.6038433909416199,0.40265071392059326,0.525536835193634,0.40499088168144226,0.5449647903442383,0.40354424715042114,0.5801742672920227,0.37072038650512695,0.5987914800643921,0.3696095049381256,0.5169442892074585,0.37477001547813416,0.5520899891853333,0.3756614923477173,0.5910098552703857,0.3417604863643646,0.6060976386070251,0.3365274667739868,0.5276057720184326,0.3456946015357971,0.5571461915969849,0.3477066457271576,0.5954790711402893,0.3116656541824341,0.622834324836731,0.30903828144073486,0.5619035363197327,0.31936022639274597,0.5749344229698181,0.32411620020866394,0.6035947203636169,E
0.339827299118042,0.7820661067962646,0.3883924186229706,0.7591996192932129,0.41615423560142517,0.6972410678863525,0.3896796703338623,0.6561470627784729,0.3519217371940613,0.6665635108947754,0.4029809236526489,0.6054162979125977,0.40301236510276794,0.5262799859046936,0.4045288562774658,0.5461809635162354,0.4028242528438568,0.5818879008293152,0.37066659331321716,0.6001809239387512,0.3708275854587555,0.5174350142478943,0.37442830204963684,0.5537123084068298,0.3752341866493225,0.5926086902618408,0.3418109118938446,0.6067526936531067,0.33782169222831726,0.5280311107635498,0.3452076315879822,0.5579429864883423,0.34694498777389526,0.5960874557495117,0.31191855669021606,0.6230437755584717,0.3094843924045563,0.5634399056434631,0.31854283809661865,0.5761216282844543,0.3228948712348938,0.603817880153656,E
0.33894476294517517,0.783051073551178,0.3877079486846924,0.759020984172821,0.41508737206459045,0.6959584951400757,0.3872162103652954,0.654686450958252,0.34891247749328613,0.6678354740142822,0.4024417996406555,0.6053188443183899,0.401926189661026,0.5272578001022339,0.403795063495636,0.5466935634613037,0.40230342745780945,0.5818981528282166,0.3699655532836914,0.5996955037117004,0.3694274127483368,0.5181574821472168,0.3740706443786621,0.5538932681083679,0.3748355209827423,0.5927790999412537,0.34104397892951965,0.6064910292625427,0.3362894356250763,0.5282988548278809,0.34477174282073975,0.5584997534751892,0.34641310572624207,0.5963170528411865,0.3110648989677429,0.6232079863548279,0.30806830525398254,0.5622568130493164,0.3180471658706665,0.5758852958679199,0.32261937856674194,0.6040821075439453,E
0.33752450346946716,0.7823559045791626,0.38645389676094055,0.7584421634674072,0.4139556288719177,0.6958929896354675,0.3870881497859955,0.6544007658958435,0.3487355411052704,0.6674204468727112,0.4006505310535431,0.6056385636329651,0.40021976828575134,0.5268032550811768,0.4028412699699402,0.5444110631942749,0.4018274247646332,0.5791985988616943,0.36837732791900635,0.6001225113868713,0.36801519989967346,0.5178714990615845,0.3726082444190979,0.5516119003295898,0.3734583258628845,0.5907170176506042,0.3395373225212097,0.6069533228874207,0.3349170386791229,0.5285242795944214,0.34346309304237366,0.5558794736862183,0.3456897735595703,0.5938781499862671,0.30945420265197754,0.6235812902450562,0.3057621121406555,0.5626336932182312,0.3155127167701721,0.5740776658058167,0.3205622136592865,0.602561891078949,E
0.33627447485923767,0.7800289988517761,0.3854686915874481,0.7555069923400879,0.4138670861721039,0.6936661601066589,0.38640618324279785,0.6523978114128113,0.3479846119880676,0.664147675037384,0.3990500569343567,0.6046333909034729,0.3978908956050873,0.5252296924591064,0.4008129835128784,0.542709469795227,0.4005590081214905,0.5777519941329956,0.3664757311344147,0.5994724631309509,0.36537617444992065,0.516524076461792,0.36981189250946045,0.5501182079315186,0.3712494671344757,0.5902846455574036,0.33733657002449036,0.6062057018280029,0.33230072259902954,0.5270467400550842,0.3403535783290863,0.5536445379257202,0.34309884905815125,0.5928543210029602,0.3070128560066223,0.6226963400840759,0.3021378219127655,0.5610089898109436,0.3114972710609436,0.571300208568573,0.31701451539993286,0.6002690196037292,E
0.3353918790817261,0.7806625962257385,0.3838312327861786,0.7580016255378723,0.4115064740180969,0.6939869523048401,0.3847227394580841,0.6535348892211914,0.34748685359954834,0.6650301814079285,0.3962079584598541,0.6027419567108154,0.3952329754829407,0.5238870978355408,0.397063672542572,0.5413079857826233,0.3969036936759949,0.5776122212409973,0.3630833923816681,0.5981484651565552,0.3627932369709015,0.5149657726287842,0.3663642704486847,0.5484498143196106,0.36833956837654114,0.5896977186203003,0.33365318179130554,0.6052025556564331,0.3293195962905884,0.5267484188079834,0.3370380401611328,0.5521085262298584,0.34037086367607117,0.5915334820747375,0.30360808968544006,0.6219342350959778,0.29869356751441956,0.5607842803001404,0.3076810836791992,0.5701254606246948,0.3136002719402313,0.5984781384468079,E
0.33318284153938293,0.7814051508903503,0.3829115331172943,0.7579332590103149,0.41253262758255005,0.6960655450820923,0.386196494102478,0.6565518975257874,0.34766140580177307,0.665696382522583,0.39428266882896423,0.6035031080245972,0.39280182123184204,0.5238681435585022,0.3954735994338989,0.5372314453125,0.39592164754867554,0.5724484324455261,0.36099880933761597,0.5986756682395935,0.3598133325576782,0.5143311023712158,0.3641779124736786,0.544744610786438,0.36645445227622986,0.5863657593727112,0.33153244853019714,0.6052738428115845,0.3267180323600769,0.5246086120605469,0.3343375623226166,0.5479165315628052,0.3378431797027588,0.58805251121521,0.3012350797653198,0.6216924786567688,0.2959427237510681,0.561286449432373,0.3049250543117523,0.5681975483894348,0.31129005551338196,0.5949169397354126,E
0.331878125667572,0.7820427417755127,0.3827655017375946,0.7597842216491699,0.41460901498794556,0.6982225179672241,0.3901364505290985,0.6564933061599731,0.35015782713890076,0.6679355502128601,0.3928287923336029,0.6032730340957642,0.39114463329315186,0.5228263735771179,0.3953993320465088,0.5367414951324463,0.39604058861732483,0.5720152854919434,0.35986483097076416,0.5983626842498779,0.3585091829299927,0.5142065286636353,0.36426404118537903,0.5459270477294922,0.3660845160484314,0.5881190896034241,0.33048364520072937,0.6050188541412354,0.32567691802978516,0.5240681171417236,0.33443018794059753,0.5485395789146423,0.33764123916625977,0.5886664390563965,0.29967328906059265,0.6211802363395691,0.2945896089076996,0.5587208867073059,0.30415964126586914,0.5672470927238464,0.31021642684936523,0.5952305197715759,E
0.3314712941646576,0.7818182706832886,0.3817402124404907,0.7614489197731018,0.4137357771396637,0.6981638073921204,0.39157938957214355,0.6578315496444702,0.35185760259628296,0.667266309261322,0.3923063278198242,0.6041856408119202,0.39068183302879333,0.523180365562439,0.39496374130249023,0.5353564620018005,0.3956443667411804,0.5717697739601135,0.3590244948863983,0.5993465185165405,0.35756295919418335,0.5132604241371155,0.3627336323261261,0.5446279048919678,0.3646625876426697,0.5880945324897766,0.32926639914512634,0.6062515377998352,0.3240834176540375,0.5237212181091309,0.33182013034820557,0.5473552346229553,0.3352661728858948,0.5894007682800293,0.2977449893951416,0.6229182481765747,0.2907911539077759,0.5614861249923706,0.29985734820365906,0.5685093402862549,0.30678725242614746,0.5967229008674622,E
0.3299869894981384,0.7820358872413635,0.3806820213794708,0.7624223828315735,0.4134748578071594,0.6974730491638184,0.3923860788345337,0.6573032736778259,0.3523375689983368,0.6684770584106445,0.3914038836956024,0.6047113537788391,0.3909336030483246,0.5220322012901306,0.3927997648715973,0.5391401052474976,0.3923119902610779,0.5782992839813232,0.3578992187976837,0.6005901098251343,0.3572172522544861,0.5141798853874207,0.3604988157749176,0.5464775562286377,0.3627028167247772,0.5901927351951599,0.3283156752586365,0.6078180074691772,0.3231824040412903,0.5234448909759521,0.3293057978153229,0.5478798151016235,0.33353254199028015,0.5901842713356018,0.29711809754371643,0.6249281764030457,0.2873072028160095,0.5651160478591919,0.29478758573532104,0.5714070796966553,0.3023715317249298,0.5983859896659851,E
0.3294645845890045,0.7821832895278931,0.37959039211273193,0.7620130777359009,0.4133140444755554,0.6974613070487976,0.392794132232666,0.6573962569236755,0.35277920961380005,0.6683175563812256,0.3921125531196594,0.6059920787811279,0.3939136862754822,0.5217700004577637,0.393995463848114,0.5419083833694458,0.3920581340789795,0.5826131105422974,0.3580188751220703,0.6012547612190247,0.3586866855621338,0.51402348279953,0.360789030790329,0.5473307371139526,0.3630858063697815,0.590758204460144,0.328316867351532,0.6081770062446594,0.3241250216960907,0.523923397064209,0.329653799533844,0.5494517087936401,0.33468425273895264,0.5909145474433899,0.29701781272888184,0.6252852082252502,0.2866419553756714,0.5660516619682312,0.2932477593421936,0.571705162525177,0.30151307582855225,0.5974082350730896,E
0.32978951930999756,0.7839188575744629,0.3797522187232971,0.7631080746650696,0.41372302174568176,0.6975582838058472,0.3933253586292267,0.6566606760025024,0.35314884781837463,0.6682208180427551,0.39229583740234375,0.6065945625305176,0.3948107063770294,0.5235879421234131,0.3956366181373596,0.5395928025245667,0.39385291934013367,0.579031765460968,0.35840314626693726,0.60175621509552,0.35880333185195923,0.5145706534385681,0.3616114854812622,0.5443929433822632,0.36367282271385193,0.5878159403800964,0.3289807140827179,0.6091336607933044,0.324393630027771,0.5249473452568054,0.3301509618759155,0.5476371049880981,0.33493754267692566,0.5887984037399292,0.2978934645652771,0.6265943646430969,0.28781628608703613,0.5668388605117798,0.294611394405365,0.5700627565383911,0.3028160333633423,0.5948482751846313,E
0.3318229019641876,0.7866728901863098,0.38209500908851624,0.7625505328178406,0.4142085313796997,0.6971437335014343,0.39177781343460083,0.6551161408424377,0.3512669503688812,0.6703076362609863,0.3928864002227783,0.6045758128166199,0.3919773995876312,0.5236289501190186,0.39465585350990295,0.5414746403694153,0.39454787969589233,0.5788830518722534,0.3595910668373108,0.6005350351333618,0.3586656451225281,0.5144592523574829,0.36276137828826904,0.5471201539039612,0.3647746741771698,0.5893493890762329,0.3298493027687073,0.6083132028579712,0.32565099000930786,0.5261706709861755,0.3329465687274933,0.5511919260025024,0.336565226316452,0.5919833779335022,0.2986653447151184,0.6257636547088623,0.2919563353061676,0.5631292462348938,0.30074915289878845,0.5705721974372864,0.3077731132507324,0.598594605922699,E
0.3317883014678955,0.7833986878395081,0.3828780949115753,0.7597475051879883,0.4141003489494324,0.6979882121086121,0.3913544714450836,0.6564749479293823,0.35187771916389465,0.6680964231491089,0.39327409863471985,0.6053801774978638,0.39169201254844666,0.5246578454971313,0.3939148783683777,0.539318323135376,0.3943379819393158,0.5753446221351624,0.36024701595306396,0.6010558605194092,0.3584979176521301,0.514960765838623,0.36207154393196106,0.5464959144592285,0.3643215596675873,0.5882695317268372,0.3306206166744232,0.6081253886222839,0.3251669704914093,0.5258817672729492,0.3320629596710205,0.5503263473510742,0.3356502652168274,0.5904881358146667,0.29932719469070435,0.6247984170913696,0.2920985519886017,0.5627000331878662,0.3008613586425781,0.5704010725021362,0.30790039896965027,0.5980661511421204,E
0.3307105302810669,0.7844100594520569,0.3820319175720215,0.7619265913963318,0.41368037462234497,0.6985840797424316,0.39108315110206604,0.6555973291397095,0.3504272401332855,0.6677152514457703,0.39249876141548157,0.6053441762924194,0.3908689618110657,0.5235839486122131,0.3941285014152527,0.5393060445785522,0.39465388655662537,0.5755264163017273,0.3594576418399811,0.6003427505493164,0.3577072322368622,0.514461100101471,0.36188414692878723,0.5464485287666321,0.3642145097255707,0.5885187387466431,0.3297092318534851,0.6072227954864502,0.32450345158576965,0.5241686701774597,0.33178645372390747,0.5488321185112,0.33569562435150146,0.5899924635887146,0.29816874861717224,0.6240909099578857,0.2916995882987976,0.5621474385261536,0.300414502620697,0.5695392489433289,0.30737975239753723,0.5976517796516418,E
0.33096665143966675,0.7832801938056946,0.3820965588092804,0.7603402733802795,0.41321882605552673,0.6983692049980164,0.38998332619667053,0.6575551629066467,0.3502880930900574,0.6692782640457153,0.39235368371009827,0.6061049103736877,0.39060160517692566,0.5244223475456238,0.39353084564208984,0.5390705466270447,0.3937869966030121,0.5751633644104004,0.359345942735672,0.6010995507240295,0.35733696818351746,0.5152015089988708,0.36168745160102844,0.5476694107055664,0.36400529742240906,0.5890815854072571,0.3296729624271393,0.60775226354599,0.3243633210659027,0.5250408053398132,0.33167245984077454,0.5506977438926697,0.3352786600589752,0.5912913084030151,0.29831740260124207,0.6244806051254272,0.29182180762290955,0.5629931688308716,0.3005903959274292,0.5712235569953918,0.3073723316192627,0.5988287329673767,E
0.3307163119316101,0.7831120491027832,0.3818857669830322,0.7606322765350342,0.4135107398033142,0.6989057660102844,0.39158761501312256,0.6569161415100098,0.3520480692386627,0.6680954694747925,0.39251282811164856,0.6052660942077637,0.39085960388183594,0.5240358710289001,0.3936246335506439,0.5401011109352112,0.39414867758750916,0.5760024189949036,0.35962367057800293,0.6004431843757629,0.3580707609653473,0.5153667330741882,0.36167144775390625,0.5478420853614807,0.36397019028663635,0.5893116593360901,0.32985514402389526,0.6071346998214722,0.3249359428882599,0.5248376131057739,0.3316314220428467,0.5500229001045227,0.33543455600738525,0.5908951759338379,0.2985066771507263,0.6237745881080627,0.29156652092933655,0.5613341927528381,0.29989227652549744,0.5692238211631775,0.3068075180053711,0.5976487994194031,E
0.33106938004493713,0.7840139865875244,0.38172656297683716,0.7612748146057129,0.41327640414237976,0.699284553527832,0.39081668853759766,0.6576472520828247,0.35103195905685425,0.6687696576118469,0.39254260063171387,0.6048394441604614,0.3906399607658386,0.5242416262626648,0.3939395248889923,0.5386911034584045,0.3946512043476105,0.574625551700592,0.3592107594013214,0.6001604795455933,0.35752737522125244,0.5153542757034302,0.36185920238494873,0.5470663905143738,0.36437463760375977,0.5891348123550415,0.32935085892677307,0.6074642539024353,0.32442423701286316,0.5252137184143066,0.3316982686519623,0.5494251847267151,0.3357059061527252,0.5903742909431458,0.2978808283805847,0.6249497532844543,0.2913346290588379,0.5631330609321594,0.2998773157596588,0.5695415735244751,0.306968629360199,0.5967910885810852,E
0.33010604977607727,0.7834495306015015,0.381178617477417,0.7617225050926208,0.41415953636169434,0.7025815844535828,0.3949596881866455,0.6607925295829773,0.3557945489883423,0.6712092161178589,0.3917903006076813,0.6059315800666809,0.39001256227493286,0.5246981382369995,0.3931709825992584,0.5390324592590332,0.3935701549053192,0.5746711492538452,0.3587909936904907,0.6005294919013977,0.356866717338562,0.5153176784515381,0.36109739542007446,0.5471823215484619,0.3633749186992645,0.58872389793396,0.3289777636528015,0.6073950529098511,0.32382655143737793,0.5253374576568604,0.33093878626823425,0.5498233437538147,0.3348023593425751,0.5903881192207336,0.29742634296417236,0.6249328255653381,0.29071900248527527,0.563053548336029,0.29945462942123413,0.5700533390045166,0.30663859844207764,0.5974121689796448,E
0.32979491353034973,0.7851554155349731,0.3808991014957428,0.7630480527877808,0.41422003507614136,0.702461302280426,0.3948346972465515,0.6612738966941833,0.3552846610546112,0.6722153425216675,0.3912322521209717,0.6065572500228882,0.38952571153640747,0.5245744585990906,0.39329954981803894,0.540361762046814,0.3938572406768799,0.5767744779586792,0.35838210582733154,0.601263165473938,0.35662442445755005,0.5154839754104614,0.3615577816963196,0.547912061214447,0.3636642098426819,0.5894162058830261,0.32851511240005493,0.607938289642334,0.3236706554889679,0.5247511863708496,0.3315604627132416,0.5505197644233704,0.33511969447135925,0.5917824506759644,0.2968577444553375,0.6249873638153076,0.29112350940704346,0.562252402305603,0.3004610240459442,0.5710508823394775,0.3072088658809662,0.5996717214584351,E
0.33003348112106323,0.7852877974510193,0.38150304555892944,0.7625670433044434,0.4140470325946808,0.7012911438941956,0.39300477504730225,0.6599932909011841,0.3533952832221985,0.6711606383323669,0.3913320004940033,0.6055704355239868,0.38885051012039185,0.5241644382476807,0.392512708902359,0.5394158959388733,0.3932001292705536,0.5754973888397217,0.35847076773643494,0.6010165214538574,0.3558613955974579,0.5152900815010071,0.36093300580978394,0.5473763942718506,0.3634432852268219,0.5892512202262878,0.32882195711135864,0.6081519722938538,0.3230922222137451,0.5253458619117737,0.3311300277709961,0.5501375198364258,0.33503884077072144,0.5912008881568909,0.29741010069847107,0.6253979206085205,0.29091906547546387,0.5623109340667725,0.3001258075237274,0.5701345801353455,0.30707138776779175,0.5984571576118469,E
0.32973161339759827,0.7859947085380554,0.3812267482280731,0.7620576620101929,0.4136543869972229,0.7007741332054138,0.3921397924423218,0.6593809723854065,0.3525124192237854,0.671543538570404,0.3908836245536804,0.6052042245864868,0.3889823853969574,0.5245165228843689,0.3921847939491272,0.5410342216491699,0.392871618270874,0.576897919178009,0.3581439256668091,0.6006405353546143,0.35643717646598816,0.5157116055488586,0.36072224378585815,0.5481568574905396,0.3630583584308624,0.5896401405334473,0.32849666476249695,0.6078073978424072,0.3233107924461365,0.52607661485672,0.33086127042770386,0.5509063005447388,0.3347669839859009,0.5917724370956421,0.2972961366176605,0.625288724899292,0.2906445562839508,0.5624231100082397,0.2996731102466583,0.570371687412262,0.3067924678325653,0.5990846753120422,E
0.32991868257522583,0.7850637435913086,0.3811749219894409,0.7610824108123779,0.41362708806991577,0.7011838555335999,0.3930141031742096,0.659466564655304,0.35346320271492004,0.6717481017112732,0.3919753134250641,0.6057667136192322,0.3900226950645447,0.5258926749229431,0.39329028129577637,0.5389564633369446,0.39402860403060913,0.5737388134002686,0.35884910821914673,0.6002869009971619,0.3568944036960602,0.5161703824996948,0.36118993163108826,0.5472922921180725,0.3634609580039978,0.588675320148468,0.32917582988739014,0.6074603796005249,0.32374003529548645,0.5262998938560486,0.3310531973838806,0.5507197380065918,0.3347351551055908,0.591042160987854,0.29781684279441833,0.6252574324607849,0.2912996709346771,0.5627771019935608,0.30010750889778137,0.5701751708984375,0.30695125460624695,0.5983619093894958,E
0.33045196533203125,0.7850783467292786,0.38168659806251526,0.7631199359893799,0.41467761993408203,0.7019273042678833,0.3947327733039856,0.6608121991157532,0.35498926043510437,0.6719899773597717,0.39191848039627075,0.6060035824775696,0.39014914631843567,0.5249630212783813,0.39381611347198486,0.5388725996017456,0.394458144903183,0.5752618312835693,0.358650803565979,0.6013016104698181,0.35673683881759644,0.5154992341995239,0.36145034432411194,0.5471578240394592,0.36389774084091187,0.5897690653800964,0.3289910852909088,0.6082814335823059,0.3238731324672699,0.5256776809692383,0.33125749230384827,0.5497628450393677,0.33506378531455994,0.5912172198295593,0.2976952791213989,0.6254996061325073,0.29181602597236633,0.5628790855407715,0.3003343641757965,0.5700050592422485,0.30693888664245605,0.5984223484992981,E
0.3308667242527008,0.7854118347167969,0.38215765357017517,0.7627854347229004,0.41519805788993835,0.7014644145965576,0.39472123980522156,0.6599512100219727,0.3549222946166992,0.6723296046257019,0.39274901151657104,0.6060920357704163,0.3906000256538391,0.5248695015907288,0.39381277561187744,0.5402776598930359,0.3944830894470215,0.576170802116394,0.35956448316574097,0.6010313034057617,0.35748687386512756,0.5159866213798523,0.36174526810646057,0.5484521389007568,0.3639965057373047,0.5904689431190491,0.32976004481315613,0.6079923510551453,0.32446378469467163,0.5256603956222534,0.3316948711872101,0.5510231256484985,0.3353651762008667,0.5923143625259399,0.2983000576496124,0.625167727470398,0.2921251654624939,0.56245356798172,0.30071771144866943,0.5708397626876831,0.30729466676712036,0.599803626537323,E
0.33116820454597473,0.7853467464447021,0.38285961747169495,0.7630919218063354,0.41517189145088196,0.7015461921691895,0.3943203091621399,0.6603524684906006,0.35472571849823,0.6717529892921448,0.3926273584365845,0.6057642698287964,0.39041686058044434,0.5247295498847961,0.3942581117153168,0.540084958076477,0.39513450860977173,0.5762777328491211,0.35976335406303406,0.6015236377716064,0.3573818504810333,0.5159692764282227,0.3626084625720978,0.5473579168319702,0.365242063999176,0.5890346169471741,0.3300544321537018,0.6090859174728394,0.32442113757133484,0.526506781578064,0.33255186676979065,0.5504636764526367,0.3365834653377533,0.591486930847168,0.2985668182373047,0.6267518997192383,0.2918274700641632,0.5634508728981018,0.3012222647666931,0.570301353931427,0.30858439207077026,0.5985289812088013,E
0.33158186078071594,0.7832556962966919,0.38289397954940796,0.7614318132400513,0.41495537757873535,0.6997756361961365,0.39476221799850464,0.6585915088653564,0.3554324209690094,0.6702826023101807,0.39218375086784363,0.6045128107070923,0.39020228385925293,0.5230808258056641,0.3941061794757843,0.5385690927505493,0.3948565721511841,0.5746979713439941,0.3593413233757019,0.6005152463912964,0.35681265592575073,0.5141891241073608,0.36199870705604553,0.5463427901268005,0.3647634983062744,0.588237464427948,0.33001378178596497,0.607958197593689,0.32410308718681335,0.5253685116767883,0.3324923813343048,0.549547016620636,0.3367641270160675,0.5903934240341187,0.2989751398563385,0.6251468658447266,0.29257282614707947,0.5618936419487,0.30170780420303345,0.5689509510993958,0.30861353874206543,0.5972423553466797,E
0.33137327432632446,0.7827553749084473,0.3826718330383301,0.7605308294296265,0.41505998373031616,0.6993039846420288,0.39464518427848816,0.6573774218559265,0.3552514910697937,0.6687999367713928,0.39277708530426025,0.6044319272041321,0.3906720280647278,0.5240343809127808,0.39396509528160095,0.5373009443283081,0.39471200108528137,0.5720260143280029,0.3597058653831482,0.5993240475654602,0.3576822876930237,0.5144915580749512,0.36183857917785645,0.5455447435379028,0.3641730844974518,0.5869929194450378,0.32997143268585205,0.6059773564338684,0.3249678313732147,0.5239075422286987,0.33173686265945435,0.5481019020080566,0.33537885546684265,0.5890753269195557,0.2985365390777588,0.6230605244636536,0.2924763858318329,0.5612534880638123,0.3005768656730652,0.5683586597442627,0.30705079436302185,0.5961409211158752,E
0.33157020807266235,0.7825957536697388,0.38287708163261414,0.7591621279716492,0.4159190058708191,0.6999320983886719,0.3966831564903259,0.6578065752983093,0.3570248782634735,0.6696006059646606,0.3930128216743469,0.6045861840248108,0.39097848534584045,0.5233851671218872,0.394486665725708,0.5397391319274902,0.3950080871582031,0.5751489400863647,0.3601885139942169,0.5993151068687439,0.3582850694656372,0.5146002173423767,0.36262109875679016,0.5475339293479919,0.36477047204971313,0.5883245468139648,0.3305041790008545,0.6059845089912415,0.3252100646495819,0.5237963199615479,0.3325999677181244,0.5501222610473633,0.33654844760894775,0.5911800861358643,0.2989369332790375,0.6234962344169617,0.2924729287624359,0.5610404014587402,0.3010009527206421,0.5697674751281738,0.3076655864715576,0.5985279679298401,E
0.33257782459259033,0.7806142568588257,0.3832225799560547,0.7611126899719238,0.416877418756485,0.6975917816162109,0.40116065740585327,0.655777096748352,0.36127886176109314,0.6693761348724365,0.39019352197647095,0.6014592051506042,0.38714802265167236,0.5215254426002502,0.3908807039260864,0.5340117812156677,0.3925984501838684,0.568885087966919,0.356670618057251,0.5976622104644775,0.3523294925689697,0.5103780031204224,0.3580053746700287,0.5407522916793823,0.36151450872421265,0.5842882394790649,0.32724764943122864,0.6057076454162598,0.319579541683197,0.5240351557731628,0.32810041308403015,0.5490469336509705,0.3333626389503479,0.5908573865890503,0.29623302817344666,0.6234835386276245,0.2883072793483734,0.5625408291816711,0.2958453893661499,0.5706299543380737,0.30217474699020386,0.5988260507583618,E
0.33255741000175476,0.7780388593673706,0.38290005922317505,0.7569065093994141,0.4155333638191223,0.6907496452331543,0.4027322828769684,0.6478464007377625,0.3631638288497925,0.6637937426567078,0.3871346712112427,0.5979810357093811,0.3827967941761017,0.5172536969184875,0.3883782923221588,0.5295207500457764,0.39045923948287964,0.5646660923957825,0.35429781675338745,0.5948341488838196,0.34822598099708557,0.5066983103752136,0.35619106888771057,0.5371151566505432,0.36021357774734497,0.5808268189430237,0.32548946142196655,0.6038097143173218,0.3159891366958618,0.5215263366699219,0.3264121115207672,0.5460898876190186,0.332249253988266,0.5879944562911987,0.2944512665271759,0.6226755380630493,0.28589096665382385,0.5614600777626038,0.2946406900882721,0.5688188672065735,0.30147585272789,0.5973789691925049,E
0.33482271432876587,0.7802339792251587,0.38597479462623596,0.7556880712509155,0.4193582832813263,0.6912214159965515,0.40465614199638367,0.6460710763931274,0.36611729860305786,0.663955807685852,0.3882085978984833,0.5937715768814087,0.383139967918396,0.5136348605155945,0.38765764236450195,0.534071147441864,0.389653742313385,0.5696141719818115,0.35543301701545715,0.5922512412071228,0.34998244047164917,0.5061646699905396,0.35700392723083496,0.542029082775116,0.3604174256324768,0.583331823348999,0.3262206017971039,0.6023369431495667,0.31640535593032837,0.5200825929641724,0.326712429523468,0.5488279461860657,0.3322816789150238,0.5897985696792603,0.29496094584465027,0.6227430701255798,0.2857216000556946,0.5591648817062378,0.29604026675224304,0.5692451596260071,0.3039855360984802,0.5979105234146118,E
0.3329407572746277,0.7796241641044617,0.38547205924987793,0.7552493810653687,0.4187442362308502,0.6921482682228088,0.40511831641197205,0.6472793221473694,0.3655281066894531,0.665955662727356,0.3876482844352722,0.5952235460281372,0.38390782475471497,0.5139764547348022,0.38850781321525574,0.5348359942436218,0.3890650272369385,0.5707411170005798,0.35528019070625305,0.5926128625869751,0.3506121039390564,0.5066160559654236,0.3578951954841614,0.5438152551651001,0.36055073142051697,0.584150493144989,0.32609811425209045,0.6021656394004822,0.31735000014305115,0.5203678011894226,0.32768794894218445,0.5498195290565491,0.332306832075119,0.5900747179985046,0.2946637272834778,0.6226570010185242,0.2867138385772705,0.5588728785514832,0.2971239387989044,0.5694418549537659,0.3043754994869232,0.5981178879737854,E
0.3322295546531677,0.7807796597480774,0.3849124014377594,0.7555591464042664,0.41769152879714966,0.6940330266952515,0.4045766592025757,0.6482413411140442,0.36562350392341614,0.6656392812728882,0.3869980573654175,0.595166802406311,0.3838837444782257,0.5145747661590576,0.3872085213661194,0.5392342805862427,0.38708293437957764,0.5749989748001099,0.3544248938560486,0.5921793580055237,0.35047557950019836,0.5071695446968079,0.35642242431640625,0.5468989610671997,0.3586105704307556,0.5864719152450562,0.3252713680267334,0.6020225882530212,0.31661278009414673,0.5216577649116516,0.32626500725746155,0.5532960891723633,0.3308369815349579,0.5934704542160034,0.29424789547920227,0.6234828233718872,0.28606799244880676,0.5603557229042053,0.29600095748901367,0.5724021792411804,0.3031947612762451,0.6021059155464172,E
0.3327939510345459,0.7818810343742371,0.38467663526535034,0.7574440240859985,0.4173772931098938,0.6951683163642883,0.404687762260437,0.6492769718170166,0.36595258116722107,0.6653127670288086,0.3869786262512207,0.5963519811630249,0.382954478263855,0.5160254836082458,0.38697540760040283,0.5357402563095093,0.38754916191101074,0.5708696842193604,0.35435569286346436,0.5939894318580627,0.34956875443458557,0.5082389712333679,0.3561578392982483,0.5448795557022095,0.3587566316127777,0.5849067568778992,0.325223445892334,0.6038394570350647,0.31638023257255554,0.5222193002700806,0.32615020871162415,0.5517145991325378,0.33074575662612915,0.5925052165985107,0.29400137066841125,0.6247971057891846,0.28577902913093567,0.5609785914421082,0.29561176896095276,0.5715352892875671,0.3026842772960663,0.6009458899497986,E
0.3327489197254181,0.7801735401153564,0.38509896397590637,0.7545271515846252,0.4183840751647949,0.695840060710907,0.4054342806339264,0.6494854092597961,0.36691829562187195,0.6641035079956055,0.3873538672924042,0.5956690907478333,0.38370490074157715,0.5146140456199646,0.3868016004562378,0.5399795770645142,0.3869403898715973,0.5751478672027588,0.35513338446617126,0.5929616689682007,0.3510776162147522,0.5082010626792908,0.3566841185092926,0.5481647253036499,0.3590924143791199,0.586496114730835,0.32591938972473145,0.6025317907333374,0.3177403509616852,0.52089923620224,0.3268681764602661,0.552615225315094,0.33133241534233093,0.5921642780303955,0.2946490943431854,0.6236227750778198,0.2864086627960205,0.5598324537277222,0.29638224840164185,0.571828305721283,0.3034343421459198,0.600882887840271,E
0.33347395062446594,0.7804139852523804,0.38572776317596436,0.7568895816802979,0.41941940784454346,0.6953213810920715,0.4060743451118469,0.6496039032936096,0.36719322204589844,0.6654514074325562,0.3884808123111725,0.595890462398529,0.3844292461872101,0.5151273012161255,0.3880225121974945,0.5374253392219543,0.38858523964881897,0.572988748550415,0.35587257146835327,0.5933505892753601,0.3510727882385254,0.5074214935302734,0.3570660352706909,0.5456606149673462,0.3596973419189453,0.5854818224906921,0.32659006118774414,0.6029598116874695,0.31749197840690613,0.5218090415000916,0.32683539390563965,0.5519607067108154,0.3315044045448303,0.5923406481742859,0.2953037917613983,0.6236574053764343,0.2862716019153595,0.5605267286300659,0.29606834053993225,0.5717424750328064,0.30339765548706055,0.600592315196991,E
0.3334959149360657,0.7818049788475037,0.38557422161102295,0.7577800154685974,0.418879896402359,0.6960877180099487,0.40565118193626404,0.6506677865982056,0.36742302775382996,0.6668127775192261,0.38824695348739624,0.5974818468093872,0.3852526843547821,0.5163083672523499,0.38828516006469727,0.5420862436294556,0.3880273401737213,0.5780244469642639,0.35597315430641174,0.5949457287788391,0.35186854004859924,0.5083604454994202,0.35782021284103394,0.5473906397819519,0.36005163192749023,0.5871926546096802,0.3267797529697418,0.6042482256889343,0.3179519772529602,0.5223802924156189,0.32748010754585266,0.553746223449707,0.3320033550262451,0.5939012765884399,0.2957289516925812,0.6242380142211914,0.286215215921402,0.5609925985336304,0.2963484823703766,0.5729252099990845,0.3038966655731201,0.6012750864028931,E
0.33256104588508606,0.7820339202880859,0.3847635090351105,0.7589486241340637,0.41829824447631836,0.6972891092300415,0.40587079524993896,0.6518532633781433,0.3678932785987854,0.6671044826507568,0.38787150382995605,0.5980281233787537,0.38481998443603516,0.5170214772224426,0.3873882293701172,0.5404459834098816,0.3874424397945404,0.5762510895729065,0.3551451861858368,0.5956670641899109,0.3509802222251892,0.5093111991882324,0.35648542642593384,0.5473226308822632,0.35933947563171387,0.5873412489891052,0.3259468078613281,0.6053457856178284,0.317307710647583,0.5232804417610168,0.3263319134712219,0.5538774728775024,0.331317663192749,0.5944194793701172,0.2947763204574585,0.6260419487953186,0.28598979115486145,0.5627626776695251,0.29511523246765137,0.5741485953330994,0.30217328667640686,0.6030781269073486,E
0.33306390047073364,0.7815393209457397,0.3849186599254608,0.7594343423843384,0.4188692271709442,0.6967297792434692,0.40514954924583435,0.6517351865768433,0.36630088090896606,0.6676936149597168,0.38772961497306824,0.5986741781234741,0.384225994348526,0.5171425342559814,0.3876631557941437,0.5385367274284363,0.3879409432411194,0.5744170546531677,0.35518163442611694,0.5965369939804077,0.34999293088912964,0.5088053345680237,0.3564504384994507,0.5457784533500671,0.3594171404838562,0.5869073867797852,0.32616662979125977,0.6061288714408875,0.3168003559112549,0.5232795476913452,0.32627737522125244,0.5528296232223511,0.33093979954719543,0.5933435559272766,0.29487693309783936,0.6260478496551514,0.2857830226421356,0.5625219345092773,0.2954740524291992,0.5732156038284302,0.30250653624534607,0.6013719439506531,E
0.33206117153167725,0.7827758193016052,0.38448068499565125,0.7586075663566589,0.41821813583374023,0.6970069408416748,0.405412495136261,0.650664746761322,0.36702269315719604,0.667473316192627,0.3875468075275421,0.5979766845703125,0.3843739628791809,0.5169636011123657,0.3874562382698059,0.5407156944274902,0.3871944844722748,0.57651686668396,0.3552054464817047,0.5950884222984314,0.35098326206207275,0.5093254446983337,0.3567705750465393,0.5476856827735901,0.35892078280448914,0.5879436135292053,0.32607293128967285,0.6047986149787903,0.3173390030860901,0.5236223340034485,0.3266162872314453,0.5540392398834229,0.33100903034210205,0.5940639972686768,0.2948014736175537,0.6256875395774841,0.2859596014022827,0.5624503493309021,0.29592761397361755,0.5736129879951477,0.3031747043132782,0.6023873686790466,E
0.3332809805870056,0.7833947539329529,0.3853003978729248,0.7594494819641113,0.4194905161857605,0.6972203850746155,0.4058830738067627,0.6520793437957764,0.3670729994773865,0.6689074039459229,0.38828983902931213,0.5980923771858215,0.3849864602088928,0.5173053741455078,0.38829562067985535,0.5404267907142639,0.38848716020584106,0.5758909583091736,0.355673223733902,0.595548152923584,0.3515523374080658,0.5102337002754211,0.35779839754104614,0.5481886267662048,0.3602733910083771,0.5879442095756531,0.326323002576828,0.6048567295074463,0.3180835545063019,0.5234845876693726,0.32765889167785645,0.553780198097229,0.332192987203598,0.5939877033233643,0.2952023148536682,0.6249650120735168,0.28664901852607727,0.5615477561950684,0.2967706322669983,0.5726345181465149,0.3041400611400604,0.6010270118713379,E
0.3332289457321167,0.7840197682380676,0.3864872455596924,0.7590488791465759,0.4194563627243042,0.6977905631065369,0.4055309593677521,0.6518902778625488,0.36650350689888,0.6690710783004761,0.3887820839881897,0.5986196398735046,0.38503751158714294,0.5180097222328186,0.3883577585220337,0.5410696864128113,0.3885038495063782,0.5762636065483093,0.3564193546772003,0.5957891941070557,0.35241830348968506,0.511225700378418,0.3580002784729004,0.549252986907959,0.3601936101913452,0.5885588526725769,0.3270803987979889,0.6054308414459229,0.3188078999519348,0.524619996547699,0.32762184739112854,0.5546935796737671,0.3321446180343628,0.5949820876121521,0.29559117555618286,0.6267650127410889,0.2867715358734131,0.5635251402854919,0.29633671045303345,0.5740848183631897,0.3038140535354614,0.6031139492988586,E
0.3320762813091278,0.7828159928321838,0.38422876596450806,0.7597760558128357,0.41817325353622437,0.6979389190673828,0.40582406520843506,0.6515693664550781,0.36594897508621216,0.6669813990592957,0.3882006108760834,0.5982558727264404,0.38455328345298767,0.5168792009353638,0.38875827193260193,0.536723256111145,0.38938000798225403,0.5722975134849548,0.3554708957672119,0.5955894589424133,0.3510391414165497,0.5090160369873047,0.3574220538139343,0.5454356670379639,0.3599034249782562,0.5859705209732056,0.3262788951396942,0.605070948600769,0.3179886043071747,0.5222774744033813,0.32727912068367004,0.5512558221817017,0.33149319887161255,0.591938853263855,0.294610857963562,0.625331699848175,0.286480188369751,0.5624399185180664,0.29646140336990356,0.5711700916290283,0.3037586808204651,0.5987548232078552,E
0.33255788683891296,0.7820141911506653,0.38499316573143005,0.7574464082717896,0.4186412990093231,0.6963790059089661,0.40482211112976074,0.6508257389068604,0.36530691385269165,0.66733717918396,0.388053297996521,0.5980669856071472,0.384467750787735,0.5160796046257019,0.3875627815723419,0.5388583540916443,0.38797977566719055,0.5741535425186157,0.35563400387763977,0.5956420302391052,0.3514882028102875,0.5087224245071411,0.35708796977996826,0.5464254021644592,0.35975682735443115,0.5865063667297363,0.3265949487686157,0.6053996682167053,0.3176300823688507,0.5228577852249146,0.326990008354187,0.5529850721359253,0.33215734362602234,0.5936400890350342,0.2955331802368164,0.626316487789154,0.2862691879272461,0.5623960494995117,0.29600781202316284,0.5728805661201477,0.30363696813583374,0.6019404530525208,E
0.33211126923561096,0.7824112772941589,0.3846099376678467,0.7577133178710938,0.4174409508705139,0.6962325572967529,0.4044424891471863,0.6508471369743347,0.36520475149154663,0.6683238744735718,0.38774213194847107,0.5978775024414062,0.3844086229801178,0.5168877840042114,0.3874698579311371,0.5409491062164307,0.38751381635665894,0.5762622356414795,0.3550574779510498,0.595319926738739,0.3509819209575653,0.50907301902771,0.35670992732048035,0.5482319593429565,0.3591976463794708,0.5877088904380798,0.32587939500808716,0.6052954792976379,0.31699249148368835,0.5231001973152161,0.32651573419570923,0.5545778870582581,0.33147329092025757,0.5947796702384949,0.2946963608264923,0.6266194581985474,0.28623878955841064,0.5626762509346008,0.2960464060306549,0.5739104747772217,0.3034767508506775,0.6029066443443298,E
0.33281049132347107,0.7824533581733704,0.3846878409385681,0.7573930025100708,0.41757169365882874,0.6971821188926697,0.40461933612823486,0.6515402793884277,0.36647549271583557,0.6669915914535522,0.38746148347854614,0.5973743200302124,0.38376757502555847,0.5163378715515137,0.386720210313797,0.5428144335746765,0.3868643343448639,0.577926516532898,0.35508960485458374,0.5954793691635132,0.3509127199649811,0.5091981291770935,0.35641422867774963,0.5493772029876709,0.35884687304496765,0.5880855917930603,0.3257221281528473,0.6054863929748535,0.317351371049881,0.5237600207328796,0.32637864351272583,0.555398166179657,0.3308306932449341,0.5953275561332703,0.29448065161705017,0.6265769600868225,0.28569522500038147,0.5622775554656982,0.2955102324485779,0.5738025903701782,0.3025822639465332,0.6028196215629578,E
0.33147743344306946,0.7834144830703735,0.384005069732666,0.7577326893806458,0.41720816493034363,0.6970531940460205,0.4032815098762512,0.6513639688491821,0.36439603567123413,0.6684794425964355,0.3876963257789612,0.5978139638900757,0.38408106565475464,0.5175069570541382,0.38686737418174744,0.5409126877784729,0.3870416581630707,0.576560378074646,0.3550977408885956,0.5952084064483643,0.35122689604759216,0.5100694894790649,0.356381893157959,0.547683596611023,0.359011709690094,0.5873324275016785,0.3258909285068512,0.6052820682525635,0.31765326857566833,0.5243457555770874,0.3264661133289337,0.5535345077514648,0.3313720226287842,0.5934715867042542,0.2947066128253937,0.6268738508224487,0.2861618101596832,0.5632993578910828,0.29576095938682556,0.5728979110717773,0.30340516567230225,0.6018226146697998,E
0.3315123915672302,0.7826393246650696,0.3836386501789093,0.7581179141998291,0.41752198338508606,0.6967422962188721,0.40347960591316223,0.6515498757362366,0.36383602023124695,0.668544352054596,0.387967586517334,0.5987933278083801,0.38445183634757996,0.5178130865097046,0.3875306248664856,0.5379787087440491,0.38822808861732483,0.573296070098877,0.35536208748817444,0.5957239270210266,0.3506167232990265,0.5098837614059448,0.3561420142650604,0.5454654097557068,0.3591786026954651,0.5859581232070923,0.3264402747154236,0.6051679253578186,0.31753596663475037,0.5239771008491516,0.3265005946159363,0.5521763563156128,0.33149075508117676,0.5922523140907288,0.2955995202064514,0.6254377365112305,0.28648221492767334,0.562497079372406,0.29595720767974854,0.5719186663627625,0.30360257625579834,0.6004995703697205,E
0.3323099613189697,0.7818393707275391,0.3840915560722351,0.7580452561378479,0.41733691096305847,0.6970192790031433,0.4039941430091858,0.6522084474563599,0.3651958107948303,0.6683914065361023,0.38810548186302185,0.5988277792930603,0.38499951362609863,0.5177923440933228,0.3876989185810089,0.5399905443191528,0.3879149556159973,0.5752894878387451,0.3552098274230957,0.5958222150802612,0.35137417912483215,0.5098035931587219,0.3566001355648041,0.5472827553749084,0.3591946065425873,0.5872126817703247,0.32612714171409607,0.6051506400108337,0.3179042935371399,0.5231466293334961,0.3265760540962219,0.5539499521255493,0.33122965693473816,0.5942205786705017,0.29519033432006836,0.6255386471748352,0.2862507700920105,0.5633093118667603,0.2954176962375641,0.5746622681617737,0.30264803767204285,0.6032259464263916,E
0.33177894353866577,0.782890260219574,0.38405323028564453,0.7581034898757935,0.4173732399940491,0.6959636211395264,0.40363529324531555,0.6504693627357483,0.3640398681163788,0.6687563061714172,0.3878348469734192,0.5977048277854919,0.38450440764427185,0.5174484848976135,0.38760092854499817,0.5411303639411926,0.38744330406188965,0.5768490433692932,0.35525649785995483,0.5942809581756592,0.35138189792633057,0.5097212195396423,0.35676711797714233,0.5481225848197937,0.3589160442352295,0.5876446962356567,0.32608288526535034,0.6034834384918213,0.31805849075317383,0.5231096744537354,0.32668229937553406,0.5533539056777954,0.3308870196342468,0.5934030413627625,0.2950098216533661,0.6241282224655151,0.28622967004776,0.5621645450592041,0.29565390944480896,0.5729748010635376,0.30294618010520935,0.6017995476722717,E
0.33190295100212097,0.7825537323951721,0.3840574026107788,0.7584041357040405,0.4177623987197876,0.6974115371704102,0.4045071601867676,0.6515098810195923,0.36528480052948,0.6677556037902832,0.38701140880584717,0.5979428887367249,0.38396894931793213,0.5168687105178833,0.3878672420978546,0.540632426738739,0.3876979947090149,0.5764046907424927,0.35470104217529297,0.5954836010932922,0.3505793809890747,0.5094941854476929,0.3573002815246582,0.5479174256324768,0.3594054877758026,0.587782621383667,0.3255678117275238,0.6051685810089111,0.31732821464538574,0.5233619809150696,0.3271043002605438,0.5531871914863586,0.33113938570022583,0.5932599306106567,0.2944180965423584,0.625748872756958,0.2856922745704651,0.5621399879455566,0.29598015546798706,0.5719583034515381,0.3031306862831116,0.5999752879142761,E
0.3321196734905243,0.7812594771385193,0.3840314745903015,0.7579699754714966,0.4175894856452942,0.6958968043327332,0.40415501594543457,0.6510492563247681,0.36487212777137756,0.6657410860061646,0.3875149190425873,0.5974448919296265,0.38363248109817505,0.5162608623504639,0.3873007893562317,0.5363894104957581,0.3880850076675415,0.5720725655555725,0.35528644919395447,0.5950464606285095,0.3499622046947479,0.5083392262458801,0.35599958896636963,0.5441172122955322,0.35911473631858826,0.584953248500824,0.3262690007686615,0.6045358777046204,0.31712469458580017,0.5225785374641418,0.326320618391037,0.5499584674835205,0.3312002122402191,0.5905193090438843,0.29513242840766907,0.624523401260376,0.2854365110397339,0.5612210035324097,0.2954133152961731,0.5691858530044556,0.30348843336105347,0.5969317555427551,E
0.3324948251247406,0.781241774559021,0.38370245695114136,0.7565771341323853,0.41691938042640686,0.6948834657669067,0.4032241404056549,0.6496301889419556,0.36484670639038086,0.6658740639686584,0.38718971610069275,0.5963561534881592,0.3841208219528198,0.5157776474952698,0.38660168647766113,0.5402469635009766,0.3865513205528259,0.57558673620224,0.3550059497356415,0.5938553214073181,0.3509029448032379,0.5083754062652588,0.3559851348400116,0.5463510751724243,0.35846683382987976,0.5862289667129517,0.3257937729358673,0.6034107208251953,0.3175913393497467,0.5225385427474976,0.32626232504844666,0.5519530773162842,0.3307371139526367,0.5921385884284973,0.2947230637073517,0.6237070560455322,0.28570860624313354,0.5605793595314026,0.29530519247055054,0.5704829096794128,0.30268603563308716,0.5987766981124878,E
0.33180689811706543,0.7810985445976257,0.3839043974876404,0.7552192807197571,0.4171055853366852,0.6945691108703613,0.4030129015445709,0.6494343876838684,0.3636568784713745,0.6660892367362976,0.38804054260253906,0.5959638953208923,0.3844968378543854,0.5150613784790039,0.3869447112083435,0.539290726184845,0.3871338665485382,0.5750608444213867,0.3552933931350708,0.5927489399909973,0.351689875125885,0.508542001247406,0.3564443588256836,0.5470148324966431,0.35901206731796265,0.5863115787506104,0.3259449303150177,0.6018925905227661,0.3182309567928314,0.52036452293396,0.3264768123626709,0.5504292249679565,0.33121606707572937,0.59076988697052,0.29501211643218994,0.6225079894065857,0.2865239977836609,0.5597537755966187,0.2960127592086792,0.5693482160568237,0.30400508642196655,0.5976566076278687,E
0.3323460519313812,0.7828105688095093,0.38403618335723877,0.7577114105224609,0.41762474179267883,0.694974958896637,0.4039475917816162,0.6487515568733215,0.36504319310188293,0.6664153337478638,0.3883863091468811,0.5967952609062195,0.38507089018821716,0.5160992741584778,0.3880678415298462,0.5392533540725708,0.3887801170349121,0.5747020244598389,0.35611575841903687,0.5940940976142883,0.3523806631565094,0.5094130039215088,0.35768938064575195,0.546322226524353,0.3604728877544403,0.5861329436302185,0.32690751552581787,0.603495180606842,0.3189557194709778,0.5228589773178101,0.327751487493515,0.5513343214988708,0.33265799283981323,0.5913514494895935,0.2959943413734436,0.6236177682876587,0.287042498588562,0.560569703578949,0.29672470688819885,0.5699629187583923,0.30467814207077026,0.5983469486236572,E
0.33263492584228516,0.7805048823356628,0.3851310908794403,0.7535434365272522,0.41742944717407227,0.6959197521209717,0.40383824706077576,0.6502048969268799,0.364265114068985,0.6655922532081604,0.3884213864803314,0.5961834192276001,0.38496091961860657,0.5159800052642822,0.3876240849494934,0.5393835306167603,0.3876042068004608,0.5732517838478088,0.3561079800128937,0.5928479433059692,0.35236287117004395,0.5085753202438354,0.35703524947166443,0.5478668212890625,0.35913240909576416,0.585956871509552,0.32682520151138306,0.6022001504898071,0.31889697909355164,0.5220176577568054,0.3272492289543152,0.5531664490699768,0.3317570090293884,0.5926057696342468,0.295630544424057,0.623640775680542,0.28741273283958435,0.5602701902389526,0.296938419342041,0.5708363056182861,0.30452871322631836,0.5997279286384583,E
0.33292126655578613,0.7790670394897461,0.38455989956855774,0.7548365592956543,0.41788250207901,0.6933252215385437,0.40318459272384644,0.6490573287010193,0.3645229637622833,0.6663817763328552,0.3885728418827057,0.5963338017463684,0.38542649149894714,0.5154470205307007,0.3884105086326599,0.53823322057724,0.38881033658981323,0.5734843015670776,0.3559653162956238,0.5935264825820923,0.3520650863647461,0.5077534914016724,0.35741713643074036,0.5445300936698914,0.3601144254207611,0.5850565433502197,0.3266462981700897,0.6025130748748779,0.31886085867881775,0.521132230758667,0.3274287283420563,0.5496677160263062,0.33209165930747986,0.590141773223877,0.29567089676856995,0.6222519278526306,0.28720900416374207,0.5593754053115845,0.2968771755695343,0.5682629346847534,0.3047385811805725,0.5962302684783936,E
0.3327591121196747,0.7807311415672302,0.38431069254875183,0.7554929256439209,0.41771379113197327,0.6938213109970093,0.4038643538951874,0.6483764052391052,0.3652832806110382,0.6652998924255371,0.3886043429374695,0.5958863496780396,0.3851790130138397,0.5153806805610657,0.3879822790622711,0.5403060913085938,0.3880407512187958,0.5758194923400879,0.35576921701431274,0.5929951071739197,0.3520302474498749,0.5076529383659363,0.3573034405708313,0.5459974408149719,0.3594903349876404,0.5865300893783569,0.32643330097198486,0.6021556258201599,0.3184606432914734,0.5208095908164978,0.3272331953048706,0.5509551763534546,0.33186888694763184,0.5916392803192139,0.29564687609672546,0.6222838163375854,0.286359965801239,0.5597053170204163,0.2960782051086426,0.569497287273407,0.30406203866004944,0.5975463390350342,E
0.33324211835861206,0.781342625617981,0.38477960228919983,0.7570251226425171,0.4181083142757416,0.6934815049171448,0.40407001972198486,0.6482105255126953,0.36482053995132446,0.6653336882591248,0.388604074716568,0.595474362373352,0.38500919938087463,0.5150126218795776,0.38801270723342896,0.537582516670227,0.3887716829776764,0.573352038860321,0.35601067543029785,0.5929426550865173,0.3518282473087311,0.50738525390625,0.35685232281684875,0.5445272922515869,0.3596418499946594,0.5853018164634705,0.3266258239746094,0.6023356914520264,0.3185461759567261,0.5209521651268005,0.32694119215011597,0.5494846701622009,0.3316788971424103,0.5901209712028503,0.2957974076271057,0.6224384903907776,0.28646016120910645,0.5594589710235596,0.29595839977264404,0.5681817531585693,0.304088294506073,0.596114456653595,E
0.332749605178833,0.7814478278160095,0.3846432566642761,0.7561976313591003,0.4176717698574066,0.6939642429351807,0.4039243459701538,0.6489141583442688,0.36520323157310486,0.6662452220916748,0.3879486918449402,0.5958999395370483,0.3847256898880005,0.5153548717498779,0.3876665234565735,0.5395639538764954,0.3882211744785309,0.5747082233428955,0.3558899760246277,0.5935462713241577,0.35188817977905273,0.5083169341087341,0.3570358157157898,0.5458263754844666,0.3597281575202942,0.58503258228302,0.32645004987716675,0.6028721332550049,0.31866753101348877,0.5216516852378845,0.3271685838699341,0.5507438778877258,0.33164384961128235,0.5908904075622559,0.29534995555877686,0.6227438449859619,0.2863663136959076,0.5596188306808472,0.2960382103919983,0.5696232914924622,0.30379387736320496,0.5980187058448792,E
0.3329393267631531,0.780364990234375,0.3845365345478058,0.7564661502838135,0.41765305399894714,0.6936102509498596,0.40371331572532654,0.6486625671386719,0.3648432195186615,0.6652467846870422,0.38857781887054443,0.5957669019699097,0.3848388195037842,0.5154402852058411,0.3883610665798187,0.5374342203140259,0.3889990448951721,0.5729742646217346,0.3561316728591919,0.5929912328720093,0.35150033235549927,0.5076214671134949,0.3572160303592682,0.5447156429290771,0.3599625825881958,0.5851613879203796,0.32694587111473083,0.6020985841751099,0.31836068630218506,0.5203748941421509,0.32710540294647217,0.5494080781936646,0.3316190242767334,0.5899103879928589,0.2957421541213989,0.621932327747345,0.28668510913848877,0.5593374371528625,0.296457439661026,0.5681489706039429,0.30437910556793213,0.5956277251243591,E
0.33238205313682556,0.7800609469413757,0.38417112827301025,0.7548873424530029,0.41756361722946167,0.6936405897140503,0.4033605754375458,0.6480563879013062,0.36408016085624695,0.6653414964675903,0.3885307312011719,0.5953462719917297,0.384782612323761,0.514848530292511,0.3880429267883301,0.5373507142066956,0.3886703848838806,0.5726140737533569,0.3562476634979248,0.5923511385917664,0.3525463044643402,0.5082184076309204,0.357573926448822,0.5450114607810974,0.3600747883319855,0.5843929648399353,0.32699349522590637,0.6016014814376831,0.31921786069869995,0.5208021402359009,0.32763856649398804,0.5497351884841919,0.3322993516921997,0.5899299383163452,0.2959043085575104,0.6220771670341492,0.2871025800704956,0.5591041445732117,0.2967476546764374,0.5689961910247803,0.30467966198921204,0.5980435609817505,E
