0.289296418428421,0.6458879709243774,0.31692370772361755,0.6373462677001953,0.33874157071113586,0.6283197999000549,0.35363417863845825,0.6272310614585876,0.3545657694339752,0.6292700171470642,0.3394564092159271,0.5642484426498413,0.35418516397476196,0.5634176731109619,0.364390105009079,0.552337110042572,0.37611231207847595,0.5414531230926514,0.31578055024147034,0.553313136100769,0.3365999460220337,0.6234642267227173,0.3421063721179962,0.6661055088043213,0.34504884481430054,0.6965852975845337,0.2916598618030548,0.5669564604759216,0.31344160437583923,0.6395553350448608,0.3131844699382782,0.6409615874290466,0.309874951839447,0.6322325468063354,0.26928967237472534,0.5929794311523438,0.2895636558532715,0.6480064392089844,0.2900385558605194,0.6505429148674011,0.28644782304763794,0.638753354549408,P
0.2898212671279907,0.6482087969779968,0.3179527223110199,0.6399943828582764,0.3401240110397339,0.6308344602584839,0.3546561896800995,0.6284019947052002,0.3541330099105835,0.6284887790679932,0.33996129035949707,0.566779375076294,0.3551759719848633,0.5648702383041382,0.36503809690475464,0.5531817078590393,0.3762512505054474,0.5417389273643494,0.3159259557723999,0.5549312829971313,0.3365008533000946,0.6230854392051697,0.3427029252052307,0.6656106114387512,0.34588831663131714,0.6964622139930725,0.2917051911354065,0.5676808953285217,0.3130413591861725,0.6394222378730774,0.31392040848731995,0.6409390568733215,0.3112080693244934,0.6320495009422302,0.2693096399307251,0.5927576422691345,0.2890819013118744,0.647470235824585,0.2901710271835327,0.650532066822052,0.2869636118412018,0.6387538909912109,P
0.28893280029296875,0.6544175148010254,0.3165440261363983,0.6441075205802917,0.3380416929721832,0.6325023174285889,0.35260677337646484,0.6291911602020264,0.3545168936252594,0.6311497688293457,0.33929410576820374,0.567638635635376,0.35389286279678345,0.5666310787200928,0.36347711086273193,0.5549660325050354,0.37367013096809387,0.5433546304702759,0.3148885667324066,0.557382345199585,0.3334777355194092,0.6241225600242615,0.34068000316619873,0.6676669716835022,0.3445865213871002,0.6981449723243713,0.2904902696609497,0.5705971121788025,0.3120203912258148,0.6419016122817993,0.3152506351470947,0.649276077747345,0.3138038218021393,0.6438565850257874,0.2684776484966278,0.5959108471870422,0.2873992621898651,0.6503831148147583,0.2895883023738861,0.6567952036857605,0.2870756983757019,0.6472012400627136,P
0.28844931721687317,0.6448066830635071,0.31822776794433594,0.6362671852111816,0.3409497141838074,0.6279715299606323,0.3554813861846924,0.6259996891021729,0.3532332479953766,0.6282894015312195,0.34241944551467896,0.5632452368736267,0.35620418190956116,0.5619431734085083,0.3649824857711792,0.5516984462738037,0.37513697147369385,0.5413007140159607,0.31786230206489563,0.5526912808418274,0.33556443452835083,0.6201393604278564,0.34203851222991943,0.66368168592453,0.3455565571784973,0.694891095161438,0.2932344079017639,0.5660274028778076,0.3150090277194977,0.6387958526611328,0.31809812784194946,0.6435632705688477,0.3165845274925232,0.6367855072021484,0.2706526219844818,0.5914065837860107,0.28951382637023926,0.6463695764541626,0.2918534278869629,0.6515002250671387,0.2898555397987366,0.6412090063095093,P
0.2912746071815491,0.6465856432914734,0.31773680448532104,0.6378210783004761,0.3389783799648285,0.62840735912323,0.3531031906604767,0.6274999976158142,0.35368800163269043,0.6286236047744751,0.34064751863479614,0.5628481507301331,0.35400164127349854,0.56386399269104,0.3631807863712311,0.5534960627555847,0.3737500011920929,0.5432357788085938,0.31661564111709595,0.552178144454956,0.3348581790924072,0.6236938834190369,0.3415469229221344,0.6661415696144104,0.34524258971214294,0.6963672637939453,0.29234373569488525,0.5656359791755676,0.31364357471466064,0.6404056549072266,0.31645822525024414,0.6445640325546265,0.31471607089042664,0.6371860504150391,0.270243376493454,0.5912898778915405,0.2894611358642578,0.6469394564628601,0.2916775643825531,0.6508972644805908,0.289442241191864,0.6394781470298767,P
0.29299378395080566,0.6447752118110657,0.32042354345321655,0.6351794004440308,0.3421858549118042,0.6266329288482666,0.35640352964401245,0.6259595155715942,0.35504329204559326,0.6309521198272705,0.3446007966995239,0.5648486018180847,0.35724207758903503,0.5641071796417236,0.3654521107673645,0.5534806847572327,0.37507495284080505,0.5429234504699707,0.3198394775390625,0.5529054999351501,0.33703598380088806,0.6222134828567505,0.34277307987213135,0.6650081276893616,0.34572887420654297,0.6960616707801819,0.29507169127464294,0.5658401250839233,0.31462547183036804,0.6389747262001038,0.3181200623512268,0.6413745284080505,0.31748610734939575,0.6335006952285767,0.27230218052864075,0.5914541482925415,0.2905258536338806,0.6463245153427124,0.29288336634635925,0.6495199203491211,0.2909092307090759,0.6379562020301819,P
0.2970094680786133,0.6474320888519287,0.3250006437301636,0.6382858157157898,0.3468576967716217,0.6291280388832092,0.36076563596725464,0.6267387270927429,0.35882383584976196,0.629367470741272,0.34780752658843994,0.5636450052261353,0.36059918999671936,0.5633978843688965,0.36980533599853516,0.5528298020362854,0.38037699460983276,0.5423299074172974,0.3231426477432251,0.5529118776321411,0.34164977073669434,0.6212479472160339,0.34808266162872314,0.664303719997406,0.3515107035636902,0.6950794458389282,0.2988545894622803,0.566398024559021,0.31988343596458435,0.6383615732192993,0.32300758361816406,0.6404750347137451,0.3220140337944031,0.6318196058273315,0.2764570713043213,0.5921702980995178,0.2957551181316376,0.6461787223815918,0.29810595512390137,0.6491374969482422,0.29586854577064514,0.6370653510093689,P
0.29432758688926697,0.6446091532707214,0.32390978932380676,0.6353654861450195,0.34667912125587463,0.6258071064949036,0.36151641607284546,0.6241651177406311,0.36047255992889404,0.6285679936408997,0.34765660762786865,0.5609368085861206,0.3619373142719269,0.5618364810943604,0.37141820788383484,0.5507208704948425,0.38233819603919983,0.5398544669151306,0.3235200345516205,0.5503564476966858,0.341774046421051,0.618297815322876,0.34769076108932495,0.6628928184509277,0.35060328245162964,0.6941485404968262,0.29936277866363525,0.5639828443527222,0.32094845175743103,0.6368019580841064,0.3233943581581116,0.641926646232605,0.32130226492881775,0.6341964602470398,0.27723297476768494,0.5902330875396729,0.2964000403881073,0.6462060809135437,0.2982584536075592,0.6506170630455017,0.2956664562225342,0.6387844085693359,P
0.29435068368911743,0.6415291428565979,0.3232009708881378,0.6327767372131348,0.34571918845176697,0.6243248581886292,0.3606605529785156,0.623254120349884,0.3589336574077606,0.6262538433074951,0.3466509282588959,0.5589960217475891,0.36068305373191833,0.5604767799377441,0.3700588643550873,0.5501888394355774,0.38054224848747253,0.5400280952453613,0.3229339122772217,0.5483435988426208,0.3411339223384857,0.6184101700782776,0.34718868136405945,0.6621252298355103,0.3502192199230194,0.6926596760749817,0.2987508475780487,0.5617940425872803,0.31927579641342163,0.6368438005447388,0.3193441927433014,0.640855073928833,0.3155609369277954,0.6317357420921326,0.27627262473106384,0.5876674056053162,0.2952359914779663,0.6450887322425842,0.29627761244773865,0.6494883298873901,0.29328975081443787,0.6370576024055481,P
0.2926144599914551,0.6414162516593933,0.32148364186286926,0.6332621574401855,0.3442366421222687,0.6245254278182983,0.35886040329933167,0.623750627040863,0.35935086011886597,0.6282237768173218,0.3459625840187073,0.5617265105247498,0.36029407382011414,0.5623120069503784,0.3696978688240051,0.5508694648742676,0.3811764419078827,0.5400461554527283,0.32289764285087585,0.5507981181144714,0.34119847416877747,0.6218987107276917,0.3459378480911255,0.6629453301429749,0.3493959307670593,0.6920167803764343,0.2989315688610077,0.5639718770980835,0.3185536861419678,0.637554407119751,0.31738555431365967,0.6370332837104797,0.3141472041606903,0.6259623765945435,0.27655550837516785,0.5888063907623291,0.29473230242729187,0.6446544528007507,0.2943601906299591,0.6452722549438477,0.29100853204727173,0.6311876177787781,P
0.2979236841201782,0.6436845660209656,0.32453709840774536,0.6352849006652832,0.3458242118358612,0.6267373561859131,0.3593827486038208,0.6254056692123413,0.35732120275497437,0.6279964447021484,0.34657469391822815,0.5623802542686462,0.35970091819763184,0.5649176836013794,0.3684493899345398,0.5542628765106201,0.3789688050746918,0.5439713001251221,0.3226827085018158,0.5510780215263367,0.33956798911094666,0.6216164231300354,0.34411734342575073,0.6634218692779541,0.34666821360588074,0.6932908296585083,0.2984093129634857,0.5642016530036926,0.318043053150177,0.6377701759338379,0.32032254338264465,0.6393401622772217,0.3189113736152649,0.6300291419029236,0.27602699398994446,0.5893766283988953,0.29340535402297974,0.6455829739570618,0.2949269413948059,0.6470925211906433,0.2927316129207611,0.6334648132324219,P
0.2955610156059265,0.6448657512664795,0.3241589069366455,0.6354833841323853,0.3464674949645996,0.6261442303657532,0.35990452766418457,0.6233079433441162,0.3569282591342926,0.6262184977531433,0.348478764295578,0.5611156225204468,0.3611925542354584,0.5611454844474792,0.3694896399974823,0.5495932698249817,0.3788068890571594,0.5384202599525452,0.32368436455726624,0.5494253039360046,0.3393228054046631,0.6147894263267517,0.34630516171455383,0.6602059602737427,0.3500232696533203,0.6915376782417297,0.2990551292896271,0.5617469549179077,0.31897974014282227,0.6328340768814087,0.3242310881614685,0.6419178247451782,0.32435277104377747,0.6370220184326172,0.27688929438591003,0.5867721438407898,0.29384639859199524,0.6412720084190369,0.2969270348548889,0.6474900841712952,0.29584354162216187,0.636665940284729,P
0.2963506877422333,0.6455164551734924,0.3229416012763977,0.6366451978683472,0.34436553716659546,0.6277915835380554,0.3586232662200928,0.6246878504753113,0.3575398623943329,0.6257750988006592,0.3472742736339569,0.5633609294891357,0.36036545038223267,0.5637416243553162,0.36849308013916016,0.5523712038993835,0.37739095091819763,0.5409106612205505,0.32306766510009766,0.5516908168792725,0.3390531539916992,0.6200880408287048,0.3447682857513428,0.6632100939750671,0.3476752042770386,0.6926199197769165,0.29871758818626404,0.5639753341674805,0.31851640343666077,0.6368332505226135,0.3221298158168793,0.6429691314697266,0.32111117243766785,0.6360993385314941,0.2764638364315033,0.5887449979782104,0.29369109869003296,0.6439396142959595,0.29634881019592285,0.6488807797431946,0.2947078347206116,0.6376861333847046,P
0.29427894949913025,0.6401633024215698,0.31859317421913147,0.6349883079528809,0.339451402425766,0.6312792301177979,0.3534289002418518,0.6311392188072205,0.3523750603199005,0.628537654876709,0.34399503469467163,0.5640198588371277,0.35555627942085266,0.5649072527885437,0.36283987760543823,0.5548141598701477,0.3707231283187866,0.5448348522186279,0.32008102536201477,0.5508460998535156,0.33452263474464417,0.6250393986701965,0.33933985233306885,0.6662271022796631,0.341027170419693,0.6948536038398743,0.29578036069869995,0.5630313158035278,0.31334033608436584,0.6362931728363037,0.31711092591285706,0.6376198530197144,0.3161558508872986,0.6285009384155273,0.2733832597732544,0.5881590247154236,0.2888002395629883,0.6446105241775513,0.2932935655117035,0.6462772488594055,0.2938888669013977,0.6335556507110596,P
0.2979927062988281,0.6391584873199463,0.3224284052848816,0.6332087516784668,0.34188127517700195,0.63002610206604,0.3539627194404602,0.6327584981918335,0.3517821729183197,0.6343784332275391,0.3469952642917633,0.5645471811294556,0.3564472496509552,0.5680913329124451,0.36204764246940613,0.5588186979293823,0.367983877658844,0.5505901575088501,0.3220824599266052,0.552730143070221,0.33257967233657837,0.6238059401512146,0.3372202515602112,0.6669023633003235,0.3396601974964142,0.6968410611152649,0.29729995131492615,0.5648449063301086,0.3124968409538269,0.6375302672386169,0.3170015811920166,0.6424175500869751,0.31687235832214355,0.6349157691001892,0.2743337154388428,0.5887382626533508,0.2880178987979889,0.6447147130966187,0.29176631569862366,0.6476777791976929,0.2920786142349243,0.6348251700401306,P
0.30216479301452637,0.64229416847229,0.3268030285835266,0.6378039717674255,0.3463597893714905,0.6337979435920715,0.35629263520240784,0.6320324540138245,0.3500034809112549,0.6248122453689575,0.35052889585494995,0.5651642084121704,0.35763028264045715,0.5648028254508972,0.36142465472221375,0.5541531443595886,0.36534154415130615,0.5438467860221863,0.3241228461265564,0.5498785376548767,0.33062803745269775,0.6190919876098633,0.33549946546554565,0.6629912257194519,0.3376508951187134,0.6936343312263489,0.2981969714164734,0.56076979637146,0.31151720881462097,0.6342245936393738,0.31668373942375183,0.6418465375900269,0.31660372018814087,0.6356073617935181,0.274653822183609,0.584742546081543,0.28741714358329773,0.6410290002822876,0.2920808494091034,0.6462154984474182,0.29275432229042053,0.6342201828956604,P
0.306306928396225,0.6386827230453491,0.33183443546295166,0.6353970766067505,0.35155463218688965,0.632275402545929,0.36007532477378845,0.6293438076972961,0.35189542174339294,0.6220558285713196,0.3539097011089325,0.5633153915405273,0.3597874939441681,0.5630608201026917,0.36204689741134644,0.5508970022201538,0.3638165593147278,0.5396767854690552,0.3272073268890381,0.5477544665336609,0.332215815782547,0.6182641386985779,0.337045818567276,0.6617631912231445,0.3392561674118042,0.6921936869621277,0.30133315920829773,0.558830976486206,0.3130350708961487,0.6315982937812805,0.318374902009964,0.6360344290733337,0.3186126947402954,0.6283919215202332,0.2779798209667206,0.5825344324111938,0.2893269956111908,0.6377355456352234,0.29491502046585083,0.6422026753425598,0.2966766059398651,0.6307182908058167,P
0.30897456407546997,0.6377270817756653,0.3329753875732422,0.6350898742675781,0.35261139273643494,0.6315930485725403,0.36056792736053467,0.6285817623138428,0.35256102681159973,0.6205320954322815,0.35450735688209534,0.5616509318351746,0.35902154445648193,0.5625818967819214,0.36057090759277344,0.5503069162368774,0.36215275526046753,0.5387946367263794,0.3278557062149048,0.5469304323196411,0.3319500684738159,0.6146473288536072,0.3375236690044403,0.657651424407959,0.34028246998786926,0.6869340538978577,0.30251285433769226,0.5575941801071167,0.31284308433532715,0.6285654306411743,0.3182595372200012,0.6333588361740112,0.318572998046875,0.6243394017219543,0.27937769889831543,0.5804355144500732,0.2893359363079071,0.6356784701347351,0.2949088513851166,0.6401738524436951,0.29635196924209595,0.6273218989372253,P
0.3112405240535736,0.6395672559738159,0.33505135774612427,0.6354283094406128,0.3543245196342468,0.6310759782791138,0.3601481020450592,0.6279114484786987,0.3497566878795624,0.6206396222114563,0.35594895482063293,0.5613335371017456,0.35711121559143066,0.5627418756484985,0.35597050189971924,0.5502915978431702,0.35557982325553894,0.5381890535354614,0.32804200053215027,0.5459825396537781,0.3310326933860779,0.6142733097076416,0.3366934061050415,0.6567315459251404,0.3400825560092926,0.6861458420753479,0.3020552694797516,0.5566673278808594,0.31323495507240295,0.629270076751709,0.3184320628643036,0.6335956454277039,0.31884145736694336,0.6241305470466614,0.27930670976638794,0.5801183581352234,0.2904249429702759,0.6366438269615173,0.2964159846305847,0.6406581401824951,0.2984628975391388,0.6271327137947083,P
0.32037073373794556,0.6335086822509766,0.3441891670227051,0.6299360394477844,0.3627721667289734,0.6282498240470886,0.366274893283844,0.6275290846824646,0.3544706106185913,0.6225943565368652,0.36258548498153687,0.5607057213783264,0.3611447513103485,0.5666658282279968,0.35877424478530884,0.5538358688354492,0.3575011193752289,0.5404894351959229,0.3338466286659241,0.5455653071403503,0.33583715558052063,0.6198511123657227,0.3415417969226837,0.6612964868545532,0.345344603061676,0.6885166168212891,0.3077988028526306,0.5573056936264038,0.3180604875087738,0.6335750222206116,0.32364538311958313,0.6355618238449097,0.3242427706718445,0.6234652400016785,0.28549039363861084,0.581446647644043,0.2969515323638916,0.6403789520263672,0.3038938343524933,0.6429863572120667,0.3065929412841797,0.6272018551826477,P
0.3298285901546478,0.6338505148887634,0.3526546061038971,0.6322411298751831,0.3698844015598297,0.632068932056427,0.3731984794139862,0.629885196685791,0.36273884773254395,0.620111882686615,0.3695339560508728,0.561769962310791,0.3694543242454529,0.564891517162323,0.3669205605983734,0.5534783601760864,0.3643754720687866,0.5418742299079895,0.34210947155952454,0.5461085438728333,0.34449103474617004,0.6184032559394836,0.3490608334541321,0.6597610712051392,0.3518672287464142,0.6872411966323853,0.31683027744293213,0.557303786277771,0.3267878592014313,0.6318976879119873,0.33187243342399597,0.6349310874938965,0.3320994973182678,0.6250557899475098,0.2952454388141632,0.5811904668807983,0.3053831160068512,0.6370002627372742,0.31148475408554077,0.6410589814186096,0.31356215476989746,0.6283406615257263,P
0.3329976499080658,0.6377420425415039,0.3568588197231293,0.6370618343353271,0.3764360249042511,0.6359246373176575,0.3767317533493042,0.6300791501998901,0.3646452724933624,0.6201361417770386,0.3724990487098694,0.5668027400970459,0.36911633610725403,0.5647071003913879,0.3633418083190918,0.5521281361579895,0.35731056332588196,0.5395294427871704,0.3447232246398926,0.5508173108100891,0.34652388095855713,0.6170790791511536,0.35214054584503174,0.6577697992324829,0.3546740412712097,0.6851508021354675,0.31958457827568054,0.5616164803504944,0.32857412099838257,0.6326210498809814,0.33601313829421997,0.6373085975646973,0.3378877639770508,0.6290584802627563,0.29884815216064453,0.5847914814949036,0.3083135485649109,0.6359305381774902,0.3172627389431,0.6400189399719238,0.32178449630737305,0.6280385255813599,P
0.33540022373199463,0.6439414024353027,0.36123791337013245,0.6427861452102661,0.38025206327438354,0.637889564037323,0.3760775327682495,0.6311558485031128,0.35965344309806824,0.6233938336372375,0.3694443106651306,0.56544429063797,0.3616127073764801,0.5630185604095459,0.35160237550735474,0.5533348321914673,0.3409862220287323,0.5444772839546204,0.34150534868240356,0.5522251725196838,0.3394479751586914,0.6150816082954407,0.34530937671661377,0.6592405438423157,0.3483303189277649,0.6908391714096069,0.31758156418800354,0.5634375810623169,0.32566550374031067,0.6318755745887756,0.33630457520484924,0.6460316181182861,0.3409693241119385,0.6473571062088013,0.2984828054904938,0.5852923393249512,0.30675840377807617,0.6321272253990173,0.3175056576728821,0.6418097615242004,0.3240962028503418,0.6363767385482788,P
0.33880195021629333,0.6443337202072144,0.36418893933296204,0.643061101436615,0.3838454484939575,0.6386628150939941,0.37602341175079346,0.6331782937049866,0.358006089925766,0.6274770498275757,0.369782418012619,0.5734500885009766,0.36087819933891296,0.5665650367736816,0.3490462899208069,0.5575781464576721,0.3375993072986603,0.5499122738838196,0.3399396538734436,0.5593255758285522,0.3370252549648285,0.62248694896698,0.3411678671836853,0.6645442843437195,0.3438872992992401,0.6932460069656372,0.31615519523620605,0.5687598586082458,0.32501882314682007,0.635139524936676,0.335246741771698,0.6487271785736084,0.3407791256904602,0.6495181918144226,0.2982752025127411,0.5885568261146545,0.30803585052490234,0.6344504356384277,0.31905853748321533,0.6446548700332642,0.3261413276195526,0.6395552158355713,P
0.3405210077762604,0.648589551448822,0.36536043882369995,0.6441270709037781,0.3839869499206543,0.6350838541984558,0.37280023097991943,0.6296154856681824,0.3536820709705353,0.6254891753196716,0.36620134115219116,0.5667356252670288,0.35544049739837646,0.5663532018661499,0.34231340885162354,0.5593617558479309,0.3295075297355652,0.551312267780304,0.3370608985424042,0.5553853511810303,0.3319056034088135,0.6200368404388428,0.33845552802085876,0.6628418564796448,0.3431244492530823,0.690025806427002,0.31410858035087585,0.5665040612220764,0.32148075103759766,0.6348071098327637,0.3358338475227356,0.6544824242591858,0.3445354998111725,0.6603540778160095,0.29783719778060913,0.5874048471450806,0.30621105432510376,0.6340871453285217,0.31764066219329834,0.6485393643379211,0.32450082898139954,0.6467881202697754,P
0.33877867460250854,0.6432738304138184,0.3647145628929138,0.6407505869865417,0.3730941712856293,0.630474328994751,0.3478964567184448,0.6291408538818359,0.3215913772583008,0.6270890831947327,0.35421401262283325,0.5734922885894775,0.328800767660141,0.5685147047042847,0.3063770532608032,0.5549343824386597,0.2862521708011627,0.5410390496253967,0.32937192916870117,0.5707287192344666,0.3056308329105377,0.5786819458007812,0.2861480712890625,0.5867218971252441,0.26952624320983887,0.5959845185279846,0.31117671728134155,0.5780786275863647,0.3016151487827301,0.6160324811935425,0.30865156650543213,0.6545957922935486,0.3142671585083008,0.6810488700866699,0.29863956570625305,0.5938317775726318,0.29335111379623413,0.6294727921485901,0.2994840443134308,0.6581423282623291,0.3062452971935272,0.6751510500907898,P
0.33703702688217163,0.6331976652145386,0.3598511815071106,0.6309913396835327,0.3663715124130249,0.6252074241638184,0.3423748016357422,0.6271978616714478,0.3192790448665619,0.6298519372940063,0.35374924540519714,0.570525050163269,0.3278779983520508,0.5659153461456299,0.3057748079299927,0.5537276268005371,0.28619658946990967,0.5410321950912476,0.3290443420410156,0.5679445266723633,0.3095126748085022,0.6099464297294617,0.29952067136764526,0.6400895714759827,0.29278817772865295,0.6599516868591309,0.30962228775024414,0.5758165717124939,0.3007758855819702,0.6267067790031433,0.3105045557022095,0.6541730761528015,0.320038378238678,0.6672471165657043,0.29575443267822266,0.588111400604248,0.2909030020236969,0.6264220476150513,0.30002960562705994,0.6482042670249939,0.3094451129436493,0.6545467972755432,P
0.3382571339607239,0.6368559002876282,0.35948020219802856,0.6389487981796265,0.366891086101532,0.6338895559310913,0.3444136679172516,0.6319643259048462,0.3210892677307129,0.6300016641616821,0.3521851599216461,0.5716046690940857,0.32776394486427307,0.5636588335037231,0.30645450949668884,0.5526047945022583,0.28765544295310974,0.5416337251663208,0.3274756371974945,0.5651267766952515,0.3069572150707245,0.621960461139679,0.3070906698703766,0.6665998697280884,0.308388888835907,0.6888805627822876,0.30854111909866333,0.5728557705879211,0.2978353500366211,0.6266696453094482,0.30962660908699036,0.6484484672546387,0.3190031945705414,0.6520398259162903,0.29540637135505676,0.5855435132980347,0.2889091670513153,0.6246774196624756,0.2987910807132721,0.6442409157752991,0.3081504702568054,0.6467304825782776,P
0.3408908545970917,0.6220777630805969,0.3610101640224457,0.6206060647964478,0.3625616133213043,0.6183767318725586,0.3393426537513733,0.6229937672615051,0.3184824287891388,0.6311184167861938,0.3538968563079834,0.5728097558021545,0.3263700008392334,0.5710247755050659,0.3037950098514557,0.5602641701698303,0.2849254906177521,0.5489547252655029,0.32970237731933594,0.5688238143920898,0.31002077460289,0.6192585229873657,0.30487337708473206,0.6590092182159424,0.3026077449321747,0.6856834888458252,0.3102121353149414,0.5742557048797607,0.29857131838798523,0.6298642754554749,0.30576977133750916,0.6599150896072388,0.31270915269851685,0.675538957118988,0.29631876945495605,0.5838649272918701,0.29027771949768066,0.6242677569389343,0.2994561195373535,0.6467289328575134,0.3085125684738159,0.6553880572319031,P
0.33952081203460693,0.6203709840774536,0.3587442636489868,0.623977780342102,0.3601088225841522,0.6259976625442505,0.34103482961654663,0.6328045129776001,0.32189878821372986,0.6321210265159607,0.35476070642471313,0.5714488625526428,0.32723334431648254,0.5689272284507751,0.30415284633636475,0.5581819415092468,0.28440847992897034,0.548534631729126,0.33541616797447205,0.5629839301109314,0.30908989906311035,0.5823973417282104,0.28776705265045166,0.5907778739929199,0.2716168463230133,0.5928511619567871,0.319183349609375,0.5689493417739868,0.30222010612487793,0.6151273846626282,0.3099929690361023,0.6400147080421448,0.3196837604045868,0.6499019265174866,0.3064896762371063,0.5823069214820862,0.29221925139427185,0.6206474900245667,0.29833194613456726,0.6391485333442688,0.3088930547237396,0.6440697312355042,P
0.3405959904193878,0.6246064901351929,0.35723865032196045,0.6334617733955383,0.35944488644599915,0.6354315280914307,0.33946922421455383,0.6345409750938416,0.3180604875087738,0.6314523816108704,0.35366591811180115,0.5752353072166443,0.3260003626346588,0.564031720161438,0.30534467101097107,0.5521799325942993,0.28659433126449585,0.5413763523101807,0.33567845821380615,0.569365918636322,0.30779826641082764,0.5743250250816345,0.2881796956062317,0.5877822637557983,0.2726559638977051,0.5984395146369934,0.320073664188385,0.5746623873710632,0.2986968755722046,0.5964226722717285,0.30046144127845764,0.6256529092788696,0.3046279549598694,0.6466701030731201,0.3066827952861786,0.5854934453964233,0.2890435755252838,0.6035580635070801,0.2901257872581482,0.6241533756256104,0.2962866723537445,0.6381677389144897,P
0.33578264713287354,0.6245143413543701,0.3552300035953522,0.6344960331916809,0.35896968841552734,0.6349219083786011,0.34059593081474304,0.6357048749923706,0.32257312536239624,0.6312382221221924,0.35452955961227417,0.5762633681297302,0.3299941122531891,0.5651721954345703,0.3093738853931427,0.5520642995834351,0.2907381057739258,0.5429882407188416,0.33474403619766235,0.5703461766242981,0.3093335032463074,0.5980061888694763,0.29478251934051514,0.6342889070510864,0.2839623689651489,0.6632117033004761,0.3185575604438782,0.5762263536453247,0.2989013195037842,0.6108289361000061,0.3028581142425537,0.6359473466873169,0.30940937995910645,0.6479437947273254,0.304048627614975,0.5879107117652893,0.28861063718795776,0.6144949197769165,0.29279035329818726,0.6328927874565125,0.30177661776542664,0.6401294469833374,P
0.33213183283805847,0.634602963924408,0.35494348406791687,0.6349524259567261,0.37006354331970215,0.6291703581809998,0.3554239273071289,0.6277853846549988,0.33741921186447144,0.6258182525634766,0.36021241545677185,0.5724474191665649,0.34786903858184814,0.5687694549560547,0.33269214630126953,0.5587524175643921,0.3186393678188324,0.5478251576423645,0.33273977041244507,0.5584427118301392,0.3185870945453644,0.6276490092277527,0.32050830125808716,0.6706241965293884,0.32347142696380615,0.6943341493606567,0.3106270730495453,0.564897894859314,0.3073444664478302,0.6319712996482849,0.31943899393081665,0.6405511498451233,0.32806435227394104,0.6343379020690918,0.29347890615463257,0.5802519917488098,0.29554444551467896,0.6281301379203796,0.3056999146938324,0.6400286555290222,0.3135905861854553,0.6339501142501831,P
0.33099645376205444,0.6276221871376038,0.35209229588508606,0.6290256977081299,0.36988967657089233,0.6314483880996704,0.3718922734260559,0.6310168504714966,0.35949406027793884,0.6246228814125061,0.36695605516433716,0.5654199123382568,0.3659774661064148,0.5664247274398804,0.3616124093532562,0.5543707013130188,0.3572675585746765,0.5430986881256104,0.339444100856781,0.551362156867981,0.3414779305458069,0.6232666373252869,0.34467005729675293,0.6629260182380676,0.347345232963562,0.6888130903244019,0.31504330039024353,0.5626416206359863,0.3242369592189789,0.6319496035575867,0.3276832103729248,0.6318587064743042,0.32726752758026123,0.6205434799194336,0.29494720697402954,0.5849457383155823,0.30633360147476196,0.635707437992096,0.31313011050224304,0.638362467288971,0.315492182970047,0.6250759363174438,P
0.3259083330631256,0.6233006119728088,0.34664300084114075,0.6244886517524719,0.3646546006202698,0.6280748844146729,0.37117916345596313,0.6297777891159058,0.36494651436805725,0.6225268840789795,0.3652776777744293,0.5623834133148193,0.3671671450138092,0.5653563141822815,0.3668486475944519,0.5530811548233032,0.36639881134033203,0.5407795310020447,0.3392981290817261,0.5489075183868408,0.3456028401851654,0.620917797088623,0.3523053824901581,0.6583911180496216,0.35533958673477173,0.6825317144393921,0.3153756856918335,0.5607959628105164,0.327486515045166,0.6329848170280457,0.33248940110206604,0.6307159662246704,0.3317077159881592,0.6168424487113953,0.29499536752700806,0.5841271281242371,0.3070196807384491,0.6396250128746033,0.31353628635406494,0.6397967338562012,0.3154276907444,0.6239679455757141,P
0.3220668435096741,0.6326382160186768,0.3423420786857605,0.6288241744041443,0.3602094352245331,0.626461923122406,0.36908379197120667,0.6268362998962402,0.3630303144454956,0.6223621964454651,0.36156073212623596,0.5633919835090637,0.3663831651210785,0.5642824769020081,0.36866042017936707,0.5532119274139404,0.3713962733745575,0.541959285736084,0.33560171723365784,0.5508524179458618,0.34514185786247253,0.61912602186203,0.35187602043151855,0.6586273908615112,0.35533782839775085,0.6854249835014343,0.3116614818572998,0.563044011592865,0.3261094093322754,0.633252739906311,0.3304724097251892,0.6323979496955872,0.3297663927078247,0.6192843317985535,0.29047083854675293,0.5869752168655396,0.3040032982826233,0.6411134600639343,0.3087649643421173,0.6417858600616455,0.30931395292282104,0.6260481476783752,P
0.32192516326904297,0.6297755837440491,0.3425275385379791,0.6262785792350769,0.36035123467445374,0.6250655651092529,0.369140088558197,0.6252933144569397,0.36324623227119446,0.6207475066184998,0.3609614968299866,0.5604470372200012,0.36637434363365173,0.5628417730331421,0.36926358938217163,0.5504615902900696,0.3718622624874115,0.5382348895072937,0.3351964056491852,0.54892498254776,0.34446072578430176,0.6182826161384583,0.35091614723205566,0.6574944853782654,0.35406818985939026,0.682828426361084,0.3113224506378174,0.5618358850479126,0.3254490792751312,0.6307789087295532,0.32907575368881226,0.6297292113304138,0.3274640738964081,0.6162917613983154,0.2902202904224396,0.5857295989990234,0.3035392463207245,0.6398433446884155,0.3082382082939148,0.6408646106719971,0.30849191546440125,0.6255670785903931,P
0.31092292070388794,0.6347711682319641,0.3320101499557495,0.6261308193206787,0.3506126403808594,0.6196015477180481,0.36159491539001465,0.6212505102157593,0.35847970843315125,0.6237968802452087,0.34989726543426514,0.5606085658073425,0.3592364192008972,0.5608087778091431,0.36425647139549255,0.5512233376502991,0.36988627910614014,0.5416477918624878,0.32410329580307007,0.550357460975647,0.3416746258735657,0.6176016926765442,0.34999722242355347,0.6574912667274475,0.3542361855506897,0.6852139830589294,0.30098193883895874,0.5641850829124451,0.3224816918373108,0.633033812046051,0.3269484043121338,0.6344776749610901,0.3256896734237671,0.6247972249984741,0.2807663083076477,0.5895689129829407,0.29861733317375183,0.6417891979217529,0.3022352457046509,0.6434513330459595,0.30126166343688965,0.6300511360168457,P
0.29251882433891296,0.6351256370544434,0.3159011900424957,0.6300622820854187,0.33700770139694214,0.6259875297546387,0.34997883439064026,0.6259558796882629,0.34555137157440186,0.6248534917831421,0.33628395199775696,0.5626124143600464,0.34616827964782715,0.562116265296936,0.35267192125320435,0.552117109298706,0.3593965172767639,0.541826069355011,0.31202882528305054,0.5519339442253113,0.32796475291252136,0.6190925240516663,0.33421269059181213,0.658966600894928,0.3373951017856598,0.6864047646522522,0.288726270198822,0.5653465986251831,0.308117538690567,0.6340137124061584,0.31023716926574707,0.6322363615036011,0.3083733916282654,0.6196771264076233,0.268039733171463,0.5903836488723755,0.2847384810447693,0.6428936123847961,0.2886110544204712,0.6424062252044678,0.2880784571170807,0.626521646976471,P
0.2848833203315735,0.6390127539634705,0.30893465876579285,0.6295294165611267,0.3289559781551361,0.6215284466743469,0.34221377968788147,0.6213598847389221,0.33716392517089844,0.6231375932693481,0.327354371547699,0.5606407523155212,0.3388022482395172,0.5599591732025146,0.3449110686779022,0.5498834848403931,0.3518284261226654,0.5394063591957092,0.3022247850894928,0.5506566166877747,0.32005998492240906,0.6169829368591309,0.32747000455856323,0.658185601234436,0.3314580023288727,0.6874869465827942,0.27829334139823914,0.56418377161026,0.298969030380249,0.6332492232322693,0.30306950211524963,0.6346304416656494,0.3026369512081146,0.6253692507743835,0.25696486234664917,0.5890520215034485,0.2745863199234009,0.6411343216896057,0.2777128219604492,0.6425312161445618,0.2765277922153473,0.6299527287483215,P
0.2783457338809967,0.6409252882003784,0.3020381033420563,0.6321886777877808,0.32294920086860657,0.6243937611579895,0.3360142707824707,0.6242382526397705,0.33068951964378357,0.6226698160171509,0.32087233662605286,0.5614461302757263,0.3325522243976593,0.5590542554855347,0.3396540880203247,0.5490683317184448,0.34703171253204346,0.540108323097229,0.2956659495830536,0.5503791570663452,0.3146835267543793,0.616634726524353,0.32241299748420715,0.6582273840904236,0.32672035694122314,0.6878151297569275,0.2717422842979431,0.5637671947479248,0.2942310571670532,0.6330746412277222,0.2972692847251892,0.632797360420227,0.29573169350624084,0.6211943030357361,0.2503887712955475,0.5891098976135254,0.26932790875434875,0.642156720161438,0.2729124128818512,0.642510175704956,0.27164775133132935,0.6275904774665833,P
0.2691492438316345,0.6409305334091187,0.2943040132522583,0.6305336952209473,0.3157879114151001,0.622198224067688,0.3304895758628845,0.6231953501701355,0.3264266848564148,0.6244788765907288,0.31447699666023254,0.5604585409164429,0.32643455266952515,0.5594416260719299,0.3341957926750183,0.5505785942077637,0.34266868233680725,0.5413839221000671,0.28940349817276,0.5503004193305969,0.30900076031684875,0.6176934242248535,0.3174639940261841,0.660055935382843,0.3225930333137512,0.6895070672035217,0.2654136121273041,0.5641674995422363,0.2887621223926544,0.634411633014679,0.2926689684391022,0.6350029110908508,0.29159441590309143,0.6236655712127686,0.24417686462402344,0.5901377201080322,0.26376020908355713,0.6432453393936157,0.26778674125671387,0.6439815759658813,0.266696572303772,0.6289523839950562,P
0.26858821511268616,0.6383951306343079,0.2954241633415222,0.6306129097938538,0.31748276948928833,0.6225102543830872,0.33209994435310364,0.6217706203460693,0.32895439863204956,0.6251271367073059,0.31667909026145935,0.5617576837539673,0.3298583924770355,0.5577747821807861,0.3374119997024536,0.547201931476593,0.34575355052948,0.5372426509857178,0.2921450138092041,0.5513399839401245,0.31169888377189636,0.6170722246170044,0.3195379078388214,0.6607468128204346,0.323777437210083,0.6920719146728516,0.2676940858364105,0.5645101070404053,0.2899814248085022,0.6333295106887817,0.29484623670578003,0.6366555094718933,0.2941168546676636,0.6292864680290222,0.24590438604354858,0.5889579057693481,0.26464658975601196,0.6410325765609741,0.2679925262928009,0.6437807083129883,0.2659893035888672,0.6318703889846802,P
0.2751389145851135,0.6373886466026306,0.30111443996429443,0.6298312544822693,0.3220045268535614,0.6227089762687683,0.33585041761398315,0.6235173344612122,0.33288997411727905,0.6259172558784485,0.3215811848640442,0.5620957016944885,0.33466678857803345,0.5591477155685425,0.342502236366272,0.549074649810791,0.3517296314239502,0.5391703844070435,0.2966625988483429,0.5513046383857727,0.3154503107070923,0.6186575293540955,0.3221328556537628,0.6604880094528198,0.325799822807312,0.6909759640693665,0.2719855010509491,0.5647863745689392,0.29387417435646057,0.6347498893737793,0.2973853349685669,0.6343360543251038,0.2957226037979126,0.6245070695877075,0.2496284395456314,0.5896130204200745,0.26935192942619324,0.6425978541374207,0.27328604459762573,0.6433919072151184,0.2716992497444153,0.6300596594810486,P
0.2761850357055664,0.6383751034736633,0.30280789732933044,0.6317886710166931,0.3244816064834595,0.6244444847106934,0.33851271867752075,0.6243098378181458,0.33537301421165466,0.6254109740257263,0.3233873248100281,0.5623496174812317,0.337357759475708,0.5592988729476929,0.346077024936676,0.5482943654060364,0.3556363880634308,0.5375388860702515,0.29920756816864014,0.5525639653205872,0.31778088212013245,0.6175953149795532,0.3246142268180847,0.6594623923301697,0.3283115029335022,0.6895415782928467,0.27483922243118286,0.565536618232727,0.29598039388656616,0.6337800621986389,0.2995506525039673,0.6359665989875793,0.29797041416168213,0.6279014348983765,0.2525024116039276,0.5892677903175354,0.27044978737831116,0.6409201622009277,0.2734178304672241,0.6433045268058777,0.27116426825523376,0.6313804388046265,P
0.2774994671344757,0.6395158767700195,0.30446556210517883,0.6320051550865173,0.32665038108825684,0.6249232292175293,0.34148886799812317,0.625737726688385,0.3379513621330261,0.628489077091217,0.3256688117980957,0.5628089904785156,0.33992186188697815,0.5598998069763184,0.34922319650650024,0.5491140484809875,0.3597051203250885,0.5387001037597656,0.30145561695098877,0.5524200797080994,0.3201685845851898,0.6204277276992798,0.32598909735679626,0.6622952222824097,0.32899898290634155,0.6923877596855164,0.2770255208015442,0.5654772520065308,0.2984369695186615,0.636069118976593,0.3003470301628113,0.6365901231765747,0.2976014316082001,0.6268150806427002,0.2547760009765625,0.5897961258888245,0.27427777647972107,0.6434798240661621,0.276483952999115,0.6454702019691467,0.27354323863983154,0.6328246593475342,P
0.2723774015903473,0.6407674551010132,0.3007768988609314,0.6317156553268433,0.32383453845977783,0.6223445534706116,0.33953171968460083,0.6233633160591125,0.34023475646972656,0.6293829679489136,0.3245090842247009,0.5617269277572632,0.3394767642021179,0.5602279305458069,0.3495931029319763,0.5493937134742737,0.36131489276885986,0.5390310287475586,0.30136364698410034,0.5522745847702026,0.32171452045440674,0.6200417876243591,0.32728248834609985,0.6625990867614746,0.3305162787437439,0.6930169463157654,0.2775700092315674,0.5654130578041077,0.3002437353134155,0.6354696154594421,0.30147889256477356,0.6357868909835815,0.29856470227241516,0.6258018612861633,0.2554636001586914,0.5897550582885742,0.2755800485610962,0.6431960463523865,0.2770650386810303,0.6446465253829956,0.2741217613220215,0.6314569711685181,P
0.2790016829967499,0.6382105946540833,0.3044203519821167,0.6313657760620117,0.3259274661540985,0.6238895654678345,0.340376615524292,0.6251758933067322,0.339150071144104,0.6300727128982544,0.3262692093849182,0.562816858291626,0.3398210406303406,0.5620719194412231,0.3487023115158081,0.5519717335700989,0.36002328991889954,0.5422917604446411,0.3021251857280731,0.5524759292602539,0.32157739996910095,0.6208071112632751,0.32704439759254456,0.6622886061668396,0.33077776432037354,0.6922273635864258,0.2779712677001953,0.5655469298362732,0.3008561134338379,0.6372030377388,0.3043130934238434,0.6378984451293945,0.30349278450012207,0.6288859248161316,0.25586459040641785,0.5896061658859253,0.2760623097419739,0.6437599658966064,0.2785111367702484,0.6444090604782104,0.2763730585575104,0.6310723423957825,P
0.2756408452987671,0.6375123262405396,0.30420780181884766,0.6312087774276733,0.3265657424926758,0.6237342953681946,0.34141555428504944,0.6236688494682312,0.33989274501800537,0.6266786456108093,0.3270854651927948,0.5619061589241028,0.34151363372802734,0.5590401291847229,0.35109829902648926,0.5484669208526611,0.36221379041671753,0.5379568934440613,0.30378854274749756,0.5523500442504883,0.32364681363105774,0.6184369325637817,0.3290182650089264,0.6611623764038086,0.332052618265152,0.6912757754325867,0.27945083379745483,0.5655010342597961,0.30119583010673523,0.6341142654418945,0.3037579357624054,0.6348642706871033,0.30211111903190613,0.6253650784492493,0.25698673725128174,0.589741587638855,0.27586495876312256,0.6416036486625671,0.278175413608551,0.6433753967285156,0.2756320834159851,0.6309542059898376,P
0.27900198101997375,0.6361092329025269,0.30531781911849976,0.629030704498291,0.32661885023117065,0.6215053200721741,0.34099799394607544,0.6234897375106812,0.3418486714363098,0.628139317035675,0.32921046018600464,0.5604451298713684,0.34282976388931274,0.5589242577552795,0.3517642319202423,0.5487014055252075,0.3627505600452423,0.5390128493309021,0.30535775423049927,0.5490393042564392,0.3239559233188629,0.6181676387786865,0.3297799825668335,0.6606758236885071,0.3336184620857239,0.6907609701156616,0.28116950392723083,0.5618109703063965,0.30207905173301697,0.6345556378364563,0.3037416338920593,0.635381817817688,0.301662802696228,0.624847412109375,0.2586350440979004,0.5861935615539551,0.2773236036300659,0.6423329710960388,0.2789129614830017,0.6444909572601318,0.27632996439933777,0.6306909322738647,P
0.2807181477546692,0.6341912150382996,0.3069503605365753,0.6280565857887268,0.3283710479736328,0.6226306557655334,0.3434431254863739,0.6249179244041443,0.3450767993927002,0.6283762454986572,0.33084189891815186,0.5610606074333191,0.34471946954727173,0.5595602989196777,0.3548196256160736,0.5497367978096008,0.36696910858154297,0.5403987765312195,0.3073218762874603,0.5497652888298035,0.3259870707988739,0.6194076538085938,0.3309183120727539,0.6603441834449768,0.3343278467655182,0.689117968082428,0.28314152359962463,0.562590479850769,0.3028584420681,0.6346644759178162,0.302365779876709,0.632697343826294,0.29908376932144165,0.6208900213241577,0.26043182611465454,0.5866836905479431,0.27858880162239075,0.6413289308547974,0.2793107330799103,0.6416997313499451,0.27603796124458313,0.6274605393409729,P
0.2831432819366455,0.6344709992408752,0.3116181194782257,0.6273666024208069,0.3347749710083008,0.6207097768783569,0.3503214716911316,0.6233373880386353,0.3498882055282593,0.6315268278121948,0.33606740832328796,0.5601370334625244,0.351997047662735,0.5592717528343201,0.3660117983818054,0.5544359683990479,0.38273218274116516,0.550041913986206,0.3133077323436737,0.5501561164855957,0.3335823714733124,0.6205624938011169,0.3385016620159149,0.6620425581932068,0.34179821610450745,0.6905187964439392,0.28933289647102356,0.5629521608352661,0.3106284737586975,0.6349615454673767,0.3116641342639923,0.6344276666641235,0.3099918067455292,0.6237392425537109,0.2667882740497589,0.586364209651947,0.2859138548374176,0.6409148573875427,0.2876475155353546,0.6427462100982666,0.2850410044193268,0.6306063532829285,P
0.28302812576293945,0.632157027721405,0.31012529134750366,0.6244468092918396,0.33310726284980774,0.6181544065475464,0.34951427578926086,0.6238120794296265,0.35339590907096863,0.6332380771636963,0.3344429135322571,0.5585444569587708,0.350781112909317,0.560955286026001,0.3649599552154541,0.5577748417854309,0.3824654221534729,0.5563525557518005,0.31223297119140625,0.5495644807815552,0.33389073610305786,0.6208522915840149,0.33755242824554443,0.6629652380943298,0.34068039059638977,0.6927841901779175,0.28910693526268005,0.5629547238349915,0.31148597598075867,0.6360787153244019,0.30999886989593506,0.6348318457603455,0.30654260516166687,0.6241466403007507,0.2675440311431885,0.5868428945541382,0.28796589374542236,0.6422399878501892,0.2881779372692108,0.6426820158958435,0.28455403447151184,0.62928307056427,P
0.28623518347740173,0.6330217123031616,0.3124363124370575,0.6262254118919373,0.33467400074005127,0.6200664043426514,0.35025671124458313,0.625245213508606,0.3537217676639557,0.6327865719795227,0.33602017164230347,0.5581532716751099,0.35143882036209106,0.5596895813941956,0.36558979749679565,0.5571066737174988,0.3830053508281708,0.5567050576210022,0.31362244486808777,0.5495041608810425,0.33498865365982056,0.6208406090736389,0.3390316665172577,0.6627360582351685,0.3421514630317688,0.6926146149635315,0.2903195321559906,0.5631932616233826,0.31207576394081116,0.6351681351661682,0.31107550859451294,0.6334548592567444,0.3079149127006531,0.6228757500648499,0.26861244440078735,0.5875575542449951,0.2886725068092346,0.6421934962272644,0.28942492604255676,0.6425549983978271,0.2861737906932831,0.6291524171829224,P
0.2852305471897125,0.6309077739715576,0.31171828508377075,0.6244099140167236,0.33440279960632324,0.6187607049942017,0.3504426181316376,0.6232088804244995,0.3534107506275177,0.6312975287437439,0.33531248569488525,0.5578591823577881,0.351649671792984,0.5563586950302124,0.3662155866622925,0.555041491985321,0.3838919699192047,0.5562243461608887,0.31297507882118225,0.5492613911628723,0.33473554253578186,0.6179789304733276,0.33909425139427185,0.6598237156867981,0.34257882833480835,0.6895352005958557,0.28999263048171997,0.5628982782363892,0.3118235170841217,0.6340574026107788,0.3100116550922394,0.6329444646835327,0.3061906397342682,0.6228022575378418,0.26869797706604004,0.5870503187179565,0.2892700135707855,0.6413658261299133,0.28975287079811096,0.6417477130889893,0.28626978397369385,0.6288160681724548,P
0.2832084894180298,0.6334758996963501,0.31069332361221313,0.6273062825202942,0.33364686369895935,0.6213530898094177,0.35026684403419495,0.6260821223258972,0.3537086844444275,0.634891152381897,0.3347528576850891,0.5599645376205444,0.35087668895721436,0.5586832165718079,0.3654663860797882,0.5563706755638123,0.382931649684906,0.5565916895866394,0.312858909368515,0.5505515336990356,0.33479756116867065,0.6203755140304565,0.33847805857658386,0.6621193289756775,0.34131428599357605,0.6916061639785767,0.2897728979587555,0.563360333442688,0.31115052103996277,0.6364392042160034,0.307783305644989,0.6360362768173218,0.3032453656196594,0.6255223751068115,0.2680281400680542,0.5866135954856873,0.28704342246055603,0.6429685354232788,0.2860647439956665,0.6448427438735962,0.281998872756958,0.6320221424102783,P
0.2808782160282135,0.6358467936515808,0.30879727005958557,0.6295363306999207,0.3314979374408722,0.6230143904685974,0.34757426381111145,0.6272037029266357,0.35258370637893677,0.634483277797699,0.333577036857605,0.5609997510910034,0.3502790629863739,0.5600809454917908,0.36501264572143555,0.5581315755844116,0.38230615854263306,0.5584625005722046,0.3114725947380066,0.5521634817123413,0.3330205976963043,0.6220119595527649,0.337296724319458,0.6648422479629517,0.3400941491127014,0.6946743130683899,0.28830379247665405,0.5655774474143982,0.3107922077178955,0.6392078995704651,0.30927759408950806,0.6408669352531433,0.3051879405975342,0.6312232613563538,0.2666900157928467,0.5895361304283142,0.28723686933517456,0.6453109383583069,0.28736820816993713,0.6482518911361694,0.28382575511932373,0.6360517740249634,P
0.2855595350265503,0.6390143632888794,0.31261104345321655,0.6319087147712708,0.3343527317047119,0.6239813566207886,0.3494822382926941,0.626391589641571,0.35182756185531616,0.6334916353225708,0.33386868238449097,0.56020188331604,0.3491475582122803,0.5587882995605469,0.36345309019088745,0.5572620034217834,0.3810342252254486,0.5582253932952881,0.3113722503185272,0.5513783693313599,0.3334970772266388,0.6213654279708862,0.3377930819988251,0.6649223566055298,0.34101149439811707,0.6951736211776733,0.2881092131137848,0.5649760365486145,0.310397744178772,0.6378719806671143,0.3084763288497925,0.6393639445304871,0.30464643239974976,0.6293489336967468,0.2664628326892853,0.5893446803092957,0.28711986541748047,0.6450749039649963,0.287459135055542,0.6483837962150574,0.28404226899147034,0.6358411908149719,P
0.2816566824913025,0.6345270872116089,0.3101414442062378,0.6289077997207642,0.333707332611084,0.6237926483154297,0.35039424896240234,0.6284324526786804,0.3534713387489319,0.6343449354171753,0.33417877554893494,0.5610031485557556,0.35013213753700256,0.5568811893463135,0.36462780833244324,0.5543407201766968,0.38223105669021606,0.5542662143707275,0.3119526505470276,0.5515450239181519,0.3337426781654358,0.6192907094955444,0.3389602601528168,0.6619818210601807,0.34266960620880127,0.6924824118614197,0.2892112135887146,0.5651456117630005,0.3117567002773285,0.6361784338951111,0.31147587299346924,0.6356388330459595,0.3084554076194763,0.6255078315734863,0.2680079936981201,0.5897274017333984,0.2884446084499359,0.6433655619621277,0.2890487611293793,0.6442666053771973,0.28578466176986694,0.6312940716743469,P
0.28445690870285034,0.6372663378715515,0.31236541271209717,0.630384087562561,0.33468660712242126,0.6234124898910522,0.34985843300819397,0.6270259022712708,0.35288214683532715,0.6335342526435852,0.33585280179977417,0.5607406497001648,0.35199856758117676,0.5561435222625732,0.3660200834274292,0.5511792898178101,0.38255271315574646,0.5490595698356628,0.31357648968696594,0.5514765381813049,0.33489885926246643,0.6212838888168335,0.33960720896720886,0.6637018918991089,0.3426803946495056,0.692848801612854,0.2903887927532196,0.5646941065788269,0.31275489926338196,0.6375502943992615,0.310870498418808,0.6387840509414673,0.3067849278450012,0.6285214424133301,0.26867327094078064,0.5883013606071472,0.28884273767471313,0.643983006477356,0.28923600912094116,0.6469399333000183,0.2859152555465698,0.6344265341758728,P
0.2854228615760803,0.634086012840271,0.3125331699848175,0.6278737783432007,0.334675133228302,0.622290849685669,0.35033276677131653,0.6278942227363586,0.35521090030670166,0.6366021633148193,0.3355351388454437,0.5594712495803833,0.3522428870201111,0.55486661195755,0.3667878210544586,0.5507952570915222,0.3837766945362091,0.5491745471954346,0.31281688809394836,0.5512180328369141,0.3352932929992676,0.6185210347175598,0.3401745557785034,0.6604188680648804,0.34327906370162964,0.6890700459480286,0.28982269763946533,0.5651864409446716,0.31352683901786804,0.6368905305862427,0.31314465403556824,0.6377772688865662,0.30986741185188293,0.6279279589653015,0.2688313126564026,0.5893514156341553,0.2893005609512329,0.6439632177352905,0.29144197702407837,0.6458091735839844,0.2893929183483124,0.632888913154602,P
0.2836339771747589,0.6373075842857361,0.31078723073005676,0.6315243244171143,0.3328651189804077,0.6264854669570923,0.3494578003883362,0.6314365863800049,0.35561901330947876,0.6380397081375122,0.33585989475250244,0.5628354549407959,0.353067547082901,0.5551193356513977,0.36799612641334534,0.548607349395752,0.38495004177093506,0.5442819595336914,0.31392499804496765,0.5531141757965088,0.335891991853714,0.619990348815918,0.33981218934059143,0.6620863080024719,0.34190449118614197,0.691240131855011,0.29106834530830383,0.5661458969116211,0.3137672543525696,0.6379286050796509,0.3108729124069214,0.6398046016693115,0.3057207763195038,0.6311406493186951,0.26959842443466187,0.5897862911224365,0.28958815336227417,0.64442378282547,0.2892899811267853,0.6481170654296875,0.28542354702949524,0.6372791528701782,P
0.2874850630760193,0.6401692628860474,0.31343328952789307,0.6330458521842957,0.3350647985935211,0.6259305477142334,0.35034507513046265,0.629372775554657,0.35414746403694153,0.6358767747879028,0.3368682265281677,0.563336968421936,0.3538666367530823,0.554082989692688,0.3679322600364685,0.5460270643234253,0.38443198800086975,0.5412282347679138,0.31384289264678955,0.5530784726142883,0.3358546197414398,0.6207476258277893,0.3403710722923279,0.6629274487495422,0.34307751059532166,0.6926705241203308,0.29037413001060486,0.5662643909454346,0.3135664463043213,0.6371780633926392,0.31175675988197327,0.6378893852233887,0.30732181668281555,0.6281639337539673,0.2686401307582855,0.5903517603874207,0.28954896330833435,0.644431471824646,0.29000139236450195,0.6474745869636536,0.2863701581954956,0.6360198259353638,P
0.2837005853652954,0.6408557295799255,0.30976754426956177,0.6353723406791687,0.3311454951763153,0.6302218437194824,0.3473701775074005,0.6337202787399292,0.3551045358181,0.6374093890190125,0.33620721101760864,0.5649519562721252,0.35306310653686523,0.5557217597961426,0.3675287961959839,0.5478995442390442,0.38424521684646606,0.5423451066017151,0.3142145872116089,0.5538590550422668,0.335527628660202,0.6212255358695984,0.3400762975215912,0.6628987789154053,0.3427468240261078,0.6924024224281311,0.2912791669368744,0.5665410757064819,0.31246238946914673,0.638210654258728,0.30993250012397766,0.6389860510826111,0.30522218346595764,0.6296311616897583,0.26944565773010254,0.5904247164726257,0.2881702482700348,0.6448763608932495,0.28799691796302795,0.6484965085983276,0.284803181886673,0.6373414397239685,P
0.28664809465408325,0.6385111808776855,0.313384473323822,0.6321523785591125,0.3350769281387329,0.6267781257629395,0.35052406787872314,0.6327202916145325,0.35421839356422424,0.6396732926368713,0.3374266028404236,0.5644684433937073,0.353407084941864,0.5552071928977966,0.36688315868377686,0.5472203493118286,0.3831624984741211,0.5424434542655945,0.31449466943740845,0.554077684879303,0.33557450771331787,0.6240388751029968,0.34042418003082275,0.6650305390357971,0.34354713559150696,0.6943967342376709,0.29113033413887024,0.5674017667770386,0.3131237030029297,0.6401363015174866,0.3117777705192566,0.63825923204422,0.30802831053733826,0.6271870732307434,0.26932522654533386,0.5913881659507751,0.28951677680015564,0.6468625664710999,0.2901546359062195,0.6480884552001953,0.28738024830818176,0.6350096464157104,P
0.28675559163093567,0.6372122168540955,0.31337422132492065,0.6325211524963379,0.33469730615615845,0.6280899047851562,0.3496703803539276,0.6319516897201538,0.355192095041275,0.6343390941619873,0.3375127613544464,0.5632655620574951,0.35344579815864563,0.5544851422309875,0.3670335114002228,0.5469743609428406,0.38328346610069275,0.5421354174613953,0.3146163523197174,0.5534553527832031,0.3348619043827057,0.6214776039123535,0.34020745754241943,0.6625003218650818,0.3438669443130493,0.6915873289108276,0.29136350750923157,0.5667835474014282,0.3134613633155823,0.6382142305374146,0.31300148367881775,0.6366887092590332,0.30956652760505676,0.6253888010978699,0.2696022689342499,0.5905765891075134,0.28900304436683655,0.6455078125,0.29005903005599976,0.6461044549942017,0.28734949231147766,0.6322697997093201,P
0.2880769968032837,0.638769805431366,0.31529736518859863,0.629970371723175,0.33724740147590637,0.6226418018341064,0.3528136610984802,0.6279101371765137,0.35370421409606934,0.6390810012817383,0.3389347791671753,0.5634496212005615,0.3547521233558655,0.5550103187561035,0.3677465319633484,0.5464720129966736,0.3839060068130493,0.5404474139213562,0.31548798084259033,0.5532776713371277,0.33605441451072693,0.6224122643470764,0.3404100239276886,0.6647102236747742,0.34359055757522583,0.6949256062507629,0.29160192608833313,0.5668672919273376,0.3136211931705475,0.6402367949485779,0.31360161304473877,0.6395297050476074,0.3110427260398865,0.628540575504303,0.2696739435195923,0.5911972522735596,0.28938791155815125,0.646847128868103,0.29088035225868225,0.649482786655426,0.28873318433761597,0.6372485756874084,P
0.2861562967300415,0.6418828368186951,0.31304121017456055,0.63641357421875,0.33490103483200073,0.6335086822509766,0.3513537049293518,0.6389356255531311,0.35518234968185425,0.6447428464889526,0.3402553200721741,0.5699875354766846,0.3575613498687744,0.5636032223701477,0.36986419558525085,0.5497167110443115,0.38406819105148315,0.5366477370262146,0.3164806663990021,0.5577994585037231,0.33617714047431946,0.6283643245697021,0.33962345123291016,0.669466495513916,0.34174877405166626,0.6979840397834778,0.2921527624130249,0.5705795884132385,0.3127831518650055,0.6443599462509155,0.31034398078918457,0.6435760855674744,0.30589085817337036,0.6326902508735657,0.2698221504688263,0.5947560667991638,0.28909963369369507,0.6505333185195923,0.28973138332366943,0.6528404355049133,0.2871101498603821,0.6410027742385864,P
0.2832900583744049,0.6453306078910828,0.3109316825866699,0.6405271291732788,0.33262187242507935,0.6371276378631592,0.34868842363357544,0.6418908834457397,0.3557552695274353,0.6453456878662109,0.33854609727859497,0.5745976567268372,0.35631063580513,0.5681679844856262,0.3695714771747589,0.556728184223175,0.3843338191509247,0.546001136302948,0.3161395192146301,0.5627820491790771,0.33666330575942993,0.6306107044219971,0.3413376808166504,0.6718854904174805,0.34340107440948486,0.7004095911979675,0.2923695147037506,0.5744420886039734,0.31284821033477783,0.6458537578582764,0.3108777105808258,0.6465088129043579,0.3057723343372345,0.6362950205802917,0.2701569199562073,0.5971556901931763,0.289000928401947,0.6516937613487244,0.2890947163105011,0.65486079454422,0.2853667736053467,0.6435835957527161,P
0.2836920917034149,0.6407360434532166,0.31177258491516113,0.6345959901809692,0.3336840867996216,0.6300500631332397,0.3495887517929077,0.6362949013710022,0.3550514876842499,0.644145667552948,0.33902961015701294,0.571433424949646,0.3560000956058502,0.5679988265037537,0.36915186047554016,0.5565704703330994,0.3838009536266327,0.5462541580200195,0.31631535291671753,0.5611754059791565,0.33656078577041626,0.6311320662498474,0.34065893292427063,0.673119306564331,0.3433646857738495,0.7018046379089355,0.29264092445373535,0.5736592411994934,0.31345173716545105,0.6460532546043396,0.3108140230178833,0.6466224193572998,0.30630162358283997,0.6363633871078491,0.2705329358577728,0.5967919230461121,0.2900046706199646,0.6520874500274658,0.2894621789455414,0.6545437574386597,0.28584128618240356,0.6428031325340271,P
0.2866942882537842,0.6418225169181824,0.3150707483291626,0.633526623249054,0.33730754256248474,0.6274599432945251,0.3531147539615631,0.6347593069076538,0.35490185022354126,0.6452338695526123,0.3407164514064789,0.5700665712356567,0.356415331363678,0.5679552555084229,0.368898868560791,0.5571244955062866,0.3835393190383911,0.5473530888557434,0.31796741485595703,0.559768795967102,0.3375834822654724,0.6335558891296387,0.3416658043861389,0.6752932667732239,0.3440380096435547,0.7043398022651672,0.2939525246620178,0.5728050470352173,0.3136790692806244,0.6482337713241577,0.311778724193573,0.64728182554245,0.3077486753463745,0.6356905102729797,0.2713239789009094,0.596598744392395,0.2900717854499817,0.6540226936340332,0.29041972756385803,0.6560498476028442,0.287636935710907,0.6431411504745483,P
0.2854960858821869,0.6412372589111328,0.31466174125671387,0.6335057020187378,0.33702725172042847,0.6268437504768372,0.35286447405815125,0.6329981088638306,0.3554036021232605,0.6439297795295715,0.3400835394859314,0.5675452351570129,0.35547399520874023,0.56717848777771,0.36743059754371643,0.5585259795188904,0.38188987970352173,0.5507161021232605,0.3171762526035309,0.5590174198150635,0.33756014704704285,0.6303536891937256,0.3412264585494995,0.672709584236145,0.3440605401992798,0.7023559212684631,0.29301199316978455,0.572762668132782,0.3150467574596405,0.645131528377533,0.313819944858551,0.6443862915039062,0.3103310763835907,0.6336833834648132,0.27039414644241333,0.5970514416694641,0.2902475595474243,0.6519010663032532,0.29059672355651855,0.652810275554657,0.2875663936138153,0.6396905779838562,P
0.2841108739376068,0.6390671133995056,0.31247925758361816,0.6322540640830994,0.33486467599868774,0.6271390318870544,0.35100245475769043,0.6340808272361755,0.35421884059906006,0.6430907845497131,0.33968159556388855,0.5681983232498169,0.35629725456237793,0.5650120973587036,0.36942797899246216,0.5549922585487366,0.3845200836658478,0.5468971729278564,0.31689244508743286,0.557988703250885,0.3365859091281891,0.6305423974990845,0.34062495827674866,0.6719251871109009,0.3435072600841522,0.7013474702835083,0.2930825650691986,0.5714400410652161,0.3143914043903351,0.6468167304992676,0.3118874728679657,0.6460123658180237,0.30734559893608093,0.6347495913505554,0.2707696855068207,0.5953388214111328,0.2906371057033539,0.6528335809707642,0.2902282476425171,0.6536502838134766,0.2869246304035187,0.6396355032920837,P
0.286084920167923,0.6369744539260864,0.31477290391921997,0.631564736366272,0.33724451065063477,0.6270957589149475,0.3528742790222168,0.6332078576087952,0.35574430227279663,0.6410204768180847,0.34182095527648926,0.5672734975814819,0.3577277660369873,0.5634284615516663,0.3704746663570404,0.5530465841293335,0.38529860973358154,0.5438178181648254,0.3192145824432373,0.557304322719574,0.3394649624824524,0.6289949417114258,0.3437843918800354,0.6702911257743835,0.3460980951786041,0.6986115574836731,0.29534316062927246,0.5698560476303101,0.31673750281333923,0.642288863658905,0.31477710604667664,0.6406817436218262,0.3103521168231964,0.6294578909873962,0.27300727367401123,0.5927222371101379,0.29345181584358215,0.6477554440498352,0.2939086854457855,0.6490745544433594,0.29064539074897766,0.6367802619934082,P
0.29106664657592773,0.6385525465011597,0.3162495493888855,0.6318573355674744,0.3363536596298218,0.6282381415367126,0.35011160373687744,0.6346115469932556,0.352743923664093,0.6408382654190063,0.342115581035614,0.5656619071960449,0.35680973529815674,0.5636792778968811,0.366789311170578,0.5521669387817383,0.37862327694892883,0.5421801209449768,0.3179388642311096,0.5539554357528687,0.3340328335762024,0.6277042031288147,0.33804917335510254,0.667978823184967,0.3400380611419678,0.6972254514694214,0.29326653480529785,0.5666213631629944,0.31268757581710815,0.6405673623085022,0.314701646566391,0.6397028565406799,0.3126603662967682,0.6298873424530029,0.2705563008785248,0.5902036428451538,0.2890484631061554,0.6471877694129944,0.2924898564815521,0.6482070684432983,0.29207903146743774,0.6357651352882385,P
0.2969326078891754,0.6307485699653625,0.32157209515571594,0.6265826225280762,0.34153053164482117,0.6250918507575989,0.3536407947540283,0.6307869553565979,0.34985122084617615,0.6358121037483215,0.3461511731147766,0.5639350414276123,0.3587259352207184,0.5598535537719727,0.3663220703601837,0.5480624437332153,0.3755344748497009,0.5376055240631104,0.32116174697875977,0.5508884787559509,0.334788978099823,0.6247588992118835,0.3385775685310364,0.6668028831481934,0.3405601978302002,0.6965013742446899,0.2963234484195709,0.563372790813446,0.31356289982795715,0.6388572454452515,0.3184260427951813,0.6380501389503479,0.31902629137039185,0.6271039843559265,0.27388083934783936,0.5873759388923645,0.2892158627510071,0.644817054271698,0.2934451103210449,0.6449450254440308,0.29408490657806396,0.6298866271972656,P
0.29763951897621155,0.6281607151031494,0.32068443298339844,0.6285153031349182,0.3403761386871338,0.6292427778244019,0.348080575466156,0.6342746615409851,0.3378467857837677,0.6346985101699829,0.34337344765663147,0.5678637623786926,0.3522716760635376,0.5615047216415405,0.3547588288784027,0.5477973222732544,0.3575728237628937,0.5351800322532654,0.31727755069732666,0.5502684712409973,0.32367393374443054,0.6248750686645508,0.3267824649810791,0.6673877239227295,0.32777848839759827,0.6968487501144409,0.29109475016593933,0.5597923994064331,0.30311888456344604,0.6364831924438477,0.30988654494285583,0.637225329875946,0.31193938851356506,0.625973105430603,0.2678477168083191,0.5812857151031494,0.2787221372127533,0.6394748687744141,0.28594154119491577,0.6401146054267883,0.29018455743789673,0.6246616244316101,P
0.2977461814880371,0.6259922385215759,0.32199302315711975,0.6301543712615967,0.34093138575553894,0.6349772810935974,0.34391680359840393,0.6392605900764465,0.3307640850543976,0.6349067687988281,0.34365230798721313,0.5720131397247314,0.34575319290161133,0.5679153800010681,0.3433389961719513,0.5517849922180176,0.3411840796470642,0.5353359580039978,0.3162751793861389,0.5506117939949036,0.3149518668651581,0.6273077726364136,0.3182036876678467,0.6696149110794067,0.3194466233253479,0.6974056959152222,0.2898627519607544,0.5577521324157715,0.29489797353744507,0.63591468334198,0.30364879965782166,0.6360441446304321,0.30792734026908875,0.6233663558959961,0.26678064465522766,0.5773810148239136,0.2734120786190033,0.6374256014823914,0.28206008672714233,0.640254557132721,0.2883133590221405,0.6263716816902161,P
0.30782344937324524,0.6338356137275696,0.32995492219924927,0.6335910558700562,0.3472333252429962,0.6333263516426086,0.3500629961490631,0.63653564453125,0.3370193839073181,0.6384459733963013,0.3490370810031891,0.5723728537559509,0.3480374217033386,0.56804358959198,0.34428393840789795,0.5507380366325378,0.3412357270717621,0.5335133075714111,0.32177093625068665,0.5520815849304199,0.31928443908691406,0.6282220482826233,0.3230384290218353,0.6696736812591553,0.3250482976436615,0.6966246366500854,0.2959323525428772,0.5606681108474731,0.30019640922546387,0.6386784315109253,0.3086078464984894,0.6400187611579895,0.3127554655075073,0.628534197807312,0.27296745777130127,0.5813883543014526,0.2787981629371643,0.6394103765487671,0.28820446133613586,0.6437242031097412,0.2956356704235077,0.6321041584014893,P
0.3066697120666504,0.6381955742835999,0.32979193329811096,0.6389501094818115,0.34848183393478394,0.6397711038589478,0.3518669903278351,0.6393388509750366,0.3404029309749603,0.6329677700996399,0.3496561646461487,0.572795033454895,0.34976744651794434,0.5658472180366516,0.346345990896225,0.5489188432693481,0.34269362688064575,0.5321681499481201,0.32229775190353394,0.5532828569412231,0.32124626636505127,0.6239194273948669,0.32475653290748596,0.6675604581832886,0.32643699645996094,0.6967778205871582,0.2966613173484802,0.562159538269043,0.30353984236717224,0.6360907554626465,0.31100597977638245,0.6409446597099304,0.31357795000076294,0.6327082514762878,0.27461904287338257,0.5834271907806396,0.28257831931114197,0.6387163996696472,0.2911047339439392,0.6444039940834045,0.2965051531791687,0.6332027912139893,P
0.31657227873802185,0.6320085525512695,0.33738836646080017,0.6346384882926941,0.35303816199302673,0.6383788585662842,0.3583401143550873,0.6385162472724915,0.3511878252029419,0.6295855641365051,0.3574681580066681,0.5749026536941528,0.35671353340148926,0.5697308778762817,0.35414329171180725,0.5528293251991272,0.35165753960609436,0.5362361669540405,0.3311634063720703,0.5550759434700012,0.33042097091674805,0.627547025680542,0.33313387632369995,0.669588029384613,0.3349061906337738,0.697676956653595,0.3060586154460907,0.5625725388526917,0.3123031258583069,0.6358800530433655,0.3177424967288971,0.6385114789009094,0.31938400864601135,0.6292950510978699,0.2836715877056122,0.5828486680984497,0.2909916937351227,0.6389248371124268,0.2985021471977234,0.64501953125,0.30329805612564087,0.6349090337753296,P
0.31876927614212036,0.6311074495315552,0.3388253450393677,0.6337358355522156,0.35613059997558594,0.6378253698348999,0.362983375787735,0.6388823986053467,0.35610732436180115,0.6327934265136719,0.3602592945098877,0.5735554695129395,0.3593764305114746,0.5711440443992615,0.3573560118675232,0.5573081374168396,0.3549550175666809,0.5428137183189392,0.33427491784095764,0.5570889115333557,0.33433008193969727,0.6318397521972656,0.33750078082084656,0.6713569760322571,0.338616281747818,0.6978346109390259,0.3095135986804962,0.5668255686759949,0.31583932042121887,0.6411536931991577,0.3221682906150818,0.6388200521469116,0.32420608401298523,0.6261223554611206,0.28761982917785645,0.5877656936645508,0.2962854206562042,0.6437433362007141,0.30415263772010803,0.6461482644081116,0.309092253446579,0.6330909132957458,P
0.3171148896217346,0.631759524345398,0.3388287425041199,0.6342735290527344,0.3557702600955963,0.6390165686607361,0.3627283573150635,0.6414933204650879,0.3569585382938385,0.6316322088241577,0.3622353971004486,0.5735779404640198,0.36140677332878113,0.5729387998580933,0.35914304852485657,0.5572059750556946,0.3565365672111511,0.5409706830978394,0.33577761054039,0.5561659932136536,0.3352418839931488,0.630779504776001,0.33905860781669617,0.6715086102485657,0.34063127636909485,0.6985449194908142,0.31033357977867126,0.5650083422660828,0.31622761487960815,0.6405298113822937,0.32250720262527466,0.6393123865127563,0.3240010142326355,0.6259110569953918,0.2879638373851776,0.5858993530273438,0.2966149151325226,0.6444395184516907,0.3042876720428467,0.646696925163269,0.3086996376514435,0.6319534778594971,P
0.3153950572013855,0.6316847801208496,0.33725422620773315,0.6340364217758179,0.3545750081539154,0.6375104784965515,0.36085474491119385,0.6381487846374512,0.3527056574821472,0.6299455165863037,0.35887467861175537,0.5744345188140869,0.36086612939834595,0.5685100555419922,0.35954803228378296,0.5521183609962463,0.3581012487411499,0.5352447628974915,0.3325725793838501,0.5556365251541138,0.334211140871048,0.6289525032043457,0.3381272256374359,0.6706770062446594,0.3393232822418213,0.698128342628479,0.3071191906929016,0.5648727416992188,0.3148520588874817,0.6385940909385681,0.3217700719833374,0.6370664238929749,0.3236551284790039,0.6228592991828918,0.28486168384552,0.5865762233734131,0.2933046519756317,0.644033670425415,0.30076485872268677,0.6455323696136475,0.30472996830940247,0.6302246451377869,P
0.3165912628173828,0.6324607133865356,0.33720824122428894,0.6336919069290161,0.35457515716552734,0.6358171701431274,0.3607006072998047,0.6382405757904053,0.35223010182380676,0.6333211064338684,0.3589071035385132,0.5743700861930847,0.36083924770355225,0.5668541193008423,0.3593727648258209,0.5506101250648499,0.3580210208892822,0.5357054471969604,0.3325366973876953,0.5566023588180542,0.3344530761241913,0.6312189102172852,0.3384212255477905,0.6717316508293152,0.3397420048713684,0.6995643377304077,0.3070816993713379,0.5666341781616211,0.3145586848258972,0.6408694982528687,0.3218172490596771,0.6375256776809692,0.3240088224411011,0.6235730648040771,0.2844512462615967,0.5887128710746765,0.2934492826461792,0.6455337405204773,0.30161112546920776,0.6463573575019836,0.30642205476760864,0.631565511226654,P
0.31759190559387207,0.6323019862174988,0.3392479419708252,0.6341540813446045,0.3559437692165375,0.6371365189552307,0.3600388169288635,0.6396169066429138,0.35062822699546814,0.6337867975234985,0.3581169843673706,0.5767666697502136,0.3597111403942108,0.5697014331817627,0.3588778078556061,0.5516963601112366,0.35839521884918213,0.5340406894683838,0.33134925365448,0.5583317279815674,0.3334703743457794,0.6317127346992493,0.33778002858161926,0.6722168922424316,0.33943942189216614,0.6988886594772339,0.3058732748031616,0.5673537254333496,0.3127756118774414,0.6411401033401489,0.31865498423576355,0.6385617256164551,0.31955501437187195,0.6242485642433167,0.2836300730705261,0.5882591605186462,0.29216545820236206,0.6454150080680847,0.2992077171802521,0.6466968655586243,0.3028041124343872,0.631743848323822,P
0.3163292706012726,0.6360571384429932,0.33759021759033203,0.6377578377723694,0.3543117344379425,0.6405313611030579,0.3584640622138977,0.642338216304779,0.35035696625709534,0.6351844668388367,0.3574545383453369,0.5784266591072083,0.35974520444869995,0.5694748759269714,0.35853317379951477,0.5518195033073425,0.3571326434612274,0.535777747631073,0.3303549885749817,0.5594265460968018,0.33262303471565247,0.6313977837562561,0.33764365315437317,0.6716290712356567,0.3395450711250305,0.6991270780563354,0.30509358644485474,0.5688636302947998,0.31340736150741577,0.6412078142166138,0.3205046057701111,0.6391567587852478,0.32213497161865234,0.6261523365974426,0.2833496034145355,0.5905230641365051,0.29269877076148987,0.6467717289924622,0.30054789781570435,0.6484208703041077,0.3049752414226532,0.6340732574462891,P
0.31613773107528687,0.6378690600395203,0.3375404179096222,0.6385253071784973,0.3544791042804718,0.6401647925376892,0.35808491706848145,0.6415340304374695,0.348999947309494,0.6352286338806152,0.3562355935573578,0.5773366093635559,0.35919278860092163,0.5726048350334167,0.35822442173957825,0.555715799331665,0.35749325156211853,0.5383309125900269,0.329543799161911,0.5597453713417053,0.33257463574409485,0.6324282884597778,0.3377096354961395,0.6719371676445007,0.3399089574813843,0.6982265710830688,0.30469828844070435,0.5702345371246338,0.3132483959197998,0.6427897810935974,0.3196982741355896,0.6407179832458496,0.32073676586151123,0.6272092461585999,0.2832338511943817,0.5928511619567871,0.2926635146141052,0.6485673785209656,0.29986339807510376,0.6497337818145752,0.303304523229599,0.6350013017654419,P
0.3147597312927246,0.6375032663345337,0.33559051156044006,0.6385354399681091,0.35277846455574036,0.641327440738678,0.35740500688552856,0.6429230570793152,0.34981101751327515,0.636088490486145,0.3564051687717438,0.5780843496322632,0.3588484525680542,0.5733813047409058,0.35852745175361633,0.5573897957801819,0.3579587936401367,0.5412390828132629,0.3299562633037567,0.5595898032188416,0.33204859495162964,0.6329839825630188,0.33634862303733826,0.6730540990829468,0.338006854057312,0.6996700167655945,0.3048488199710846,0.5694273114204407,0.3127707242965698,0.6423630118370056,0.31871262192726135,0.641791820526123,0.3195702135562897,0.629386842250824,0.28326332569122314,0.5916813611984253,0.2926470935344696,0.648323118686676,0.300080269575119,0.6507899165153503,0.3039528429508209,0.6369878053665161,P
0.31513169407844543,0.6393916606903076,0.33578455448150635,0.6408572793006897,0.3528079092502594,0.64347243309021,0.35715270042419434,0.6447066068649292,0.3492991328239441,0.6371065974235535,0.356075257062912,0.5806993842124939,0.3586193919181824,0.5748881697654724,0.35749438405036926,0.5581235289573669,0.3567878305912018,0.5416090488433838,0.32936933636665344,0.5617167949676514,0.3324367105960846,0.6352524757385254,0.3370816707611084,0.6744543313980103,0.3387851417064667,0.7007771134376526,0.3042989671230316,0.5715065002441406,0.31290996074676514,0.6459935307502747,0.3196867108345032,0.6433247923851013,0.3208409249782562,0.6297183036804199,0.2823001444339752,0.593734085559845,0.2919582724571228,0.6505367159843445,0.2999531626701355,0.6510299444198608,0.30405473709106445,0.6358588933944702,P
0.3159887492656708,0.6372641921043396,0.33683228492736816,0.6386841535568237,0.3539486825466156,0.6416560411453247,0.35724690556526184,0.6451815962791443,0.348141610622406,0.6413058638572693,0.35655876994132996,0.5809159278869629,0.3584914207458496,0.5763818621635437,0.3578792214393616,0.5598620772361755,0.35720792412757874,0.543653130531311,0.32977738976478577,0.5628365278244019,0.33210355043411255,0.6374174356460571,0.33662787079811096,0.6771732568740845,0.33817893266677856,0.703762412071228,0.30454736948013306,0.5727750658988953,0.31190845370292664,0.6465939283370972,0.31902211904525757,0.6418725252151489,0.3208593726158142,0.6261329650878906,0.2829597294330597,0.5949785709381104,0.29252955317497253,0.6522844433784485,0.30076637864112854,0.6519960165023804,0.3052499294281006,0.6358327269554138,P
0.3146525025367737,0.638867199420929,0.3347495496273041,0.6421005725860596,0.35225704312324524,0.64506995677948,0.35671135783195496,0.6454752683639526,0.3490263819694519,0.6364292502403259,0.3550304174423218,0.5800994634628296,0.35799065232276917,0.5740880966186523,0.3581230938434601,0.557378888130188,0.3581753969192505,0.5409857630729675,0.3287409543991089,0.5611316561698914,0.33139678835868835,0.6358544230461121,0.33629149198532104,0.6747308969497681,0.33793842792510986,0.7006942629814148,0.30372729897499084,0.5717175006866455,0.31248900294303894,0.6462406516075134,0.3193896412849426,0.6432793736457825,0.32076331973075867,0.6293858289718628,0.28204500675201416,0.5948202013969421,0.29150283336639404,0.6515416502952576,0.2996959686279297,0.6512636542320251,0.30391842126846313,0.6353057622909546,P
0.3133484125137329,0.640311062335968,0.3341149687767029,0.6413217782974243,0.35147732496261597,0.6431633234024048,0.356285035610199,0.6458475589752197,0.3482927680015564,0.6408376693725586,0.35483941435813904,0.5814360976219177,0.3577359616756439,0.5772271156311035,0.3576957881450653,0.561185896396637,0.3575177788734436,0.5457807183265686,0.3283045291900635,0.5649222731590271,0.330559641122818,0.6366715431213379,0.33485206961631775,0.676632285118103,0.3366013467311859,0.704213559627533,0.3033010959625244,0.5755199193954468,0.3109779357910156,0.6468896269798279,0.3173547685146332,0.6434146165847778,0.31863221526145935,0.628854513168335,0.2815510332584381,0.5980911254882812,0.29143935441970825,0.6537880897521973,0.29875585436820984,0.654264509677887,0.3023499846458435,0.6385897397994995,P
0.31397169828414917,0.6403517127037048,0.33428868651390076,0.6399803161621094,0.3513028621673584,0.6406496167182922,0.3562181890010834,0.6444775462150574,0.3478250801563263,0.6431972980499268,0.3538057208061218,0.5802148580551147,0.3574492335319519,0.5764188170433044,0.35846006870269775,0.5610003471374512,0.35878926515579224,0.546055018901825,0.3277308940887451,0.5637447237968445,0.3310773968696594,0.6374911665916443,0.33538997173309326,0.677699089050293,0.33618617057800293,0.7042179107666016,0.30289843678474426,0.5746870636940002,0.31125742197036743,0.6485628485679626,0.3172455132007599,0.6455349922180176,0.31777334213256836,0.63041752576828,0.28144389390945435,0.5977811813354492,0.2914910614490509,0.6544209122657776,0.29885339736938477,0.654861330986023,0.3022100031375885,0.6392586827278137,P
0.3114733397960663,0.6376868486404419,0.33182740211486816,0.6397429704666138,0.3494439721107483,0.6428056359291077,0.354645311832428,0.6461598873138428,0.3471083343029022,0.6413434147834778,0.3529786765575409,0.5813804268836975,0.3565266728401184,0.576727569103241,0.3566567897796631,0.5606895089149475,0.3567555546760559,0.5451274514198303,0.3265630602836609,0.5648539066314697,0.33036017417907715,0.6392596364021301,0.3346331715583801,0.6781933307647705,0.3360278308391571,0.70411616563797,0.3017023503780365,0.5758984684944153,0.3105997145175934,0.649469256401062,0.31615808606147766,0.6451391577720642,0.31641024351119995,0.6298576593399048,0.28000277280807495,0.5986455082893372,0.2904665768146515,0.6556374430656433,0.29793602228164673,0.6547704935073853,0.30151739716529846,0.6379870772361755,P
0.30933678150177,0.6502984762191772,0.3318559527397156,0.6410183906555176,0.35015976428985596,0.6357420086860657,0.3614319860935211,0.6357324719429016,0.3584759831428528,0.6355839371681213,0.3531372845172882,0.5764371752738953,0.3650973439216614,0.5707861185073853,0.37006449699401855,0.5566807985305786,0.37473493814468384,0.5431606769561768,0.32752352952957153,0.565293550491333,0.34035027027130127,0.6321845650672913,0.34710973501205444,0.6706081032752991,0.3507946729660034,0.6974701881408691,0.3036138713359833,0.5788771510124207,0.32116931676864624,0.6489503979682922,0.32497385144233704,0.6494752168655396,0.3236662745475769,0.6391910910606384,0.2822578251361847,0.603391706943512,0.2984084486961365,0.657356321811676,0.30290237069129944,0.6600432395935059,0.3025228679180145,0.6473363637924194,P
0.30072328448295593,0.6517868041992188,0.33121368288993835,0.6438958048820496,0.35586830973625183,0.6369749903678894,0.3738108277320862,0.6337236762046814,0.3857981562614441,0.6317571401596069,0.3569335639476776,0.5781430006027222,0.3761046528816223,0.5737648010253906,0.39002132415771484,0.5625594258308411,0.4052532911300659,0.5514681339263916,0.3356788754463196,0.567981481552124,0.3666479289531708,0.6353321075439453,0.3767417371273041,0.6690358519554138,0.38380131125450134,0.6921350359916687,0.3154659867286682,0.5826260447502136,0.3418896198272705,0.652651846408844,0.33526378870010376,0.6500988602638245,0.3271757960319519,0.6394663453102112,0.2961216866970062,0.6089842319488525,0.3213295042514801,0.6613006591796875,0.3179943561553955,0.6626333594322205,0.3109848201274872,0.6527867913246155,P
0.29877859354019165,0.6426602602005005,0.33131086826324463,0.635360836982727,0.35941198468208313,0.629433274269104,0.3802835941314697,0.6321333646774292,0.3914834260940552,0.6354116201400757,0.3603300452232361,0.5721107125282288,0.3826603591442108,0.5685769319534302,0.4003986120223999,0.5570781230926514,0.4175134301185608,0.5459595918655396,0.3397713303565979,0.5664718747138977,0.3735197186470032,0.6348048448562622,0.3836819529533386,0.6749363541603088,0.39062103629112244,0.6989176273345947,0.31880220770835876,0.5825223922729492,0.34950441122055054,0.6497743725776672,0.34112682938575745,0.6506000757217407,0.33037883043289185,0.6401087641716003,0.29913949966430664,0.6086692810058594,0.3278418481349945,0.6595388054847717,0.32391661405563354,0.6615427136421204,0.3144446611404419,0.6517347693443298,P
0.29760780930519104,0.6408579349517822,0.3310466408729553,0.634994387626648,0.35892584919929504,0.6299344897270203,0.379140168428421,0.6322781443595886,0.3949141204357147,0.6357381343841553,0.3633001744747162,0.5738445520401001,0.38577502965927124,0.5694205164909363,0.4034508466720581,0.5578179359436035,0.4203953742980957,0.5463384985923767,0.3422848582267761,0.5682954788208008,0.37378552556037903,0.6349863409996033,0.38296863436698914,0.6771219968795776,0.38882288336753845,0.7021488547325134,0.32099008560180664,0.5836784839630127,0.35002413392066956,0.6497082114219666,0.34124815464019775,0.65395587682724,0.32975661754608154,0.6441312432289124,0.30098581314086914,0.6074244379997253,0.32840803265571594,0.6582895517349243,0.3241119384765625,0.6619725227355957,0.3145114779472351,0.65221107006073,P
0.29178351163864136,0.6388064026832581,0.32711949944496155,0.6343552470207214,0.35718509554862976,0.6300452947616577,0.3782692849636078,0.6347445249557495,0.39341017603874207,0.6382160186767578,0.36018118262290955,0.5721662044525146,0.3847788870334625,0.5693490505218506,0.40378499031066895,0.558434247970581,0.4215574860572815,0.54781574010849,0.3402552902698517,0.5674654841423035,0.37267205119132996,0.6361516118049622,0.38200363516807556,0.6792318224906921,0.38868552446365356,0.7040295600891113,0.31928813457489014,0.5834113955497742,0.3482065200805664,0.6492714285850525,0.33727532625198364,0.6522324681282043,0.32536616921424866,0.6410427689552307,0.2992469072341919,0.6073620915412903,0.32657936215400696,0.6584396958351135,0.32091885805130005,0.6610972285270691,0.31105145812034607,0.6503488421440125,P
