0.2650505304336548,0.7521861791610718,0.3125465214252472,0.7234874963760376,0.35180819034576416,0.6873409748077393,0.38376665115356445,0.6704782247543335,0.41065463423728943,0.6540337204933167,0.3058732748031616,0.5861440300941467,0.33306971192359924,0.5384571552276611,0.3637627363204956,0.5392628908157349,0.3875953257083893,0.550047755241394,0.2897980511188507,0.5838438272476196,0.32694557309150696,0.5300524234771729,0.36368778347969055,0.5340524911880493,0.38923510909080505,0.5521693229675293,0.27771520614624023,0.589917778968811,0.3178081214427948,0.5363038778305054,0.3550444543361664,0.5415757894515991,0.38093918561935425,0.5597977638244629,0.2719131112098694,0.6047114729881287,0.31023716926574707,0.5665760040283203,0.34003663063049316,0.562690258026123,0.3627026081085205,0.5698858499526978,C
0.2642020881175995,0.7513604164123535,0.3115858733654022,0.7215647101402283,0.349807471036911,0.6849468946456909,0.38075849413871765,0.6675319075584412,0.4088892638683319,0.653274655342102,0.3068602681159973,0.5856268405914307,0.3321595788002014,0.5382967591285706,0.36280155181884766,0.5389996767044067,0.38710641860961914,0.5495257377624512,0.2909916043281555,0.5836867690086365,0.3257101774215698,0.5287388563156128,0.36226966977119446,0.5327670574188232,0.38770920038223267,0.5508162975311279,0.2784322500228882,0.5900574922561646,0.3147037923336029,0.5346076488494873,0.35203343629837036,0.5400545001029968,0.37810030579566956,0.5591394305229187,0.2713407278060913,0.6049308180809021,0.3064037263393402,0.5643405914306641,0.3360639214515686,0.5602699518203735,0.3588702082633972,0.5679473280906677,C
0.2611580193042755,0.750134289264679,0.30952996015548706,0.7199774980545044,0.34930747747421265,0.6837158799171448,0.3809122145175934,0.6665161848068237,0.40827950835227966,0.6507797241210938,0.30556097626686096,0.5839495658874512,0.3318602442741394,0.5365204811096191,0.36249879002571106,0.5375385284423828,0.38687533140182495,0.5487544536590576,0.28921905159950256,0.5815559029579163,0.324849009513855,0.5268872976303101,0.36157357692718506,0.530852198600769,0.38732045888900757,0.549518883228302,0.27655029296875,0.5879263877868652,0.3140423595905304,0.5325670838356018,0.3514675199985504,0.5384090542793274,0.3777500092983246,0.5580024123191833,0.2699948251247406,0.603245735168457,0.3061341643333435,0.5628942251205444,0.3357953727245331,0.5588768124580383,0.35856252908706665,0.5668164491653442,C
0.26122963428497314,0.7499203681945801,0.30958399176597595,0.7207576632499695,0.34981095790863037,0.6840417385101318,0.38168013095855713,0.6663318872451782,0.4084751605987549,0.6502166390419006,0.30678966641426086,0.584459662437439,0.33241164684295654,0.5358996987342834,0.3632160723209381,0.537370502948761,0.3875431418418884,0.5493995547294617,0.2902595102787018,0.5819951891899109,0.32474029064178467,0.5256827473640442,0.361286997795105,0.5297901034355164,0.38701915740966797,0.5483574271202087,0.2771132290363312,0.5879906415939331,0.31388092041015625,0.5311921834945679,0.351475328207016,0.5370618104934692,0.3779434263706207,0.5568194389343262,0.2698267698287964,0.6028593182563782,0.3063119947910309,0.5625109672546387,0.3361853063106537,0.5584570169448853,0.3591151833534241,0.5662029981613159,C
0.2665475308895111,0.7392408847808838,0.3163050711154938,0.710660994052887,0.356168270111084,0.676142156124115,0.3865402042865753,0.6589973568916321,0.41145557165145874,0.6403008699417114,0.313328355550766,0.5761556029319763,0.33821770548820496,0.5286785364151001,0.36717185378074646,0.5280495285987854,0.39040184020996094,0.5391889214515686,0.29746824502944946,0.5730403661727905,0.33048373460769653,0.5173745155334473,0.3655536472797394,0.5208310484886169,0.3902980387210846,0.5394488573074341,0.28446900844573975,0.5781376957893372,0.3210713267326355,0.5232943892478943,0.3575498163700104,0.5289908051490784,0.3823012709617615,0.5489113330841064,0.2769058346748352,0.5918620228767395,0.312751829624176,0.5523592829704285,0.34202104806900024,0.5498058199882507,0.36399126052856445,0.5587889552116394,C
0.27222663164138794,0.7285158634185791,0.32199373841285706,0.7015973925590515,0.3615643382072449,0.6674849390983582,0.3921909034252167,0.6502208113670349,0.4168429374694824,0.6307550668716431,0.31682088971138,0.5671235918998718,0.34370124340057373,0.5190558433532715,0.373409241437912,0.5180838704109192,0.39675596356391907,0.5288689732551575,0.3009110987186432,0.5638746619224548,0.3366309404373169,0.5083727836608887,0.3720504641532898,0.5116115808486938,0.39689040184020996,0.5300153493881226,0.28900229930877686,0.5693408846855164,0.32700487971305847,0.5144408941268921,0.3633546531200409,0.518699049949646,0.3881632089614868,0.5378563404083252,0.28325119614601135,0.5834879279136658,0.3198080360889435,0.5431103706359863,0.3489008843898773,0.5379590392112732,0.3713412284851074,0.5451322197914124,C
0.275757372379303,0.7297466993331909,0.3243926465511322,0.7008326053619385,0.36348897218704224,0.6666437983512878,0.395077645778656,0.6504353284835815,0.42057865858078003,0.631975531578064,0.3180701434612274,0.5681694149971008,0.34462544322013855,0.5198927521705627,0.3750067353248596,0.5187134742736816,0.3988434374332428,0.5274111032485962,0.3024204671382904,0.5646995306015015,0.3384489417076111,0.5102978944778442,0.37496137619018555,0.5137070417404175,0.40047815442085266,0.5317723155021667,0.2912823557853699,0.5692681670188904,0.3304380774497986,0.5138456225395203,0.3676225543022156,0.5186688899993896,0.39348143339157104,0.5375819802284241,0.2871061861515045,0.5821588635444641,0.32513901591300964,0.5424991846084595,0.3549799621105194,0.5381198525428772,0.3777565062046051,0.545749843120575,C
0.2713695764541626,0.7264000177383423,0.32487958669662476,0.6975077986717224,0.36274436116218567,0.6639308929443359,0.3939586281776428,0.6487799882888794,0.4209918975830078,0.6338410377502441,0.3103313446044922,0.5609389543533325,0.3429124057292938,0.5168622136116028,0.37462010979652405,0.5142070055007935,0.3984922170639038,0.5201457142829895,0.29608580470085144,0.5583908557891846,0.33981335163116455,0.5067155957221985,0.3777669668197632,0.5085374712944031,0.40351593494415283,0.5251642465591431,0.28902512788772583,0.5652665495872498,0.33377110958099365,0.5116708278656006,0.3722839951515198,0.5149822235107422,0.39828386902809143,0.5322263836860657,0.29058748483657837,0.5810410976409912,0.3302076458930969,0.5409340858459473,0.36052390933036804,0.5353209972381592,0.3837781250476837,0.5417943596839905,C
0.2705768346786499,0.7198078632354736,0.325970321893692,0.6914337277412415,0.3633013069629669,0.661196231842041,0.3944442570209503,0.6484894156455994,0.4213593006134033,0.63430255651474,0.3148006796836853,0.5561619997024536,0.3473707139492035,0.5124014616012573,0.37893450260162354,0.5110511779785156,0.4026913046836853,0.518388032913208,0.30130791664123535,0.5538709163665771,0.344858855009079,0.5021867752075195,0.3823425769805908,0.5051223635673523,0.40764719247817993,0.5225422978401184,0.29374903440475464,0.5614302158355713,0.33770906925201416,0.5093123316764832,0.37592723965644836,0.5114395618438721,0.40210404992103577,0.5270603895187378,0.2938799262046814,0.5784975290298462,0.33237674832344055,0.540159285068512,0.3621041774749756,0.533097505569458,0.38559338450431824,0.5374884605407715,C
0.2668212652206421,0.7202781438827515,0.322668194770813,0.6933024525642395,0.3610796630382538,0.6623737812042236,0.3925122916698456,0.649940550327301,0.41942736506462097,0.6371891498565674,0.31257376074790955,0.5568100810050964,0.3457164764404297,0.5119319558143616,0.3775995075702667,0.5099324584007263,0.4017578065395355,0.5164086222648621,0.2985221743583679,0.5541486740112305,0.342462420463562,0.5006354451179504,0.38051638007164,0.5033088326454163,0.40649929642677307,0.5210428237915039,0.29140064120292664,0.5613049864768982,0.3356170356273651,0.5052434206008911,0.3733755052089691,0.5092371702194214,0.39906948804855347,0.5272350907325745,0.2925882339477539,0.5783405900001526,0.3316081166267395,0.5379534363746643,0.36135682463645935,0.5309251546859741,0.38430339097976685,0.535695493221283,C
0.2677018940448761,0.7220472097396851,0.3219034671783447,0.6949844360351562,0.3607490062713623,0.6657767295837402,0.39277586340904236,0.6550458073616028,0.4194267988204956,0.6434252858161926,0.3154433071613312,0.5602383017539978,0.347329705953598,0.5141918063163757,0.3786832392215729,0.5116862058639526,0.4026043713092804,0.5184108018875122,0.3018431067466736,0.558001697063446,0.34390363097190857,0.5038414001464844,0.3812873959541321,0.5059388279914856,0.4068639874458313,0.5227022171020508,0.2943073511123657,0.5654690861701965,0.337532639503479,0.5106003880500793,0.3753783702850342,0.5131444931030273,0.4015129804611206,0.5293481349945068,0.29449957609176636,0.5821999907493591,0.33376744389533997,0.5433608293533325,0.3642277717590332,0.5360097885131836,0.38781267404556274,0.5395408272743225,C
0.2626560926437378,0.7221522331237793,0.31885725259780884,0.6955114603042603,0.3569302260875702,0.6650984287261963,0.3889186680316925,0.6539956331253052,0.41612058877944946,0.6454799771308899,0.3018971085548401,0.5574092864990234,0.34054291248321533,0.5149887204170227,0.3746073842048645,0.512767493724823,0.3996838629245758,0.5186058282852173,0.2895950376987457,0.5558831691741943,0.341567724943161,0.5038953423500061,0.37980902194976807,0.5070830583572388,0.40498867630958557,0.5225006341934204,0.28585389256477356,0.5642393827438354,0.3365511894226074,0.5114810466766357,0.37491562962532043,0.5124949812889099,0.4006876051425934,0.526436448097229,0.2920340299606323,0.5829448103904724,0.3348546326160431,0.545759379863739,0.3650114834308624,0.5384138822555542,0.3882933259010315,0.5400083661079407,C
0.2588311731815338,0.7238812446594238,0.3161894381046295,0.6949570178985596,0.354375958442688,0.6631898880004883,0.3864140808582306,0.6514756679534912,0.4129028618335724,0.6420482397079468,0.29709041118621826,0.5584717392921448,0.3340539336204529,0.5145133137702942,0.36905437707901,0.5106711387634277,0.39537671208381653,0.5165440440177917,0.28634577989578247,0.5577439665794373,0.3363224267959595,0.5032294988632202,0.37519851326942444,0.5052264928817749,0.40127086639404297,0.5219542384147644,0.2836593687534332,0.5662468671798706,0.3314146399497986,0.5126626491546631,0.37041163444519043,0.5127040147781372,0.39730364084243774,0.5272763967514038,0.29074496030807495,0.5848347544670105,0.33018580079078674,0.5461570024490356,0.35971152782440186,0.537814199924469,0.3827935755252838,0.5401079058647156,C
0.2612062394618988,0.7245198488235474,0.3166816532611847,0.6962100267410278,0.35491353273391724,0.6647800207138062,0.38747528195381165,0.6522417664527893,0.41292864084243774,0.6407601833343506,0.30270278453826904,0.5605773329734802,0.33755651116371155,0.5166939496994019,0.37069186568260193,0.5137234926223755,0.3953791856765747,0.5204100608825684,0.2905231714248657,0.5589935779571533,0.33720338344573975,0.5058570504188538,0.37439876794815063,0.5088034272193909,0.3992711305618286,0.5259566307067871,0.285308837890625,0.5666980147361755,0.33122628927230835,0.5137964487075806,0.36938947439193726,0.5151960253715515,0.3956775963306427,0.5307676196098328,0.2888827323913574,0.5838622450828552,0.3288326859474182,0.5460392832756042,0.35869765281677246,0.5388157367706299,0.38210710883140564,0.5421864986419678,C
0.25760310888290405,0.7257610559463501,0.3154258728027344,0.6961702108383179,0.3527258634567261,0.6639407873153687,0.38467657566070557,0.6509252786636353,0.41083022952079773,0.6411182284355164,0.2945355772972107,0.5597533583641052,0.33361974358558655,0.517636775970459,0.36873483657836914,0.5156765580177307,0.3947103023529053,0.5225804448127747,0.28245288133621216,0.5579569935798645,0.33537930250167847,0.5064568519592285,0.3743049204349518,0.5105999708175659,0.39986369013786316,0.5284540057182312,0.2789320945739746,0.5660372376441956,0.32962673902511597,0.5141218900680542,0.3688783347606659,0.5162291526794434,0.3954434394836426,0.532059907913208,0.28508710861206055,0.5844269394874573,0.32763493061065674,0.546333372592926,0.35811692476272583,0.5393639802932739,0.3817395865917206,0.5427977442741394,C
0.2566736936569214,0.7263427376747131,0.31460699439048767,0.6957009434700012,0.35274237394332886,0.6661389470100403,0.38431957364082336,0.6543914079666138,0.4098071753978729,0.6434190273284912,0.2974768280982971,0.5602723360061646,0.33437177538871765,0.5177388787269592,0.36819735169410706,0.5160509347915649,0.3930341601371765,0.5240108370780945,0.28637194633483887,0.5591861605644226,0.3356434404850006,0.5077158212661743,0.3728629946708679,0.5107182264328003,0.3976483941078186,0.5289088487625122,0.2821716070175171,0.5671716928482056,0.32982537150382996,0.5182100534439087,0.36762735247612,0.5190868377685547,0.3936576247215271,0.5344942212104797,0.28710609674453735,0.5850139260292053,0.3274189829826355,0.5486969947814941,0.3570828139781952,0.5407718420028687,0.380475789308548,0.543391227722168,C
0.2557890713214874,0.7294570803642273,0.3144531846046448,0.7000240087509155,0.35240310430526733,0.6682630181312561,0.38412800431251526,0.655400812625885,0.40987592935562134,0.644790530204773,0.2942511737346649,0.5642863512039185,0.33208125829696655,0.5213024616241455,0.36689484119415283,0.5193480849266052,0.39268529415130615,0.5264476537704468,0.28370508551597595,0.5628055930137634,0.33499613404273987,0.5105830430984497,0.37287890911102295,0.5151697993278503,0.3977845013141632,0.5337381958961487,0.2813264727592468,0.5706488490104675,0.32964634895324707,0.5192201137542725,0.36819279193878174,0.5208249092102051,0.39442241191864014,0.5365223288536072,0.2881556749343872,0.5882296562194824,0.32785773277282715,0.5503391623497009,0.3574490547180176,0.5424882769584656,0.3805682063102722,0.5455342531204224,C
0.25644779205322266,0.7304364442825317,0.31316229701042175,0.7006658911705017,0.34996485710144043,0.6661470532417297,0.38070449233055115,0.6502268314361572,0.4062090218067169,0.6413912773132324,0.28526121377944946,0.5635801553726196,0.327393114566803,0.5205198526382446,0.3639735281467438,0.5201247334480286,0.3908737897872925,0.5283463001251221,0.2755257785320282,0.564042866230011,0.333023339509964,0.5107206702232361,0.3717423975467682,0.5177760124206543,0.396264910697937,0.5372318029403687,0.2751047611236572,0.5728170871734619,0.32679301500320435,0.5219478607177734,0.3663596212863922,0.5236532688140869,0.392639696598053,0.5396103858947754,0.28471365571022034,0.5907244086265564,0.3258161246776581,0.5520879030227661,0.3559139370918274,0.5449862480163574,0.3793436586856842,0.5485702753067017,C
0.2550014555454254,0.7286121249198914,0.3127506375312805,0.6919940710067749,0.34584304690361023,0.6598028540611267,0.3749598562717438,0.6447755098342896,0.40171608328819275,0.6339076161384583,0.27951663732528687,0.5619745850563049,0.3220125138759613,0.5200818181037903,0.3576650321483612,0.5204471945762634,0.382970929145813,0.5281968116760254,0.27084457874298096,0.5627666115760803,0.3262854218482971,0.5116032361984253,0.36393165588378906,0.5164015293121338,0.3889656066894531,0.5327732563018799,0.27196577191352844,0.5727909803390503,0.324350506067276,0.5247693061828613,0.3618611693382263,0.5249326825141907,0.3873399496078491,0.5374791622161865,0.28266483545303345,0.5911881923675537,0.32415416836738586,0.5549342036247253,0.35229426622390747,0.5455655455589294,0.37452632188796997,0.5451268553733826,C
0.25455519556999207,0.7269330024719238,0.3118351399898529,0.6895120143890381,0.3429197371006012,0.6558318138122559,0.37055593729019165,0.6400277614593506,0.39723294973373413,0.6290539503097534,0.2758393883705139,0.5590497851371765,0.3189050555229187,0.518552839756012,0.3541940748691559,0.5184853076934814,0.37969323992729187,0.5256465673446655,0.26709645986557007,0.5604196786880493,0.3229962885379791,0.5118533968925476,0.3600425124168396,0.5152002573013306,0.38533079624176025,0.5299240946769714,0.2691274881362915,0.5714461207389832,0.3223661184310913,0.5247145891189575,0.3595691919326782,0.5233787298202515,0.3851431906223297,0.5338690280914307,0.2817550003528595,0.5901472568511963,0.3243100047111511,0.5540945529937744,0.3521862030029297,0.5446057915687561,0.37434300780296326,0.5437447428703308,C
0.25405222177505493,0.7251868844032288,0.3092721700668335,0.6879624724388123,0.3408009707927704,0.6532702445983887,0.3683673143386841,0.6372342109680176,0.39263418316841125,0.6274046301841736,0.27076441049575806,0.5587536096572876,0.31654608249664307,0.5145401954650879,0.35355058312416077,0.515234112739563,0.38017821311950684,0.5240769386291504,0.2652008533477783,0.5617100596427917,0.32444292306900024,0.5113641023635864,0.3625025451183319,0.5148213505744934,0.3875642418861389,0.5323379039764404,0.27006828784942627,0.5743870735168457,0.323917031288147,0.528809666633606,0.3620646595954895,0.5272060036659241,0.3879373371601105,0.5392893552780151,0.2857730984687805,0.5943241119384766,0.32631057500839233,0.5556952357292175,0.35425031185150146,0.5446073412895203,0.3768732249736786,0.5437861084938049,C
0.2550382614135742,0.7239004969596863,0.30864661931991577,0.6882758736610413,0.3398682177066803,0.6524071097373962,0.3671184480190277,0.6353788375854492,0.3908805549144745,0.6256022453308105,0.26893818378448486,0.5601819157600403,0.31656286120414734,0.5163345336914062,0.353889137506485,0.51530921459198,0.3811931312084198,0.5236765146255493,0.26513850688934326,0.5636559128761292,0.3255269527435303,0.5126714706420898,0.3632637858390808,0.5151363611221313,0.3884219527244568,0.5322578549385071,0.2715427875518799,0.5763303637504578,0.3256132900714874,0.5301693677902222,0.36322730779647827,0.5272701978683472,0.3891471028327942,0.5387294292449951,0.28873130679130554,0.5960449576377869,0.32918280363082886,0.5572978854179382,0.35667991638183594,0.5461457967758179,0.3788483142852783,0.5456265211105347,C
0.257901668548584,0.7241500616073608,0.3108941912651062,0.6893429756164551,0.34142470359802246,0.6534627676010132,0.36877018213272095,0.636374294757843,0.3913238048553467,0.6263998746871948,0.268974632024765,0.5622818470001221,0.31554022431373596,0.5186250805854797,0.3524995446205139,0.5167380571365356,0.3797445297241211,0.5243638753890991,0.2655976712703705,0.5652610659599304,0.32420751452445984,0.5143643617630005,0.3617700934410095,0.5157727599143982,0.3874051868915558,0.5312579870223999,0.27208492159843445,0.5774762630462646,0.3251610994338989,0.5314912796020508,0.3623971939086914,0.5280218720436096,0.38829752802848816,0.5386097431182861,0.28923436999320984,0.5968571305274963,0.3298030495643616,0.5584630966186523,0.3572213053703308,0.5474892258644104,0.37925058603286743,0.5468825101852417,C
0.25714150071144104,0.7234559059143066,0.3111543357372284,0.6885771155357361,0.34108829498291016,0.6533189415931702,0.3689959943294525,0.6377435922622681,0.3926876187324524,0.6280272006988525,0.27115705609321594,0.5615734457969666,0.31720536947250366,0.5188239216804504,0.3537352979183197,0.5176867246627808,0.37991490960121155,0.525490403175354,0.26692938804626465,0.5643362998962402,0.32396310567855835,0.5159358382225037,0.36219537258148193,0.516135036945343,0.3882797360420227,0.5303124785423279,0.27258720993995667,0.577017605304718,0.32622793316841125,0.5310615301132202,0.36369821429252625,0.5274693965911865,0.38913068175315857,0.5372889637947083,0.2889004349708557,0.5966106653213501,0.3297728896141052,0.5573244690895081,0.3572399318218231,0.5462327003479004,0.37881314754486084,0.5453246831893921,C
0.2544066309928894,0.7271980047225952,0.3096438944339752,0.6928098797798157,0.3433040976524353,0.6585807204246521,0.3731571435928345,0.6437535881996155,0.39900413155555725,0.6303499937057495,0.2758008539676666,0.5633093118667603,0.3193497359752655,0.5228903293609619,0.35583096742630005,0.5211457014083862,0.38235971331596375,0.5288851857185364,0.2669423222541809,0.5642735958099365,0.3231593072414398,0.5166721343994141,0.36183276772499084,0.5195730924606323,0.3877676725387573,0.5348806381225586,0.26737284660339355,0.5747642517089844,0.3209984004497528,0.5302891731262207,0.3589966893196106,0.5302896499633789,0.38456326723098755,0.5425888299942017,0.2786978781223297,0.5934892892837524,0.3212137222290039,0.5592603087425232,0.3501889109611511,0.5495612621307373,0.37301960587501526,0.548504114151001,C
0.2492591142654419,0.7287992238998413,0.2986825406551361,0.6991687417030334,0.33723780512809753,0.6644900441169739,0.3700195252895355,0.6498048305511475,0.3979730010032654,0.6363903880119324,0.28700366616249084,0.5693894028663635,0.31818827986717224,0.5257073044776917,0.3492414057254791,0.5228788256645203,0.3727695047855377,0.5293652415275574,0.2725306749343872,0.5672216415405273,0.3140013515949249,0.5155406594276428,0.350349485874176,0.5157622694969177,0.3759322762489319,0.5319175720214844,0.2637770175933838,0.5735360383987427,0.30678460001945496,0.521012008190155,0.3447548747062683,0.5221449732780457,0.37193840742111206,0.5367358326911926,0.26287880539894104,0.5883890986442566,0.30331042408943176,0.5508659482002258,0.333210825920105,0.5441039800643921,0.35668283700942993,0.5476071834564209,C
0.24685978889465332,0.7250826358795166,0.2926303744316101,0.6989261507987976,0.3316175043582916,0.6646550297737122,0.3630737066268921,0.6485701203346252,0.3908528685569763,0.634712278842926,0.2944307029247284,0.5693508386611938,0.31544020771980286,0.5231835246086121,0.34280213713645935,0.519294798374176,0.3662886619567871,0.5241537690162659,0.2783533036708832,0.5664938688278198,0.30762290954589844,0.5127235651016235,0.34067660570144653,0.512891411781311,0.36624810099601746,0.5267555713653564,0.2637116312980652,0.5709447264671326,0.2962993383407593,0.5176726579666138,0.33144018054008484,0.5198442339897156,0.3583868145942688,0.5355152487754822,0.25239911675453186,0.5842165350914001,0.2860417664051056,0.5481934547424316,0.31456688046455383,0.5423672795295715,0.3383576273918152,0.5465394854545593,C
0.24825450778007507,0.7213416695594788,0.29251977801322937,0.7029657363891602,0.333598792552948,0.673396110534668,0.3654838502407074,0.6594655513763428,0.3892030119895935,0.642527163028717,0.30644625425338745,0.5786014199256897,0.32268548011779785,0.5238001942634583,0.34635159373283386,0.5212121605873108,0.36781027913093567,0.5279474258422852,0.2897868752479553,0.5745627880096436,0.31111156940460205,0.5134739875793457,0.3415362238883972,0.5154730677604675,0.36564314365386963,0.5320125818252563,0.27068641781806946,0.5768062472343445,0.29297906160354614,0.5180898308753967,0.32482069730758667,0.5218626856803894,0.34984374046325684,0.5384430289268494,0.2506841719150543,0.5866395831108093,0.27329719066619873,0.5474549531936646,0.29947441816329956,0.5414774417877197,0.32242533564567566,0.5454854369163513,C
0.24943464994430542,0.7175931930541992,0.2927016615867615,0.703136682510376,0.3333512246608734,0.6761089563369751,0.3651823103427887,0.6625521183013916,0.3886645436286926,0.6449394226074219,0.31110912561416626,0.5801771283149719,0.3271121680736542,0.5259093046188354,0.3487151861190796,0.5220988392829895,0.36849790811538696,0.5297569036483765,0.2931046783924103,0.5747553706169128,0.3118039667606354,0.5125449895858765,0.3390752375125885,0.5128445625305176,0.3613241910934448,0.5300873517990112,0.2728881239891052,0.5762662887573242,0.29169508814811707,0.5179427266120911,0.3188513219356537,0.5205439925193787,0.340314656496048,0.5376313328742981,0.2511650323867798,0.585312008857727,0.270991712808609,0.5454658269882202,0.2949539124965668,0.5379176139831543,0.31661421060562134,0.5413602590560913,C
0.2514795660972595,0.7180199027061462,0.29490363597869873,0.7041651010513306,0.3352055549621582,0.6761211156845093,0.3668190538883209,0.6623886227607727,0.3909362256526947,0.6465587019920349,0.3128240406513214,0.581613302230835,0.3296511173248291,0.5270695686340332,0.35149937868118286,0.5238662958145142,0.37146425247192383,0.5318486094474792,0.2948797345161438,0.5765559077262878,0.31437793374061584,0.5137097239494324,0.34215933084487915,0.5145477652549744,0.36434119939804077,0.5319861173629761,0.2746848165988922,0.5790864825248718,0.29358792304992676,0.5193421840667725,0.3211464583873749,0.5219922661781311,0.3427281677722931,0.5387983918190002,0.2528530955314636,0.5893407464027405,0.2712751030921936,0.5484588146209717,0.2959708273410797,0.539508044719696,0.3185560405254364,0.5416811108589172,C
0.2526038885116577,0.7186056971549988,0.29609018564224243,0.7044609785079956,0.3366207480430603,0.6774537563323975,0.36788660287857056,0.6641537547111511,0.39239826798439026,0.6486736536026001,0.31486716866493225,0.581670880317688,0.3318527936935425,0.5280024409294128,0.3536754846572876,0.5260147452354431,0.3737620711326599,0.534589409828186,0.2970689535140991,0.57636559009552,0.3169041574001312,0.5153433680534363,0.34493574500083923,0.5170359015464783,0.3679068088531494,0.5344193577766418,0.27696192264556885,0.5780377388000488,0.29722505807876587,0.5203546285629272,0.3254494369029999,0.5234389305114746,0.34804007411003113,0.5399565100669861,0.2551664113998413,0.5872691869735718,0.27520376443862915,0.5476602911949158,0.2996985912322998,0.5398714542388916,0.3220028877258301,0.5427341461181641,C
0.2518313527107239,0.7190873622894287,0.29557883739471436,0.7054020166397095,0.3366129398345947,0.6778554320335388,0.36803072690963745,0.6646007299423218,0.392482727766037,0.6495739817619324,0.3144640326499939,0.582691490650177,0.3320697546005249,0.5300097465515137,0.35401085019111633,0.5275287628173828,0.37412527203559875,0.5354086756706238,0.2961519658565521,0.5770680904388428,0.3166508972644806,0.5161321759223938,0.34493377804756165,0.5180109143257141,0.3677729368209839,0.5354337692260742,0.2756601572036743,0.5786887407302856,0.29711246490478516,0.5219253301620483,0.3249375522136688,0.5265785455703735,0.34659188985824585,0.5437625050544739,0.2539959251880646,0.5880020260810852,0.27497416734695435,0.549355149269104,0.29968973994255066,0.5426112413406372,0.32181280851364136,0.5456246137619019,C
0.2509021759033203,0.7195582389831543,0.2940383851528168,0.7055315375328064,0.33504122495651245,0.6782578825950623,0.3669235408306122,0.6655152440071106,0.3917092978954315,0.6492348313331604,0.31235793232917786,0.582236647605896,0.33044418692588806,0.5302017331123352,0.35282331705093384,0.5279645919799805,0.3732002377510071,0.5360196232795715,0.2945097088813782,0.5764583945274353,0.31544607877731323,0.5159300565719604,0.3440518379211426,0.5176917314529419,0.36667707562446594,0.535115659236908,0.27447429299354553,0.5781947374343872,0.2955000698566437,0.521242618560791,0.3235164284706116,0.5256263613700867,0.34523940086364746,0.5424035787582397,0.2534914016723633,0.5881676077842712,0.2740790545940399,0.5495904684066772,0.2987573742866516,0.5431076288223267,0.32084712386131287,0.54625403881073,C
0.2511095404624939,0.7191355228424072,0.29465538263320923,0.7049429416656494,0.3355938792228699,0.6779327392578125,0.36737367510795593,0.6651671528816223,0.39189642667770386,0.6488348245620728,0.3125768303871155,0.582558274269104,0.33052337169647217,0.5300765633583069,0.3527538776397705,0.5278503894805908,0.37299415469169617,0.5362587571144104,0.2946082055568695,0.5769177079200745,0.31530794501304626,0.5161186456680298,0.3435457944869995,0.5177229046821594,0.36604323983192444,0.5352751016616821,0.27447766065597534,0.5786293148994446,0.2951444089412689,0.5216550230979919,0.3229968249797821,0.525223433971405,0.3447630703449249,0.5415943264961243,0.25338077545166016,0.588377058506012,0.27407610416412354,0.5501652359962463,0.2984054982662201,0.5429728627204895,0.3202630579471588,0.5453507900238037,C
0.25189587473869324,0.7170814871788025,0.29641690850257874,0.7004556059837341,0.3366720378398895,0.672199010848999,0.36825689673423767,0.6590660810470581,0.3947591781616211,0.6463280320167542,0.31073322892189026,0.5796093344688416,0.32917189598083496,0.5273751616477966,0.35312962532043457,0.5270613431930542,0.3745238482952118,0.5361027717590332,0.2942597568035126,0.5750542879104614,0.3180713951587677,0.5159323811531067,0.34800034761428833,0.5194638967514038,0.3709850013256073,0.5363665819168091,0.27565303444862366,0.5772706270217896,0.3008604943752289,0.5209304094314575,0.3314177393913269,0.5253249406814575,0.35458365082740784,0.5418544411659241,0.25585857033729553,0.5876650810241699,0.2794828712940216,0.5501068830490112,0.3054773807525635,0.5437972545623779,0.32805222272872925,0.5470508337020874,C
0.24336157739162445,0.7154712080955505,0.2886184751987457,0.6960688233375549,0.32871195673942566,0.6645215153694153,0.36169546842575073,0.650435209274292,0.38974878191947937,0.6363834738731384,0.29422277212142944,0.5671473741531372,0.31774774193763733,0.5224608182907104,0.3462598919868469,0.5215135812759399,0.36933690309524536,0.530166745185852,0.27795854210853577,0.5635707974433899,0.31066176295280457,0.5135816931724548,0.34439000487327576,0.5182527899742126,0.3687407672405243,0.5350121259689331,0.26332250237464905,0.5676848888397217,0.29838746786117554,0.5197979211807251,0.3325924277305603,0.5253257751464844,0.35704994201660156,0.542604386806488,0.2514534890651703,0.5816095471382141,0.28484684228897095,0.5482948422431946,0.3133244812488556,0.5446187853813171,0.3359249532222748,0.5506422519683838,C
0.24050021171569824,0.7158685326576233,0.2858756184577942,0.6926361322402954,0.32500264048576355,0.6592848896980286,0.3580581247806549,0.6446501016616821,0.3860633969306946,0.6324605345726013,0.2864409387111664,0.5624291896820068,0.3127973973751068,0.5199812054634094,0.341815710067749,0.5199218392372131,0.36545810103416443,0.5287915468215942,0.27003955841064453,0.559222936630249,0.3064749240875244,0.5105391144752502,0.3409135937690735,0.5145167708396912,0.3664166331291199,0.5307549834251404,0.25639328360557556,0.5647881031036377,0.29561930894851685,0.5184262990951538,0.33074963092803955,0.5240578651428223,0.3563062846660614,0.5416014194488525,0.2472592145204544,0.5802388191223145,0.28497543931007385,0.5485787987709045,0.31384897232055664,0.5445420742034912,0.3367655575275421,0.5499009490013123,C
0.23295840620994568,0.7164847254753113,0.28112828731536865,0.687461256980896,0.3179604411125183,0.6544938087463379,0.350196897983551,0.6400601267814636,0.379008948802948,0.6284247636795044,0.2713654041290283,0.5598056316375732,0.30264943838119507,0.518508791923523,0.3335931897163391,0.5182807445526123,0.3576907813549042,0.5253493189811707,0.25584906339645386,0.5575095415115356,0.2988162934780121,0.5103737711906433,0.335560142993927,0.513798177242279,0.36191314458847046,0.5291240811347961,0.24531961977481842,0.5641471743583679,0.28977981209754944,0.518332302570343,0.3265504240989685,0.5229877233505249,0.35281938314437866,0.5391634702682495,0.24104562401771545,0.5801180005073547,0.2813483774662018,0.5490279793739319,0.3104521930217743,0.5441359281539917,0.33333632349967957,0.5475902557373047,C
0.2335975170135498,0.7208258509635925,0.28212735056877136,0.6910841464996338,0.3204925060272217,0.6574806571006775,0.35363098978996277,0.6440145373344421,0.38166165351867676,0.6301488876342773,0.2741073668003082,0.5629542469978333,0.3044200539588928,0.5204772353172302,0.33523693680763245,0.5203422904014587,0.3587515354156494,0.528839111328125,0.25963902473449707,0.561234176158905,0.30001121759414673,0.512545108795166,0.3357115089893341,0.5149744153022766,0.36101919412612915,0.5315660834312439,0.24841393530368805,0.5675519108772278,0.29055172204971313,0.5198096632957458,0.32764407992362976,0.5233368873596191,0.3544081747531891,0.5392515063285828,0.24336005747318268,0.5835136771202087,0.28309929370880127,0.550188422203064,0.3129223883152008,0.5453527569770813,0.3362244963645935,0.5505186915397644,C
0.23795822262763977,0.7239376306533813,0.2873285114765167,0.6955196857452393,0.3253703713417053,0.6618573069572449,0.35796013474464417,0.6480454206466675,0.38558393716812134,0.633791983127594,0.2820780277252197,0.5679553747177124,0.31181612610816956,0.5245237946510315,0.342801034450531,0.523375928401947,0.3665451407432556,0.5311309099197388,0.26838791370391846,0.5653257966041565,0.30667322874069214,0.5145286917686462,0.34226828813552856,0.5163614153862,0.36759448051452637,0.5331953763961792,0.2573860287666321,0.5709091424942017,0.2963869273662567,0.5218944549560547,0.33314570784568787,0.5247657299041748,0.35986512899398804,0.5406568050384521,0.2518361210823059,0.5856922268867493,0.2882586121559143,0.5519656538963318,0.31739750504493713,0.5468590259552002,0.340938925743103,0.551776647567749,C
0.23912717401981354,0.7237351536750793,0.29251497983932495,0.6922958493232727,0.3309142291545868,0.6576994061470032,0.3636440932750702,0.6403598189353943,0.38799524307250977,0.6253250241279602,0.26483044028282166,0.5610959529876709,0.30505624413490295,0.5224401354789734,0.34083330631256104,0.5205113887786865,0.36820974946022034,0.5277743935585022,0.25654903054237366,0.5609456896781921,0.31176549196243286,0.5096210837364197,0.3490935266017914,0.5141870975494385,0.3741610050201416,0.5336036086082458,0.25511059165000916,0.5688198804855347,0.3036385774612427,0.5223252177238464,0.34204691648483276,0.5217298269271851,0.3688029646873474,0.5373026728630066,0.2630246877670288,0.5872072577476501,0.3019862174987793,0.5528914332389832,0.3307425379753113,0.5452584624290466,0.35390225052833557,0.5486668348312378,C
0.2561006546020508,0.7231366634368896,0.311708003282547,0.6850414872169495,0.34253668785095215,0.6526719927787781,0.36887210607528687,0.6388406157493591,0.39400333166122437,0.6247023344039917,0.2741951644420624,0.558149516582489,0.3208502233028412,0.5207529067993164,0.3569626808166504,0.5207030773162842,0.38317498564720154,0.5279282331466675,0.2671526074409485,0.5603257417678833,0.3246989846229553,0.5145643949508667,0.36251944303512573,0.5164930820465088,0.38899099826812744,0.5300058722496033,0.2703988552093506,0.5722273588180542,0.32569217681884766,0.5279293060302734,0.3630591928958893,0.527024507522583,0.38862836360931396,0.5369236469268799,0.28412744402885437,0.5913360714912415,0.3274793326854706,0.5554816126823425,0.3555358946323395,0.546779215335846,0.37717151641845703,0.5459174513816833,C
0.25573259592056274,0.7197152972221375,0.3122584819793701,0.6856799721717834,0.34387272596359253,0.651934027671814,0.37154820561408997,0.6387702822685242,0.3969716429710388,0.6276823878288269,0.277631938457489,0.5570908784866333,0.324145644903183,0.5194536447525024,0.3593690097332001,0.5186576247215271,0.38466185331344604,0.5253215432167053,0.2712017297744751,0.5592426657676697,0.32782599329948425,0.5157259702682495,0.36583149433135986,0.515839159488678,0.3928195834159851,0.5289669036865234,0.27492088079452515,0.5713756084442139,0.3293658494949341,0.5287984609603882,0.36664238572120667,0.5262473821640015,0.3923826813697815,0.5349559187889099,0.28906357288360596,0.5903964042663574,0.33101338148117065,0.555604875087738,0.3583963215351105,0.5450263619422913,0.3800973892211914,0.5423429012298584,C
0.2682758867740631,0.7126656770706177,0.32302388548851013,0.682729959487915,0.3554108440876007,0.6488552093505859,0.38059377670288086,0.6338463425636292,0.40319380164146423,0.624774158000946,0.28977155685424805,0.5532613396644592,0.3379476070404053,0.5165911912918091,0.37233102321624756,0.5154646635055542,0.3977212905883789,0.521983802318573,0.2848189175128937,0.5563556551933289,0.343045711517334,0.5094900727272034,0.3797846734523773,0.5110855102539062,0.4053260087966919,0.5266575217247009,0.2906684875488281,0.5701066851615906,0.34430432319641113,0.5253941416740417,0.38214462995529175,0.5225334763526917,0.407743901014328,0.5323329567909241,0.30675965547561646,0.5921515822410583,0.3480067253112793,0.5542750358581543,0.37537065148353577,0.5442346930503845,0.39676591753959656,0.5439221858978271,C
0.2808361053466797,0.7116058468818665,0.33521753549575806,0.6840006113052368,0.36655503511428833,0.6514477729797363,0.3936387896537781,0.6372758150100708,0.4168427884578705,0.6290874481201172,0.3024422824382782,0.5558552742004395,0.3513485789299011,0.5192356109619141,0.3865155875682831,0.5183156728744507,0.41198980808258057,0.5240814089775085,0.299287348985672,0.5597016215324402,0.35821691155433655,0.5151711702346802,0.3949945867061615,0.5160455703735352,0.4204427897930145,0.5297507047653198,0.3053925633430481,0.573026180267334,0.35986319184303284,0.5328219532966614,0.39744508266448975,0.528689444065094,0.4235615134239197,0.5364282131195068,0.3216535747051239,0.5948728322982788,0.36371180415153503,0.5593258142471313,0.39063209295272827,0.5488766431808472,0.4120708703994751,0.5476192235946655,C
0.2834772765636444,0.7106846570968628,0.33784836530685425,0.68279629945755,0.3673551380634308,0.6501421332359314,0.39190077781677246,0.6352338790893555,0.41560256481170654,0.6259767413139343,0.3055354952812195,0.5540475249290466,0.35500597953796387,0.5180646777153015,0.3899339437484741,0.5200883150100708,0.41422101855278015,0.5289941430091858,0.30200517177581787,0.5581709146499634,0.3611264228820801,0.5135856866836548,0.397778183221817,0.5156885385513306,0.4227520525455475,0.5301874876022339,0.3080989420413971,0.5725563764572144,0.36294418573379517,0.5301896333694458,0.3997054100036621,0.5273593068122864,0.4244348108768463,0.5367441773414612,0.32409393787384033,0.5954726934432983,0.3656959533691406,0.5599146485328674,0.3923719823360443,0.5487733483314514,0.41326984763145447,0.5464873313903809,C
0.29063400626182556,0.706490159034729,0.3418484330177307,0.677162766456604,0.37064075469970703,0.6442950367927551,0.39527764916419983,0.6275774836540222,0.4162425696849823,0.6178792715072632,0.3110862672328949,0.5518373250961304,0.36094170808792114,0.5130245685577393,0.39471712708473206,0.5145425796508789,0.4181967079639435,0.523941695690155,0.3085956573486328,0.5557104349136353,0.3674222528934479,0.5096122622489929,0.40264075994491577,0.5119255781173706,0.42613136768341064,0.5253511071205139,0.31702089309692383,0.570579469203949,0.3715858459472656,0.5257048606872559,0.40696191787719727,0.5235854387283325,0.42985081672668457,0.5328882932662964,0.335416704416275,0.593727171421051,0.37696918845176697,0.5551251769065857,0.40327340364456177,0.5434191823005676,0.42323923110961914,0.5408641695976257,C
0.2971568703651428,0.7125269174575806,0.34103119373321533,0.6794136762619019,0.3697874844074249,0.6460360884666443,0.39777687191963196,0.6284018158912659,0.4185926914215088,0.619623064994812,0.3163760006427765,0.5542011857032776,0.36753880977630615,0.5141748189926147,0.4017044007778168,0.5159000754356384,0.4253140985965729,0.5258225202560425,0.3176676630973816,0.5576860904693604,0.37573328614234924,0.5099655985832214,0.4108268916606903,0.5108817219734192,0.4334474205970764,0.5240165591239929,0.32743093371391296,0.5732840895652771,0.384018212556839,0.5279656648635864,0.4196174144744873,0.525947093963623,0.44235625863075256,0.5357539653778076,0.3471566140651703,0.5977516770362854,0.3893578052520752,0.5572844743728638,0.41609013080596924,0.5469455718994141,0.43571215867996216,0.5464575290679932,C
0.29641175270080566,0.7139413356781006,0.3433744013309479,0.6786883473396301,0.3704223334789276,0.6439785957336426,0.3970830738544464,0.6249017119407654,0.42057958245277405,0.6173402667045593,0.3169780671596527,0.552569568157196,0.3676069974899292,0.5136800408363342,0.40083780884742737,0.5167109370231628,0.42335328459739685,0.5273458361625671,0.3171531558036804,0.5564576387405396,0.3749571740627289,0.5107583403587341,0.4085786044597626,0.5137788653373718,0.43012064695358276,0.5273712873458862,0.32674017548561096,0.5723962783813477,0.38176801800727844,0.5270457863807678,0.4158187508583069,0.5255545377731323,0.4378174841403961,0.5342423319816589,0.3464490473270416,0.596847653388977,0.3870934247970581,0.5560348033905029,0.4127715229988098,0.5448837876319885,0.43188560009002686,0.5427126884460449,C
0.29172807931900024,0.7110053896903992,0.342122346162796,0.6774309277534485,0.36870431900024414,0.6423519849777222,0.39318835735321045,0.6250302195549011,0.41683247685432434,0.6159700751304626,0.3124786615371704,0.5514577627182007,0.361064612865448,0.5123241543769836,0.39503979682922363,0.5147427320480347,0.41843703389167786,0.5241365432739258,0.31088554859161377,0.5576792359352112,0.3688736855983734,0.5118420124053955,0.4035719037055969,0.5139842629432678,0.42664289474487305,0.5271142721176147,0.3195686936378479,0.5741990208625793,0.3738274574279785,0.528387725353241,0.40759745240211487,0.5261904001235962,0.42953816056251526,0.535149335861206,0.3381495475769043,0.5983479022979736,0.3784998655319214,0.5595321655273438,0.4040229916572571,0.5471121072769165,0.4237744212150574,0.5430644750595093,C
0.2810507118701935,0.7070253491401672,0.33420202136039734,0.6767060160636902,0.364304780960083,0.6426388621330261,0.3899078965187073,0.6267060041427612,0.4127441644668579,0.6196243166923523,0.3020501732826233,0.5495409965515137,0.34988653659820557,0.511547327041626,0.384909451007843,0.5143758654594421,0.4096708297729492,0.5235498547554016,0.29915741086006165,0.5547285676002502,0.35930299758911133,0.5116642117500305,0.3946782946586609,0.5144690871238708,0.41833025217056274,0.5289632678031921,0.30597370862960815,0.5690172910690308,0.3599516749382019,0.5297538042068481,0.39571523666381836,0.5269195437431335,0.42049896717071533,0.5363540649414062,0.32253339886665344,0.59110426902771,0.36249151825904846,0.5567272305488586,0.3887347877025604,0.5464090704917908,0.4104924499988556,0.5453266501426697,C
0.2779538631439209,0.7076588273048401,0.33192694187164307,0.6777926087379456,0.36195647716522217,0.6459519267082214,0.3882327973842621,0.6312462091445923,0.41154977679252625,0.6218164563179016,0.2997063994407654,0.5499972105026245,0.34693944454193115,0.5137370824813843,0.38169029355049133,0.516265869140625,0.4059111475944519,0.5254931449890137,0.296355664730072,0.554098904132843,0.35438457131385803,0.5112097859382629,0.3903414309024811,0.5138170123100281,0.41442185640335083,0.5275945067405701,0.3023247718811035,0.5681936740875244,0.355974018573761,0.5280911922454834,0.3914257884025574,0.5259135365486145,0.4152946472167969,0.5353186130523682,0.31830736994743347,0.5901848673820496,0.35842564702033997,0.5557399392127991,0.384480744600296,0.5459781885147095,0.4051935076713562,0.5448980927467346,C
0.25891003012657166,0.7100634574890137,0.312668114900589,0.6784394979476929,0.3469315469264984,0.6462690830230713,0.37726283073425293,0.633617639541626,0.4023018479347229,0.6257941126823425,0.28022530674934387,0.5478625893592834,0.3275875747203827,0.5131142735481262,0.3631102442741394,0.5162500143051147,0.3891303241252899,0.5257846117019653,0.2744525372982025,0.5503507852554321,0.33477213978767395,0.507347583770752,0.3723209798336029,0.513719379901886,0.397830605506897,0.5311638712882996,0.27756261825561523,0.5618377327919006,0.33183225989341736,0.5244016647338867,0.3702930808067322,0.5255798697471619,0.3967699110507965,0.5376905798912048,0.2904149293899536,0.5837125778198242,0.3330383598804474,0.5510836839675903,0.36099088191986084,0.5450204610824585,0.38289138674736023,0.546795666217804,C
0.24136506021022797,0.7029014825820923,0.2963595390319824,0.6723289489746094,0.3333614468574524,0.6426124572753906,0.36513715982437134,0.6325841546058655,0.39125970005989075,0.6217792630195618,0.2744612991809845,0.5428875088691711,0.3182602822780609,0.5077712535858154,0.35280123353004456,0.5118592381477356,0.3775508999824524,0.5228681564331055,0.2642780840396881,0.5428106188774109,0.3212207853794098,0.5006570219993591,0.3592798709869385,0.5084061026573181,0.38407179713249207,0.5278221964836121,0.26273488998413086,0.5526670813560486,0.31666091084480286,0.5120115876197815,0.35538196563720703,0.5168639421463013,0.3812243938446045,0.5321846008300781,0.2701926529407501,0.5725074410438538,0.3136744201183319,0.5427832007408142,0.34269869327545166,0.5374023914337158,0.36500972509384155,0.5399988889694214,C
0.2360551357269287,0.7016776204109192,0.2929716408252716,0.6700222492218018,0.3300517201423645,0.6403279900550842,0.3620448112487793,0.6301987767219543,0.3886057138442993,0.6196035742759705,0.2740896940231323,0.541370689868927,0.31683972477912903,0.5070807933807373,0.3511538803577423,0.5110123157501221,0.37602317333221436,0.522593080997467,0.2631419897079468,0.5406261086463928,0.31943798065185547,0.4987936019897461,0.3564930856227875,0.5071371793746948,0.38064339756965637,0.527983546257019,0.25995394587516785,0.5492256283760071,0.3123595118522644,0.5091986656188965,0.350846529006958,0.5147743225097656,0.37691885232925415,0.5315240621566772,0.26548898220062256,0.5683197379112244,0.3084814250469208,0.5389919877052307,0.3380158841609955,0.5358834862709045,0.3609001338481903,0.5416086912155151,C
0.231373131275177,0.7026888132095337,0.28099915385246277,0.6730229258537292,0.31947317719459534,0.6425468921661377,0.35277295112609863,0.6310506463050842,0.38190966844558716,0.6198728084564209,0.2750290334224701,0.5442676544189453,0.3104730248451233,0.5059439539909363,0.34171661734580994,0.5104492902755737,0.36453092098236084,0.5213010311126709,0.26036369800567627,0.5414143800735474,0.30748602747917175,0.49762219190597534,0.343910276889801,0.5057623386383057,0.368269145488739,0.5247441530227661,0.25125759840011597,0.5479391813278198,0.29902976751327515,0.5044803619384766,0.33589139580726624,0.5133726596832275,0.36105310916900635,0.53253173828125,0.24903641641139984,0.5643172264099121,0.2918606698513031,0.5348244309425354,0.3213401734828949,0.5321623682975769,0.34395328164100647,0.5371320247650146,C
0.23292040824890137,0.6999858021736145,0.28044018149375916,0.6744889616966248,0.321152001619339,0.644482433795929,0.3555881679058075,0.6351898908615112,0.38314908742904663,0.6237788796424866,0.28353846073150635,0.5474323630332947,0.31257951259613037,0.5040060877799988,0.34241458773612976,0.5080153346061707,0.36535316705703735,0.5196934342384338,0.26808398962020874,0.544224202632904,0.3072214126586914,0.4972662627696991,0.3426762521266937,0.5056066513061523,0.36669281125068665,0.526040256023407,0.2544998526573181,0.5493027567863464,0.29525962471961975,0.5019071698188782,0.3314072787761688,0.5120517611503601,0.3565477430820465,0.5325660109519958,0.24580487608909607,0.5636256337165833,0.2848415970802307,0.5316574573516846,0.31419888138771057,0.5306238532066345,0.3366169333457947,0.5385638475418091,C
0.23548853397369385,0.7012181282043457,0.2813139855861664,0.6781203746795654,0.32270240783691406,0.6467210650444031,0.35698142647743225,0.6358641982078552,0.3844309151172638,0.6255151629447937,0.28638315200805664,0.5493217706680298,0.31383106112480164,0.5062251091003418,0.3429974317550659,0.5085529088973999,0.36614277958869934,0.5194303393363953,0.27075546979904175,0.5455931425094604,0.30823829770088196,0.49822086095809937,0.34290811419487,0.5040220022201538,0.3674880862236023,0.5217708349227905,0.2567311227321625,0.5498039126396179,0.29665911197662354,0.5024871826171875,0.3323920965194702,0.5115618705749512,0.35800373554229736,0.5308138132095337,0.24714238941669464,0.5635021328926086,0.2853327691555023,0.5323021411895752,0.3139110505580902,0.5308061838150024,0.3359724283218384,0.5379058718681335,C
0.23713931441307068,0.7020376324653625,0.2834208011627197,0.6786577701568604,0.3239128887653351,0.6480236053466797,0.3580774664878845,0.6371349692344666,0.38510259985923767,0.6256824731826782,0.2875138819217682,0.5527134537696838,0.3144148290157318,0.5084581971168518,0.343568354845047,0.5105410218238831,0.3666061758995056,0.5211538076400757,0.27261850237846375,0.5488938689231873,0.3091496527194977,0.49993351101875305,0.3440335988998413,0.5052376985549927,0.36845794320106506,0.5233743190765381,0.25896090269088745,0.552664041519165,0.2982635498046875,0.5042353272438049,0.33410704135894775,0.512780487537384,0.3591892123222351,0.5324957966804504,0.24939855933189392,0.5652599334716797,0.2869921922683716,0.5331302285194397,0.315688818693161,0.5319143533706665,0.337566077709198,0.5400359034538269,C
0.2374068647623062,0.7009215950965881,0.2829814553260803,0.6786023378372192,0.32433971762657166,0.6472775936126709,0.3584960103034973,0.6361712217330933,0.3860636353492737,0.6268695592880249,0.28999438881874084,0.5498369932174683,0.31628239154815674,0.5067222118377686,0.3443961441516876,0.508639931678772,0.36700060963630676,0.5185973644256592,0.27434924244880676,0.5462169051170349,0.3105640709400177,0.49838554859161377,0.34466463327407837,0.5048025846481323,0.3687078654766083,0.5225716829299927,0.26012784242630005,0.5508434772491455,0.2983227074146271,0.5036036372184753,0.3334413766860962,0.5136250853538513,0.35810884833335876,0.5337336659431458,0.25014224648475647,0.5647923946380615,0.28672367334365845,0.5311704874038696,0.31516414880752563,0.5298532247543335,0.33688268065452576,0.537688136100769,C
0.23953396081924438,0.7003271579742432,0.2848999500274658,0.6784972548484802,0.3264756500720978,0.647516667842865,0.3603188097476959,0.6362705826759338,0.38669484853744507,0.624579668045044,0.2900211215019226,0.549525797367096,0.3170015513896942,0.506591260433197,0.3457101881504059,0.5085471272468567,0.36849188804626465,0.5190366506576538,0.27450287342071533,0.5457404255867004,0.31176021695137024,0.4982692301273346,0.3464794456958771,0.5053787231445312,0.3707324266433716,0.5238185524940491,0.2608400881290436,0.5501782298088074,0.30046674609184265,0.5031633973121643,0.3360562026500702,0.5133436322212219,0.36099663376808167,0.5333865880966187,0.2516583204269409,0.5638244152069092,0.2891729772090912,0.5313203930854797,0.31764447689056396,0.5301790237426758,0.3393073081970215,0.5377121567726135,C
0.24374942481517792,0.7014347910881042,0.2881762385368347,0.6797821521759033,0.3291478157043457,0.6489916443824768,0.3630713224411011,0.6378078460693359,0.3884422779083252,0.6240477561950684,0.2965320646762848,0.5541987419128418,0.3217536509037018,0.5091849565505981,0.34993571043014526,0.5111531615257263,0.37272948026657104,0.5214479565620422,0.28109490871429443,0.5499370098114014,0.31521785259246826,0.5007900595664978,0.34905195236206055,0.5072376728057861,0.3732961416244507,0.525833010673523,0.26584702730178833,0.5529676079750061,0.30259838700294495,0.504785418510437,0.33698150515556335,0.5149639844894409,0.36167287826538086,0.5353237986564636,0.2537841796875,0.5647258162498474,0.2891889810562134,0.5325061082839966,0.3170529007911682,0.5313955545425415,0.3388521075248718,0.5390406250953674,C
0.24427399039268494,0.699414074420929,0.2876698970794678,0.6808241009712219,0.32936152815818787,0.6499072313308716,0.3630404472351074,0.6384817361831665,0.38889288902282715,0.627376139163971,0.30131059885025024,0.5538128614425659,0.32464197278022766,0.5101941823959351,0.35093817114830017,0.5119723081588745,0.37265366315841675,0.5219483375549316,0.28525853157043457,0.5488535165786743,0.3167688250541687,0.5007827281951904,0.3489284813404083,0.5072359442710876,0.3724779486656189,0.5252644419670105,0.2686220109462738,0.5508721470832825,0.3024546205997467,0.5041816830635071,0.3356521427631378,0.5145413279533386,0.3597323000431061,0.5346180200576782,0.2540256381034851,0.5616605877876282,0.2867785692214966,0.5296629071235657,0.3140432834625244,0.5300963521003723,0.3357885777950287,0.5390442609786987,C
0.2421168088912964,0.7000396251678467,0.28619253635406494,0.6828433275222778,0.32814058661460876,0.6529992818832397,0.3618454933166504,0.6413742303848267,0.3874227702617645,0.6286571621894836,0.302481472492218,0.5617209076881409,0.32261741161346436,0.512360692024231,0.34826797246932983,0.5138326287269592,0.3701344430446625,0.5233505964279175,0.2875823974609375,0.5573640465736389,0.3140210211277008,0.5035098791122437,0.3461025059223175,0.5102957487106323,0.3701568841934204,0.528709352016449,0.27040189504623413,0.558945894241333,0.29798179864883423,0.5056859850883484,0.3317447006702423,0.5153814554214478,0.35683685541152954,0.5360521078109741,0.2527008652687073,0.5678476095199585,0.27932342886924744,0.5303844213485718,0.3070290982723236,0.5291942954063416,0.3299545645713806,0.5384654998779297,C
0.243999183177948,0.69975745677948,0.2865709364414215,0.684703528881073,0.3272813856601715,0.6555349230766296,0.3600383400917053,0.6428089737892151,0.38641393184661865,0.6298173666000366,0.3038675785064697,0.5628476142883301,0.3235943615436554,0.5118579864501953,0.3471512496471405,0.513167679309845,0.367895245552063,0.524444043636322,0.28748494386672974,0.5575352907180786,0.31241241097450256,0.5017375349998474,0.3418935239315033,0.5086089372634888,0.3646247684955597,0.5282993316650391,0.26900574564933777,0.5586782693862915,0.2940168082714081,0.5046307444572449,0.32395654916763306,0.5129951238632202,0.34687772393226624,0.5329597592353821,0.24900385737419128,0.5677905678749084,0.27216750383377075,0.5317622423171997,0.2977217137813568,0.5271846055984497,0.3202046751976013,0.5320913791656494,C
0.24131761491298676,0.7027221322059631,0.2842349112033844,0.6884479522705078,0.3247295618057251,0.6598634719848633,0.35776370763778687,0.6479071378707886,0.38341379165649414,0.6331459283828735,0.3037467300891876,0.5674671530723572,0.3217136561870575,0.5134254097938538,0.34469419717788696,0.5137575268745422,0.364970862865448,0.5245935320854187,0.2856987416744232,0.5622947812080383,0.306461900472641,0.5018645524978638,0.3355425298213959,0.5077285170555115,0.3576112985610962,0.5282196998596191,0.26502612233161926,0.5641770362854004,0.28568902611732483,0.5060296058654785,0.3139602839946747,0.5148030519485474,0.33457231521606445,0.5356478095054626,0.24309450387954712,0.5734338164329529,0.2636541426181793,0.532817542552948,0.2882642447948456,0.5289062857627869,0.30896297097206116,0.5354880690574646,C
0.23918142914772034,0.7022297382354736,0.2826974391937256,0.691580593585968,0.32360130548477173,0.6638712882995605,0.3563936650753021,0.6509605646133423,0.38144177198410034,0.6366943717002869,0.3042280673980713,0.5693848729133606,0.3225359320640564,0.5155977010726929,0.34450241923332214,0.5148962140083313,0.36375850439071655,0.5260230302810669,0.28545793890953064,0.5633912086486816,0.3058280944824219,0.5014591217041016,0.3333812952041626,0.5064734816551208,0.3542648255825043,0.5279583930969238,0.2644663453102112,0.5646300911903381,0.28386983275413513,0.5051745176315308,0.31092414259910583,0.513022780418396,0.33057740330696106,0.5349172353744507,0.24231846630573273,0.5729279518127441,0.2625561058521271,0.5321381688117981,0.2868035137653351,0.5283349752426147,0.30732446908950806,0.5360804200172424,C
0.24045617878437042,0.7019609212875366,0.2842036187648773,0.689532458782196,0.3251996636390686,0.6612839698791504,0.35782966017723083,0.6483655571937561,0.38386207818984985,0.634795606136322,0.3043460547924042,0.5688663125038147,0.32288286089897156,0.5149369239807129,0.34504234790802,0.5143819451332092,0.3643670082092285,0.5259816646575928,0.28587979078292847,0.5632196664810181,0.3073168694972992,0.5012434720993042,0.3352111876010895,0.506540060043335,0.35601866245269775,0.5280200242996216,0.26531144976615906,0.5649488568305969,0.28582438826560974,0.5054109692573547,0.3135201632976532,0.513552725315094,0.3336668312549591,0.5357902646064758,0.2433696687221527,0.5739004611968994,0.26372817158699036,0.5325365662574768,0.28845351934432983,0.528012216091156,0.30950337648391724,0.5353220105171204,C
0.24197036027908325,0.704936683177948,0.28600358963012695,0.6898948550224304,0.3274517357349396,0.6606777906417847,0.3606060743331909,0.6475032567977905,0.3877522349357605,0.6348999738693237,0.3052128255367279,0.5687065720558167,0.3237142860889435,0.5155283212661743,0.347371369600296,0.5166122913360596,0.36809128522872925,0.5277329087257385,0.2893098294734955,0.5644661784172058,0.3128209412097931,0.5061389803886414,0.3427428901195526,0.5119691491127014,0.365073561668396,0.5316774845123291,0.2707584798336029,0.5667941570281982,0.2942815124988556,0.5098809003829956,0.32546287775039673,0.5181447267532349,0.34879910945892334,0.5389865040779114,0.25065040588378906,0.5762665271759033,0.27260470390319824,0.5362032651901245,0.29933372139930725,0.5328370928764343,0.3224562704563141,0.5404790639877319,C
0.24550065398216248,0.7041424512863159,0.28946200013160706,0.6865116357803345,0.33022341132164,0.6548729538917542,0.3637691140174866,0.6413379311561584,0.39165860414505005,0.6283251047134399,0.3005231022834778,0.559583842754364,0.32425573468208313,0.5155935287475586,0.35091936588287354,0.5173718929290771,0.37298136949539185,0.5269736647605896,0.2843204438686371,0.554791271686554,0.31694352626800537,0.5055349469184875,0.3491970896720886,0.513635516166687,0.37253403663635254,0.5315399169921875,0.268247127532959,0.5581305027008057,0.3019987940788269,0.5112788677215576,0.33520805835723877,0.5211912989616394,0.3591768145561218,0.5408836007118225,0.2532943785190582,0.5708205699920654,0.28427308797836304,0.5376816987991333,0.3123987913131714,0.5369465351104736,0.33505576848983765,0.5450448393821716,C
0.24283388257026672,0.7045453190803528,0.2912787199020386,0.6823869943618774,0.33156102895736694,0.6517525911331177,0.3649967312812805,0.6397225260734558,0.3934149742126465,0.6284893155097961,0.29064232110977173,0.5542477965354919,0.32295599579811096,0.513939380645752,0.3535301983356476,0.5190222859382629,0.37695059180259705,0.5322510004043579,0.27580726146698,0.5508180856704712,0.3198280930519104,0.5052492022514343,0.35577210783958435,0.5138065814971924,0.3802630305290222,0.5342977046966553,0.2641696035861969,0.5560495257377625,0.3087151348590851,0.5119273662567139,0.3452085852622986,0.5219719409942627,0.3701529800891876,0.5425649881362915,0.2576453983783722,0.571118950843811,0.29726240038871765,0.5414248108863831,0.3264995813369751,0.5406793355941772,0.3486841320991516,0.5487456321716309,C
0.23683243989944458,0.704601526260376,0.2916441857814789,0.6768742203712463,0.33126792311668396,0.6456544399261475,0.3645375072956085,0.6322817802429199,0.3886573016643524,0.6230068802833557,0.2720198333263397,0.544631838798523,0.31587058305740356,0.510688066482544,0.35101646184921265,0.5153613090515137,0.3771107792854309,0.5277091264724731,0.2619245946407318,0.5450394153594971,0.32133859395980835,0.501177191734314,0.3585891127586365,0.5110493302345276,0.3824617564678192,0.534125566482544,0.2587343752384186,0.5539959073066711,0.3118899166584015,0.5150214433670044,0.34996652603149414,0.5208125114440918,0.3752901554107666,0.5401943922042847,0.26414602994918823,0.5742709636688232,0.3052557110786438,0.5443644523620605,0.3343876004219055,0.5398607850074768,0.3575058579444885,0.545284628868103,C
0.23966877162456512,0.7044410705566406,0.2978593111038208,0.6707451939582825,0.3339073657989502,0.6411781907081604,0.36419951915740967,0.6293359398841858,0.38815543055534363,0.6182001829147339,0.2754887342453003,0.5451181530952454,0.3190462291240692,0.5101008415222168,0.3544536828994751,0.5152034163475037,0.3797510266304016,0.5287839770317078,0.26526013016700745,0.545131266117096,0.3226717412471771,0.5020154118537903,0.3597690165042877,0.5130652785301208,0.383154034614563,0.5364278554916382,0.262173056602478,0.5547062754631042,0.31406477093696594,0.5154021978378296,0.352083683013916,0.5220540165901184,0.3773033618927002,0.5402126908302307,0.26768729090690613,0.5740496516227722,0.3084997236728668,0.5456242561340332,0.3371248245239258,0.5400947332382202,0.35979628562927246,0.5434238910675049,C
0.2381565272808075,0.7052381634712219,0.2977471947669983,0.6703847646713257,0.33224886655807495,0.6391118168830872,0.3613787591457367,0.6259861588478088,0.3860481083393097,0.6167877912521362,0.2695196568965912,0.542150616645813,0.3158889412879944,0.509211540222168,0.3515627980232239,0.5148248076438904,0.3775886297225952,0.5279178619384766,0.2617436349391937,0.5435562133789062,0.3226580321788788,0.5017616748809814,0.3597404658794403,0.512688159942627,0.3833385109901428,0.5361496806144714,0.2623172998428345,0.5544639229774475,0.31709688901901245,0.5158482193946838,0.35463863611221313,0.5222557187080383,0.3787778615951538,0.5402407646179199,0.27142128348350525,0.5746496915817261,0.3137137293815613,0.5452176332473755,0.34191960096359253,0.5394167304039001,0.363944411277771,0.5426312685012817,C
0.23883087933063507,0.7017796039581299,0.2948121130466461,0.6688966155052185,0.32804471254348755,0.6355613470077515,0.35686051845550537,0.6209965944290161,0.3804633617401123,0.6124511957168579,0.2645051181316376,0.5403310060501099,0.3124147355556488,0.5061596035957336,0.3481464087963104,0.5110441446304321,0.3739280700683594,0.523292064666748,0.25754600763320923,0.5425951480865479,0.3196915090084076,0.5008776187896729,0.35621386766433716,0.5090858936309814,0.3797447383403778,0.5301576852798462,0.2604471743106842,0.5548446774482727,0.316325843334198,0.5160903334617615,0.3535182476043701,0.5196561217308044,0.37764453887939453,0.5352731943130493,0.27293750643730164,0.5751169919967651,0.31652185320854187,0.5441865921020508,0.3444356918334961,0.5380617380142212,0.3661748468875885,0.5412591695785522,C
0.23750880360603333,0.6983711123466492,0.2920740246772766,0.666443943977356,0.32450467348098755,0.6340073943138123,0.352563738822937,0.6198992133140564,0.3772686719894409,0.6119070649147034,0.2611192464828491,0.5401414632797241,0.3096707761287689,0.5039805173873901,0.3463766872882843,0.5078587532043457,0.3732486367225647,0.5199325084686279,0.2549760937690735,0.5420606732368469,0.3170126974582672,0.49941694736480713,0.35462066531181335,0.5065827369689941,0.37881430983543396,0.5280513763427734,0.25859272480010986,0.5540167093276978,0.31395214796066284,0.5144168138504028,0.3517991304397583,0.5175439119338989,0.3764871656894684,0.5338366627693176,0.2719222605228424,0.5738021731376648,0.314432293176651,0.5416297912597656,0.3429083228111267,0.5347286462783813,0.36524954438209534,0.5380804538726807,C
0.2395886778831482,0.6999239921569824,0.2933620810508728,0.6700278520584106,0.3274247646331787,0.6370118856430054,0.35649633407592773,0.6234654784202576,0.37839996814727783,0.6159690022468567,0.26325929164886475,0.542617917060852,0.31231021881103516,0.5079057216644287,0.3490217328071594,0.5118585228919983,0.37584418058395386,0.5239923596382141,0.25882941484451294,0.5454126596450806,0.31940245628356934,0.5025875568389893,0.3568916916847229,0.5100723505020142,0.38188788294792175,0.5309356451034546,0.26300689578056335,0.5572945475578308,0.31708529591560364,0.5180156230926514,0.3552381694316864,0.5201488733291626,0.38113921880722046,0.534999430179596,0.27707988023757935,0.5774558782577515,0.3194599747657776,0.5454197525978088,0.347584992647171,0.5391906499862671,0.3694169521331787,0.5421943664550781,C
0.2403118759393692,0.6982871294021606,0.29359883069992065,0.6684465408325195,0.3258901834487915,0.6361569166183472,0.3538149893283844,0.6223679780960083,0.37808212637901306,0.6149866580963135,0.26397833228111267,0.5417050123214722,0.3137034475803375,0.5068843960762024,0.350143164396286,0.5117296576499939,0.37620440125465393,0.5238132476806641,0.258527010679245,0.5445796847343445,0.3199508786201477,0.504505455493927,0.3574379086494446,0.5104598999023438,0.38202035427093506,0.5291918516159058,0.26272255182266235,0.5572534799575806,0.31865090131759644,0.5193190574645996,0.3559110760688782,0.5220029354095459,0.380463570356369,0.5361990332603455,0.2764360308647156,0.5769749879837036,0.3194447457790375,0.5448787808418274,0.3471521735191345,0.5384579300880432,0.36840614676475525,0.5412516593933105,C
0.24263030290603638,0.6973742842674255,0.29397258162498474,0.6699520349502563,0.3262298107147217,0.6368335485458374,0.3542027771472931,0.6235517859458923,0.37702131271362305,0.6172017455101013,0.26623210310935974,0.544346809387207,0.31564387679100037,0.5106244087219238,0.3512287139892578,0.5146525502204895,0.376863032579422,0.5253624320030212,0.2623015344142914,0.5462610125541687,0.3216911554336548,0.5073601603507996,0.3589019477367401,0.513398289680481,0.3838126063346863,0.530784010887146,0.2676284909248352,0.5583590269088745,0.3211078643798828,0.520829975605011,0.3583472669124603,0.5229010581970215,0.38347500562667847,0.5362507700920105,0.28243139386177063,0.5783820748329163,0.32463932037353516,0.5466555953025818,0.3522636890411377,0.5408730506896973,0.3733550012111664,0.5438668727874756,C
0.2450512945652008,0.694750964641571,0.2949349582195282,0.6697098016738892,0.32603758573532104,0.636995792388916,0.3526564836502075,0.622394859790802,0.37591618299484253,0.6159842610359192,0.26863667368888855,0.5448006987571716,0.31830647587776184,0.5121594071388245,0.35252904891967773,0.5156933665275574,0.3768174946308136,0.5263891220092773,0.26556530594825745,0.547340452671051,0.32463985681533813,0.5092167854309082,0.35967758297920227,0.5147207379341125,0.383303701877594,0.5314550995826721,0.2718263864517212,0.5600080490112305,0.32444116473197937,0.5233489871025085,0.3594824969768524,0.5244481563568115,0.3833443522453308,0.5368320345878601,0.2871430814266205,0.5806804895401001,0.3276606798171997,0.5492523312568665,0.3540155589580536,0.542194128036499,0.37442511320114136,0.5439239740371704,C
0.24610137939453125,0.693962812423706,0.29624447226524353,0.6688142418861389,0.326053261756897,0.6368553638458252,0.35192468762397766,0.6231171488761902,0.37521541118621826,0.6169735789299011,0.26986053586006165,0.5449063777923584,0.3191765248775482,0.5111269354820251,0.3534931242465973,0.5155162811279297,0.3777695596218109,0.5268028974533081,0.26633453369140625,0.5476974248886108,0.32570505142211914,0.5082898139953613,0.36142727732658386,0.5147491693496704,0.38466721773147583,0.5320700407028198,0.27241337299346924,0.560876190662384,0.326114684343338,0.5220410227775574,0.3616844117641449,0.5244865417480469,0.38482674956321716,0.5380515456199646,0.2876967191696167,0.5822486877441406,0.32866236567497253,0.5487430691719055,0.3551950752735138,0.5423899292945862,0.3749985098838806,0.5448329448699951,C
0.24518610537052155,0.692720890045166,0.29430967569351196,0.6669209003448486,0.3244612216949463,0.6350107192993164,0.3509474992752075,0.6207191944122314,0.3735550045967102,0.6141243577003479,0.26783451437950134,0.5436443090438843,0.3173507750034332,0.5106689929962158,0.35149550437927246,0.5143702030181885,0.3757096230983734,0.5253359079360962,0.26562413573265076,0.5469173192977905,0.32520341873168945,0.508215069770813,0.3596440553665161,0.5143458843231201,0.3826102018356323,0.5312660932540894,0.27243587374687195,0.5599384307861328,0.325691282749176,0.5232242941856384,0.3602750897407532,0.5246648192405701,0.38355565071105957,0.537276566028595,0.2883472144603729,0.58125901222229,0.328954815864563,0.5494871139526367,0.3550349473953247,0.5424129366874695,0.37510228157043457,0.5440565943717957,C
0.24529409408569336,0.6938043236732483,0.2946590185165405,0.6668869256973267,0.3240177631378174,0.6349154114723206,0.34955543279647827,0.6202994585037231,0.371715784072876,0.6129090189933777,0.26785391569137573,0.5438775420188904,0.31702715158462524,0.5103055238723755,0.3510967195034027,0.5147563219070435,0.37492066621780396,0.5259243845939636,0.2652674913406372,0.5471623539924622,0.3244936466217041,0.5080693364143372,0.35916489362716675,0.5144413113594055,0.3822263479232788,0.5304872989654541,0.27181684970855713,0.5601691603660583,0.32561275362968445,0.523404061794281,0.3603086471557617,0.5250799059867859,0.38346773386001587,0.5375697612762451,0.2877987325191498,0.5818107724189758,0.3287409245967865,0.5500061511993408,0.3548761308193207,0.5428826808929443,0.3745970129966736,0.5443417429924011,C
0.2466534674167633,0.6938517093658447,0.29670989513397217,0.667250394821167,0.32574164867401123,0.6355121731758118,0.3507729768753052,0.621574342250824,0.3740004897117615,0.6140673756599426,0.2688787281513214,0.5445500016212463,0.31784510612487793,0.5116928219795227,0.35140061378479004,0.5157940983772278,0.3749106228351593,0.5265239477157593,0.265769362449646,0.5473870038986206,0.32374873757362366,0.5105880498886108,0.3588711619377136,0.5156999230384827,0.38280919194221497,0.5306406021118164,0.27246472239494324,0.5604687333106995,0.3261737823486328,0.5243043303489685,0.36099401116371155,0.526138961315155,0.3841024339199066,0.5380111932754517,0.2883515954017639,0.5811095833778381,0.329935222864151,0.5491763949394226,0.35580873489379883,0.5427020788192749,0.3749399185180664,0.5446345806121826,C
0.24652099609375,0.6934826374053955,0.29617416858673096,0.6689109206199646,0.3257533013820648,0.6367825865745544,0.35159584879875183,0.622949481010437,0.3739507496356964,0.6161354780197144,0.2697411775588989,0.545169472694397,0.3191484212875366,0.5145280361175537,0.3532719612121582,0.518204927444458,0.3776969909667969,0.5289252400398254,0.2666531503200531,0.5473872423171997,0.3253670930862427,0.5095043778419495,0.3609474301338196,0.5156891345977783,0.3845820128917694,0.532796323299408,0.272958368062973,0.5602126717567444,0.3262728750705719,0.5229001045227051,0.36166948080062866,0.5254378318786621,0.3848009705543518,0.5386837124824524,0.2883545756340027,0.5816453695297241,0.32947495579719543,0.5492624640464783,0.35588735342025757,0.5430303812026978,0.3755764961242676,0.5452138185501099,C
0.2444169670343399,0.6967379450798035,0.2953082323074341,0.6707847118377686,0.3265286684036255,0.638058602809906,0.3536151647567749,0.624485194683075,0.37609049677848816,0.6181557178497314,0.2689567506313324,0.5442931056022644,0.3183044195175171,0.5117210149765015,0.3531360626220703,0.5160016417503357,0.37771761417388916,0.5271463990211487,0.2659514844417572,0.546993613243103,0.32549402117729187,0.5098674297332764,0.36142078042030334,0.5167527794837952,0.3849714398384094,0.5341505408287048,0.27182894945144653,0.5600885152816772,0.3255766034126282,0.5236539244651794,0.3618123233318329,0.5256913900375366,0.3857601284980774,0.5389859676361084,0.2871909737586975,0.582274854183197,0.32878896594047546,0.549061119556427,0.35566359758377075,0.5428225994110107,0.3756803870201111,0.5457361340522766,C
0.24129891395568848,0.6994560360908508,0.2961385250091553,0.6724496483802795,0.3295951187610626,0.6417253017425537,0.3587530851364136,0.6305462121963501,0.38265562057495117,0.6223886609077454,0.2699192762374878,0.5444138646125793,0.3168058693408966,0.5109166502952576,0.35289207100868225,0.5151189565658569,0.37893009185791016,0.5258254408836365,0.26373645663261414,0.5452772378921509,0.3227432668209076,0.5064328908920288,0.3606136441230774,0.5127538442611694,0.38538652658462524,0.5308358669281006,0.2656577527523041,0.5568152070045471,0.32012656331062317,0.5210081934928894,0.35785484313964844,0.524519145488739,0.38259509205818176,0.5394381880760193,0.2774161398410797,0.5773174166679382,0.31941717863082886,0.5471127033233643,0.34758567810058594,0.5413758754730225,0.36925655603408813,0.5442987680435181,C
0.23813730478286743,0.702114462852478,0.29524552822113037,0.6743481755256653,0.33135586977005005,0.6441906094551086,0.36193108558654785,0.6340880990028381,0.38650748133659363,0.6250462532043457,0.27209344506263733,0.5459075570106506,0.31730613112449646,0.5138097405433655,0.35370075702667236,0.5185417532920837,0.3800343871116638,0.5309066772460938,0.2644948661327362,0.5456737875938416,0.3226075768470764,0.5064789056777954,0.36041873693466187,0.516332745552063,0.38415253162384033,0.5380767583847046,0.2645930349826813,0.555456817150116,0.31754904985427856,0.5170499682426453,0.3556115925312042,0.5231056213378906,0.38019439578056335,0.5408327579498291,0.2746424376964569,0.5745489001274109,0.31739118695259094,0.5448163151741028,0.3464215099811554,0.5407107472419739,0.36835718154907227,0.5454767942428589,C
0.2400277704000473,0.7038435935974121,0.29521557688713074,0.6767180562019348,0.33270612359046936,0.6469190120697021,0.364489883184433,0.6370706558227539,0.39136558771133423,0.6260654330253601,0.28301599621772766,0.5478581190109253,0.321851521730423,0.5143234133720398,0.3542812764644623,0.5176684260368347,0.3779221475124359,0.5289320349693298,0.2715129256248474,0.5457926392555237,0.32208386063575745,0.5045452117919922,0.35814324021339417,0.5115260481834412,0.3819814920425415,0.5319202542304993,0.2661372125148773,0.5527697801589966,0.31530025601387024,0.5113797783851624,0.352708637714386,0.517838716506958,0.3778563141822815,0.536156177520752,0.26880383491516113,0.568985641002655,0.3102240264415741,0.5393528938293457,0.3398154675960541,0.5378933548927307,0.3623582720756531,0.5460307002067566,C
0.24355968832969666,0.7046395540237427,0.2954649031162262,0.6809284687042236,0.33616143465042114,0.651679277420044,0.3694433569908142,0.6416329145431519,0.39609822630882263,0.62966388463974,0.2928555905818939,0.5515181422233582,0.32747724652290344,0.5136849284172058,0.35876327753067017,0.5173801779747009,0.3813343346118927,0.5299124717712402,0.2788276970386505,0.5479407906532288,0.3246634006500244,0.5048853754997253,0.36014172434806824,0.5125923752784729,0.38337650895118713,0.5337554812431335,0.26931315660476685,0.5529079437255859,0.3157723546028137,0.5104556083679199,0.35292577743530273,0.5183646082878113,0.3782367706298828,0.5383320450782776,0.26661208271980286,0.5671704411506653,0.3082973062992096,0.5377396941184998,0.3383472263813019,0.5369930863380432,0.3614002466201782,0.5463368892669678,C
0.24577856063842773,0.7042878270149231,0.29662489891052246,0.6808497905731201,0.33736923336982727,0.6523287892341614,0.3699912428855896,0.6418942809104919,0.3971227705478668,0.6309852600097656,0.30005398392677307,0.5534257292747498,0.3310355842113495,0.5146969556808472,0.3605743944644928,0.5177497863769531,0.3826545476913452,0.5294250249862671,0.28530967235565186,0.5484210848808289,0.3265843093395233,0.5061474442481995,0.3609710931777954,0.5149264931678772,0.38374924659729004,0.5363573431968689,0.27353397011756897,0.5515834093093872,0.3175045847892761,0.508273720741272,0.3538663387298584,0.5180795192718506,0.3785673677921295,0.539506196975708,0.2675264775753021,0.5636370182037354,0.30932649970054626,0.5345686674118042,0.33921897411346436,0.5338814854621887,0.36190730333328247,0.5426531434059143,C
0.2481776475906372,0.7028905749320984,0.29580938816070557,0.6826280355453491,0.33789247274398804,0.6531285047531128,0.371006041765213,0.6403613090515137,0.3983801305294037,0.6285529136657715,0.30365222692489624,0.5529372096061707,0.33107879757881165,0.5129343867301941,0.35980579257011414,0.5147238373756409,0.3826712965965271,0.5253313183784485,0.28806087374687195,0.5476954579353333,0.32603439688682556,0.5032123327255249,0.35945892333984375,0.5108780860900879,0.3830293118953705,0.5291051864624023,0.27477091550827026,0.5508714914321899,0.3158932626247406,0.5071079730987549,0.35060915350914,0.5170793533325195,0.3749430775642395,0.537851095199585,0.2660844922065735,0.5633862018585205,0.3053881824016571,0.5340375304222107,0.33412954211235046,0.5334661602973938,0.35598891973495483,0.54198157787323,C
0.24968218803405762,0.7053788900375366,0.2973688840866089,0.6851211190223694,0.3393453061580658,0.6547502279281616,0.37274169921875,0.6426588892936707,0.39963239431381226,0.6302407383918762,0.3100976049900055,0.558168888092041,0.3335435390472412,0.5146638751029968,0.3604744076728821,0.5173770785331726,0.3824942708015442,0.5292676687240601,0.29457855224609375,0.5526715517044067,0.32629960775375366,0.5038905739784241,0.35840025544166565,0.5109372138977051,0.38190290331840515,0.5307520627975464,0.27858594059944153,0.5542027950286865,0.3142709732055664,0.507086455821991,0.34829503297805786,0.5168015360832214,0.3731737434864044,0.538154125213623,0.26495468616485596,0.5644646883010864,0.2997058629989624,0.5328540205955505,0.3276383876800537,0.5318546295166016,0.34990277886390686,0.5404714941978455,C
0.25019028782844543,0.7065742611885071,0.2976128160953522,0.6885817050933838,0.3395446836948395,0.6578708291053772,0.3726617693901062,0.6445993781089783,0.40055957436561584,0.6339199542999268,0.3097308576107025,0.5602291822433472,0.3344251811504364,0.5170401930809021,0.3620031476020813,0.5191913843154907,0.38422295451164246,0.5310609936714172,0.2948077917098999,0.5542702674865723,0.3279227316379547,0.5062620043754578,0.36044952273368835,0.5136878490447998,0.38395074009895325,0.5334509015083313,0.2800714671611786,0.5559223294258118,0.31682443618774414,0.5089919567108154,0.3510738015174866,0.5189238786697388,0.37560132145881653,0.5409365296363831,0.26785334944725037,0.5661450028419495,0.30345574021339417,0.534730076789856,0.3316775858402252,0.5340025424957275,0.3537769019603729,0.5433458685874939,C
0.2517428398132324,0.705816388130188,0.2987677752971649,0.6863164305686951,0.34081852436065674,0.6566107273101807,0.3735995888710022,0.6436620950698853,0.4007754921913147,0.6308053135871887,0.31141287088394165,0.559376060962677,0.33546459674835205,0.515611469745636,0.3624597191810608,0.517875075340271,0.3846275806427002,0.5295394062995911,0.2956969738006592,0.5537647604942322,0.3282967209815979,0.5044762492179871,0.360679566860199,0.5126301646232605,0.38404515385627747,0.5324978232383728,0.2803412675857544,0.5558395981788635,0.3162539005279541,0.5080699324607849,0.35040920972824097,0.5184948444366455,0.3746977150440216,0.5404517650604248,0.2674126923084259,0.5667732357978821,0.3020181953907013,0.5341473817825317,0.3301302492618561,0.5342721939086914,0.3520195782184601,0.5442309975624084,C
0.2517368197441101,0.7080735564231873,0.30192330479621887,0.6879606246948242,0.3435285985469818,0.6581231951713562,0.37617331743240356,0.6459944248199463,0.4043884575366974,0.6361291408538818,0.3108072876930237,0.5611324906349182,0.3375042974948883,0.5191074013710022,0.36547449231147766,0.5213643908500671,0.38742104172706604,0.5324264764785767,0.29618072509765625,0.5551329255104065,0.3319266438484192,0.5089620351791382,0.364963173866272,0.5167571902275085,0.3877571225166321,0.5371928215026855,0.282579630613327,0.55701744556427,0.32264572381973267,0.5116085410118103,0.3572291135787964,0.522026538848877,0.38107115030288696,0.5442648530006409,0.27278730273246765,0.5677515864372253,0.31095752120018005,0.5373234748840332,0.33940473198890686,0.5366003513336182,0.36102283000946045,0.5456861853599548,C
0.25521814823150635,0.7066712379455566,0.3029179573059082,0.6882429122924805,0.3448203504085541,0.6598530411720276,0.3771229088306427,0.647304892539978,0.40416061878204346,0.6342347264289856,0.31597816944122314,0.560900866985321,0.3401496410369873,0.5178863406181335,0.3668108582496643,0.5199976563453674,0.38869816064834595,0.531514585018158,0.3004361689090729,0.5548237562179565,0.33312174677848816,0.5072718858718872,0.36522752046585083,0.515578031539917,0.388329416513443,0.5358023643493652,0.2852930426597595,0.5564115643501282,0.3214496672153473,0.5106076598167419,0.354865700006485,0.5214109420776367,0.37852632999420166,0.5434283018112183,0.2726651132106781,0.566794216632843,0.30770179629325867,0.5361974239349365,0.3351599872112274,0.5370957851409912,0.35655561089515686,0.5472329258918762,C
0.2539713978767395,0.7057774662971497,0.30118030309677124,0.6885403394699097,0.34372639656066895,0.659554660320282,0.3765011131763458,0.6464536190032959,0.4037514328956604,0.6332083344459534,0.31732502579689026,0.5609281659126282,0.34077805280685425,0.5177662372589111,0.3674188256263733,0.5203649401664734,0.3891976475715637,0.5320045948028564,0.30195993185043335,0.5547866225242615,0.3336557447910309,0.5065838694572449,0.3652862012386322,0.5151302814483643,0.38812342286109924,0.5356523394584656,0.28609734773635864,0.555595874786377,0.32175132632255554,0.5091177225112915,0.3555757403373718,0.5193157196044922,0.37973305583000183,0.5414232015609741,0.2716955542564392,0.564990758895874,0.3060600161552429,0.5342917442321777,0.33427026867866516,0.5353311896324158,0.35634705424308777,0.5460529327392578,C
0.25540056824684143,0.7070367932319641,0.30221492052078247,0.6887698173522949,0.3441544473171234,0.6592003107070923,0.3770488500595093,0.6462923288345337,0.4045529365539551,0.6334619522094727,0.316324919462204,0.56072998046875,0.340509831905365,0.5178355574607849,0.3671688735485077,0.5198110938072205,0.38897615671157837,0.5307131409645081,0.3007509112358093,0.5545609593391418,0.3331608474254608,0.5061155557632446,0.3648695945739746,0.514237642288208,0.3879562020301819,0.5342388153076172,0.2850664556026459,0.555874764919281,0.32121992111206055,0.5086128115653992,0.35498347878456116,0.5183107256889343,0.3791894018650055,0.5400670766830444,0.27114665508270264,0.5660046935081482,0.3059839606285095,0.5340626239776611,0.3343592584133148,0.5347758531570435,0.3564980924129486,0.5456323027610779,C
0.25522786378860474,0.7063636779785156,0.3025827407836914,0.688649594783783,0.3448115885257721,0.6591144800186157,0.37738290429115295,0.6456460952758789,0.40470173954963684,0.6335727572441101,0.3178885877132416,0.5617956519126892,0.3410041928291321,0.5171961784362793,0.36772218346595764,0.5195932984352112,0.38950687646865845,0.5316994786262512,0.30278462171554565,0.5556830167770386,0.33338165283203125,0.5060940384864807,0.3654041886329651,0.5144534111022949,0.38847121596336365,0.5350328087806702,0.28710025548934937,0.5566257238388062,0.3214353024959564,0.5082180500030518,0.3553689122200012,0.519152820110321,0.3794715404510498,0.54203861951828,0.2730099558830261,0.565710186958313,0.30717960000038147,0.5334851145744324,0.3353724181652069,0.5340225696563721,0.3573618531227112,0.5446339249610901,C
