0.31357988715171814,0.8507357835769653,0.3538484573364258,0.8169468641281128,0.3741246163845062,0.7450755834579468,0.36151576042175293,0.6800035834312439,0.351471871137619,0.6283710598945618,0.3700880706310272,0.6795845031738281,0.37845155596733093,0.6078920960426331,0.3812275826931,0.5625037550926208,0.3802781403064728,0.5198104381561279,0.33602556586265564,0.6852276921272278,0.3379824757575989,0.6403496265411377,0.3376542925834656,0.6948030591011047,0.33443284034729004,0.7196099758148193,0.30457884073257446,0.6998562216758728,0.3083800673484802,0.6684144735336304,0.31510934233665466,0.7349683046340942,0.3146424889564514,0.7563155889511108,0.2736815810203552,0.7212486267089844,0.28060874342918396,0.6929510831832886,0.2900819778442383,0.7413592338562012,0.2904404401779175,0.7604424357414246,K
0.31344062089920044,0.8550823926925659,0.3527134656906128,0.8201902508735657,0.3726383447647095,0.7483630776405334,0.3600454032421112,0.6839715242385864,0.35159096121788025,0.6323574185371399,0.3689457178115845,0.6822739839553833,0.3769077956676483,0.6112222671508789,0.3793342411518097,0.565841555595398,0.377886027097702,0.5234351754188538,0.3348650634288788,0.6881134510040283,0.33524322509765625,0.6427398324012756,0.335473895072937,0.6936999559402466,0.33264872431755066,0.718023419380188,0.3032703101634979,0.703432559967041,0.3060581386089325,0.672040581703186,0.3137524127960205,0.7380371689796448,0.31427836418151855,0.7612914443016052,0.2721785604953766,0.7256832718849182,0.2784280776977539,0.6970497965812683,0.28873559832572937,0.7453638315200806,0.2902163565158844,0.7658050060272217,K
0.3111509680747986,0.8548734188079834,0.3520384430885315,0.8206439018249512,0.37199074029922485,0.7485578060150146,0.3573319911956787,0.6834682822227478,0.3473827838897705,0.6331888437271118,0.36699017882347107,0.6832824349403381,0.3745017945766449,0.6121744513511658,0.37723496556282043,0.567273736000061,0.3760591745376587,0.5252876877784729,0.3320036828517914,0.6891782879829407,0.3336575925350189,0.646270215511322,0.3350297212600708,0.7048181295394897,0.3329470753669739,0.7317941188812256,0.3005651533603668,0.7043028473854065,0.30374717712402344,0.6730428338050842,0.31141290068626404,0.7400813698768616,0.3111917972564697,0.7614303827285767,0.26975545287132263,0.7267073392868042,0.276186466217041,0.6994178891181946,0.28672972321510315,0.748418927192688,0.28750529885292053,0.7675782442092896,K
0.3117493689060211,0.8509392738342285,0.3520280718803406,0.8171349167823792,0.37360671162605286,0.7462896108627319,0.3606295585632324,0.6818066835403442,0.3474333882331848,0.6325010061264038,0.36809241771698,0.6785900592803955,0.3755469024181366,0.6076816916465759,0.37858253717422485,0.5623262524604797,0.37770551443099976,0.5206253528594971,0.33335670828819275,0.6847482323646545,0.3332596719264984,0.6458510160446167,0.33428093791007996,0.7046529054641724,0.3325311839580536,0.7317695021629333,0.30220553278923035,0.6995875239372253,0.303550124168396,0.6715955138206482,0.31120356917381287,0.7372449040412903,0.31185826659202576,0.7586027383804321,0.27167361974716187,0.720990777015686,0.2767515480518341,0.6951402425765991,0.28641584515571594,0.7440096139907837,0.2874968647956848,0.7631021738052368,K
0.3139759600162506,0.8503491878509521,0.3543059527873993,0.8176048994064331,0.3760764002799988,0.7469515204429626,0.36224043369293213,0.6807348132133484,0.3501214385032654,0.6302015781402588,0.3707059621810913,0.6785510778427124,0.3784889876842499,0.6075711846351624,0.381653755903244,0.5619992017745972,0.380959153175354,0.5206397771835327,0.3358561098575592,0.6845011115074158,0.337763249874115,0.6441423892974854,0.33910703659057617,0.7038037776947021,0.33723217248916626,0.7325582504272461,0.3047354519367218,0.6997016072273254,0.30754712224006653,0.6690747141838074,0.31491315364837646,0.7346383929252625,0.3148248791694641,0.757892906665802,0.2737952768802643,0.721589207649231,0.28034937381744385,0.6944920420646667,0.2901374101638794,0.7428470253944397,0.2909037470817566,0.7629516124725342,K
0.3202459514141083,0.8568007946014404,0.3605651557445526,0.8215110301971436,0.3812761604785919,0.7502508759498596,0.36792755126953125,0.6852881908416748,0.3582514226436615,0.6329985857009888,0.37434080243110657,0.682655930519104,0.3825400471687317,0.6125504970550537,0.3859882354736328,0.565592348575592,0.3854396939277649,0.5232746601104736,0.33981117606163025,0.6883320212364197,0.3438762426376343,0.644336462020874,0.34547311067581177,0.6981116533279419,0.3420814871788025,0.7236015200614929,0.30875715613365173,0.7038149237632751,0.31361621618270874,0.6733020544052124,0.3207511007785797,0.7382394671440125,0.3191310167312622,0.7606490254402161,0.2779945731163025,0.7256316542625427,0.285865843296051,0.6982110142707825,0.2956494092941284,0.7450058460235596,0.29500675201416016,0.7638714909553528,K
0.32035645842552185,0.8505429625511169,0.3589765727519989,0.8164489269256592,0.3802086114883423,0.7459917664527893,0.36968275904655457,0.6803010702133179,0.36082059144973755,0.6268824934959412,0.37656188011169434,0.6769336462020874,0.38414478302001953,0.6055911779403687,0.3870304524898529,0.5611764788627625,0.3868551552295685,0.5186600685119629,0.3427465856075287,0.6806951761245728,0.3416316509246826,0.6409944891929626,0.34197181463241577,0.6946552991867065,0.3406566083431244,0.7179760932922363,0.3114754855632782,0.6940781474113464,0.3121532201766968,0.6670396327972412,0.31939083337783813,0.7323607802391052,0.3212072551250458,0.7543988227844238,0.28093597292900085,0.7135761976242065,0.2855788767337799,0.6911558508872986,0.29473403096199036,0.7403374314308167,0.29697558283805847,0.7590444684028625,K
0.3125019669532776,0.84772789478302,0.35124439001083374,0.8118995428085327,0.3731793761253357,0.7416344285011292,0.3563293516635895,0.6781145930290222,0.33692678809165955,0.6312687397003174,0.3695475161075592,0.6701812148094177,0.3739906847476959,0.5997117757797241,0.37292394042015076,0.5572313070297241,0.37012970447540283,0.5156556367874146,0.3335988223552704,0.6756138205528259,0.3267585337162018,0.6380667686462402,0.32897651195526123,0.6938601732254028,0.3290752172470093,0.719540536403656,0.30139654874801636,0.6916531920433044,0.29494231939315796,0.6632447242736816,0.306057333946228,0.7285652160644531,0.3101225197315216,0.7526270151138306,0.2703896760940552,0.7151713371276855,0.2692970633506775,0.6883538365364075,0.2808651626110077,0.7354603409767151,0.2840285003185272,0.7563059329986572,K
0.31075555086135864,0.8415399193763733,0.3462854325771332,0.8031176328659058,0.3634169101715088,0.7309706211090088,0.34603333473205566,0.6681087017059326,0.32675060629844666,0.6221673488616943,0.36317798495292664,0.6601370573043823,0.3610402047634125,0.5881611108779907,0.35559362173080444,0.5459021925926208,0.350393146276474,0.5034334659576416,0.3280402421951294,0.6656463146209717,0.31122836470603943,0.6234732866287231,0.30875352025032043,0.665382981300354,0.3087354898452759,0.6795651316642761,0.2956758141517639,0.6820451617240906,0.28222978115081787,0.6537712812423706,0.2956100404262543,0.716660737991333,0.30506908893585205,0.7385774850845337,0.26599597930908203,0.7065674662590027,0.2586309313774109,0.6850523948669434,0.2730725109577179,0.7299476265907288,0.28197410702705383,0.7492804527282715,K
0.3227221369743347,0.839531660079956,0.356498122215271,0.7962148189544678,0.370565265417099,0.7240947484970093,0.35314396023750305,0.6622875928878784,0.3389362692832947,0.6106532216072083,0.36907780170440674,0.6591582298278809,0.36725085973739624,0.5853162407875061,0.36182573437690735,0.5368984937667847,0.35662245750427246,0.4941074252128601,0.3355047404766083,0.6678947806358337,0.3169153034687042,0.616995096206665,0.3021908402442932,0.6213095188140869,0.2924332618713379,0.619645357131958,0.30541229248046875,0.6865853667259216,0.29102376103401184,0.6561411023139954,0.300982803106308,0.7117465138435364,0.3102377653121948,0.7417060732841492,0.2787613570690155,0.7111330032348633,0.2699139714241028,0.6833558678627014,0.28054720163345337,0.7258622646331787,0.29021909832954407,0.7514921426773071,K
0.33692723512649536,0.8525213003158569,0.3707710802555084,0.8085631132125854,0.3892955780029297,0.7333266735076904,0.36917322874069214,0.6696422100067139,0.3531932830810547,0.6211337447166443,0.3819321393966675,0.6606830358505249,0.38062068819999695,0.5913324356079102,0.37721195816993713,0.5496026873588562,0.37204426527023315,0.5064502954483032,0.34600722789764404,0.6684121489524841,0.33457255363464355,0.6344232559204102,0.3393332064151764,0.6934505105018616,0.3409770727157593,0.7179872393608093,0.3151096999645233,0.6873701214790344,0.30392149090766907,0.662562906742096,0.3188651204109192,0.7284058928489685,0.326174795627594,0.7488512396812439,0.28655850887298584,0.7153246402740479,0.2815558612346649,0.692296028137207,0.2968602776527405,0.740237295627594,0.3039957880973816,0.7597767114639282,K
0.3363606333732605,0.8557125329971313,0.3724709153175354,0.8131246566772461,0.38912734389305115,0.7399036884307861,0.36409610509872437,0.6757351756095886,0.34365612268447876,0.6284250617027283,0.38653653860092163,0.6686246395111084,0.386112242937088,0.5986030697822571,0.3833155930042267,0.556756317615509,0.3789331614971161,0.5143030881881714,0.35072392225265503,0.6768471598625183,0.3414549231529236,0.6390039324760437,0.345422625541687,0.6932911276817322,0.3470868468284607,0.7165029644966125,0.3189322054386139,0.6955983638763428,0.3120197653770447,0.6694510579109192,0.3249351680278778,0.7342369556427002,0.32978516817092896,0.7536342740058899,0.2896685302257538,0.7226960062980652,0.28828123211860657,0.6999034285545349,0.3034639358520508,0.7464821338653564,0.30929499864578247,0.7644405961036682,K
0.3297349512577057,0.8391118049621582,0.3666696846485138,0.7946186065673828,0.3843146562576294,0.7256073355674744,0.3720036745071411,0.6648969650268555,0.3614623248577118,0.6102238893508911,0.38409340381622314,0.6601380109786987,0.386380136013031,0.5873610973358154,0.383531779050827,0.5396999716758728,0.3801594376564026,0.498054176568985,0.3508990406990051,0.6645990014076233,0.33435526490211487,0.6101648807525635,0.3190429210662842,0.6166297793388367,0.30838972330093384,0.6194227933883667,0.31932178139686584,0.6804860830307007,0.30747514963150024,0.6517546772956848,0.31620171666145325,0.7094769477844238,0.3245293200016022,0.7401332855224609,0.29051831364631653,0.703005850315094,0.2845240533351898,0.6777433156967163,0.2944234013557434,0.7213312387466431,0.30327486991882324,0.7456138730049133,K
0.3292904496192932,0.8221840858459473,0.3702870011329651,0.7796303033828735,0.3925372362136841,0.7074006795883179,0.3842407464981079,0.6384168267250061,0.3685413897037506,0.5787143707275391,0.3893662691116333,0.6466862559318542,0.4010857939720154,0.5757789015769958,0.40213555097579956,0.5278675556182861,0.4011155366897583,0.4840831160545349,0.3565128445625305,0.6488406658172607,0.3493346571922302,0.5836138725280762,0.3463030755519867,0.6043424010276794,0.34345388412475586,0.6211357712745667,0.3239761292934418,0.6632729172706604,0.32412171363830566,0.6281024217605591,0.33141252398490906,0.6902853846549988,0.3335762321949005,0.7217718958854675,0.2930910885334015,0.6826099753379822,0.2989245355129242,0.6517332792282104,0.30682387948036194,0.6999474167823792,0.3086676597595215,0.7263233661651611,K
0.32596054673194885,0.8166812658309937,0.36669912934303284,0.7727778553962708,0.3881026804447174,0.6995723247528076,0.3806203603744507,0.6301602125167847,0.36653777956962585,0.5706662535667419,0.3877018094062805,0.6500686407089233,0.40038400888442993,0.5752013921737671,0.40307632088661194,0.5257741212844849,0.40277165174484253,0.4815623462200165,0.35620051622390747,0.6500275731086731,0.3525691032409668,0.5867747664451599,0.34727025032043457,0.5750525593757629,0.342426598072052,0.5629366040229797,0.3244037926197052,0.6620173454284668,0.3243509531021118,0.6244418025016785,0.3295228183269501,0.6831027269363403,0.3311217427253723,0.7156746983528137,0.29412591457366943,0.6786845922470093,0.2988453507423401,0.6481198072433472,0.30413341522216797,0.6928638219833374,0.3054370880126953,0.7188131809234619,K
0.3197573125362396,0.8082054853439331,0.36468610167503357,0.7594195604324341,0.38495495915412903,0.6901717185974121,0.3777463734149933,0.6219100952148438,0.3646567463874817,0.5642842054367065,0.38081759214401245,0.6464000344276428,0.39387062191963196,0.5727548599243164,0.39656469225883484,0.5260027647018433,0.39721304178237915,0.48306500911712646,0.3505588173866272,0.6458142995834351,0.3512429893016815,0.5894270539283752,0.34677860140800476,0.5619676113128662,0.3416368365287781,0.5368247628211975,0.3192512094974518,0.6565828323364258,0.3199854791164398,0.6148812770843506,0.32346391677856445,0.6704897880554199,0.3234882652759552,0.7057341933250427,0.28847047686576843,0.6720654368400574,0.29509371519088745,0.6379151344299316,0.29971352219581604,0.6805785298347473,0.30082398653030396,0.710253894329071,K
0.3238033652305603,0.8171001672744751,0.3672393262386322,0.7708023190498352,0.3891320526599884,0.6995351314544678,0.38041654229164124,0.6288702487945557,0.3663652539253235,0.5711082816123962,0.38538166880607605,0.6588997840881348,0.39833536744117737,0.5842791795730591,0.4010676145553589,0.5347960591316223,0.4019560217857361,0.48917025327682495,0.35474082827568054,0.6595759391784668,0.35570818185806274,0.6017966866493225,0.3519945442676544,0.577946662902832,0.3476105034351349,0.5538039207458496,0.3230624794960022,0.6712331175804138,0.3243180513381958,0.6284101605415344,0.3279530704021454,0.6862229108810425,0.3277181088924408,0.7208013534545898,0.29144763946533203,0.6864083409309387,0.2985556721687317,0.6503798365592957,0.3025430738925934,0.692975640296936,0.3021368682384491,0.7215483784675598,K
0.32286691665649414,0.8178098201751709,0.36544033885002136,0.7719335556030273,0.38660159707069397,0.7024818062782288,0.3784293532371521,0.6347602009773254,0.36502575874328613,0.5763537883758545,0.3826116621494293,0.6569089293479919,0.39438945055007935,0.5823678374290466,0.39710772037506104,0.5355502367019653,0.3977094292640686,0.4925920367240906,0.3522050082683563,0.6569819450378418,0.3514241874217987,0.6004202961921692,0.3465389609336853,0.577594518661499,0.34162846207618713,0.5543515682220459,0.32085609436035156,0.6684949994087219,0.32164430618286133,0.6300260424613953,0.3251643478870392,0.6866046786308289,0.32586681842803955,0.7198244333267212,0.2895033657550812,0.6844991445541382,0.294939249753952,0.6509768962860107,0.2997143268585205,0.694379448890686,0.30164486169815063,0.7225574851036072,K
0.31975075602531433,0.8175568580627441,0.3616420030593872,0.7681941390037537,0.38142889738082886,0.6991960406303406,0.3751943111419678,0.6324858665466309,0.36104774475097656,0.5753222107887268,0.3779507875442505,0.655943751335144,0.3889419734477997,0.5805498361587524,0.3907582759857178,0.5331430435180664,0.39070239663124084,0.48987269401550293,0.3479464650154114,0.6567714810371399,0.3470180332660675,0.5995625853538513,0.3417638838291168,0.5738582015037537,0.33650127053260803,0.5504730939865112,0.3169029951095581,0.6683396697044373,0.3162640333175659,0.6295138001441956,0.3199690580368042,0.6843639612197876,0.3215673863887787,0.7179256081581116,0.2862313687801361,0.6835923790931702,0.29089656472206116,0.650456964969635,0.2957645654678345,0.6933380961418152,0.2989247441291809,0.7222431898117065,K
0.321001261472702,0.8188753128051758,0.36335575580596924,0.770530641078949,0.3828228712081909,0.6991346478462219,0.3745657503604889,0.6314790844917297,0.3601900637149811,0.5745319128036499,0.37947383522987366,0.6557890176773071,0.39005738496780396,0.5807717442512512,0.3910778760910034,0.5327736735343933,0.390182226896286,0.4882931113243103,0.34862595796585083,0.6555615663528442,0.3483353853225708,0.5983605980873108,0.3432669937610626,0.5719479918479919,0.3375189006328583,0.5464534163475037,0.316741943359375,0.6669391393661499,0.3172115683555603,0.6268211603164673,0.3213362693786621,0.683859646320343,0.32208627462387085,0.7184503078460693,0.2855731248855591,0.6822189688682556,0.2905188798904419,0.6489437222480774,0.29572197794914246,0.6916603446006775,0.2978155314922333,0.7199597954750061,K
0.32179951667785645,0.8230613470077515,0.3620467185974121,0.7767221331596375,0.3836108446121216,0.703976571559906,0.3758610188961029,0.6342082619667053,0.36061909794807434,0.5765764117240906,0.38111865520477295,0.6578782796859741,0.3910157382488251,0.5829536318778992,0.3922123908996582,0.5336441397666931,0.39114275574684143,0.4888101816177368,0.35015371441841125,0.6576563119888306,0.34947922825813293,0.5962671637535095,0.3442409038543701,0.5758418440818787,0.338320791721344,0.5554075837135315,0.3180241286754608,0.6700731515884399,0.3172404170036316,0.6300418972969055,0.32204216718673706,0.6889297366142273,0.32355090975761414,0.7227991223335266,0.2865319848060608,0.6875091791152954,0.2907220125198364,0.654051661491394,0.2961213290691376,0.6977663040161133,0.29815343022346497,0.7247417569160461,K
0.3219923675060272,0.8258190155029297,0.3634246289730072,0.7780415415763855,0.3836997449398041,0.705615222454071,0.3740946054458618,0.6364561915397644,0.35821300745010376,0.5786523818969727,0.3802884519100189,0.6610566973686218,0.3904990255832672,0.5860879421234131,0.39133280515670776,0.5368061065673828,0.3898349404335022,0.491626113653183,0.3492516279220581,0.6612208485603333,0.34819796681404114,0.600887656211853,0.3422314524650574,0.5797412395477295,0.33557313680648804,0.5590821504592896,0.31741535663604736,0.673801600933075,0.3169824182987213,0.6333581805229187,0.3224121332168579,0.6908382773399353,0.32405275106430054,0.724570631980896,0.2863095998764038,0.6914782524108887,0.2908875048160553,0.6583744883537292,0.2968018651008606,0.7011116147041321,0.29912206530570984,0.7281251549720764,K
0.3222064971923828,0.8263074159622192,0.3634073734283447,0.7787189483642578,0.3844596743583679,0.7061534523963928,0.374411016702652,0.6375348567962646,0.35966676473617554,0.5795696377754211,0.38008803129196167,0.6609251499176025,0.38985979557037354,0.5853224992752075,0.39084357023239136,0.5371228456497192,0.38940632343292236,0.4925864040851593,0.3491729199886322,0.6610093712806702,0.3487299382686615,0.602709174156189,0.3427610993385315,0.5786595344543457,0.33553192019462585,0.5543595552444458,0.3176076412200928,0.6731016039848328,0.3167284429073334,0.6331073045730591,0.3218679428100586,0.6912720799446106,0.32346516847610474,0.7249183654785156,0.2866750657558441,0.6895711421966553,0.29029080271720886,0.6566654443740845,0.29569336771965027,0.699989378452301,0.2982670068740845,0.7269113659858704,K
0.3203050494194031,0.8211779594421387,0.36229586601257324,0.7722037434577942,0.38141536712646484,0.7019071578979492,0.37204352021217346,0.6355320811271667,0.35810595750808716,0.5770900249481201,0.3768380880355835,0.6565507650375366,0.3864139914512634,0.5816892981529236,0.38772937655448914,0.5351064205169678,0.38692376017570496,0.49220722913742065,0.3468780219554901,0.6576094627380371,0.3461315631866455,0.6014045476913452,0.3406020998954773,0.5756514668464661,0.3340280055999756,0.5502326488494873,0.3158412277698517,0.670089840888977,0.31511732935905457,0.6314269304275513,0.31977903842926025,0.6887132525444031,0.3209749162197113,0.7215080261230469,0.28522902727127075,0.68587726354599,0.28981339931488037,0.6520476937294006,0.29418185353279114,0.6964406967163086,0.29571253061294556,0.724220871925354,K
0.3178847134113312,0.8122718334197998,0.364329069852829,0.7564650774002075,0.38379165530204773,0.6902177929878235,0.3764401376247406,0.6257196068763733,0.3640863299369812,0.5705401301383972,0.3769802749156952,0.6537210941314697,0.3887634873390198,0.5816386938095093,0.3917834460735321,0.5363631248474121,0.3935787081718445,0.49338746070861816,0.3478681147098541,0.652741014957428,0.3492070138454437,0.5984050631523132,0.346202552318573,0.5689412355422974,0.3425036072731018,0.5388525128364563,0.3170631229877472,0.6631414294242859,0.3193586766719818,0.6218360066413879,0.3220856785774231,0.6781888604164124,0.3214792013168335,0.7111549973487854,0.2869336009025574,0.6761704683303833,0.2934952974319458,0.640282154083252,0.2966485917568207,0.6816807389259338,0.2964343726634979,0.7091344594955444,K
0.3150404691696167,0.8148051500320435,0.3654903173446655,0.7557730078697205,0.38587433099746704,0.690990686416626,0.3834018409252167,0.6247154474258423,0.3730948865413666,0.5679045915603638,0.3826560378074646,0.6645784974098206,0.39746811985969543,0.5969983339309692,0.40170034766197205,0.5523512363433838,0.404418021440506,0.5114802718162537,0.35506245493888855,0.6629031300544739,0.3580018877983093,0.6058006286621094,0.3570159375667572,0.5715983510017395,0.3544617295265198,0.5415433645248413,0.3247043788433075,0.6711796522140503,0.32664310932159424,0.6239612698554993,0.329925537109375,0.6769120097160339,0.3287240266799927,0.7117199897766113,0.2939409017562866,0.6799576878547668,0.30056095123291016,0.6407790780067444,0.3037090301513672,0.6784762740135193,0.3028002977371216,0.7084932923316956,K
0.3163849711418152,0.8053203821182251,0.36882898211479187,0.7539892196655273,0.39071592688560486,0.6939997673034668,0.390761137008667,0.6299959421157837,0.383596807718277,0.5790594816207886,0.3837033212184906,0.6654506325721741,0.39953428506851196,0.5970789194107056,0.40477147698402405,0.5542625188827515,0.4088679552078247,0.5137123465538025,0.35643070936203003,0.6620659828186035,0.36060982942581177,0.6074061393737793,0.36186233162879944,0.5751519799232483,0.36117303371429443,0.5450489521026611,0.3267298936843872,0.668720543384552,0.3308049738407135,0.6244626045227051,0.33234405517578125,0.6764804720878601,0.3303089141845703,0.710415244102478,0.29647621512413025,0.6777633428573608,0.30322572588920593,0.6399847865104675,0.30622828006744385,0.6760842204093933,0.3058967590332031,0.7045601010322571,K
0.3151874840259552,0.8058978319168091,0.3667522966861725,0.7581859827041626,0.38780784606933594,0.6958532333374023,0.38520339131355286,0.6312673687934875,0.37989044189453125,0.5790131688117981,0.38173291087150574,0.6670510172843933,0.3972012996673584,0.5992904305458069,0.4020310044288635,0.5547115802764893,0.405295193195343,0.5137985348701477,0.3535740375518799,0.6642951965332031,0.3575834631919861,0.6088491082191467,0.35885629057884216,0.5756127834320068,0.35888004302978516,0.5468086004257202,0.3237147331237793,0.6717493534088135,0.32505372166633606,0.6246718764305115,0.327566921710968,0.6761118769645691,0.32736942172050476,0.711866557598114,0.29331082105636597,0.6823731064796448,0.2990894019603729,0.6439515352249146,0.3036493957042694,0.6805232167243958,0.3058711886405945,0.7105312347412109,K
0.3147370219230652,0.8091845512390137,0.36651739478111267,0.7604278326034546,0.3875312805175781,0.6983510851860046,0.3847104609012604,0.6345850825309753,0.3767634928226471,0.5819228887557983,0.38065505027770996,0.670071005821228,0.39546874165534973,0.601190984249115,0.3996591567993164,0.5564019680023193,0.4022536277770996,0.5144229531288147,0.35249099135398865,0.6673306226730347,0.3554571568965912,0.6123652458190918,0.356296181678772,0.5784279704093933,0.35568299889564514,0.5479098558425903,0.32236793637275696,0.6747714877128601,0.3230278491973877,0.627840518951416,0.3255569338798523,0.6794586777687073,0.32495641708374023,0.7142106294631958,0.2917918860912323,0.6845541000366211,0.2970958352088928,0.6461014747619629,0.30156898498535156,0.6829246878623962,0.3035992383956909,0.7125080227851868,K
0.3145137429237366,0.8099747896194458,0.36600998044013977,0.7596756219863892,0.38754162192344666,0.6980886459350586,0.38541096448898315,0.6345609426498413,0.3757522404193878,0.5832567811012268,0.37969839572906494,0.6706793904304504,0.3947853446006775,0.6012236475944519,0.3990499973297119,0.556573748588562,0.4019618332386017,0.514426589012146,0.35176998376846313,0.6676951050758362,0.3540361225605011,0.6135260462760925,0.3543970584869385,0.5785021185874939,0.3534225821495056,0.546784520149231,0.3218076825141907,0.6752334237098694,0.32206371426582336,0.6285285353660583,0.3244481384754181,0.6785331964492798,0.3237297832965851,0.7129400968551636,0.2913851737976074,0.6854403018951416,0.2963920533657074,0.6466399431228638,0.30039316415786743,0.682756245136261,0.30209630727767944,0.7125279903411865,K
0.315110981464386,0.809755802154541,0.366067498922348,0.7629969120025635,0.386557012796402,0.6999139785766602,0.382272869348526,0.6360753774642944,0.37231874465942383,0.5845412015914917,0.37838250398635864,0.6702380180358887,0.3929550051689148,0.6014279127120972,0.3968782424926758,0.5570868849754333,0.3994760811328888,0.5149684548377991,0.35025474429130554,0.6675705313682556,0.3532174825668335,0.6132394671440125,0.35347235202789307,0.5804874300956726,0.3523976504802704,0.5500447750091553,0.32023999094963074,0.6754941940307617,0.32129383087158203,0.6296225190162659,0.32433491945266724,0.681724488735199,0.3239811062812805,0.7173384428024292,0.28976136445999146,0.6870571970939636,0.2955034375190735,0.6488572359085083,0.30018681287765503,0.6867828965187073,0.30188581347465515,0.7171094417572021,K
0.3143884837627411,0.8110778331756592,0.36500126123428345,0.7616070508956909,0.3859311640262604,0.6991688013076782,0.38287028670310974,0.6355851888656616,0.3723214864730835,0.5836599469184875,0.3782181739807129,0.6697320938110352,0.3924905061721802,0.6006758809089661,0.395875483751297,0.5561233758926392,0.39818185567855835,0.513218343257904,0.3499327600002289,0.6669896841049194,0.3520148694515228,0.6131701469421387,0.35177525877952576,0.5796545743942261,0.35040098428726196,0.5482500195503235,0.3197273910045624,0.6755542755126953,0.3201483488082886,0.6300230622291565,0.3231934905052185,0.6813943386077881,0.3229377269744873,0.7159802317619324,0.28927576541900635,0.6878711581230164,0.29452943801879883,0.6489123702049255,0.2991999685764313,0.6860569715499878,0.3011896312236786,0.7155711650848389,K
0.3148963451385498,0.8141056299209595,0.36455443501472473,0.763801097869873,0.38548776507377625,0.7000868916511536,0.38164517283439636,0.6365782618522644,0.371245801448822,0.5841853022575378,0.37749436497688293,0.670893669128418,0.39148223400115967,0.6010600328445435,0.39483317732810974,0.5563276410102844,0.39689016342163086,0.5134527683258057,0.34911152720451355,0.6686676144599915,0.35117921233177185,0.6137620806694031,0.35118550062179565,0.5809164047241211,0.34982943534851074,0.5502574443817139,0.3187551498413086,0.6770102381706238,0.31922677159309387,0.6310176849365234,0.32258835434913635,0.6835227608680725,0.3225022554397583,0.7187738418579102,0.28826895356178284,0.6886796355247498,0.2935136556625366,0.6501033306121826,0.29803967475891113,0.6881008744239807,0.29988619685173035,0.7178625464439392,K
0.31565892696380615,0.818947434425354,0.365481972694397,0.7682456970214844,0.3856954276561737,0.703207790851593,0.38119345903396606,0.6385125517845154,0.3719275891780853,0.5863966941833496,0.3783295750617981,0.6738332509994507,0.3915344178676605,0.6029683351516724,0.39464351534843445,0.5575878620147705,0.39668574929237366,0.5141574740409851,0.3498861491680145,0.6715055704116821,0.35144728422164917,0.6165961027145386,0.35106396675109863,0.5841183662414551,0.34967660903930664,0.5539430975914001,0.3195131719112396,0.6798695921897888,0.3194846510887146,0.632739245891571,0.3223055303096771,0.6850807666778564,0.3222612142562866,0.7211301326751709,0.2890954613685608,0.6915673613548279,0.29315197467803955,0.6536198854446411,0.2976858913898468,0.6912166476249695,0.299917072057724,0.7209978103637695,K
0.3149014413356781,0.8203727006912231,0.3644406795501709,0.7702821493148804,0.38373589515686035,0.7057811617851257,0.37849676609039307,0.6406769752502441,0.3703715205192566,0.5878106355667114,0.3765483498573303,0.6760474443435669,0.38958075642585754,0.6055373549461365,0.3927461504936218,0.5598747134208679,0.3943747282028198,0.5164922475814819,0.347969114780426,0.6737749576568604,0.35047978162765503,0.6176856160163879,0.34976229071617126,0.5860555171966553,0.34766849875450134,0.5564191937446594,0.3177253305912018,0.6822989583015442,0.31793564558029175,0.6349678635597229,0.3214106261730194,0.6884683966636658,0.32158100605010986,0.7241623401641846,0.28759363293647766,0.6944814920425415,0.2922298014163971,0.6558380722999573,0.2968035936355591,0.6946319341659546,0.29849696159362793,0.7248015999794006,K
0.3144569993019104,0.8191273212432861,0.3646114766597748,0.7666255235671997,0.3837876319885254,0.7019661664962769,0.377984881401062,0.637771487236023,0.3673575222492218,0.58635413646698,0.3754657804965973,0.6736336946487427,0.3886570632457733,0.6029148697853088,0.3915354013442993,0.5575879812240601,0.3932817578315735,0.5138306617736816,0.34679490327835083,0.6711564064025879,0.34730035066604614,0.6167765259742737,0.3466815650463104,0.5839475393295288,0.34505757689476013,0.55375075340271,0.3167373836040497,0.6803827881813049,0.3163045346736908,0.6334207057952881,0.32023999094963074,0.6848943829536438,0.32049471139907837,0.7209360003471375,0.2867584228515625,0.6940540075302124,0.29096224904060364,0.6545417308807373,0.2958497405052185,0.6910620331764221,0.29809248447418213,0.721183717250824,K
0.313714861869812,0.8207067251205444,0.36356309056282043,0.7665940523147583,0.3826267421245575,0.7018518447875977,0.3773859441280365,0.6379355192184448,0.36525189876556396,0.5854893326759338,0.37596040964126587,0.6747643947601318,0.38826438784599304,0.6037976741790771,0.39085084199905396,0.5579183101654053,0.3920581638813019,0.5137537121772766,0.34684643149375916,0.6724641919136047,0.347360759973526,0.6169593334197998,0.3462158739566803,0.5843002200126648,0.3438858389854431,0.5542845726013184,0.3162015676498413,0.6811582446098328,0.3157321810722351,0.6338059306144714,0.3193607032299042,0.6876468658447266,0.3195887506008148,0.7233241200447083,0.2856081426143646,0.6929491758346558,0.2904428243637085,0.6536576151847839,0.29471927881240845,0.6925244927406311,0.29672980308532715,0.7224316000938416,K
0.31260231137275696,0.8200809955596924,0.3626403510570526,0.7667021751403809,0.3823544681072235,0.7019404172897339,0.37743836641311646,0.6380336284637451,0.36549606919288635,0.585148274898529,0.3735109567642212,0.6731785535812378,0.3864092230796814,0.6025797128677368,0.38929224014282227,0.5571498274803162,0.3907369375228882,0.5135254859924316,0.34512194991111755,0.6713865399360657,0.34600457549095154,0.616679847240448,0.3451841473579407,0.5835395455360413,0.34283068776130676,0.5527622699737549,0.3150485157966614,0.680343508720398,0.3146217167377472,0.6342041492462158,0.31835442781448364,0.687812089920044,0.31864744424819946,0.7224050164222717,0.2849014401435852,0.6916238069534302,0.2889125347137451,0.6533262133598328,0.29350152611732483,0.6918662786483765,0.2960526943206787,0.7209953665733337,K
0.3130009174346924,0.8210736513137817,0.3625510334968567,0.7675998210906982,0.3825421929359436,0.7028968930244446,0.3778117597103119,0.6381275057792664,0.3663598597049713,0.585787296295166,0.37526941299438477,0.6731055974960327,0.387991338968277,0.6023549437522888,0.39061060547828674,0.5570851564407349,0.39184772968292236,0.51371830701828,0.3466714918613434,0.6706781387329102,0.3471679389476776,0.6169049143791199,0.3461442291736603,0.5850827097892761,0.3441106677055359,0.5539276003837585,0.31627291440963745,0.6796651482582092,0.3159937858581543,0.6348211169242859,0.31970515847206116,0.6882389783859253,0.3200533986091614,0.721964418888092,0.2859600782394409,0.6915439963340759,0.28946754336357117,0.6544094085693359,0.293999046087265,0.6926797032356262,0.29617565870285034,0.7214868068695068,K
0.31300976872444153,0.8209068179130554,0.36198803782463074,0.7685616612434387,0.3814454972743988,0.7031184434890747,0.3764958083629608,0.6384596228599548,0.36427971720695496,0.5862109661102295,0.3743981719017029,0.6738529801368713,0.3871719241142273,0.6029513478279114,0.39025649428367615,0.5578113198280334,0.3915329873561859,0.5145480036735535,0.34564295411109924,0.6714061498641968,0.3469179570674896,0.6157824993133545,0.3455551564693451,0.584279477596283,0.3428111970424652,0.5537627935409546,0.31519678235054016,0.6802577376365662,0.3144879937171936,0.6341617107391357,0.3187004625797272,0.6878923177719116,0.3192999064922333,0.7224094271659851,0.28464776277542114,0.6922826766967773,0.2886762022972107,0.6536733508110046,0.2935672700405121,0.6922187209129333,0.29597827792167664,0.7212389707565308,K
0.3127721846103668,0.8202757835388184,0.3628881275653839,0.7661924958229065,0.38086169958114624,0.7013041973114014,0.3750898241996765,0.6373623609542847,0.3636287450790405,0.5845259428024292,0.3728521466255188,0.6734780073165894,0.38525643944740295,0.6028520464897156,0.3878284692764282,0.5573382377624512,0.3886857330799103,0.513491690158844,0.34414854645729065,0.6714699268341064,0.3445976674556732,0.6154747009277344,0.3441184461116791,0.5843994617462158,0.3419584035873413,0.5554044246673584,0.31380754709243774,0.6807642579078674,0.3132898509502411,0.6334560513496399,0.31768152117729187,0.6873475909233093,0.318045437335968,0.721757173538208,0.28334730863571167,0.6932299733161926,0.2873126268386841,0.6545431613922119,0.2925223410129547,0.6931356191635132,0.29511815309524536,0.7220174074172974,K
0.3128228187561035,0.8211145401000977,0.36260929703712463,0.7679961919784546,0.38192132115364075,0.7041451334953308,0.3766307830810547,0.6397302150726318,0.36626991629600525,0.5881235003471375,0.3734784424304962,0.6739194989204407,0.38599199056625366,0.6026360392570496,0.3889129161834717,0.5575411915779114,0.39049217104911804,0.5142773389816284,0.3454364836215973,0.6715279817581177,0.3459661602973938,0.6171844005584717,0.34572547674179077,0.5854284763336182,0.3438107371330261,0.5555980205535889,0.31538864970207214,0.6805374622344971,0.3150162994861603,0.6341803669929504,0.31895557045936584,0.6874512434005737,0.3190978467464447,0.722905158996582,0.28496983647346497,0.6927501559257507,0.287719190120697,0.6552192568778992,0.2928025424480438,0.6924917697906494,0.29546767473220825,0.721493124961853,K
0.3139515519142151,0.8233052492141724,0.3624533414840698,0.7697859406471252,0.3827393054962158,0.703406035900116,0.3781318664550781,0.6386129856109619,0.3661816120147705,0.58661949634552,0.3753430247306824,0.6740102171897888,0.388241171836853,0.6021645665168762,0.3912612795829773,0.5572205185890198,0.3928908705711365,0.5141488313674927,0.34698915481567383,0.6711845397949219,0.3474196791648865,0.6170146465301514,0.3465268015861511,0.5847774744033813,0.34427350759506226,0.5534761548042297,0.31668931245803833,0.6799070835113525,0.31695473194122314,0.6342767477035522,0.3203836679458618,0.6873108744621277,0.3200925588607788,0.7213845252990723,0.2863083481788635,0.6917560696601868,0.29018664360046387,0.6541150212287903,0.2941302955150604,0.6913391351699829,0.29557856917381287,0.7194597125053406,K
0.31468215584754944,0.8227390050888062,0.363468736410141,0.7672008872032166,0.3820751905441284,0.7026754021644592,0.37708187103271484,0.638679563999176,0.36629486083984375,0.5856218338012695,0.3749670684337616,0.6746315956115723,0.38746559619903564,0.6035395264625549,0.39071032404899597,0.5579041838645935,0.39238440990448,0.5138828754425049,0.3462722599506378,0.6722772121429443,0.34698525071144104,0.6160414814949036,0.3461344540119171,0.5843297243118286,0.34391504526138306,0.5544552206993103,0.3159411549568176,0.6807063221931458,0.31536248326301575,0.6335967183113098,0.3192810118198395,0.687248706817627,0.3198113739490509,0.7217769026756287,0.28583839535713196,0.6917780041694641,0.28959232568740845,0.6526938676834106,0.2940276265144348,0.690369188785553,0.29644685983657837,0.718643307685852,K
0.3149242401123047,0.8216657042503357,0.3647219240665436,0.7661300897598267,0.38292744755744934,0.6993703842163086,0.37748217582702637,0.6364911794662476,0.36709126830101013,0.5855771899223328,0.3737475872039795,0.6715390682220459,0.3864233195781708,0.6004117131233215,0.3898782432079315,0.5562751889228821,0.3914076089859009,0.51362144947052,0.3455923795700073,0.6698926687240601,0.345882773399353,0.6150715947151184,0.3461802303791046,0.5836337804794312,0.34469321370124817,0.5532684326171875,0.3156198561191559,0.6796225309371948,0.31576240062713623,0.6329967975616455,0.3203336000442505,0.6863431334495544,0.3205706477165222,0.7200964689254761,0.2857053577899933,0.692550539970398,0.2896481156349182,0.6542355418205261,0.2948973476886749,0.6915327310562134,0.29715073108673096,0.7191699743270874,K
0.314959853887558,0.8214900493621826,0.36515405774116516,0.7652291059494019,0.3830997943878174,0.700439453125,0.37657925486564636,0.6370881795883179,0.3676970303058624,0.5861192941665649,0.3745180666446686,0.6731172800064087,0.38638249039649963,0.6014872193336487,0.38938432931900024,0.5564091205596924,0.3907458782196045,0.5133429169654846,0.34605929255485535,0.6716944575309753,0.3468676805496216,0.616012692451477,0.3465566635131836,0.5851054191589355,0.3447175621986389,0.5555245876312256,0.3158893883228302,0.6810455322265625,0.31587904691696167,0.6334482431411743,0.3199671804904938,0.6867024898529053,0.3202000558376312,0.7206383347511292,0.2856663167476654,0.6930845975875854,0.2896798849105835,0.6538859009742737,0.2943721413612366,0.6916115880012512,0.2963336408138275,0.7198025584220886,K
0.3162018954753876,0.820974588394165,0.3647558391094208,0.7662349939346313,0.3846461772918701,0.7012775540351868,0.38006073236465454,0.637585461139679,0.36843791604042053,0.5867084860801697,0.3759457468986511,0.6722352504730225,0.388256311416626,0.6009073853492737,0.39132311940193176,0.5563840866088867,0.393104612827301,0.5137171745300293,0.34797170758247375,0.6701343059539795,0.34862303733825684,0.6151157021522522,0.3483901023864746,0.5840572714805603,0.346737265586853,0.554332971572876,0.31793612241744995,0.6792870163917542,0.3179365396499634,0.6332609057426453,0.3220018744468689,0.686474084854126,0.3221991956233978,0.7211515307426453,0.28788402676582336,0.6916893720626831,0.2914358675479889,0.653220534324646,0.2959801256656647,0.6898131966590881,0.29741013050079346,0.7175542712211609,K
0.316593736410141,0.8201192617416382,0.36685460805892944,0.7647969722747803,0.38521164655685425,0.6991098523139954,0.3789076805114746,0.6357235908508301,0.3680635988712311,0.5848698019981384,0.3760552406311035,0.6702547669410706,0.3883726894855499,0.5998860001564026,0.39149150252342224,0.5555870532989502,0.39301252365112305,0.5124885439872742,0.3475440442562103,0.6689639687538147,0.3484334349632263,0.6148085594177246,0.3487499952316284,0.584057629108429,0.3472829759120941,0.5545861721038818,0.31719833612442017,0.6787455081939697,0.31735727190971375,0.6320552825927734,0.32216891646385193,0.6860450506210327,0.32296130061149597,0.7207028865814209,0.2868664860725403,0.6917107105255127,0.2910059690475464,0.6531692147254944,0.29642364382743835,0.6915249824523926,0.29913631081581116,0.7201659083366394,K
0.3172740042209625,0.8216561079025269,0.36745548248291016,0.7660722136497498,0.3860044479370117,0.70130854845047,0.3800570070743561,0.636658251285553,0.37089860439300537,0.5857715606689453,0.3771534264087677,0.6739915609359741,0.3889482021331787,0.6026664972305298,0.39182645082473755,0.5574412941932678,0.3935582935810089,0.5139563679695129,0.34917929768562317,0.6717562079429626,0.3502419590950012,0.6162394881248474,0.3501221537590027,0.5842460989952087,0.34827548265457153,0.5553098320960999,0.3190557062625885,0.6803840398788452,0.3190760314464569,0.6325498223304749,0.32299894094467163,0.6857112646102905,0.3231121897697449,0.7222314476966858,0.2888493537902832,0.6925375461578369,0.29234445095062256,0.6530474424362183,0.29710081219673157,0.6903030872344971,0.29902946949005127,0.7205010056495667,K
0.3157844543457031,0.819829523563385,0.36714279651641846,0.7637555599212646,0.3848452568054199,0.6998150944709778,0.3787171244621277,0.6361188888549805,0.3680613040924072,0.584984302520752,0.37665778398513794,0.6730542778968811,0.3883964419364929,0.6031121015548706,0.39102092385292053,0.5579984188079834,0.39224132895469666,0.5142507553100586,0.3478855788707733,0.671177864074707,0.3481568396091461,0.615678071975708,0.34795868396759033,0.5842058062553406,0.3462632894515991,0.5556750893592834,0.3178192675113678,0.6801366806030273,0.316408634185791,0.63126140832901,0.3210327923297882,0.6846713423728943,0.32220667600631714,0.7210302948951721,0.2878575623035431,0.6924557685852051,0.290603905916214,0.6530396938323975,0.29587677121162415,0.6905732154846191,0.2994888424873352,0.7202062606811523,K
0.31685540080070496,0.8200374841690063,0.36652177572250366,0.7644838094711304,0.3843526840209961,0.6994752883911133,0.37884521484375,0.6363406777381897,0.3680603802204132,0.5855585336685181,0.3749810755252838,0.671642005443573,0.3873351216316223,0.601472020149231,0.39017969369888306,0.556969404220581,0.3914874792098999,0.5137036442756653,0.34667131304740906,0.6702587604522705,0.34680256247520447,0.616169810295105,0.3471727967262268,0.5841403007507324,0.3455863296985626,0.5545096397399902,0.31669893860816956,0.679655134677887,0.31588396430015564,0.6315528154373169,0.3211961090564728,0.684499979019165,0.32220277190208435,0.7202887535095215,0.28686803579330444,0.6917308568954468,0.29019519686698914,0.6532285809516907,0.296130895614624,0.6902496814727783,0.2995033264160156,0.7197214365005493,K
0.31657305359840393,0.8220924139022827,0.3667438328266144,0.7646493911743164,0.3850848078727722,0.6998370885848999,0.37925928831100464,0.6366291046142578,0.3686963617801666,0.5859944820404053,0.37623608112335205,0.6731308698654175,0.3877077102661133,0.6022443175315857,0.3904613256454468,0.5571343302726746,0.3915737271308899,0.5137603282928467,0.34807074069976807,0.6713997721672058,0.348513126373291,0.6170628070831299,0.34800875186920166,0.5857123136520386,0.3459514379501343,0.5554534792900085,0.31784340739250183,0.6807143688201904,0.3171587586402893,0.6332824230194092,0.32146796584129333,0.6869215369224548,0.3221825957298279,0.7213726043701172,0.2875915467739105,0.6932480335235596,0.29060855507850647,0.6548879742622375,0.29560214281082153,0.6927019357681274,0.2983427047729492,0.7208881378173828,K
0.317273885011673,0.8198017477989197,0.3674037754535675,0.7635104656219482,0.38551098108291626,0.6989220380783081,0.37855565547943115,0.6359621286392212,0.3671417236328125,0.5853605270385742,0.37626588344573975,0.671771228313446,0.38810282945632935,0.6015729308128357,0.39078763127326965,0.5571911334991455,0.3919353485107422,0.5141255259513855,0.347887247800827,0.6702256202697754,0.3478951156139374,0.615652859210968,0.3477952182292938,0.5848288536071777,0.34638574719429016,0.5544141530990601,0.31769677996635437,0.6794977188110352,0.31772905588150024,0.6326498985290527,0.32178059220314026,0.6867232918739319,0.3221431076526642,0.7206674814224243,0.2875368893146515,0.6916812062263489,0.2911968231201172,0.6544603109359741,0.2961421608924866,0.6918649077415466,0.2983928322792053,0.7188379168510437,K
0.3160286545753479,0.8188856840133667,0.36627599596977234,0.7629976272583008,0.384556382894516,0.6984399557113647,0.37759336829185486,0.6344651579856873,0.36644884943962097,0.5832279920578003,0.3753761053085327,0.6725333333015442,0.3870778977870941,0.6023337841033936,0.38981419801712036,0.5573689341545105,0.3909091055393219,0.5136100053787231,0.3470069468021393,0.670729398727417,0.3472591042518616,0.6156726479530334,0.34742116928100586,0.5852410197257996,0.34593257308006287,0.5554700493812561,0.3171575665473938,0.6803163886070251,0.3159164488315582,0.6321183443069458,0.32118698954582214,0.6857251524925232,0.3221498727798462,0.719878077507019,0.2873713970184326,0.693239688873291,0.29058170318603516,0.6538280248641968,0.29616397619247437,0.6918585896492004,0.2987508475780487,0.7205578684806824,K
0.317058801651001,0.8182891011238098,0.3664437532424927,0.7636903524398804,0.38453495502471924,0.6990786790847778,0.3781435489654541,0.6357915997505188,0.36688798666000366,0.5849330425262451,0.37555059790611267,0.6711776852607727,0.3874049782752991,0.6009936928749084,0.38989824056625366,0.5569015741348267,0.39111822843551636,0.5140413045883179,0.34728825092315674,0.6694664359092712,0.34774279594421387,0.6152694821357727,0.34737223386764526,0.5848101377487183,0.3456217348575592,0.5555198192596436,0.3173067569732666,0.679121732711792,0.3162722885608673,0.6325773596763611,0.32103732228279114,0.6861886978149414,0.322147399187088,0.7211207151412964,0.2873150408267975,0.6926888823509216,0.2901465594768524,0.6536610722541809,0.2957700192928314,0.6917958855628967,0.29891854524612427,0.72114098072052,K
0.3158038556575775,0.8198935985565186,0.36603760719299316,0.7627420425415039,0.38416537642478943,0.6974811553955078,0.37801727652549744,0.6337760090827942,0.3672844469547272,0.5835882425308228,0.37461915612220764,0.6720384359359741,0.38615748286247253,0.6009910106658936,0.38875067234039307,0.5562233924865723,0.3897288739681244,0.5126892328262329,0.3461623787879944,0.6707603931427002,0.3460023105144501,0.6160427927970886,0.3459138870239258,0.5850397348403931,0.3442056477069855,0.5549901723861694,0.316140353679657,0.6805443167686462,0.315071165561676,0.6321110129356384,0.3201770782470703,0.6846160888671875,0.32087382674217224,0.7191168665885925,0.28603672981262207,0.6936882734298706,0.28923508524894714,0.6540926694869995,0.2951749265193939,0.6901872754096985,0.2979705035686493,0.7185664772987366,K
0.31571394205093384,0.8232510089874268,0.36575639247894287,0.7645776867866516,0.3833969533443451,0.6987384557723999,0.3774535059928894,0.6358887553215027,0.3672650456428528,0.5847631692886353,0.374037504196167,0.6714959144592285,0.3857254981994629,0.6010448932647705,0.38843291997909546,0.556279182434082,0.38939687609672546,0.5130501985549927,0.3457363545894623,0.6708596348762512,0.3454468846321106,0.6166059970855713,0.3456091284751892,0.5853403806686401,0.34395039081573486,0.554969310760498,0.3157491087913513,0.6807288527488708,0.3149469196796417,0.6326144933700562,0.32024288177490234,0.6856585741043091,0.32108014822006226,0.71949702501297,0.2857072949409485,0.6929984092712402,0.2890770137310028,0.6540701389312744,0.2951453924179077,0.6918001174926758,0.2984578013420105,0.7203943729400635,K
0.31626924872398376,0.8223625421524048,0.36651358008384705,0.7654565572738647,0.383823037147522,0.6988227963447571,0.3758469820022583,0.6345572471618652,0.36401182413101196,0.5847432613372803,0.37489596009254456,0.6721249222755432,0.38580384850502014,0.6010881066322327,0.38825446367263794,0.5563152432441711,0.38909998536109924,0.5132184028625488,0.3463878333568573,0.6705962419509888,0.3468833267688751,0.6153912544250488,0.34660962224006653,0.5856054425239563,0.34471070766448975,0.557130753993988,0.31617459654808044,0.680336594581604,0.31604647636413574,0.6327690482139587,0.3205929100513458,0.6864422559738159,0.32100623846054077,0.7211734652519226,0.2858942151069641,0.6934635043144226,0.2894423007965088,0.6545300483703613,0.2945669889450073,0.6915836334228516,0.29671239852905273,0.7196055054664612,K
0.31771934032440186,0.8243329524993896,0.3659520447254181,0.7696446180343628,0.3843509256839752,0.7028399705886841,0.37817153334617615,0.6383898854255676,0.36705878376960754,0.5857347249984741,0.3757918179035187,0.673934280872345,0.3879954516887665,0.6018801927566528,0.3912682831287384,0.5566865801811218,0.3928806483745575,0.5135934352874756,0.3471842408180237,0.6718043684959412,0.34795907139778137,0.616203248500824,0.3470892310142517,0.5864707231521606,0.34476229548454285,0.5583966374397278,0.3167994022369385,0.6812286376953125,0.31671929359436035,0.6337494254112244,0.32083165645599365,0.6869418621063232,0.3212021291255951,0.7223068475723267,0.2865086793899536,0.6947463750839233,0.289908766746521,0.6562047004699707,0.29481741786003113,0.6935268640518188,0.29699960350990295,0.7219688296318054,K
0.3175390362739563,0.8242791295051575,0.3665143549442291,0.7682292461395264,0.38400909304618835,0.7019578814506531,0.37620308995246887,0.6372830867767334,0.36447596549987793,0.5828685760498047,0.3761123716831207,0.6746693253517151,0.38885077834129333,0.603264570236206,0.39301425218582153,0.5578707456588745,0.39536669850349426,0.5139982104301453,0.34701454639434814,0.6720969080924988,0.3474520742893219,0.6148223876953125,0.34703361988067627,0.5860987901687622,0.34471431374549866,0.5583364963531494,0.3161175549030304,0.6816813945770264,0.31624549627304077,0.6333702206611633,0.3212822675704956,0.6887677311897278,0.32154151797294617,0.7237802147865295,0.28529858589172363,0.6952735185623169,0.28984716534614563,0.6564971804618835,0.2955712378025055,0.6949688792228699,0.2975353002548218,0.7229968309402466,K
0.3173905313014984,0.8244926929473877,0.36579325795173645,0.7694633603096008,0.3837197422981262,0.7035461068153381,0.3769177794456482,0.6390787959098816,0.3654092252254486,0.5857003927230835,0.3754271864891052,0.6754012703895569,0.3881586194038391,0.6029707193374634,0.3921256959438324,0.5575770139694214,0.39448514580726624,0.5137632489204407,0.34657996892929077,0.6728359460830688,0.3468700349330902,0.6161609888076782,0.34626564383506775,0.5865465998649597,0.3440788984298706,0.5586969256401062,0.31614410877227783,0.6822314858436584,0.31525975465774536,0.6351476907730103,0.3198312819004059,0.6890207529067993,0.32038241624832153,0.7239282727241516,0.28582167625427246,0.6955715417861938,0.28913888335227966,0.6567414402961731,0.29433679580688477,0.694610595703125,0.2964635193347931,0.7227175235748291,K
0.3171147108078003,0.8269584774971008,0.3649998605251312,0.7724842429161072,0.3833504319190979,0.705312967300415,0.3765736222267151,0.6410388946533203,0.36432671546936035,0.5881633758544922,0.3749624490737915,0.674287736415863,0.38689494132995605,0.6022940278053284,0.3900492191314697,0.556689977645874,0.3913325071334839,0.5130402445793152,0.3462604880332947,0.6724909543991089,0.3456553816795349,0.6179131269454956,0.34491997957229614,0.5892483592033386,0.3430365324020386,0.5599547028541565,0.31576329469680786,0.68226158618927,0.31457072496414185,0.6354667544364929,0.31970053911209106,0.6904131770133972,0.321142315864563,0.7250553965568542,0.28555476665496826,0.6958210468292236,0.28846532106399536,0.6582772135734558,0.29406383633613586,0.6972770690917969,0.29714590311050415,0.7250313758850098,K
0.3178193271160126,0.8300174474716187,0.36572912335395813,0.7752526998519897,0.38327914476394653,0.7080075740814209,0.376088410615921,0.6422446966171265,0.36523494124412537,0.5889626145362854,0.37340444326400757,0.6774353384971619,0.3837559223175049,0.604608416557312,0.3861207962036133,0.5586338639259338,0.3867483139038086,0.5148442983627319,0.3452966511249542,0.6762785315513611,0.345395565032959,0.6191198825836182,0.34542664885520935,0.5894842743873596,0.3431839942932129,0.5617625713348389,0.3154428005218506,0.6863818168640137,0.313667893409729,0.6368452906608582,0.31984803080558777,0.6905447840690613,0.32135847210884094,0.7267547845840454,0.2856242060661316,0.6997818946838379,0.28744861483573914,0.6608527898788452,0.29408302903175354,0.69817054271698,0.29761892557144165,0.7271623611450195,K
0.31844082474708557,0.8273968696594238,0.3669150471687317,0.7733955979347229,0.3844752311706543,0.7072219848632812,0.3776721656322479,0.6419422626495361,0.36670809984207153,0.591058611869812,0.3733657896518707,0.6768709421157837,0.38455668091773987,0.6035965085029602,0.3875878155231476,0.5584288239479065,0.3891168534755707,0.5147625207901001,0.3453603684902191,0.675462007522583,0.34563279151916504,0.6206336617469788,0.3460746109485626,0.5914359092712402,0.3443577289581299,0.5632271766662598,0.31555604934692383,0.685791015625,0.3147653639316559,0.6377677321434021,0.32086214423179626,0.6915302872657776,0.3220020532608032,0.7281175851821899,0.28596752882003784,0.7002516984939575,0.2889406085014343,0.6611963510513306,0.2949102520942688,0.6989302039146423,0.29717713594436646,0.7282442450523376,K
0.31831228733062744,0.8286528587341309,0.36722254753112793,0.7755661010742188,0.38491880893707275,0.7069836854934692,0.3760756552219391,0.6418566107749939,0.36554619669914246,0.5893394947052002,0.373483270406723,0.6760420799255371,0.38465410470962524,0.6036407947540283,0.38764888048171997,0.5580498576164246,0.38828176259994507,0.5141083002090454,0.34524527192115784,0.6746862530708313,0.3457663953304291,0.6189833283424377,0.346080482006073,0.5903183221817017,0.34356367588043213,0.5619938969612122,0.31532174348831177,0.6854695677757263,0.3146588206291199,0.636184811592102,0.32100099325180054,0.6914833784103394,0.32202550768852234,0.7270892858505249,0.28571832180023193,0.7000630497932434,0.28888726234436035,0.6617597937583923,0.2957122325897217,0.7000132203102112,0.29870930314064026,0.7279580235481262,K
0.31997114419937134,0.8324220180511475,0.3675685226917267,0.7789970636367798,0.38575559854507446,0.7109103798866272,0.37826886773109436,0.645182728767395,0.3670923709869385,0.590973436832428,0.3750966191291809,0.6796029210090637,0.3867418169975281,0.6058392524719238,0.39022305607795715,0.559360146522522,0.3920135498046875,0.5153221487998962,0.3466777801513672,0.6783686280250549,0.3468928337097168,0.6204790472984314,0.3468083441257477,0.5911604166030884,0.3445281982421875,0.5647440552711487,0.31643539667129517,0.6886727213859558,0.31585001945495605,0.6404159665107727,0.3218348026275635,0.6946471333503723,0.3229919672012329,0.7315806150436401,0.28626713156700134,0.7031392455101013,0.2890282869338989,0.6646581888198853,0.2956603169441223,0.7029200792312622,0.29863306879997253,0.7326115369796753,K
0.3183521330356598,0.8337788581848145,0.3650832772254944,0.7797219157218933,0.38262882828712463,0.710702657699585,0.37459811568260193,0.6452417969703674,0.3613778352737427,0.5896872878074646,0.3761076331138611,0.6794402599334717,0.38955891132354736,0.6074279546737671,0.39483708143234253,0.561058521270752,0.3979787230491638,0.5176570415496826,0.3463016748428345,0.6765115857124329,0.3457878530025482,0.6167359948158264,0.3450399339199066,0.5901114344596863,0.34239456057548523,0.5671876072883606,0.3148052394390106,0.6864187121391296,0.31343668699264526,0.6386492848396301,0.3187432885169983,0.6948655843734741,0.31936389207839966,0.7320575714111328,0.283951997756958,0.7020226716995239,0.2877083420753479,0.6629294157028198,0.2935400903224945,0.7024605870246887,0.2952691614627838,0.7317871451377869,K
0.31738466024398804,0.8338795900344849,0.3644755780696869,0.7781528830528259,0.381857693195343,0.7097120881080627,0.37282586097717285,0.6442031860351562,0.359001487493515,0.5887893438339233,0.3767339885234833,0.6788043975830078,0.3907873034477234,0.6071242094039917,0.3964096009731293,0.561033308506012,0.3996998071670532,0.5180023908615112,0.34645703434944153,0.676120936870575,0.3456389009952545,0.6177003979682922,0.3441959321498871,0.5898651480674744,0.34040191769599915,0.5650202631950378,0.314630925655365,0.6867281198501587,0.3130071461200714,0.6393705010414124,0.31891822814941406,0.6954691410064697,0.3197423219680786,0.7308114171028137,0.2831830382347107,0.7019842267036438,0.2865520119667053,0.6649333834648132,0.2926037013530731,0.7039234638214111,0.294690877199173,0.7315236330032349,K
0.3172829747200012,0.8326643705368042,0.3643903434276581,0.7794464826583862,0.3810305893421173,0.7119761109352112,0.371531218290329,0.6458179354667664,0.3578135073184967,0.5910952687263489,0.3757980465888977,0.6807268261909485,0.3905448317527771,0.6080558896064758,0.3966279923915863,0.5615860223770142,0.4006456732749939,0.5187960267066956,0.34557026624679565,0.6772077083587646,0.3450820744037628,0.6178677678108215,0.3437124192714691,0.5896644592285156,0.3404577076435089,0.5673180222511292,0.31402888894081116,0.6863899827003479,0.31275904178619385,0.6401627063751221,0.31787383556365967,0.6948769688606262,0.318547785282135,0.7329208254814148,0.28264570236206055,0.7010954022407532,0.28592219948768616,0.6635410785675049,0.29192715883255005,0.7019609808921814,0.2942078709602356,0.7323785424232483,K
0.317963570356369,0.833683431148529,0.36503538489341736,0.7772340178489685,0.38145697116851807,0.7098490595817566,0.3718395531177521,0.6453197598457336,0.3581288456916809,0.5916072726249695,0.3746674954891205,0.6796077489852905,0.3880179822444916,0.6076717972755432,0.3936648964881897,0.5610217452049255,0.39751338958740234,0.5183565020561218,0.3447534143924713,0.6771058440208435,0.3437218964099884,0.6172986030578613,0.34250450134277344,0.5896015763282776,0.33967041969299316,0.5678511261940002,0.3135242462158203,0.6867902278900146,0.3116518259048462,0.6397348046302795,0.31720060110092163,0.694305956363678,0.3186703026294708,0.731740415096283,0.2825288772583008,0.7013075947761536,0.2855817973613739,0.664088249206543,0.2915467619895935,0.7026318907737732,0.2944159507751465,0.7319270372390747,K
0.31752142310142517,0.8313640356063843,0.3641546368598938,0.7739263772964478,0.38079118728637695,0.7084423303604126,0.37240204215049744,0.6434727311134338,0.35754114389419556,0.5889472365379333,0.37549665570259094,0.6798103451728821,0.3893113434314728,0.6079050302505493,0.39465928077697754,0.5611655712127686,0.3977416753768921,0.5177941918373108,0.3456151783466339,0.6775384545326233,0.3442467153072357,0.6187494993209839,0.34288761019706726,0.5910325646400452,0.33944588899612427,0.5668874382972717,0.3142421841621399,0.6871680021286011,0.31312301754951477,0.6392834782600403,0.3183255195617676,0.6951985359191895,0.3188275396823883,0.7308554649353027,0.28311511874198914,0.6997084021568298,0.2870419919490814,0.6612818241119385,0.291456013917923,0.7007790803909302,0.2925589978694916,0.7295026779174805,K
0.31614112854003906,0.8287076950073242,0.36331242322921753,0.7743873000144958,0.3802461624145508,0.7069432735443115,0.370837926864624,0.6417359709739685,0.35670214891433716,0.587988018989563,0.3744795024394989,0.678379476070404,0.3888775110244751,0.6059924364089966,0.39461469650268555,0.5601705312728882,0.39809638261795044,0.5172926783561707,0.3444153666496277,0.6749582290649414,0.3440888822078705,0.6150708198547363,0.3430579900741577,0.5882133841514587,0.3399140536785126,0.5657487511634827,0.31313252449035645,0.6848281025886536,0.3117385804653168,0.6378978490829468,0.317276269197464,0.6929860711097717,0.31795552372932434,0.7290417551994324,0.2819184362888336,0.7001107931137085,0.28511321544647217,0.6612398624420166,0.29090118408203125,0.6995306611061096,0.2926287353038788,0.7280790209770203,K
0.3165116012096405,0.8308135867118835,0.3630063831806183,0.7747306823730469,0.3789934813976288,0.7069677114486694,0.3684993386268616,0.6415179967880249,0.35417890548706055,0.5873426198959351,0.37497320771217346,0.6788301467895508,0.3885320723056793,0.6070427298545837,0.3936678469181061,0.5600488185882568,0.3961457312107086,0.5171052813529968,0.34485530853271484,0.6756102442741394,0.34374022483825684,0.6141982674598694,0.3417867124080658,0.5880367755889893,0.3377794027328491,0.5667731165885925,0.31336498260498047,0.6852231025695801,0.31177929043769836,0.6378620266914368,0.3172364830970764,0.6931415796279907,0.3177441954612732,0.7292628288269043,0.28203344345092773,0.6999702453613281,0.28543728590011597,0.6619090437889099,0.2910083532333374,0.7010045647621155,0.29274609684944153,0.7299123406410217,K
0.31613489985466003,0.8331142663955688,0.3632437288761139,0.7766861915588379,0.3795538544654846,0.7079007625579834,0.369592547416687,0.6425305604934692,0.355170339345932,0.5883170962333679,0.3746204972267151,0.6806755065917969,0.3888912498950958,0.6081622838973999,0.3946291506290436,0.5614981055259705,0.39747512340545654,0.518253743648529,0.3446793556213379,0.6771987676620483,0.343995064496994,0.6170096397399902,0.3423349857330322,0.5892244577407837,0.33823806047439575,0.5657246112823486,0.3133732080459595,0.6866020560264587,0.3120344281196594,0.6390364766120911,0.3173130750656128,0.6943166255950928,0.31750378012657166,0.7295831441879272,0.28202885389328003,0.7006942629814148,0.2852582037448883,0.6625027656555176,0.2907039523124695,0.7005717158317566,0.2924145758152008,0.7284440398216248,K
0.31757852435112,0.8304648399353027,0.36450815200805664,0.7717317342758179,0.3808755874633789,0.7050167322158813,0.3730936050415039,0.6401159167289734,0.3569299280643463,0.586963415145874,0.375388503074646,0.6780866980552673,0.390154093503952,0.6061362028121948,0.3961073160171509,0.5599924325942993,0.39973145723342896,0.5167168974876404,0.34549635648727417,0.6747662425041199,0.34479328989982605,0.6169143319129944,0.3435114324092865,0.5889664888381958,0.3401544392108917,0.5648553371429443,0.3140563368797302,0.684160590171814,0.3143588602542877,0.6381000876426697,0.3191518187522888,0.6928660273551941,0.31902170181274414,0.7274513244628906,0.2828555107116699,0.6974366307258606,0.28777921199798584,0.6608991026878357,0.29237455129623413,0.6990949511528015,0.29326537251472473,0.7264826893806458,K
0.31724420189857483,0.8276587724685669,0.3642369508743286,0.7725045084953308,0.38042354583740234,0.7059606313705444,0.3709283471107483,0.6412739157676697,0.3564803898334503,0.5881220698356628,0.37572211027145386,0.6779712438583374,0.39041435718536377,0.6047661900520325,0.39635324478149414,0.5588535070419312,0.40021321177482605,0.5165610313415527,0.34548208117485046,0.6747735738754272,0.344583123922348,0.615540623664856,0.34270766377449036,0.5860908031463623,0.3391234874725342,0.5623354911804199,0.31410104036331177,0.6841788291931152,0.3131205439567566,0.6381860971450806,0.31813159584999084,0.6923715472221375,0.3186320960521698,0.728701651096344,0.28317388892173767,0.6984414458274841,0.2873688042163849,0.6599743366241455,0.2922828793525696,0.6978043913841248,0.29346752166748047,0.7268618941307068,K
0.3173210024833679,0.8286163806915283,0.36287617683410645,0.7743648290634155,0.37950408458709717,0.70621657371521,0.3680478036403656,0.6411909461021423,0.3532750606536865,0.5877854824066162,0.37690889835357666,0.6758683323860168,0.39133694767951965,0.6051854491233826,0.3964863419532776,0.5593380331993103,0.39957377314567566,0.5172621607780457,0.34616297483444214,0.6729702353477478,0.3444586396217346,0.6139450073242188,0.3414158523082733,0.5850898623466492,0.33712631464004517,0.5614458918571472,0.3141769766807556,0.682950496673584,0.3147575557231903,0.6398526430130005,0.3185389041900635,0.6948224306106567,0.3177260160446167,0.7297295331954956,0.282711923122406,0.6974104642868042,0.28771597146987915,0.661072313785553,0.29224830865859985,0.7007005214691162,0.2928006052970886,0.7294188141822815,K
0.31851571798324585,0.8291410207748413,0.3656482994556427,0.7732644081115723,0.3820600211620331,0.7060558199882507,0.3726913034915924,0.6414214968681335,0.3582659661769867,0.5887845754623413,0.3763406574726105,0.6775096654891968,0.39020615816116333,0.6047409772872925,0.3949417471885681,0.5592197179794312,0.39768967032432556,0.5164750814437866,0.3468344807624817,0.6747151017189026,0.34617969393730164,0.6165465116500854,0.3433951139450073,0.5852890610694885,0.33875659108161926,0.5579284429550171,0.31591492891311646,0.6842725872993469,0.31635141372680664,0.6369835138320923,0.32070818543434143,0.6917663812637329,0.32036083936691284,0.7269114255905151,0.2850291430950165,0.6978638172149658,0.28951603174209595,0.6604517102241516,0.2942248284816742,0.6987324953079224,0.29541313648223877,0.7268115878105164,K
0.3178316354751587,0.829382061958313,0.3650365173816681,0.7739111185073853,0.38285204768180847,0.7082664370536804,0.3745833933353424,0.6441230177879333,0.36100903153419495,0.5911534428596497,0.3755800426006317,0.677618145942688,0.3890732228755951,0.6048392653465271,0.3939703702926636,0.5591576099395752,0.3973357081413269,0.5159715414047241,0.34619882702827454,0.6750234961509705,0.3454155921936035,0.6182361841201782,0.3430781662464142,0.5866292119026184,0.33935362100601196,0.5581735372543335,0.3155227601528168,0.6846644282341003,0.3152051568031311,0.6383240818977356,0.31950050592422485,0.6930168867111206,0.3195287585258484,0.7286349534988403,0.28497248888015747,0.6980665326118469,0.28855520486831665,0.6602349281311035,0.2936958968639374,0.6993054151535034,0.2957541048526764,0.7286341786384583,K
0.31829461455345154,0.8254550695419312,0.3661074638366699,0.7701980471611023,0.3843723237514496,0.705818772315979,0.37589967250823975,0.6426135301589966,0.36130714416503906,0.5922647714614868,0.3764069080352783,0.6763164401054382,0.38996437191963196,0.6032558083534241,0.3941502571105957,0.5586141347885132,0.39710867404937744,0.5160619020462036,0.34692034125328064,0.67400062084198,0.3460264205932617,0.6160182356834412,0.34213393926620483,0.5826056599617004,0.33759069442749023,0.5513911247253418,0.31644007563591003,0.684073269367218,0.3158644139766693,0.6374182105064392,0.32001352310180664,0.6913784742355347,0.3204708397388458,0.7255978584289551,0.28625160455703735,0.6990227103233337,0.2892790138721466,0.6622784733772278,0.2942016124725342,0.700179934501648,0.295925498008728,0.7269229888916016,K
0.31621670722961426,0.8257911205291748,0.36483338475227356,0.7730962038040161,0.3836296498775482,0.7088271975517273,0.37583866715431213,0.6456961035728455,0.3623857796192169,0.5964850783348083,0.37484627962112427,0.6758968830108643,0.3886270821094513,0.6023932099342346,0.3923463821411133,0.5573016405105591,0.3947364091873169,0.5153017044067383,0.3456788957118988,0.6740783452987671,0.3441515564918518,0.6163922548294067,0.33933374285697937,0.5811180472373962,0.33438944816589355,0.5493727326393127,0.31588616967201233,0.6844826340675354,0.31416407227516174,0.6376428604125977,0.3190241754055023,0.6898177266120911,0.3203013837337494,0.7256920337677002,0.28609561920166016,0.700252890586853,0.287980318069458,0.6621168851852417,0.2942620515823364,0.6997050046920776,0.2974623441696167,0.7287229299545288,K
0.3165229558944702,0.826687753200531,0.3654678761959076,0.7717716097831726,0.3824169933795929,0.7077903747558594,0.3736892342567444,0.6461952924728394,0.3591863214969635,0.5980069041252136,0.37443333864212036,0.6742712259292603,0.3871002793312073,0.6024144887924194,0.39052891731262207,0.5572096109390259,0.39258015155792236,0.5151954889297485,0.34490954875946045,0.6735265851020813,0.34232181310653687,0.6154186725616455,0.337917298078537,0.5792493224143982,0.3325715959072113,0.54852294921875,0.31482377648353577,0.6843827366828918,0.31222274899482727,0.6369240880012512,0.3185437023639679,0.6903023719787598,0.3203513026237488,0.7274214625358582,0.28469523787498474,0.6991971135139465,0.2865420877933502,0.6607040762901306,0.29345428943634033,0.6990648508071899,0.29764416813850403,0.7292003631591797,K
0.3167884647846222,0.8276022672653198,0.3649662137031555,0.7721399068832397,0.3820662498474121,0.7069239020347595,0.37311822175979614,0.644431471824646,0.3585294485092163,0.5944507718086243,0.3740403354167938,0.6738139390945435,0.38644641637802124,0.6004550457000732,0.38965508341789246,0.5555227398872375,0.391263872385025,0.5134299397468567,0.34449467062950134,0.6728268265724182,0.3420846164226532,0.6154471039772034,0.33739137649536133,0.5814603567123413,0.3320821225643158,0.5500810146331787,0.3141756057739258,0.6839649677276611,0.3115013837814331,0.6377261877059937,0.3173275291919708,0.6927899718284607,0.3190695345401764,0.7280305027961731,0.2838689088821411,0.6992844939231873,0.2855117619037628,0.6612878441810608,0.2917911410331726,0.7010423541069031,0.2952684760093689,0.7296315431594849,K
0.31687062978744507,0.8287279605865479,0.3642595410346985,0.7730194330215454,0.3818110525608063,0.7082288861274719,0.3725563883781433,0.644923985004425,0.35885268449783325,0.593993067741394,0.37412765622138977,0.6753337383270264,0.3865652084350586,0.6014761924743652,0.38973891735076904,0.5560552477836609,0.3916184902191162,0.513433039188385,0.3446516692638397,0.6734886169433594,0.3431813418865204,0.6156540513038635,0.3387531340122223,0.5817602872848511,0.3337835967540741,0.5506714582443237,0.314169704914093,0.6839685440063477,0.312277615070343,0.6373753547668457,0.3174428641796112,0.6913555264472961,0.3187348544597626,0.7272924184799194,0.28388190269470215,0.6992323398590088,0.2857571840286255,0.6618519425392151,0.2918069362640381,0.7009786367416382,0.29485875368118286,0.7304314970970154,K
0.3171485960483551,0.8273334503173828,0.36462438106536865,0.7702508568763733,0.38172945380210876,0.7057344913482666,0.37277546525001526,0.64276123046875,0.3580056428909302,0.5926197171211243,0.3739306628704071,0.6749686598777771,0.38737037777900696,0.6014595627784729,0.3914872109889984,0.5563226342201233,0.3940886855125427,0.5136263966560364,0.34449055790901184,0.6731172204017639,0.34245169162750244,0.6155760288238525,0.33863338828086853,0.5816978216171265,0.3338000178337097,0.5508812665939331,0.31401365995407104,0.6835991144180298,0.3124198615550995,0.63711017370224,0.31788569688796997,0.6916635036468506,0.3186183571815491,0.7270745635032654,0.2837962508201599,0.6984571218490601,0.2862395644187927,0.6599438786506653,0.2921660840511322,0.6985194087028503,0.2943952679634094,0.7273575067520142,K
0.31615978479385376,0.8289957046508789,0.3644908368587494,0.7728893160820007,0.3818446397781372,0.7068628072738647,0.37178903818130493,0.6433731317520142,0.3572266697883606,0.5940139889717102,0.37472084164619446,0.6759282350540161,0.3880768120288849,0.6026538610458374,0.3925143778324127,0.5571213960647583,0.3955536186695099,0.5142255425453186,0.3448309004306793,0.6733464002609253,0.3425998091697693,0.6165123581886292,0.33840158581733704,0.5832325220108032,0.33373478055000305,0.553250253200531,0.314006507396698,0.683482825756073,0.3119482398033142,0.6371589303016663,0.3172026574611664,0.6909460425376892,0.3183388411998749,0.7279086112976074,0.28338927030563354,0.6993855237960815,0.2853391766548157,0.6614103317260742,0.2919718325138092,0.70000821352005,0.29538702964782715,0.7306407690048218,K
0.31678611040115356,0.8309664726257324,0.36421120166778564,0.7737981081008911,0.3825986683368683,0.706443727016449,0.37247270345687866,0.6426044702529907,0.35697656869888306,0.5923249125480652,0.37621262669563293,0.6765879392623901,0.3916285037994385,0.6032347083091736,0.3972991704940796,0.5577403903007507,0.40122923254966736,0.514930784702301,0.3462580740451813,0.6735155582427979,0.34469175338745117,0.6158860921859741,0.3402937054634094,0.5821816325187683,0.33463427424430847,0.5530993342399597,0.3151451349258423,0.6830398440361023,0.3139296770095825,0.636766791343689,0.31806063652038574,0.6915686130523682,0.31778088212013245,0.7287876009941101,0.2840079963207245,0.6973158717155457,0.2869482636451721,0.6592376828193665,0.29209381341934204,0.6982406377792358,0.2937588393688202,0.7285579442977905,K
0.31737443804740906,0.8303176164627075,0.36452630162239075,0.7742606997489929,0.38278627395629883,0.7065917253494263,0.37074315547943115,0.6432915329933167,0.35508993268013,0.5936564207077026,0.3782842755317688,0.6751709580421448,0.3940372169017792,0.6026793718338013,0.39991170167922974,0.557914137840271,0.4038759469985962,0.5166800618171692,0.3473823666572571,0.6723204255104065,0.3456634283065796,0.615263819694519,0.3402017652988434,0.5835601091384888,0.3339403569698334,0.5559371709823608,0.3156570494174957,0.6822848916053772,0.31513699889183044,0.6391353011131287,0.31910696625709534,0.6932690143585205,0.3188297748565674,0.7293047308921814,0.2844045162200928,0.6976022720336914,0.288200318813324,0.6624547243118286,0.29306459426879883,0.7021718621253967,0.2942637503147125,0.7319658398628235,K
0.31663376092910767,0.8307210803031921,0.3632400929927826,0.7751907110214233,0.3800725042819977,0.7089074850082397,0.3696311116218567,0.6447820067405701,0.35451188683509827,0.5939642190933228,0.3769358992576599,0.6751118302345276,0.3917688727378845,0.6031609773635864,0.3973188102245331,0.5580190420150757,0.4014551043510437,0.5157294869422913,0.346209853887558,0.6727509498596191,0.34424248337745667,0.6162585616111755,0.3382068872451782,0.5840174555778503,0.33231619000434875,0.5554139614105225,0.314542680978775,0.6827648878097534,0.3142280578613281,0.6397031545639038,0.3179697096347809,0.6938822269439697,0.31829795241355896,0.7297574877738953,0.2835848927497864,0.6980434656143188,0.2870473861694336,0.662517249584198,0.2923639714717865,0.7025112509727478,0.2948985695838928,0.7324873805046082,K
0.3168194591999054,0.8318264484405518,0.3637484610080719,0.7773236036300659,0.3820945620536804,0.7101671099662781,0.37132972478866577,0.6455003023147583,0.35556772351264954,0.5946842432022095,0.377216100692749,0.6763594150543213,0.3918784558773041,0.6028535962104797,0.3973623812198639,0.5573631525039673,0.4011523127555847,0.51475590467453,0.34657981991767883,0.6733800768852234,0.34469854831695557,0.6168797612190247,0.3397787809371948,0.5848027467727661,0.33388349413871765,0.5562108159065247,0.3149935305118561,0.6830893754959106,0.3147679567337036,0.6385229825973511,0.3186955451965332,0.6929735541343689,0.3183264136314392,0.729285478591919,0.28382813930511475,0.69777911901474,0.28770995140075684,0.6622363924980164,0.29246893525123596,0.7024164199829102,0.2937334179878235,0.7330366969108582,K
0.3176024258136749,0.8285892605781555,0.36511558294296265,0.7743724584579468,0.38292157649993896,0.7072397470474243,0.3708731234073639,0.6432283520698547,0.3555915653705597,0.592729926109314,0.37723472714424133,0.6746152639389038,0.39209482073783875,0.6018291711807251,0.3974250555038452,0.5568422079086304,0.40091773867607117,0.5144220590591431,0.34658733010292053,0.6722922325134277,0.3453042507171631,0.6157551407814026,0.3402993977069855,0.5845468044281006,0.3342965841293335,0.5555667281150818,0.31527161598205566,0.6824289560317993,0.31579506397247314,0.6387971043586731,0.3197823464870453,0.6936578154563904,0.3190387785434723,0.7288378477096558,0.28443700075149536,0.697100818157196,0.28884026408195496,0.6613075733184814,0.2935453951358795,0.7014517784118652,0.2941109538078308,0.7307978868484497,K
0.3191981911659241,0.8287267684936523,0.36673688888549805,0.7743486166000366,0.3838452398777008,0.7072471976280212,0.3719817101955414,0.644011378288269,0.35738202929496765,0.5935825109481812,0.378447949886322,0.6745052933692932,0.39315271377563477,0.6015691161155701,0.39875876903533936,0.5564414262771606,0.4023553133010864,0.5145025253295898,0.3478292226791382,0.6722130179405212,0.34609317779541016,0.6145743131637573,0.34145042300224304,0.584074079990387,0.33578920364379883,0.5565904378890991,0.3163938522338867,0.682545006275177,0.31614169478416443,0.6383744478225708,0.3208126127719879,0.6933454275131226,0.320695161819458,0.7290397882461548,0.28515610098838806,0.6984515190124512,0.28906843066215515,0.662112832069397,0.294567346572876,0.7021146416664124,0.29579317569732666,0.7316598892211914,K
0.3188762664794922,0.8289312124252319,0.3657022714614868,0.7760069370269775,0.3838592767715454,0.7097243070602417,0.3725741505622864,0.6463648676872253,0.358867883682251,0.5947310328483582,0.3792124390602112,0.6738654375076294,0.39364466071128845,0.6008502840995789,0.39900973439216614,0.5556027889251709,0.4026712477207184,0.5138128399848938,0.3483995199203491,0.6720113754272461,0.3457680642604828,0.6139712929725647,0.34142595529556274,0.5833233594894409,0.3362889885902405,0.5559747219085693,0.3169115483760834,0.6827425360679626,0.31553149223327637,0.6391294598579407,0.3207177221775055,0.6947072148323059,0.3213101625442505,0.7303246259689331,0.2859058380126953,0.698286771774292,0.289114385843277,0.6623895168304443,0.2946546673774719,0.7030084133148193,0.2963569462299347,0.7323204874992371,K
0.3185088038444519,0.8268812894821167,0.36621949076652527,0.7731316685676575,0.38269704580307007,0.7068449854850769,0.3713218569755554,0.643013596534729,0.35689684748649597,0.5930883884429932,0.37679988145828247,0.6742671728134155,0.3913634717464447,0.6005591154098511,0.3967844545841217,0.5549722909927368,0.40085628628730774,0.5125089883804321,0.3464156985282898,0.6715512871742249,0.34519436955451965,0.6151569485664368,0.34097713232040405,0.5828555822372437,0.33632892370224,0.5544750094413757,0.31551170349121094,0.6809055209159851,0.31534287333488464,0.6366328597068787,0.3199823200702667,0.6900902986526489,0.3204435408115387,0.7270352840423584,0.28539326786994934,0.6955435276031494,0.28909778594970703,0.6584704518318176,0.29481232166290283,0.6972564458847046,0.2969648241996765,0.7282342314720154,K
0.3183744549751282,0.8266336917877197,0.365979939699173,0.7725611329078674,0.3838210999965668,0.7049787044525146,0.3717982769012451,0.6409941911697388,0.35690081119537354,0.5905789136886597,0.3772622048854828,0.6734243631362915,0.39132922887802124,0.5998780131340027,0.39665451645851135,0.5546395778656006,0.40026330947875977,0.5121372938156128,0.3468914031982422,0.6710004210472107,0.3453739881515503,0.614448606967926,0.34110456705093384,0.5832546949386597,0.3356584906578064,0.5546979308128357,0.31588658690452576,0.6810433864593506,0.3153466582298279,0.6365010142326355,0.31982406973838806,0.6918794512748718,0.31962788105010986,0.7276559472084045,0.28536346554756165,0.6957400441169739,0.2893504798412323,0.6587353348731995,0.2941735088825226,0.6990949511528015,0.2952699065208435,0.7288059592247009,K
0.31936749815940857,0.8264584541320801,0.3672064244747162,0.7718236446380615,0.38375189900398254,0.7040380239486694,0.37161412835121155,0.6408894062042236,0.35682106018066406,0.59037184715271,0.3778378665447235,0.6717609167098999,0.3917889893054962,0.5991015434265137,0.3971923291683197,0.5539777278900146,0.4009896218776703,0.511792004108429,0.34738650918006897,0.6696459054946899,0.34504857659339905,0.6131337285041809,0.34048447012901306,0.5822880864143372,0.3354426324367523,0.5537636876106262,0.31606757640838623,0.6802824139595032,0.31597378849983215,0.6362484097480774,0.3204709589481354,0.6917182803153992,0.32062000036239624,0.7267710566520691,0.2851605713367462,0.6958350539207458,0.28949984908103943,0.659295916557312,0.294826865196228,0.7000271081924438,0.296368807554245,0.7291163206100464,K
0.3192903399467468,0.8250426650047302,0.3669385313987732,0.7697279453277588,0.3830357789993286,0.7031452655792236,0.3708522915840149,0.6403152942657471,0.35616710782051086,0.590721607208252,0.37751439213752747,0.6722878813743591,0.39149996638298035,0.5994307398796082,0.39671677350997925,0.5541796088218689,0.40046226978302,0.5117276906967163,0.34703192114830017,0.670261025428772,0.34485992789268494,0.6143254637718201,0.34068042039871216,0.5825353264808655,0.3360525965690613,0.5535100102424622,0.31583043932914734,0.6804592609405518,0.3154977262020111,0.6360748410224915,0.32022279500961304,0.6896920800209045,0.3204357922077179,0.7250629663467407,0.28543025255203247,0.6953309774398804,0.2894022762775421,0.658125102519989,0.29457542300224304,0.6973609328269958,0.29594123363494873,0.7271239757537842,K
0.3186309337615967,0.8248410224914551,0.36633357405662537,0.770737886428833,0.3837999403476715,0.7037004828453064,0.37236547470092773,0.6396982669830322,0.3578401803970337,0.5888916850090027,0.37725770473480225,0.6716673374176025,0.3914932608604431,0.5986815094947815,0.3965282440185547,0.5534823536872864,0.39987847208976746,0.5111537575721741,0.34695300459861755,0.6696696281433105,0.34468838572502136,0.6136281490325928,0.34072384238243103,0.5823811888694763,0.33585506677627563,0.5536432266235352,0.31589388847351074,0.6799995303153992,0.3156571388244629,0.6350433230400085,0.32054802775382996,0.6897883415222168,0.3203807771205902,0.7252228260040283,0.2851938307285309,0.694858968257904,0.28943297266960144,0.6579121947288513,0.2948855459690094,0.6977199912071228,0.29621249437332153,0.727288544178009,K
0.3214719295501709,0.8256384134292603,0.36898893117904663,0.7695578336715698,0.3853018879890442,0.7015363574028015,0.3724069893360138,0.6385784149169922,0.3571735620498657,0.589201807975769,0.37869536876678467,0.670556902885437,0.3925345242023468,0.5974543690681458,0.3978312611579895,0.5525962114334106,0.4015309810638428,0.5106019973754883,0.34857043623924255,0.6685802340507507,0.3462490737438202,0.6128377914428711,0.3424287736415863,0.5813366174697876,0.3376324474811554,0.5523768663406372,0.3176504373550415,0.6789276003837585,0.31730180978775024,0.6348534226417542,0.32214125990867615,0.6887970566749573,0.3221883773803711,0.7240707874298096,0.2872658967971802,0.6940726041793823,0.29131820797920227,0.6579071879386902,0.29634004831314087,0.6971260905265808,0.29752641916275024,0.7262582778930664,K
0.32080283761024475,0.824878454208374,0.36865749955177307,0.7696141004562378,0.3849440813064575,0.7008486390113831,0.37224581837654114,0.6371713280677795,0.3575928509235382,0.5871112942695618,0.3788186311721802,0.6701184511184692,0.3924383521080017,0.5965379476547241,0.3976700007915497,0.5512765049934387,0.40118932723999023,0.5089716911315918,0.3486078083515167,0.6686887741088867,0.3463662564754486,0.6114940047264099,0.34233707189559937,0.5804857611656189,0.33767110109329224,0.5517852306365967,0.31776028871536255,0.6794255971908569,0.3168681859970093,0.634512722492218,0.32171523571014404,0.6894664168357849,0.32221969962120056,0.7246429324150085,0.2874201536178589,0.6947226524353027,0.2906743288040161,0.657295823097229,0.29605820775032043,0.6970804929733276,0.29778212308883667,0.7259998321533203,K
