0.2665488123893738,0.7855791449546814,0.3015023469924927,0.7597441673278809,0.3184080123901367,0.7053848505020142,0.2852865755558014,0.6666280031204224,0.2521716058254242,0.6420066952705383,0.31909704208374023,0.6154358983039856,0.3317372798919678,0.5465859174728394,0.33849093317985535,0.5052639245986938,0.34125441312789917,0.46548962593078613,0.28653743863105774,0.6083613634109497,0.2952565550804138,0.5316516160964966,0.2976461350917816,0.48586949706077576,0.29764649271965027,0.443004846572876,0.2570418119430542,0.6211931109428406,0.2492157220840454,0.5521964430809021,0.24523578584194183,0.5087029933929443,0.23958873748779297,0.4680512547492981,0.23044750094413757,0.6489156484603882,0.23680560290813446,0.6080414652824402,0.24619585275650024,0.6379743218421936,0.25071078538894653,0.6694284677505493,W
0.2668057680130005,0.7828337550163269,0.30298030376434326,0.7561835646629333,0.32069993019104004,0.7014551162719727,0.2870522439479828,0.6625186800956726,0.25292110443115234,0.6378099918365479,0.32117539644241333,0.6122796535491943,0.33402779698371887,0.5442032814025879,0.34056317806243896,0.5027416944503784,0.34310904145240784,0.46341967582702637,0.2881287932395935,0.6042407155036926,0.2964429557323456,0.5291043519973755,0.29912328720092773,0.48321765661239624,0.2994491159915924,0.4405001401901245,0.2583532929420471,0.6167305707931519,0.2503218352794647,0.5486626625061035,0.24674555659294128,0.5047171115875244,0.24158015847206116,0.4640422463417053,0.23178407549858093,0.6439462304115295,0.2383936494588852,0.6057769656181335,0.24860382080078125,0.6349099278450012,0.25403159856796265,0.665363073348999,W
0.26642170548439026,0.774631679058075,0.30254268646240234,0.7483730912208557,0.3204706907272339,0.694725513458252,0.28748613595962524,0.6553792357444763,0.2534392476081848,0.6289682388305664,0.3218778371810913,0.6048957705497742,0.3346653878688812,0.5377442836761475,0.341583251953125,0.49717292189598083,0.344282329082489,0.45797044038772583,0.2892702519893646,0.59642094373703,0.29819557070732117,0.5217862129211426,0.30112457275390625,0.4763334393501282,0.3017481565475464,0.4339839816093445,0.2594682574272156,0.6086328029632568,0.2519877254962921,0.5405080318450928,0.24863897264003754,0.49630802869796753,0.24347640573978424,0.45534396171569824,0.23273354768753052,0.6354041695594788,0.24160216748714447,0.597598671913147,0.2516973316669464,0.6276440024375916,0.2564305067062378,0.6584926247596741,W
0.2693186104297638,0.766377329826355,0.306477814912796,0.7380850911140442,0.32491976022720337,0.68477463722229,0.29230913519859314,0.6465350985527039,0.25782281160354614,0.6205625534057617,0.32715144753456116,0.5970942378044128,0.3400498628616333,0.5295057892799377,0.3471232056617737,0.48891451954841614,0.35014134645462036,0.4507031738758087,0.293606162071228,0.5882787704467773,0.3023436367511749,0.5145061612129211,0.30565062165260315,0.46890467405319214,0.30692988634109497,0.426852285861969,0.2624654769897461,0.6008967161178589,0.2545032799243927,0.5332673788070679,0.2520453929901123,0.4882868528366089,0.2479262351989746,0.44702285528182983,0.23426634073257446,0.6281054615974426,0.2441052794456482,0.5944049954414368,0.2554183602333069,0.622206449508667,0.2611585855484009,0.6506741642951965,W
0.27901172637939453,0.7635049819946289,0.31507906317710876,0.736395537853241,0.33410051465034485,0.6808524131774902,0.30262070894241333,0.6409136652946472,0.2685951292514801,0.61465984582901,0.33291029930114746,0.5960795283317566,0.3461533188819885,0.5277161002159119,0.35323143005371094,0.48564088344573975,0.35640841722488403,0.44686055183410645,0.29994723200798035,0.5876121520996094,0.3090546727180481,0.5116976499557495,0.3131425380706787,0.4638746976852417,0.313895046710968,0.42203134298324585,0.269677072763443,0.6000165343284607,0.26204347610473633,0.5312785506248474,0.2609381675720215,0.48638832569122314,0.2567426264286041,0.44750648736953735,0.24311871826648712,0.6267458200454712,0.253377765417099,0.596278727054596,0.2643585801124573,0.6251691579818726,0.2679668366909027,0.6548647880554199,W
0.28618311882019043,0.7673850059509277,0.3217138648033142,0.7415674328804016,0.340135782957077,0.6860196590423584,0.3077285587787628,0.6457774639129639,0.27266639471054077,0.6217597126960754,0.3389977216720581,0.6001664400100708,0.35166698694229126,0.5311901569366455,0.3581632971763611,0.489297479391098,0.36091163754463196,0.4501597285270691,0.3062199056148529,0.5911771059036255,0.3147515654563904,0.5151522159576416,0.31810078024864197,0.4677082300186157,0.3185622990131378,0.42581337690353394,0.27713531255722046,0.6024928689002991,0.268792062997818,0.5341396927833557,0.2667955160140991,0.4898481070995331,0.2623940110206604,0.45158642530441284,0.25174933671951294,0.627738893032074,0.2602885663509369,0.5968366861343384,0.27154695987701416,0.6255826950073242,0.2766653001308441,0.6552181243896484,W
0.28569933772087097,0.7744504809379578,0.31969356536865234,0.74932461977005,0.33684414625167847,0.6948565244674683,0.305931955575943,0.6548312306404114,0.2726236581802368,0.6296290159225464,0.337682843208313,0.6046391129493713,0.35154062509536743,0.53489089012146,0.35903897881507874,0.4933387041091919,0.36236321926116943,0.454517662525177,0.3052728772163391,0.5978046655654907,0.31393933296203613,0.5202439427375793,0.31716257333755493,0.4740501046180725,0.31768128275871277,0.43388277292251587,0.27643483877182007,0.6108653545379639,0.269269734621048,0.5419355630874634,0.26606741547584534,0.49904078245162964,0.26048189401626587,0.46213388442993164,0.2511284053325653,0.6379555463790894,0.26159369945526123,0.6040240526199341,0.2707907259464264,0.6337373852729797,0.2735680937767029,0.6648975610733032,W
0.2857728898525238,0.7859882116317749,0.3189598321914673,0.7593826055526733,0.3358098864555359,0.7039216756820679,0.30447372794151306,0.6641411185264587,0.2697985768318176,0.6391869187355042,0.3353631794452667,0.613403856754303,0.34640049934387207,0.5442689061164856,0.3526819944381714,0.5029427409172058,0.35590049624443054,0.46368080377578735,0.30290719866752625,0.6068832278251648,0.3096221089363098,0.5315250158309937,0.3117355406284332,0.48611295223236084,0.3125664293766022,0.44637197256088257,0.27409428358078003,0.6207039952278137,0.26535552740097046,0.5524504780769348,0.260565847158432,0.5102404952049255,0.25428205728530884,0.4735976755619049,0.24912932515144348,0.649033784866333,0.25660592317581177,0.6175073385238647,0.2665414810180664,0.6482545137405396,0.2704896032810211,0.679894208908081,W
0.29531893134117126,0.7948866486549377,0.32960245013237,0.7678185701370239,0.3472815752029419,0.7138758301734924,0.31543880701065063,0.6775463819503784,0.28201788663864136,0.6571852564811707,0.3432771861553192,0.6251147985458374,0.35509803891181946,0.5590011477470398,0.3609847128391266,0.5197047591209412,0.3640456795692444,0.48152026534080505,0.31072255969047546,0.6182113885879517,0.3179580271244049,0.544238269329071,0.3206562101840973,0.5005385875701904,0.32164299488067627,0.4602760374546051,0.2825530767440796,0.6316173076629639,0.2740214765071869,0.5649349689483643,0.27143803238868713,0.522998571395874,0.26765429973602295,0.4844856858253479,0.25939297676086426,0.6594623923301697,0.26297131180763245,0.6208516955375671,0.2740894854068756,0.6466943621635437,0.28070491552352905,0.6752294898033142,W
0.2995777428150177,0.7917027473449707,0.3349181115627289,0.7672705054283142,0.3556536138057709,0.7152937054634094,0.3259333372116089,0.6767598390579224,0.2932277321815491,0.65497225522995,0.35082143545150757,0.62619948387146,0.3619500398635864,0.5616490244865417,0.36679211258888245,0.5222440958023071,0.3691674470901489,0.4849646985530853,0.3191709518432617,0.6184245944023132,0.3253780007362366,0.5474488735198975,0.3274694085121155,0.5037176609039307,0.32797640562057495,0.46454793214797974,0.2914893925189972,0.630835235118866,0.2828487455844879,0.5656384229660034,0.279547780752182,0.5242094397544861,0.2752614915370941,0.48725324869155884,0.26704806089401245,0.6571370959281921,0.2708202302455902,0.6185520887374878,0.2808076739311218,0.641434371471405,0.2870461344718933,0.6678664088249207,W
0.3051814138889313,0.7958271503448486,0.3389378786087036,0.7718849182128906,0.3578200936317444,0.7201160192489624,0.32962095737457275,0.6813033223152161,0.296869695186615,0.6602276563644409,0.3531560003757477,0.6339994668960571,0.3647334575653076,0.5696184039115906,0.3706093430519104,0.530342161655426,0.3737318217754364,0.4926619529724121,0.32212239503860474,0.6276025772094727,0.3281784653663635,0.5560010671615601,0.3303169310092926,0.5132635235786438,0.33068057894706726,0.4741915464401245,0.2952311336994171,0.6400237083435059,0.2874760627746582,0.5762933492660522,0.28341829776763916,0.5357463955879211,0.2775973379611969,0.4991726577281952,0.27169710397720337,0.6660768389701843,0.27844125032424927,0.6262401342391968,0.28899461030960083,0.6524559855461121,0.29456719756126404,0.682769238948822,W
0.30623382329940796,0.7975224256515503,0.3393886089324951,0.7735431790351868,0.35665497183799744,0.7232846021652222,0.3282289505004883,0.6857938170433044,0.2975434362888336,0.6637758016586304,0.35250186920166016,0.6377646327018738,0.362822949886322,0.5747294425964355,0.36844557523727417,0.5365076065063477,0.3714512288570404,0.49907368421554565,0.32230478525161743,0.6321909427642822,0.3276641070842743,0.5620263814926147,0.32956576347351074,0.5207010507583618,0.32978683710098267,0.4825926423072815,0.29638394713401794,0.6449214816093445,0.28768134117126465,0.5822333693504333,0.28367745876312256,0.5427320003509521,0.2784637212753296,0.5071197748184204,0.2739589512348175,0.670319676399231,0.28013181686401367,0.6306967735290527,0.2900925278663635,0.6560821533203125,0.2958175539970398,0.6847631931304932,W
0.30498528480529785,0.7854725122451782,0.3389623463153839,0.7600030899047852,0.3571777045726776,0.7105030417442322,0.32938718795776367,0.6721550226211548,0.2982058525085449,0.6494163870811462,0.3530370891094208,0.6275568604469299,0.36460527777671814,0.565066933631897,0.370731383562088,0.5272823572158813,0.3734687864780426,0.4916388988494873,0.32380548119544983,0.6206411123275757,0.33025020360946655,0.5510812997817993,0.33212044835090637,0.509056031703949,0.33259233832359314,0.47199541330337524,0.29784590005874634,0.6332518458366394,0.2892048954963684,0.570631206035614,0.28570207953453064,0.5301638245582581,0.28133705258369446,0.49392613768577576,0.274263471364975,0.659812867641449,0.2801138460636139,0.6203587055206299,0.29123684763908386,0.6431722044944763,0.29870134592056274,0.6699447631835938,W
0.30609050393104553,0.7736140489578247,0.33935707807540894,0.7478392124176025,0.35684216022491455,0.6975278258323669,0.3288028836250305,0.6601709723472595,0.29774388670921326,0.6395385265350342,0.3513216972351074,0.6149896383285522,0.36152759194374084,0.5520961880683899,0.36699575185775757,0.5138009786605835,0.3691774010658264,0.47855234146118164,0.3222738802433014,0.6097177267074585,0.32733482122421265,0.5402580499649048,0.3284856975078583,0.49864619970321655,0.32876554131507874,0.46207767724990845,0.29680463671684265,0.6230287551879883,0.2874706983566284,0.5612115859985352,0.2832694947719574,0.5212270617485046,0.2791428565979004,0.48576924204826355,0.2740126848220825,0.6494261026382446,0.27867358922958374,0.6123698949813843,0.2900238037109375,0.6338194012641907,0.29865169525146484,0.6597785949707031,W
0.3082731068134308,0.7631528377532959,0.341807097196579,0.7373993396759033,0.35917985439300537,0.6873908638954163,0.3336063623428345,0.6498464345932007,0.3027571439743042,0.6277266144752502,0.3551587462425232,0.606618344783783,0.36692652106285095,0.5463323593139648,0.37297606468200684,0.509024441242218,0.37524306774139404,0.4747138023376465,0.32704734802246094,0.5995085835456848,0.3333663046360016,0.5317936539649963,0.33591780066490173,0.49014002084732056,0.3368438482284546,0.4533553123474121,0.30126726627349854,0.6122139096260071,0.29266053438186646,0.5510314106941223,0.29026418924331665,0.5116553902626038,0.28657978773117065,0.4763532876968384,0.277965784072876,0.6385781168937683,0.2852531969547272,0.6047360897064209,0.297568678855896,0.6285973787307739,0.30529680848121643,0.6556588411331177,W
0.3070181608200073,0.7577013969421387,0.33984649181365967,0.7313148975372314,0.3561636209487915,0.6818554997444153,0.32961997389793396,0.6458336114883423,0.29995808005332947,0.6256682872772217,0.3519877791404724,0.6045563220977783,0.36285048723220825,0.5436782836914062,0.36843904852867126,0.5067138075828552,0.37102511525154114,0.47222328186035156,0.3238498270511627,0.5999131202697754,0.3298448622226715,0.5323354601860046,0.3322696387767792,0.4914550185203552,0.3329036831855774,0.45514723658561707,0.2988944947719574,0.6126987338066101,0.2909332811832428,0.5522173047065735,0.28845882415771484,0.512421727180481,0.2848336100578308,0.4774034917354584,0.27692723274230957,0.6375044584274292,0.2805981934070587,0.6047406196594238,0.29017508029937744,0.6243438124656677,0.296010822057724,0.6477382183074951,W
0.29880812764167786,0.7561299800872803,0.3307902216911316,0.7315769195556641,0.3458905816078186,0.6840552091598511,0.3194800019264221,0.6481185555458069,0.2907075583934784,0.6269771456718445,0.34210410714149475,0.6032235622406006,0.35279205441474915,0.5439445376396179,0.3576433062553406,0.5065978169441223,0.3600377142429352,0.4714567959308624,0.31450605392456055,0.5985809564590454,0.3185811936855316,0.5332195162773132,0.320200651884079,0.49302494525909424,0.3209816515445709,0.45767563581466675,0.2905741333961487,0.6112856864929199,0.2818767726421356,0.550965428352356,0.2785905599594116,0.5125654339790344,0.27528369426727295,0.4800010621547699,0.2697533965110779,0.6359164118766785,0.2714405655860901,0.6017534732818604,0.279506117105484,0.6214317083358765,0.2854340076446533,0.6455145478248596,W
0.29886549711227417,0.7544546723365784,0.3293551504611969,0.7307817339897156,0.3435857892036438,0.6830878257751465,0.31645703315734863,0.6482963562011719,0.2887614071369171,0.6267623901367188,0.3420315384864807,0.6043975949287415,0.3529841899871826,0.5444515347480774,0.35877305269241333,0.5078263282775879,0.3612065017223358,0.4736999571323395,0.3143145442008972,0.5994471311569214,0.320125013589859,0.5338249802589417,0.3221837878227234,0.4932268261909485,0.3224455714225769,0.45697227120399475,0.28996700048446655,0.6120241284370422,0.2816525995731354,0.552103579044342,0.27836331725120544,0.5123142004013062,0.27452749013900757,0.4768937826156616,0.2687821686267853,0.637080192565918,0.27117979526519775,0.6073724031448364,0.2795449197292328,0.6276220083236694,0.28490006923675537,0.6495232582092285,W
0.3035443425178528,0.7564280033111572,0.3344990313053131,0.7336766123771667,0.350607305765152,0.6862639784812927,0.32439178228378296,0.6505002975463867,0.2949012815952301,0.6304708123207092,0.3490159511566162,0.6074895262718201,0.3594408929347992,0.5474629998207092,0.3645074665546417,0.5103273391723633,0.36627548933029175,0.4760565161705017,0.32068943977355957,0.6010853052139282,0.3266439139842987,0.5358133912086487,0.3286435604095459,0.4944530129432678,0.3285693824291229,0.45727449655532837,0.2955853044986725,0.6132569313049316,0.2869454324245453,0.5536590814590454,0.28417128324508667,0.514046311378479,0.28029513359069824,0.47862595319747925,0.2734929025173187,0.6384075880050659,0.27713602781295776,0.6085830330848694,0.286384254693985,0.6286119222640991,0.2919158339500427,0.6507443189620972,W
0.308505117893219,0.7575121521949768,0.3405725359916687,0.7352303266525269,0.35700130462646484,0.6871635317802429,0.3306587338447571,0.6508848071098328,0.301249623298645,0.6294838786125183,0.35615572333335876,0.6079930663108826,0.3666255474090576,0.5475539565086365,0.3722808361053467,0.5104703903198242,0.37468475103378296,0.4762684106826782,0.3274497985839844,0.6009790301322937,0.3340480923652649,0.5350563526153564,0.3367535173892975,0.4931058883666992,0.33722764253616333,0.4558061361312866,0.3016851842403412,0.6129909753799438,0.29320627450942993,0.5518900752067566,0.2909162640571594,0.5122246146202087,0.28753340244293213,0.4765818119049072,0.2788095772266388,0.638079047203064,0.2834523320198059,0.6061811447143555,0.2919824421405792,0.6275500059127808,0.2967669665813446,0.650278627872467,W
0.3087103068828583,0.7560924291610718,0.34103548526763916,0.7330374717712402,0.3563801646232605,0.6846495866775513,0.3290970027446747,0.648160994052887,0.30105093121528625,0.6258386969566345,0.35489848256111145,0.6041590571403503,0.3654880225658417,0.5430379509925842,0.3713375926017761,0.5049883127212524,0.37361758947372437,0.4698362350463867,0.32664164900779724,0.598432719707489,0.3328946828842163,0.5315665602684021,0.3349553942680359,0.48915255069732666,0.33524635434150696,0.45148295164108276,0.3011826276779175,0.6108868718147278,0.2931409478187561,0.5489488840103149,0.29060041904449463,0.5082572102546692,0.2874125838279724,0.4724070131778717,0.2781444787979126,0.6367276310920715,0.2806285619735718,0.6062749624252319,0.28934404253959656,0.627013623714447,0.29510942101478577,0.6497668027877808,W
0.29752784967422485,0.7536822557449341,0.33017686009407043,0.7296307682991028,0.34504783153533936,0.6807759404182434,0.31641626358032227,0.6435556411743164,0.28650206327438354,0.6231905221939087,0.34394708275794983,0.5996683239936829,0.354133278131485,0.5372479557991028,0.3582073450088501,0.4982493221759796,0.3594930171966553,0.462159126996994,0.31549060344696045,0.5942510366439819,0.3200196623802185,0.5264544486999512,0.3208949565887451,0.484501451253891,0.3207678496837616,0.4481135606765747,0.29042428731918335,0.6067889928817749,0.28116559982299805,0.5443659424781799,0.2775099575519562,0.5048668384552002,0.2736826539039612,0.47110891342163086,0.2681058943271637,0.6317422389984131,0.2703215181827545,0.5981699228286743,0.278361976146698,0.6198241114616394,0.283989816904068,0.6447624564170837,W
0.28338828682899475,0.747786819934845,0.3142077922821045,0.721343994140625,0.32876056432724,0.6714885830879211,0.3000844419002533,0.6339134573936462,0.2694374620914459,0.6129041314125061,0.3294573128223419,0.5937947034835815,0.33919668197631836,0.5304193496704102,0.3431541323661804,0.4915068745613098,0.3442724347114563,0.45598578453063965,0.3015943467617035,0.5867555141448975,0.3062530755996704,0.5188744068145752,0.3063701093196869,0.4763510525226593,0.3051048517227173,0.43995851278305054,0.27664998173713684,0.5974603891372681,0.2660519778728485,0.5363084077835083,0.26046106219291687,0.49736371636390686,0.25478875637054443,0.4643567204475403,0.25393107533454895,0.6207234263420105,0.25498756766319275,0.5913384556770325,0.2622402310371399,0.6142040491104126,0.2672901451587677,0.6396233439445496,W
0.26687711477279663,0.7370571494102478,0.29922938346862793,0.7103217840194702,0.31315991282463074,0.6599604487419128,0.2806331217288971,0.6214781999588013,0.24953123927116394,0.6016554832458496,0.3151642382144928,0.5835269689559937,0.32395505905151367,0.5197052359580994,0.3273572623729706,0.48100191354751587,0.3281537890434265,0.44606316089630127,0.2861742079257965,0.5776389241218567,0.2905866801738739,0.5090636014938354,0.2906496524810791,0.4669244885444641,0.2899695336818695,0.4307079017162323,0.2603466212749481,0.5890253186225891,0.2504970133304596,0.5264098048210144,0.24467551708221436,0.4879244565963745,0.23923183977603912,0.4548717737197876,0.23659247159957886,0.6125571131706238,0.23813477158546448,0.5785863399505615,0.2442302703857422,0.6026270985603333,0.24827858805656433,0.6292639970779419,W
0.26274245977401733,0.7385874390602112,0.29258203506469727,0.7112480401992798,0.30372291803359985,0.6601211428642273,0.27095717191696167,0.6244240999221802,0.2396760880947113,0.6053438186645508,0.30686333775520325,0.5812690258026123,0.31408458948135376,0.5171836018562317,0.3166320025920868,0.47764164209365845,0.3171079754829407,0.4404674768447876,0.27788597345352173,0.5758167505264282,0.2805038094520569,0.5077251195907593,0.2800893783569336,0.4662918448448181,0.27933254837989807,0.4292865991592407,0.2523241341114044,0.5868253111839294,0.24214251339435577,0.523360013961792,0.23690326511859894,0.48558858036994934,0.2314470410346985,0.45289915800094604,0.22963102161884308,0.6097919344902039,0.2305806577205658,0.5723451375961304,0.2368425577878952,0.5955666899681091,0.24100500345230103,0.6224643588066101,W
0.2629621624946594,0.7424112558364868,0.2923709750175476,0.71692955493927,0.30431556701660156,0.6662311553955078,0.27297553420066833,0.6305631995201111,0.24227774143218994,0.6081514954566956,0.3074154555797577,0.5869808793067932,0.3155948519706726,0.5222289562225342,0.31932342052459717,0.4839121699333191,0.3203619718551636,0.447221040725708,0.27765128016471863,0.5811596512794495,0.2813882529735565,0.5113981366157532,0.28120189905166626,0.46965017914772034,0.27999624609947205,0.43149828910827637,0.25131845474243164,0.5920736789703369,0.24220940470695496,0.5292752981185913,0.237007737159729,0.4907643496990204,0.230637788772583,0.45670053362846375,0.22808367013931274,0.6151928305625916,0.23115217685699463,0.5820510387420654,0.24029307067394257,0.6085968613624573,0.24477621912956238,0.6374119520187378,W
0.2615509331226349,0.7402041554450989,0.2915674149990082,0.7132693529129028,0.3027830123901367,0.6622454524040222,0.2707805335521698,0.6253252029418945,0.24003157019615173,0.601302444934845,0.30485790967941284,0.58234703540802,0.3125869333744049,0.5192305445671082,0.3164095878601074,0.4806741774082184,0.3172977864742279,0.4437776803970337,0.2756050229072571,0.5768271684646606,0.2788641154766083,0.5084872245788574,0.27845269441604614,0.46731483936309814,0.277057021856308,0.4293021559715271,0.2495272010564804,0.588583767414093,0.2404581904411316,0.5265077352523804,0.2354789674282074,0.48795416951179504,0.22939948737621307,0.452873170375824,0.22643619775772095,0.6126497983932495,0.22870932519435883,0.5774440169334412,0.23785212635993958,0.6012076139450073,0.2432076632976532,0.6270714402198792,W
0.2582666873931885,0.735443115234375,0.28795963525772095,0.707859218120575,0.29905644059181213,0.6570122241973877,0.267172634601593,0.6201542615890503,0.2361028641462326,0.5964890122413635,0.30268803238868713,0.5775670409202576,0.3100486099720001,0.5140151381492615,0.3134143054485321,0.4758402705192566,0.31378695368766785,0.43992337584495544,0.27334415912628174,0.5726863145828247,0.27621549367904663,0.503400444984436,0.2755768895149231,0.4619101285934448,0.27389204502105713,0.42444562911987305,0.24712185561656952,0.5848283767700195,0.23761606216430664,0.5226958990097046,0.23254992067813873,0.48351213335990906,0.22644788026809692,0.4484279155731201,0.2241845726966858,0.6089248061180115,0.22668465971946716,0.5761324763298035,0.23499448597431183,0.601327121257782,0.2395935207605362,0.6281994581222534,W
0.25410377979278564,0.7332476377487183,0.2831440269947052,0.7062177062034607,0.2934683859348297,0.6561374068260193,0.2608449459075928,0.6203069686889648,0.23053230345249176,0.5966401100158691,0.2973686754703522,0.5761858224868774,0.30453935265541077,0.5119438767433167,0.3075034022331238,0.4723600745201111,0.3080562651157379,0.4355890154838562,0.2685251533985138,0.5722144842147827,0.27100303769111633,0.5028667449951172,0.27035605907440186,0.4602678120136261,0.26923704147338867,0.42284345626831055,0.24314925074577332,0.5848889350891113,0.23248349130153656,0.5217889547348022,0.2266950011253357,0.48236602544784546,0.2202414572238922,0.4481596350669861,0.22124119102954865,0.6091125011444092,0.22431056201457977,0.5772130489349365,0.2326337993144989,0.602952241897583,0.23720991611480713,0.6306821703910828,W
0.24945449829101562,0.7305785417556763,0.27776333689689636,0.7027878165245056,0.28731968998908997,0.6528935432434082,0.2538550794124603,0.6172473430633545,0.22244980931282043,0.5953251123428345,0.29311978816986084,0.5748264193534851,0.2993215024471283,0.5103396773338318,0.3019784390926361,0.4705147445201874,0.3021685481071472,0.43363749980926514,0.2642810642719269,0.5707168579101562,0.2661747336387634,0.5014646053314209,0.26531362533569336,0.45826318860054016,0.26403242349624634,0.42048758268356323,0.2384377419948578,0.5831466913223267,0.22705307602882385,0.5198866724967957,0.22126193344593048,0.47945043444633484,0.2150358259677887,0.44481298327445984,0.2157546877861023,0.6067976951599121,0.21962933242321014,0.5751539468765259,0.2280854731798172,0.6013633608818054,0.23291221261024475,0.6297976970672607,W
0.24529717862606049,0.7345977425575256,0.274105042219162,0.709283709526062,0.2836068868637085,0.6589367985725403,0.2505377233028412,0.6230446100234985,0.21915367245674133,0.6002442836761475,0.2873484492301941,0.5794820785522461,0.29421597719192505,0.5142256617546082,0.297078937292099,0.4743351936340332,0.29764434695243835,0.4373162090778351,0.25838616490364075,0.5749461054801941,0.26058369874954224,0.5042131543159485,0.2599591612815857,0.46174442768096924,0.25911930203437805,0.425209641456604,0.2331051230430603,0.5870197415351868,0.22172921895980835,0.5251966118812561,0.2155042439699173,0.4861682057380676,0.20880410075187683,0.45250746607780457,0.2120276242494583,0.6110970973968506,0.21471233665943146,0.5812211632728577,0.22253777086734772,0.6082161068916321,0.22620826959609985,0.6374044418334961,W
0.24439473450183868,0.7432091236114502,0.2728016674518585,0.7174072265625,0.28182682394981384,0.6679160594940186,0.24939852952957153,0.6299023628234863,0.21767783164978027,0.607837975025177,0.28535905480384827,0.586181104183197,0.29197219014167786,0.5210591554641724,0.29495343565940857,0.48186686635017395,0.2960670292377472,0.4456522464752197,0.2560787796974182,0.5821540951728821,0.2573176622390747,0.5106346011161804,0.2566390931606293,0.4683469533920288,0.2563658356666565,0.4322277903556824,0.2305106371641159,0.595068633556366,0.21920251846313477,0.5319333076477051,0.2133384644985199,0.49360376596450806,0.20726481080055237,0.46026375889778137,0.20914573967456818,0.6215807199478149,0.21041297912597656,0.5875918865203857,0.21910202503204346,0.611355185508728,0.22340048849582672,0.6391035914421082,W
0.24400515854358673,0.7503056526184082,0.27225595712661743,0.7246545553207397,0.2817703187465668,0.673927366733551,0.2494235783815384,0.6377808451652527,0.2182636260986328,0.6152167916297913,0.2861386835575104,0.5926713347434998,0.29256653785705566,0.5280020833015442,0.29549872875213623,0.48971080780029297,0.2962557375431061,0.45351266860961914,0.25667521357536316,0.5893478393554688,0.2583107352256775,0.5183755159378052,0.2568851709365845,0.47641462087631226,0.2554922103881836,0.43891918659210205,0.2311316877603531,0.602626621723175,0.21986086666584015,0.5398123860359192,0.21266798675060272,0.5018112063407898,0.20545926690101624,0.4678102731704712,0.20970647037029266,0.6285045742988586,0.21163436770439148,0.5967684388160706,0.22085998952388763,0.6238547563552856,0.22601231932640076,0.6523879170417786,W
0.24447429180145264,0.7567875385284424,0.27239710092544556,0.7316979765892029,0.2814036011695862,0.6803832650184631,0.24729704856872559,0.6436580419540405,0.21604982018470764,0.6200959086418152,0.28623777627944946,0.5998682379722595,0.2925527095794678,0.535801112651825,0.29512375593185425,0.4971528649330139,0.2954598665237427,0.4607611298561096,0.25666868686676025,0.5967533588409424,0.2577568590641022,0.5262271165847778,0.2560950219631195,0.48440220952033997,0.25460323691368103,0.4477763772010803,0.2314150035381317,0.6101197004318237,0.2195403128862381,0.54747474193573,0.2122003734111786,0.509480357170105,0.205066978931427,0.47607237100601196,0.2103331983089447,0.6356905102729797,0.21183809638023376,0.6064925193786621,0.2208476960659027,0.6345146298408508,0.22612619400024414,0.6632879376411438,W
0.24406762421131134,0.7688565254211426,0.271206259727478,0.7425079941749573,0.2798788249492645,0.6911049485206604,0.2476847767829895,0.6543323993682861,0.21659405529499054,0.631858766078949,0.28423261642456055,0.6097733974456787,0.2904244065284729,0.545764684677124,0.293050080537796,0.5069487690925598,0.29339471459388733,0.4705885350704193,0.25516971945762634,0.6057632565498352,0.2567853331565857,0.5360165238380432,0.25529763102531433,0.4942251741886139,0.25387024879455566,0.4579309821128845,0.22993157804012299,0.6184874773025513,0.21881087124347687,0.5563796162605286,0.21205396950244904,0.5194973349571228,0.20517513155937195,0.4876830577850342,0.20892347395420074,0.6441153883934021,0.20870447158813477,0.6143684387207031,0.216715008020401,0.6404781341552734,0.221235454082489,0.6687403917312622,W
0.24177631735801697,0.772255539894104,0.27046144008636475,0.7480194568634033,0.2803109884262085,0.6985730528831482,0.2473946213722229,0.6639151573181152,0.21699011325836182,0.6422131061553955,0.28212499618530273,0.6149907112121582,0.28763818740844727,0.5511441826820374,0.2898806035518646,0.5129437446594238,0.28998714685440063,0.4756286144256592,0.25272336602211,0.6114828586578369,0.25339049100875854,0.5406192541122437,0.2514136731624603,0.49992311000823975,0.24953269958496094,0.46244102716445923,0.22754912078380585,0.6239937543869019,0.21590745449066162,0.5623959302902222,0.2084018886089325,0.5256744027137756,0.20076343417167664,0.49224767088890076,0.20658886432647705,0.6490461230278015,0.20652922987937927,0.6158057451248169,0.2143898606300354,0.6436826586723328,0.21860316395759583,0.6733548641204834,W
0.24120469391345978,0.773247480392456,0.2693556249141693,0.7495402097702026,0.2791880667209625,0.7010805606842041,0.24705800414085388,0.6672883033752441,0.21735695004463196,0.6449980139732361,0.28231844305992126,0.6176311373710632,0.28783118724823,0.5539560317993164,0.2899096608161926,0.5159444808959961,0.28953516483306885,0.4790460467338562,0.2530486285686493,0.6135883331298828,0.2539471387863159,0.5440749526023865,0.25165724754333496,0.5035796761512756,0.24934051930904388,0.46631762385368347,0.2277599424123764,0.6253980994224548,0.2164764553308487,0.5650693774223328,0.20829257369041443,0.5286056995391846,0.20029547810554504,0.495755672454834,0.20661133527755737,0.6493688821792603,0.20655260980129242,0.6194531917572021,0.2140394151210785,0.6481437683105469,0.21838852763175964,0.6779573559761047,W
0.2426106333732605,0.7791152000427246,0.2710129916667938,0.7550734281539917,0.28088951110839844,0.7041623592376709,0.2459724098443985,0.6701808571815491,0.21523898839950562,0.6497819423675537,0.28286275267601013,0.623389482498169,0.2883530855178833,0.559525728225708,0.29012566804885864,0.5210798978805542,0.28993698954582214,0.4843387007713318,0.25345513224601746,0.6198768019676208,0.25478675961494446,0.5495204925537109,0.2524884045124054,0.5083147883415222,0.2503139078617096,0.47144201397895813,0.22834281623363495,0.6320115327835083,0.21739333868026733,0.5701177716255188,0.2094070315361023,0.5344201922416687,0.20149576663970947,0.5018099546432495,0.20783135294914246,0.6571147441864014,0.20607365667819977,0.6269976496696472,0.21187463402748108,0.6558312177658081,0.2140536904335022,0.6854865550994873,W
0.2468298226594925,0.7812992334365845,0.27514979243278503,0.7559982538223267,0.2841544449329376,0.7055515050888062,0.2498173713684082,0.6728354692459106,0.2200506031513214,0.6521037817001343,0.2857310473918915,0.62531977891922,0.29154127836227417,0.5611939430236816,0.29366523027420044,0.5229440331459045,0.29322776198387146,0.48645541071891785,0.2568501830101013,0.6219305992126465,0.25816991925239563,0.5513235926628113,0.2559269368648529,0.5094615817070007,0.25297191739082336,0.4706404507160187,0.23166224360466003,0.6340337991714478,0.22014446556568146,0.5720717906951904,0.21268872916698456,0.5341455340385437,0.20486055314540863,0.49873894453048706,0.21041513979434967,0.6582669019699097,0.20941732823848724,0.6266820430755615,0.2174178808927536,0.6551399230957031,0.22204828262329102,0.6841509342193604,W
0.2515956461429596,0.7813634872436523,0.280707985162735,0.7522379755973816,0.2898749113082886,0.7003769874572754,0.25563549995422363,0.6679528951644897,0.22508403658866882,0.6488621234893799,0.2919793128967285,0.6242509484291077,0.2975684702396393,0.5601755380630493,0.2993759512901306,0.5218169093132019,0.29821693897247314,0.485684335231781,0.2624475061893463,0.6200228929519653,0.2641739845275879,0.5503955483436584,0.2623984217643738,0.5082775354385376,0.25897595286369324,0.4691854417324066,0.2367587387561798,0.6324116587638855,0.2238818258047104,0.572189450263977,0.21703606843948364,0.5336260795593262,0.20910975337028503,0.4978180229663849,0.21462497115135193,0.6563599109649658,0.21558603644371033,0.6238419413566589,0.22496387362480164,0.6494777202606201,0.23037590086460114,0.6756146550178528,W
0.261069118976593,0.7841544151306152,0.29152029752731323,0.757477343082428,0.3030509352684021,0.705369770526886,0.26790836453437805,0.673262894153595,0.23611105978488922,0.6559914350509644,0.3008373975753784,0.6263184547424316,0.3061259090900421,0.5630704760551453,0.3079054653644562,0.5250916481018066,0.30737435817718506,0.4887694716453552,0.27027130126953125,0.6222772002220154,0.2715291380882263,0.5534510612487793,0.2700532078742981,0.5125611424446106,0.2673643231391907,0.47382915019989014,0.2442002296447754,0.6346721649169922,0.2315872758626938,0.5736434459686279,0.2249104380607605,0.5365049839019775,0.21698588132858276,0.5015605688095093,0.22223085165023804,0.6589664816856384,0.22453729808330536,0.6215779185295105,0.23461709916591644,0.6478255391120911,0.24007761478424072,0.6756135821342468,W
0.27078714966773987,0.7855373024940491,0.3023022711277008,0.7599169611930847,0.31538262963294983,0.7087947726249695,0.28124088048934937,0.6766850352287292,0.24916031956672668,0.6594371199607849,0.311427503824234,0.6280409693717957,0.316583514213562,0.564843475818634,0.3184458613395691,0.5263000130653381,0.3179968595504761,0.4895799458026886,0.28037694096565247,0.6234657764434814,0.2812235355377197,0.5553386211395264,0.2793485224246979,0.5141865611076355,0.2767065167427063,0.4756418466567993,0.2536452114582062,0.6357723474502563,0.24152645468711853,0.5743487477302551,0.23474034667015076,0.5367051362991333,0.22725993394851685,0.5024766325950623,0.2306259572505951,0.6604452133178711,0.2307613343000412,0.6247037649154663,0.24044454097747803,0.651261031627655,0.24662289023399353,0.6800768971443176,W
0.27935105562210083,0.7870956063270569,0.3112030327320099,0.7614455223083496,0.3254931569099426,0.7109129428863525,0.29165977239608765,0.6777690649032593,0.25949352979660034,0.6616873741149902,0.3195231854915619,0.6286464333534241,0.32578423619270325,0.5657122731208801,0.32842114567756653,0.5265045166015625,0.3283345103263855,0.4895041584968567,0.2891721725463867,0.6238064765930176,0.29078856110572815,0.5564683675765991,0.2893245816230774,0.5147542953491211,0.28713375329971313,0.4755038619041443,0.2630978226661682,0.6365657448768616,0.25084102153778076,0.57481449842453,0.24350880086421967,0.5361382961273193,0.23639588057994843,0.5011122226715088,0.23973222076892853,0.6622130870819092,0.23927873373031616,0.6265724897384644,0.24980375170707703,0.6507270932197571,0.2578693926334381,0.6774749159812927,W
0.29051193594932556,0.790790855884552,0.3229597806930542,0.7645830512046814,0.3366486728191376,0.7146984934806824,0.30381670594215393,0.682252049446106,0.2729948163032532,0.6656067967414856,0.3313228189945221,0.6315991878509521,0.33914512395858765,0.56899094581604,0.3422214090824127,0.5299349427223206,0.3421994745731354,0.4928680658340454,0.30091339349746704,0.6276695728302002,0.3035223186016083,0.5595434308052063,0.30274006724357605,0.5177059769630432,0.3005095422267914,0.47844403982162476,0.2754695415496826,0.6418414115905762,0.26347780227661133,0.5802350640296936,0.2574520409107208,0.5414449572563171,0.2509963810443878,0.5062887668609619,0.2537044286727905,0.6686265468597412,0.25471004843711853,0.6314759850502014,0.26539915800094604,0.6541332602500916,0.27298423647880554,0.6798175573348999,W
0.2969331741333008,0.7896728515625,0.32951146364212036,0.766129732131958,0.34587883949279785,0.7160836458206177,0.31372004747390747,0.6819165349006653,0.28059422969818115,0.6628357768058777,0.3394424319267273,0.6322750449180603,0.34740447998046875,0.5692301392555237,0.3507649898529053,0.5298938751220703,0.3510848879814148,0.4930647611618042,0.30896005034446716,0.62660813331604,0.3127075135707855,0.5587437748908997,0.312227338552475,0.5156435370445251,0.3097846508026123,0.47638970613479614,0.28313496708869934,0.639790415763855,0.27145832777023315,0.5784778594970703,0.2658918797969818,0.5390604734420776,0.25950300693511963,0.5033104419708252,0.2606796324253082,0.6661047339439392,0.2644921541213989,0.6318624019622803,0.27443599700927734,0.6556527018547058,0.28058943152427673,0.6808065176010132,W
0.300549179315567,0.7883068323135376,0.3333158493041992,0.7648210525512695,0.34869152307510376,0.7156081199645996,0.31746217608451843,0.6809091567993164,0.2859426736831665,0.6613611578941345,0.34428009390830994,0.6312878131866455,0.3526361584663391,0.5684516429901123,0.35680270195007324,0.5293446183204651,0.3576972484588623,0.4928717613220215,0.3140321671962738,0.625231921672821,0.3174436390399933,0.5557851195335388,0.31764769554138184,0.5126373171806335,0.31632521748542786,0.473727285861969,0.287916362285614,0.638139009475708,0.27688369154930115,0.5763559341430664,0.2716493606567383,0.535962700843811,0.26585888862609863,0.49986350536346436,0.2649357318878174,0.664585530757904,0.2695695459842682,0.6291496157646179,0.28022500872612,0.6532276272773743,0.28731662034988403,0.6795685291290283,W
0.30543121695518494,0.7894383668899536,0.3376495838165283,0.7656362056732178,0.35353147983551025,0.7143081426620483,0.32244354486465454,0.6799181699752808,0.29010331630706787,0.6623969078063965,0.34936317801475525,0.6313150525093079,0.3584481477737427,0.5685865879058838,0.36244484782218933,0.5302029252052307,0.3631369173526764,0.49357032775878906,0.318936824798584,0.6252303719520569,0.32274097204208374,0.5560997128486633,0.32276472449302673,0.5137872695922852,0.3210579752922058,0.4752577543258667,0.29266372323036194,0.6378939151763916,0.2828172743320465,0.5763050317764282,0.2778524160385132,0.5363674163818359,0.27132368087768555,0.5003199577331543,0.269917756319046,0.6641198396682739,0.27600908279418945,0.6296714544296265,0.28557270765304565,0.6565080881118774,0.290351003408432,0.6852441430091858,W
0.308092325925827,0.7869654893875122,0.34154391288757324,0.7638948559761047,0.3583705723285675,0.7143062353134155,0.32684773206710815,0.6796645522117615,0.2947104573249817,0.6608717441558838,0.3538503050804138,0.6304640173912048,0.36293748021125793,0.5673846006393433,0.36717522144317627,0.5286213755607605,0.3682059645652771,0.49216437339782715,0.32296204566955566,0.6247572898864746,0.3267814815044403,0.5554624795913696,0.327252060174942,0.5128310918807983,0.3260522186756134,0.4742203950881958,0.29641324281692505,0.6378995180130005,0.28653639554977417,0.5753010511398315,0.28192368149757385,0.5348203182220459,0.2759617269039154,0.49812957644462585,0.27313554286956787,0.664269208908081,0.2801394462585449,0.6275688409805298,0.29075002670288086,0.6536759734153748,0.2968374490737915,0.6819044351577759,W
0.3122842609882355,0.7911020517349243,0.34421485662460327,0.768028736114502,0.3612618148326874,0.7176297903060913,0.3310367465019226,0.6828051209449768,0.29831036925315857,0.6646489500999451,0.3573742210865021,0.6323662400245667,0.36627301573753357,0.569864809513092,0.37074270844459534,0.5314017534255981,0.37227678298950195,0.4946141839027405,0.32677581906318665,0.626834511756897,0.3311135470867157,0.5575523376464844,0.3314516246318817,0.5153862237930298,0.33033108711242676,0.4767458438873291,0.30030855536460876,0.6397663354873657,0.2906143367290497,0.5781842470169067,0.2856094241142273,0.5390018820762634,0.27933746576309204,0.5036654472351074,0.27698615193367004,0.6660330295562744,0.28316324949264526,0.6305276155471802,0.2937016785144806,0.6581714153289795,0.29967594146728516,0.6881526112556458,W
0.31521010398864746,0.7933337092399597,0.3477286398410797,0.7708368897438049,0.3649837374687195,0.7211353778839111,0.33501264452934265,0.6869852542877197,0.3028244376182556,0.6693705320358276,0.3605722486972809,0.635299026966095,0.3696141242980957,0.5724460482597351,0.3740605115890503,0.5340777635574341,0.37576550245285034,0.4969150424003601,0.330001562833786,0.6305374503135681,0.3341767489910126,0.5599372982978821,0.33406102657318115,0.5173672437667847,0.33253222703933716,0.47793063521385193,0.30375951528549194,0.644342839717865,0.29463544487953186,0.5825891494750977,0.28910839557647705,0.5435558557510376,0.2821181118488312,0.5071726441383362,0.2810354232788086,0.671864926815033,0.2881389260292053,0.6343313455581665,0.2988482415676117,0.6619681119918823,0.3043369650840759,0.6921640038490295,W
0.31866711378097534,0.7911257743835449,0.3512498438358307,0.7685004472732544,0.36834388971328735,0.719910740852356,0.33827662467956543,0.6859838366508484,0.30698660016059875,0.6682676076889038,0.3633233904838562,0.6342998147010803,0.37283581495285034,0.5720306038856506,0.3780043423175812,0.533644437789917,0.3798975348472595,0.49704307317733765,0.33283886313438416,0.6288389563560486,0.3373371958732605,0.5587275624275208,0.33823296427726746,0.5161168575286865,0.3372088670730591,0.4772454500198364,0.30660125613212585,0.6422747373580933,0.296500027179718,0.5800198316574097,0.2920428514480591,0.5399860143661499,0.28629693388938904,0.5040100812911987,0.2835179269313812,0.66922527551651,0.2910486161708832,0.6301144957542419,0.30184805393218994,0.6568846702575684,0.3080693185329437,0.686714768409729,W
0.32087987661361694,0.7851637601852417,0.3546309769153595,0.7621031999588013,0.37215346097946167,0.7144690155982971,0.34292930364608765,0.6803041696548462,0.3122060000896454,0.6597724556922913,0.3689734935760498,0.627397894859314,0.3798314929008484,0.5657156705856323,0.3854229748249054,0.5268362164497375,0.3874959349632263,0.491300106048584,0.33859652280807495,0.6206305027008057,0.34389328956604004,0.5515572428703308,0.3453870713710785,0.5077168941497803,0.3450678288936615,0.46917644143104553,0.31174397468566895,0.6336431503295898,0.30252423882484436,0.5716391801834106,0.2984806001186371,0.5309603214263916,0.2931821346282959,0.495181143283844,0.28776979446411133,0.6606286764144897,0.2952761948108673,0.6248141527175903,0.3065482974052429,0.6483263373374939,0.31349146366119385,0.67495197057724,W
0.3197944462299347,0.7704386711120605,0.35425564646720886,0.7478765249252319,0.3731253445148468,0.7009875774383545,0.34450066089630127,0.6651787757873535,0.31404709815979004,0.6409716010093689,0.37120321393013,0.6138415336608887,0.3825599253177643,0.5524820685386658,0.38905656337738037,0.5139449834823608,0.3924209773540497,0.47807633876800537,0.3412260115146637,0.6063852906227112,0.34803876280784607,0.5382675528526306,0.3495939373970032,0.4956572353839874,0.35033759474754333,0.45832592248916626,0.31442034244537354,0.6179277300834656,0.30792075395584106,0.5557541251182556,0.3039846420288086,0.5160210132598877,0.29995033144950867,0.4803776144981384,0.29067033529281616,0.6433666944503784,0.29737067222595215,0.6090360879898071,0.3059253692626953,0.6349416971206665,0.31197991967201233,0.6624950170516968,W
0.3250942826271057,0.7617690563201904,0.35948216915130615,0.7386554479598999,0.37893790006637573,0.6912174820899963,0.35264667868614197,0.6571820974349976,0.32320937514305115,0.6337993144989014,0.3780154585838318,0.6045047640800476,0.3903103768825531,0.5437121987342834,0.39691364765167236,0.5059629082679749,0.4002501666545868,0.47093018889427185,0.34808218479156494,0.5963614583015442,0.3555600047111511,0.5280844569206238,0.358169287443161,0.4848663806915283,0.3592464327812195,0.44679564237594604,0.3210007846355438,0.6082310676574707,0.3138302266597748,0.5467206239700317,0.31193435192108154,0.5073128938674927,0.3087453246116638,0.4717682898044586,0.2969626188278198,0.6344804763793945,0.30723169445991516,0.5995754599571228,0.31730493903160095,0.6268618702888489,0.32294219732284546,0.6560071706771851,W
0.32821664214134216,0.7622432708740234,0.36171191930770874,0.740963876247406,0.3807060122489929,0.6915647983551025,0.3533957004547119,0.6553694009780884,0.3224816620349884,0.6339741349220276,0.37769508361816406,0.6055678725242615,0.39051246643066406,0.5449587106704712,0.39753156900405884,0.5059769749641418,0.40131646394729614,0.4687713384628296,0.34751957654953003,0.5984172224998474,0.3547862768173218,0.5288051962852478,0.358027845621109,0.4855809211730957,0.35920512676239014,0.44650208950042725,0.3212101459503174,0.6109668612480164,0.31476759910583496,0.5486725568771362,0.3133033514022827,0.5087915658950806,0.31012818217277527,0.4728507995605469,0.29850444197654724,0.6373031139373779,0.3073926866054535,0.6025521755218506,0.31639811396598816,0.6284858584403992,0.32059645652770996,0.6562620997428894,W
0.3298545777797699,0.753660261631012,0.3642145097255707,0.7320080995559692,0.3834504187107086,0.6862154603004456,0.35704103112220764,0.6511433124542236,0.32841598987579346,0.6272143125534058,0.38060444593429565,0.5981482863426208,0.3933635652065277,0.5368378758430481,0.400302916765213,0.4985203742980957,0.40322446823120117,0.46272513270378113,0.3506375551223755,0.5907254219055176,0.3585127890110016,0.5213716626167297,0.36120864748954773,0.4774778485298157,0.3613259494304657,0.43838170170783997,0.3238254487514496,0.6029626727104187,0.31725016236305237,0.5412846207618713,0.31600093841552734,0.4997940957546234,0.3129487931728363,0.4629737436771393,0.30001699924468994,0.6293720006942749,0.30968958139419556,0.5971201062202454,0.3201960325241089,0.6229031682014465,0.32577088475227356,0.6502172350883484,W
0.3333987295627594,0.7483993768692017,0.36811965703964233,0.726615309715271,0.38754984736442566,0.6798978447914124,0.3599388599395752,0.6454549431800842,0.3304176330566406,0.6252966523170471,0.3833051323890686,0.5939932465553284,0.3968486785888672,0.5328943729400635,0.40393880009651184,0.49436384439468384,0.4071003496646881,0.458575040102005,0.35343772172927856,0.5869878530502319,0.3616645336151123,0.5169278383255005,0.3647361099720001,0.47273683547973633,0.3651948869228363,0.43374180793762207,0.3269466161727905,0.59930419921875,0.3204587996006012,0.5365189909934998,0.3196609318256378,0.4950270354747772,0.3171776235103607,0.45837241411209106,0.30353063344955444,0.6255567073822021,0.3137255609035492,0.5898073315620422,0.32427552342414856,0.615351140499115,0.3299724757671356,0.6435397267341614,W
0.3353186845779419,0.7471479177474976,0.36938241124153137,0.726334273815155,0.3879051208496094,0.6791464686393738,0.3616313934326172,0.6437419652938843,0.33257555961608887,0.6226343512535095,0.3847610354423523,0.5920533537864685,0.3988792896270752,0.5305674076080322,0.40642160177230835,0.4919103980064392,0.409540057182312,0.4560222029685974,0.355045884847641,0.5853021144866943,0.36312422156333923,0.5154602527618408,0.3665376603603363,0.47189861536026,0.3669763505458832,0.4335833787918091,0.3286556005477905,0.5980044603347778,0.3224577009677887,0.5354762673377991,0.3217788338661194,0.49396994709968567,0.3192545473575592,0.4574361741542816,0.30545422434806824,0.6246423721313477,0.3144986629486084,0.590800940990448,0.324637234210968,0.6152139902114868,0.3300342261791229,0.6422236561775208,W
0.33460327982902527,0.7454273104667664,0.3685449957847595,0.7235148549079895,0.38643911480903625,0.6763180494308472,0.3602145314216614,0.6413461565971375,0.33162039518356323,0.6198843121528625,0.3836645781993866,0.589642345905304,0.3973901569843292,0.5281026363372803,0.40502604842185974,0.4891592860221863,0.40847235918045044,0.45262134075164795,0.353975772857666,0.5829485654830933,0.3618384897708893,0.5129572153091431,0.3654792904853821,0.46936357021331787,0.36630111932754517,0.4308156967163086,0.32764220237731934,0.5958076119422913,0.32125023007392883,0.5330848693847656,0.3206841051578522,0.49198809266090393,0.3181770443916321,0.456010639667511,0.30463722348213196,0.6228324174880981,0.31308361887931824,0.5896119475364685,0.3225685656070709,0.6148378849029541,0.3271559774875641,0.6425976157188416,W
0.33452504873275757,0.7425305843353271,0.36854901909828186,0.7200949788093567,0.38628727197647095,0.6728436350822449,0.3593869209289551,0.6373517513275146,0.3309633135795593,0.6160085797309875,0.38428065180778503,0.5883016586303711,0.39840883016586304,0.5261726379394531,0.40585261583328247,0.4874453842639923,0.40905916690826416,0.4513464570045471,0.3548370897769928,0.5816785097122192,0.36322978138923645,0.5112340450286865,0.366439551115036,0.4673982560634613,0.366833359003067,0.42851367592811584,0.3286498188972473,0.5939332842826843,0.3220677375793457,0.530829668045044,0.32129597663879395,0.4892919063568115,0.3190728425979614,0.4524572491645813,0.3054906129837036,0.6198734045028687,0.31317710876464844,0.5859513878822327,0.3230363130569458,0.6107425093650818,0.3285768926143646,0.637717068195343,W
0.33477091789245605,0.7429217100143433,0.36851930618286133,0.720248818397522,0.38568785786628723,0.6716823577880859,0.3592039942741394,0.6359384655952454,0.3304758369922638,0.6143844127655029,0.38391318917274475,0.5873280763626099,0.3976515233516693,0.5249723196029663,0.4053850769996643,0.48627352714538574,0.40897336602211,0.4502289891242981,0.35462692379951477,0.5809047818183899,0.36289525032043457,0.5108457803726196,0.3666016459465027,0.46794265508651733,0.36751464009284973,0.42981740832328796,0.3285553455352783,0.593154788017273,0.322124719619751,0.5303703546524048,0.32127484679222107,0.4896058142185211,0.3187105357646942,0.4534831941127777,0.30555084347724915,0.6188444495201111,0.31345120072364807,0.5845650434494019,0.32289043068885803,0.6099189519882202,0.32774579524993896,0.6376531720161438,W
0.33464688062667847,0.7518022656440735,0.3684466481208801,0.7302383780479431,0.3865024745464325,0.6810784339904785,0.36038365960121155,0.6441633701324463,0.33108359575271606,0.6232250332832336,0.3832751214504242,0.5939818024635315,0.3972548246383667,0.5316189527511597,0.40525519847869873,0.49320363998413086,0.40944451093673706,0.4568520188331604,0.3533153235912323,0.587997317314148,0.3607974052429199,0.5174587368965149,0.3644770681858063,0.4753132462501526,0.3660123944282532,0.43758222460746765,0.32694387435913086,0.6012746095657349,0.32129064202308655,0.5382721424102783,0.320363849401474,0.498222291469574,0.3176376223564148,0.46230649948120117,0.303847998380661,0.6283954977989197,0.31215158104896545,0.5917991995811462,0.3224886953830719,0.6168745756149292,0.3275952935218811,0.6449854373931885,W
0.33537983894348145,0.7656847238540649,0.3684481978416443,0.7429528832435608,0.38783448934555054,0.6943706274032593,0.36268773674964905,0.6594949960708618,0.33238422870635986,0.6388847827911377,0.38420921564102173,0.6068659424781799,0.397644579410553,0.5454967617988586,0.4050687253475189,0.5074785947799683,0.40928998589515686,0.47173407673835754,0.354470819234848,0.5997918248176575,0.36232468485832214,0.5291473269462585,0.36526501178741455,0.4864068031311035,0.366770476102829,0.4482724070549011,0.3280300199985504,0.6120725274085999,0.3228360116481781,0.5494598746299744,0.32093554735183716,0.5099077820777893,0.3178121745586395,0.47426748275756836,0.30488333106040955,0.6386513710021973,0.3148805499076843,0.6047326922416687,0.3252045512199402,0.6330116391181946,0.3309118151664734,0.6633819341659546,W
0.33497413992881775,0.7811834812164307,0.36789825558662415,0.7588365077972412,0.38755643367767334,0.7106965780258179,0.36115211248397827,0.6749535202980042,0.33034998178482056,0.6534327268600464,0.38169392943382263,0.6195943355560303,0.3948953449726105,0.5578895807266235,0.401994526386261,0.518853485584259,0.40614911913871765,0.48212382197380066,0.3515293300151825,0.613969624042511,0.3586503863334656,0.5429041981697083,0.3613286018371582,0.49989771842956543,0.3629782199859619,0.46121156215667725,0.32516103982925415,0.6276543140411377,0.31862735748291016,0.5645451545715332,0.31628310680389404,0.524814784526825,0.3131682276725769,0.48933058977127075,0.30198273062705994,0.6556051969528198,0.3083415925502777,0.6199557781219482,0.32000619173049927,0.645516574382782,0.32772698998451233,0.6739273071289062,W
0.3357802927494049,0.786042332649231,0.3698643743991852,0.7632505893707275,0.3885745406150818,0.7148474454879761,0.3638305068016052,0.6817280650138855,0.3343397378921509,0.6620564460754395,0.3840739130973816,0.6255292892456055,0.39692220091819763,0.5631288886070251,0.40434229373931885,0.5247982740402222,0.4082504212856293,0.4884858727455139,0.3540342152118683,0.6188039183616638,0.3600684404373169,0.5475848913192749,0.36267444491386414,0.5053635239601135,0.3634800910949707,0.46709418296813965,0.3275691270828247,0.6319482326507568,0.3207094669342041,0.5709326863288879,0.3182670474052429,0.5313906073570251,0.313938707113266,0.4960028827190399,0.3044310510158539,0.6591413617134094,0.31312239170074463,0.6256940364837646,0.323932021856308,0.6519978642463684,0.3294023871421814,0.6809579730033875,W
0.336815744638443,0.7979562282562256,0.37028148770332336,0.7758495807647705,0.39064931869506836,0.727090060710907,0.3642897307872772,0.6957869529724121,0.33309170603752136,0.6776836514472961,0.3841054141521454,0.6352255940437317,0.39692845940589905,0.574020266532898,0.40359774231910706,0.535344123840332,0.40728384256362915,0.49824732542037964,0.35370299220085144,0.6296330094337463,0.36028873920440674,0.5590883493423462,0.3620409071445465,0.5168159008026123,0.3626548945903778,0.47872716188430786,0.32781144976615906,0.6431150436401367,0.3208281099796295,0.5815541744232178,0.3169814944267273,0.5437199473381042,0.31186148524284363,0.5091937780380249,0.305992066860199,0.6709116697311401,0.3156106770038605,0.6376555562019348,0.32647499442100525,0.6673679351806641,0.33235737681388855,0.6989867687225342,W
0.33732572197914124,0.7970133423805237,0.3723103404045105,0.7757461071014404,0.3910769820213318,0.7298399209976196,0.36647912859916687,0.6968950033187866,0.33713647723197937,0.6762203574180603,0.38509300351142883,0.6371768116950989,0.39701205492019653,0.5752810835838318,0.4040767550468445,0.5366774797439575,0.4078146815299988,0.4989510774612427,0.3552776575088501,0.6308567523956299,0.3611774444580078,0.5602771639823914,0.3634963631629944,0.5182785987854004,0.3636600375175476,0.4794624447822571,0.3292376697063446,0.6440308094024658,0.3217596113681793,0.5844461917877197,0.3188822865486145,0.5455940365791321,0.31434762477874756,0.5098696351051331,0.30695170164108276,0.6714040637016296,0.3151630759239197,0.6386329531669617,0.3250100314617157,0.6663288474082947,0.3299991488456726,0.6959524750709534,W
0.3383949100971222,0.7972209453582764,0.3737229108810425,0.7767713665962219,0.39287254214286804,0.7307020425796509,0.36843377351760864,0.6987583041191101,0.3393004834651947,0.6785241961479187,0.3866066038608551,0.6381121873855591,0.3991418778896332,0.5767545700073242,0.40620025992393494,0.5380502343177795,0.4097784161567688,0.5003490447998047,0.35686561465263367,0.6314399838447571,0.3630232512950897,0.5615090727806091,0.3651602268218994,0.5194502472877502,0.3652507960796356,0.4808606803417206,0.33087247610092163,0.6443244814872742,0.3235512375831604,0.5849578976631165,0.32054123282432556,0.546455442905426,0.3156881034374237,0.5112265348434448,0.3089749813079834,0.6716814041137695,0.3184826672077179,0.6392028331756592,0.3281978964805603,0.6682837605476379,0.3324940502643585,0.6994514465332031,W
0.33960387110710144,0.7926592230796814,0.37418994307518005,0.7717785239219666,0.3932708501815796,0.725640058517456,0.36868536472320557,0.6929790377616882,0.33911922574043274,0.6730750203132629,0.3874583840370178,0.6349771618843079,0.4003370702266693,0.5734671354293823,0.4072572588920593,0.5342488288879395,0.4103497564792633,0.49675673246383667,0.3577410578727722,0.6284955143928528,0.36429473757743835,0.5578505992889404,0.36673036217689514,0.5143079161643982,0.36675289273262024,0.4752410054206848,0.33178967237472534,0.6410993933677673,0.324232816696167,0.5804990530014038,0.32144638895988464,0.5405212044715881,0.31724002957344055,0.5048962831497192,0.3095128536224365,0.6678452491760254,0.31862717866897583,0.6345170140266418,0.3281310796737671,0.6624776124954224,0.3329208493232727,0.6927991509437561,W
0.3407794237136841,0.7825544476509094,0.3756658732891083,0.7619339823722839,0.395246297121048,0.7165972590446472,0.37012574076652527,0.6826766729354858,0.34120339155197144,0.6606907844543457,0.3902244567871094,0.6250329613685608,0.4029597342014313,0.563429057598114,0.41014519333839417,0.5239092111587524,0.41302111744880676,0.4872362017631531,0.36017045378685,0.6182068586349487,0.3676348626613617,0.5479705333709717,0.37027567625045776,0.5047805309295654,0.37022653222084045,0.4660570025444031,0.3333255350589752,0.6309384107589722,0.32691341638565063,0.570143461227417,0.32532116770744324,0.5292572975158691,0.3219235837459564,0.4925299882888794,0.3093726933002472,0.6579025983810425,0.31972575187683105,0.6237271428108215,0.33038026094436646,0.6497450470924377,0.3361269235610962,0.6778895854949951,W
0.3413567841053009,0.7719882130622864,0.3766358494758606,0.7510569095611572,0.39629054069519043,0.704746663570404,0.37020695209503174,0.6700640916824341,0.3412463366985321,0.6482447385787964,0.39005178213119507,0.6165235042572021,0.4036563038825989,0.5549403429031372,0.411140501499176,0.5153099298477173,0.4142736494541168,0.4785584807395935,0.36033234000205994,0.6097446084022522,0.36812496185302734,0.539691686630249,0.37094467878341675,0.4961817264556885,0.3711238503456116,0.457206130027771,0.33385318517684937,0.6220493316650391,0.3285279870033264,0.5612835884094238,0.32746967673301697,0.5201417207717896,0.32447198033332825,0.4831252694129944,0.31015947461128235,0.6483208537101746,0.3202909529209137,0.6136869788169861,0.33124446868896484,0.638694703578949,0.3371874690055847,0.6663287281990051,W
0.3412831723690033,0.7713062763214111,0.37618911266326904,0.7502737641334534,0.3948381841182709,0.7021604776382446,0.3692566454410553,0.6665607690811157,0.33988791704177856,0.6456710696220398,0.389617919921875,0.6147521734237671,0.40299057960510254,0.5529632568359375,0.41038748621940613,0.5137181282043457,0.4137919247150421,0.47664183378219604,0.36002904176712036,0.6082357168197632,0.3672996461391449,0.538312554359436,0.3706277310848236,0.49503499269485474,0.3712502419948578,0.45602214336395264,0.33395645022392273,0.6211318373680115,0.3281171917915344,0.5593125224113464,0.32720062136650085,0.5190155506134033,0.3242080807685852,0.48279136419296265,0.31105056405067444,0.6480504274368286,0.3201816976070404,0.612127959728241,0.32998818159103394,0.6368803381919861,0.33490145206451416,0.6642801761627197,W
0.3403307795524597,0.7580333948135376,0.375467985868454,0.735838770866394,0.39514076709747314,0.688651442527771,0.36928582191467285,0.6513484120368958,0.3398595154285431,0.6280771493911743,0.38923606276512146,0.6010865569114685,0.40279093384742737,0.5393229126930237,0.41022807359695435,0.4999167323112488,0.4137711524963379,0.4633347988128662,0.36010074615478516,0.5938442349433899,0.36753031611442566,0.5233732461929321,0.36977890133857727,0.4807487726211548,0.3705395460128784,0.4436185956001282,0.33417677879333496,0.6064289808273315,0.3288640081882477,0.54465651512146,0.32652828097343445,0.5036376714706421,0.3231387138366699,0.4669382870197296,0.3109716773033142,0.6337753534317017,0.3195194900035858,0.5966911315917969,0.33025944232940674,0.6214126944541931,0.3372068703174591,0.649581789970398,W
0.34232616424560547,0.7536618709564209,0.3773983120918274,0.7315707206726074,0.39631059765815735,0.6843202114105225,0.37048429250717163,0.6480283141136169,0.3413065969944,0.6261306405067444,0.3914869427680969,0.5964530110359192,0.40500885248184204,0.535092294216156,0.4121793210506439,0.49594902992248535,0.4150760769844055,0.45917797088623047,0.36177533864974976,0.5899918079376221,0.369781494140625,0.5205649137496948,0.3731861412525177,0.47710129618644714,0.37341180443763733,0.43785274028778076,0.33543580770492554,0.6029215455055237,0.32986772060394287,0.5415012240409851,0.3294275403022766,0.5000858902931213,0.3265804648399353,0.46282750368118286,0.3123181462287903,0.6297523379325867,0.3220576047897339,0.5956448316574097,0.33260419964790344,0.6186245083808899,0.33779996633529663,0.6438172459602356,W
0.34346431493759155,0.7521636486053467,0.37838098406791687,0.7297918796539307,0.3968079388141632,0.6812780499458313,0.3717794120311737,0.6448453068733215,0.34217968583106995,0.6232497692108154,0.3924579620361328,0.5945338010787964,0.4061620235443115,0.5331552624702454,0.41364586353302,0.49459901452064514,0.4167465269565582,0.4583566188812256,0.3628085255622864,0.588254988193512,0.3708394467830658,0.5191778540611267,0.37455451488494873,0.476313054561615,0.374891072511673,0.4377708435058594,0.33639198541641235,0.601940929889679,0.33077266812324524,0.5401448011398315,0.33074554800987244,0.4981060028076172,0.3281107246875763,0.4602120518684387,0.31323808431625366,0.6295757293701172,0.3233494162559509,0.594878613948822,0.3344736099243164,0.6166389584541321,0.34003594517707825,0.6408281326293945,W
0.3446180820465088,0.7493244409561157,0.37947168946266174,0.7269973754882812,0.3981666564941406,0.6789153814315796,0.3720915615558624,0.6428986191749573,0.3421235978603363,0.6224991679191589,0.3929545283317566,0.5926418304443359,0.40657734870910645,0.5312550067901611,0.4141574501991272,0.49249592423439026,0.4174690544605255,0.45634758472442627,0.36331722140312195,0.5864233374595642,0.3718626797199249,0.5166986584663391,0.3756152391433716,0.4729410409927368,0.37612977623939514,0.4339170455932617,0.33694788813591003,0.5999841690063477,0.33143654465675354,0.538098156452179,0.3315413296222687,0.49600180983543396,0.32948747277259827,0.45821744203567505,0.3136661648750305,0.6278133988380432,0.3228604197502136,0.5940573215484619,0.33380797505378723,0.6157326102256775,0.3397441804409027,0.6395726799964905,W
0.34534740447998047,0.7511605024337769,0.3795098662376404,0.7289028763771057,0.3979232907295227,0.6798464059829712,0.3728584051132202,0.6428486108779907,0.343032568693161,0.6225467920303345,0.3936561048030853,0.5934640765190125,0.4077644944190979,0.531678318977356,0.4154511094093323,0.4930237829685211,0.4187379777431488,0.4564133584499359,0.3639468252658844,0.5866618752479553,0.3722454607486725,0.5170657634735107,0.37607964873313904,0.4738711714744568,0.3765172064304352,0.43508055806159973,0.3375411927700043,0.5996564030647278,0.33165696263313293,0.5373939275741577,0.3316124379634857,0.49581536650657654,0.3291352093219757,0.4586702585220337,0.314161479473114,0.6265771389007568,0.32386910915374756,0.5903714895248413,0.33437207341194153,0.6122923493385315,0.3396240174770355,0.6370976567268372,W
0.344875693321228,0.747051477432251,0.3802948296070099,0.7237804532051086,0.39854323863983154,0.6755372285842896,0.3733033537864685,0.6392769813537598,0.344485342502594,0.6178913712501526,0.3943580090999603,0.5891211628913879,0.40821346640586853,0.5274706482887268,0.41565802693367004,0.4888460040092468,0.4187677204608917,0.4529154598712921,0.3648696541786194,0.5824485421180725,0.37299594283103943,0.5130258202552795,0.37666767835617065,0.46960335969924927,0.37718117237091064,0.43068090081214905,0.33843326568603516,0.5951672196388245,0.33259037137031555,0.5338667035102844,0.3327535092830658,0.4924798607826233,0.3308696448802948,0.45529574155807495,0.3151003420352936,0.6219639182090759,0.3240024447441101,0.5892236828804016,0.33500590920448303,0.6118289828300476,0.3409353196620941,0.6364861130714417,W
0.345978319644928,0.7443712949752808,0.3808251917362213,0.7227605581283569,0.3996490240097046,0.6744279265403748,0.3742930293083191,0.6379551887512207,0.34441205859184265,0.6167133450508118,0.397416889667511,0.5894862413406372,0.4115535318851471,0.5279412865638733,0.4192214012145996,0.4896065294742584,0.42271119356155396,0.45354336500167847,0.3676663339138031,0.5821605920791626,0.3758485019207001,0.5127158164978027,0.3797442615032196,0.4696294367313385,0.38058149814605713,0.43069058656692505,0.3410989046096802,0.5943150520324707,0.33570605516433716,0.5327324867248535,0.3356528878211975,0.49116051197052,0.3332594931125641,0.4534481167793274,0.317901074886322,0.6198607087135315,0.3285512328147888,0.5868809819221497,0.3384798765182495,0.6113131642341614,0.342870831489563,0.6372689008712769,W
0.34641343355178833,0.7483186721801758,0.38028204441070557,0.7256753444671631,0.3977748155593872,0.6767587661743164,0.3720954656600952,0.6399062871932983,0.343262255191803,0.617992639541626,0.3953135013580322,0.5901705622673035,0.40925294160842896,0.5281944870948792,0.416986882686615,0.4894584119319916,0.42066192626953125,0.4525110125541687,0.3658151626586914,0.5835843086242676,0.37410804629325867,0.5129762291908264,0.37837615609169006,0.47013840079307556,0.3798421323299408,0.4315216839313507,0.3394629955291748,0.596487820148468,0.33356451988220215,0.5331084132194519,0.3333412706851959,0.49247288703918457,0.3310089409351349,0.45638230443000793,0.3161053955554962,0.6232759952545166,0.32522737979888916,0.5849003791809082,0.3353564143180847,0.6094164848327637,0.34041598439216614,0.6374562382698059,W
0.3435177505016327,0.736230194568634,0.378692090511322,0.7125603556632996,0.39750078320503235,0.664590060710907,0.3721039593219757,0.6257951855659485,0.3428809642791748,0.599970817565918,0.39621520042419434,0.578679621219635,0.4095314145088196,0.5153017640113831,0.4169771671295166,0.4757687449455261,0.42025360465049744,0.4394913911819458,0.3667159676551819,0.5710316300392151,0.37454843521118164,0.5008147954940796,0.3771304190158844,0.45732036232948303,0.3780258893966675,0.41937369108200073,0.3398566246032715,0.5833070278167725,0.33383041620254517,0.5207381844520569,0.3322611153125763,0.47745180130004883,0.3300269842147827,0.4393003284931183,0.315853089094162,0.6099932193756104,0.32260870933532715,0.5780261754989624,0.33281734585762024,0.6004787683486938,0.339819997549057,0.6252726316452026,W
0.3446458578109741,0.7349776029586792,0.37921765446662903,0.7126257419586182,0.3980104625225067,0.6630507707595825,0.372686505317688,0.6245360374450684,0.3427167534828186,0.6013931035995483,0.39483165740966797,0.5776932835578918,0.40905123949050903,0.5155178308486938,0.41668063402175903,0.47658348083496094,0.4204280972480774,0.43975603580474854,0.36549341678619385,0.5708937644958496,0.3736414611339569,0.5005459785461426,0.3775178790092468,0.45741671323776245,0.3784636855125427,0.4190526008605957,0.33965545892715454,0.5833711624145508,0.333192378282547,0.5206985473632812,0.33228209614753723,0.47925513982772827,0.32928624749183655,0.4424150586128235,0.31719717383384705,0.6093829870223999,0.3255617916584015,0.5742588043212891,0.3346545100212097,0.598723292350769,0.33867111802101135,0.6255584359169006,W
0.3462226092815399,0.7426636815071106,0.3798081576824188,0.7193908095359802,0.39659616351127625,0.6681312918663025,0.37148597836494446,0.6299130320549011,0.3423362970352173,0.6078742742538452,0.39544427394866943,0.5821943879127502,0.4091878831386566,0.5193381309509277,0.4170193672180176,0.48043936491012573,0.4207269847393036,0.4432714283466339,0.36549079418182373,0.5759588479995728,0.37307727336883545,0.5051359534263611,0.3771943151950836,0.46256375312805176,0.3785759210586548,0.42395102977752686,0.3389476239681244,0.589287281036377,0.33274394273757935,0.5262454748153687,0.33236780762672424,0.4852191209793091,0.3298817574977875,0.4482935965061188,0.3156082034111023,0.6161797046661377,0.3239910900592804,0.580429196357727,0.3338165283203125,0.604468047618866,0.3384302258491516,0.6309366822242737,W
0.34600043296813965,0.755028247833252,0.3804720342159271,0.7310441136360168,0.39864152669906616,0.6798080205917358,0.37367886304855347,0.6431257724761963,0.34302088618278503,0.6221895813941956,0.3965147137641907,0.5936431288719177,0.41024401783943176,0.5312396287918091,0.4174616038799286,0.4927941858768463,0.42118361592292786,0.456753134727478,0.36622002720832825,0.5865069627761841,0.37370359897613525,0.5155349969863892,0.37721753120422363,0.47260063886642456,0.37878069281578064,0.4342971742153168,0.3391304314136505,0.5995307564735413,0.3338090479373932,0.5354569554328918,0.33258938789367676,0.49573636054992676,0.3293408751487732,0.45969271659851074,0.3158126771450043,0.6270540356636047,0.325863778591156,0.5905949473381042,0.33630505204200745,0.6172783374786377,0.3409191966056824,0.6468541622161865,W
0.34575581550598145,0.7711259126663208,0.3800882399082184,0.7496374845504761,0.40101557970046997,0.700791597366333,0.37568074464797974,0.6653560996055603,0.34412044286727905,0.6447588801383972,0.39517462253570557,0.6097451448440552,0.409036785364151,0.5485396385192871,0.4161407947540283,0.510185956954956,0.420663058757782,0.47354602813720703,0.36519527435302734,0.603584885597229,0.3736940622329712,0.5328559875488281,0.37688636779785156,0.49027547240257263,0.3788660764694214,0.45165878534317017,0.3385443091392517,0.6174023747444153,0.3336714506149292,0.5539962649345398,0.33237379789352417,0.5153690576553345,0.32946860790252686,0.4793244004249573,0.3157583773136139,0.6459838151931763,0.3267383575439453,0.6075472235679626,0.33723706007003784,0.635453462600708,0.34182608127593994,0.666367769241333,W
0.34796714782714844,0.7857347726821899,0.3828248679637909,0.7628999352455139,0.4028293192386627,0.7131497263908386,0.3783760666847229,0.6792625784873962,0.3473929166793823,0.6616467237472534,0.3955674171447754,0.6227925419807434,0.4095672070980072,0.5608550906181335,0.4168338179588318,0.5217310190200806,0.4209308624267578,0.48438361287117004,0.3657303750514984,0.6177046298980713,0.37309587001800537,0.5461386442184448,0.3758915960788727,0.5030603408813477,0.37709885835647583,0.4638591408729553,0.3393899202346802,0.6317225098609924,0.33369454741477966,0.567366898059845,0.3321593403816223,0.5278849601745605,0.3285713791847229,0.4914945960044861,0.31671708822250366,0.6600955128669739,0.32642874121665955,0.6200414299964905,0.3382589817047119,0.6468462944030762,0.34408971667289734,0.6776906251907349,W
0.3505501449108124,0.7910812497138977,0.38519325852394104,0.7681888937950134,0.40497317910194397,0.7206915616989136,0.3828096091747284,0.6896634101867676,0.35353174805641174,0.6720390319824219,0.3978317975997925,0.6290626525878906,0.41128551959991455,0.567862331867218,0.4183956980705261,0.5291318893432617,0.42179232835769653,0.49158209562301636,0.36770200729370117,0.623700737953186,0.37440890073776245,0.5523337721824646,0.3768727481365204,0.5097893476486206,0.37734436988830566,0.47021278738975525,0.3412608206272125,0.637976348400116,0.33534327149391174,0.5767234563827515,0.3331093192100525,0.5375198125839233,0.32869136333465576,0.5016397833824158,0.3186352252960205,0.6666525602340698,0.3291618824005127,0.6299103498458862,0.3404551148414612,0.6574568152427673,0.346192330121994,0.6887174844741821,W
0.3513174057006836,0.799006462097168,0.3860485553741455,0.775837242603302,0.4053587317466736,0.7268005013465881,0.3814738094806671,0.6952260732650757,0.3513367474079132,0.6775370836257935,0.39750686287879944,0.6345549821853638,0.4107145071029663,0.5727680921554565,0.41802269220352173,0.5340824127197266,0.4216855764389038,0.4960527718067169,0.3677341341972351,0.62930828332901,0.37489980459213257,0.5580350756645203,0.3775710165500641,0.5154105424880981,0.3779352605342865,0.4756598472595215,0.3420023024082184,0.6433995366096497,0.3355277180671692,0.5823521614074707,0.33277925848960876,0.5426941514015198,0.3278317153453827,0.5063876509666443,0.32014381885528564,0.671804666519165,0.3305288553237915,0.6359783411026001,0.341401070356369,0.6650352478027344,0.3467090129852295,0.6974688768386841,W
0.34962791204452515,0.7958819270133972,0.38541045784950256,0.773165225982666,0.4049556851387024,0.7271469235420227,0.3809857964515686,0.6945644617080688,0.3517000377178192,0.6745662093162537,0.3982444405555725,0.6352227926254272,0.4109918475151062,0.572993278503418,0.41794222593307495,0.5340465903282166,0.42131224274635315,0.4956493377685547,0.36834776401519775,0.6293637752532959,0.3747667372226715,0.5586952567100525,0.377119243144989,0.5161316394805908,0.37725862860679626,0.4764969050884247,0.3423791229724884,0.6427032947540283,0.33568915724754333,0.5820853114128113,0.33298856019973755,0.5423412322998047,0.32856661081314087,0.5056759715080261,0.3203728199005127,0.6699414253234863,0.3307255804538727,0.6360284686088562,0.3407159745693207,0.665233850479126,0.3457091748714447,0.6964136362075806,W
0.35124048590660095,0.7920201420783997,0.38700664043426514,0.7694396376609802,0.4068002700805664,0.7225440740585327,0.38199448585510254,0.6893923878669739,0.3517735004425049,0.6715203523635864,0.39840927720069885,0.6321463584899902,0.4114089608192444,0.5707270503044128,0.4187300503253937,0.5318973660469055,0.4222303628921509,0.4945371747016907,0.36885011196136475,0.62653648853302,0.37554067373275757,0.555004894733429,0.3783339858055115,0.5118053555488586,0.3785766661167145,0.47243553400039673,0.342986524105072,0.6402330994606018,0.3358691930770874,0.5781967639923096,0.3337499499320984,0.5380527973175049,0.329713374376297,0.501771867275238,0.3206036388874054,0.668107807636261,0.33090081810951233,0.6297447681427002,0.34133660793304443,0.6573770642280579,0.34654501080513,0.6884865164756775,W
0.350821316242218,0.7905336022377014,0.3853471577167511,0.7676988840103149,0.404509961605072,0.7205314636230469,0.3821755647659302,0.6880022883415222,0.35272878408432007,0.6694350838661194,0.39690160751342773,0.6289994716644287,0.40937724709510803,0.5673578977584839,0.4167355000972748,0.5285637378692627,0.4201708137989044,0.49146002531051636,0.3679145276546478,0.623938798904419,0.37484267354011536,0.5523278713226318,0.37775781750679016,0.5092374682426453,0.3781677484512329,0.46977710723876953,0.34209781885147095,0.6378560066223145,0.3351970613002777,0.5762031078338623,0.33359044790267944,0.5360373854637146,0.33015620708465576,0.4997555911540985,0.31930476427078247,0.6657888293266296,0.32885807752609253,0.6298540830612183,0.34008195996284485,0.6570124626159668,0.34642380475997925,0.6871090531349182,W
0.34740617871284485,0.7897964715957642,0.38151833415031433,0.767459511756897,0.4000071883201599,0.7200270891189575,0.37577876448631287,0.6863964200019836,0.3459676504135132,0.6668646335601807,0.3932426869869232,0.6296096444129944,0.40559595823287964,0.5670783519744873,0.41256099939346313,0.527710497379303,0.41602450609207153,0.49024316668510437,0.36402300000190735,0.6241084933280945,0.3704946041107178,0.5521450042724609,0.37341946363449097,0.5088686943054199,0.374250590801239,0.46998724341392517,0.3382481038570404,0.6376442909240723,0.3309333324432373,0.574958324432373,0.32911908626556396,0.5349408388137817,0.32571175694465637,0.49968335032463074,0.3156098425388336,0.6651193499565125,0.3239133656024933,0.6298096776008606,0.3338366746902466,0.6568331718444824,0.3390563726425171,0.686905562877655,W
0.3439987599849701,0.7854250073432922,0.3776123821735382,0.7633259296417236,0.3964443504810333,0.7157052755355835,0.3701693117618561,0.6826678514480591,0.33954742550849915,0.6634020805358887,0.38993966579437256,0.6259629130363464,0.40144285559654236,0.5628611445426941,0.4078407287597656,0.5230115056037903,0.4104999005794525,0.48576197028160095,0.36030569672584534,0.6206787824630737,0.36686357855796814,0.5497610569000244,0.36873722076416016,0.5062360167503357,0.36864691972732544,0.4672769010066986,0.33428412675857544,0.6337248086929321,0.3272457718849182,0.5721140503883362,0.32449615001678467,0.5318574905395508,0.3206258714199066,0.49600911140441895,0.3112528324127197,0.6603785753250122,0.3186880052089691,0.6283105611801147,0.3283511996269226,0.6544517874717712,0.33397376537323,0.6826503872871399,W
0.3372923731803894,0.7794917225837708,0.37107911705970764,0.7572014927864075,0.38916921615600586,0.7103026509284973,0.361557275056839,0.6763330698013306,0.33135005831718445,0.6575069427490234,0.3831748366355896,0.6197851300239563,0.3945675194263458,0.5563149452209473,0.4003555178642273,0.5162481069564819,0.40284034609794617,0.47944045066833496,0.3537399172782898,0.614596426486969,0.3586947023868561,0.5441168546676636,0.36002251505851746,0.500160813331604,0.35998013615608215,0.46171849966049194,0.32818344235420227,0.6281952857971191,0.3204578757286072,0.5653562545776367,0.3171097934246063,0.52476567029953,0.31345078349113464,0.4891098737716675,0.3053179979324341,0.6555705666542053,0.3093889355659485,0.6210676431655884,0.31738442182540894,0.6441299319267273,0.32250910997390747,0.6699307560920715,W
0.33234545588493347,0.7719326019287109,0.3664264380931854,0.7478398084640503,0.38420912623405457,0.700652003288269,0.3545755445957184,0.6667949557304382,0.32429227232933044,0.6463708877563477,0.3789397180080414,0.6125791072845459,0.3891461491584778,0.5493711829185486,0.39431944489479065,0.5091503858566284,0.39670318365097046,0.47233453392982483,0.3491054177284241,0.6075926423072815,0.35317733883857727,0.5372380018234253,0.35397040843963623,0.49356773495674133,0.3541269600391388,0.45515966415405273,0.32346558570861816,0.6211250424385071,0.31501972675323486,0.558918297290802,0.3107433617115021,0.5179823637008667,0.3069249987602234,0.48175323009490967,0.3007991909980774,0.6482840180397034,0.3035484254360199,0.615399181842804,0.3125945031642914,0.6370622515678406,0.3196149468421936,0.6613462567329407,W
0.332823783159256,0.7737011313438416,0.3656674027442932,0.7504193782806396,0.38298213481903076,0.7011048793792725,0.3561512529850006,0.6663573980331421,0.3256973326206207,0.6469531059265137,0.37862449884414673,0.613470733165741,0.38982078433036804,0.5508462190628052,0.3959111273288727,0.5112578272819519,0.39832043647766113,0.4738379120826721,0.3485053479671478,0.607651948928833,0.35368630290031433,0.5373656153678894,0.35562726855278015,0.49439072608947754,0.3555324375629425,0.4557960033416748,0.322326123714447,0.6212321519851685,0.31398579478263855,0.5590989589691162,0.3114318251609802,0.5195480585098267,0.3075699508190155,0.48432019352912903,0.2995392382144928,0.6485130786895752,0.3057830035686493,0.6137771606445312,0.3151518404483795,0.6378869414329529,0.3202521800994873,0.6646062731742859,W
0.33228620886802673,0.7822235226631165,0.36440256237983704,0.7568493485450745,0.37982168793678284,0.7070127725601196,0.3517812490463257,0.6728234887123108,0.3206230103969574,0.6551802754402161,0.37556931376457214,0.6187961101531982,0.3857406675815582,0.555667519569397,0.3913019001483917,0.5164586305618286,0.39405304193496704,0.4790511727333069,0.34539690613746643,0.6150371432304382,0.3492584824562073,0.5431903004646301,0.3506952226161957,0.5005053877830505,0.3513309955596924,0.46134331822395325,0.3193022906780243,0.6300438642501831,0.3108440935611725,0.5658518671989441,0.3077588379383087,0.5256515741348267,0.30357736349105835,0.4891130328178406,0.2962847054004669,0.6593238115310669,0.3016126751899719,0.618657112121582,0.3122459352016449,0.6432088017463684,0.3186871111392975,0.6725513935089111,W
0.329257071018219,0.7887731194496155,0.3623288869857788,0.7645671367645264,0.3785952031612396,0.7160448431968689,0.35024914145469666,0.6815822124481201,0.3191547095775604,0.6632756590843201,0.3730667531490326,0.626600444316864,0.3834724724292755,0.5633187294006348,0.3889634311199188,0.524071216583252,0.3915906846523285,0.4862317442893982,0.34261196851730347,0.6218184232711792,0.34656479954719543,0.5497356653213501,0.34763461351394653,0.5073459148406982,0.3476719856262207,0.4687248468399048,0.3167840242385864,0.6356703042984009,0.3079484701156616,0.5731027722358704,0.3040666878223419,0.5337412357330322,0.2994067966938019,0.49865102767944336,0.2944803237915039,0.6636725068092346,0.2993046045303345,0.6240541338920593,0.30919861793518066,0.6495749950408936,0.31546974182128906,0.6796886920928955,W
0.3261948227882385,0.7912508249282837,0.35843130946159363,0.767391562461853,0.3744024932384491,0.7185326814651489,0.34687715768814087,0.6849654912948608,0.3159101605415344,0.6668530106544495,0.3691597580909729,0.6305253505706787,0.3790057897567749,0.5668504238128662,0.384393572807312,0.5276532173156738,0.38707053661346436,0.4897826910018921,0.3391421437263489,0.6255276799201965,0.34266093373298645,0.5540879368782043,0.34360599517822266,0.5114814043045044,0.3437715768814087,0.4729801416397095,0.31357017159461975,0.6386315226554871,0.3041636347770691,0.5766558647155762,0.2999522387981415,0.5370529890060425,0.295387327671051,0.5021362900733948,0.2915198802947998,0.6652340888977051,0.2969704568386078,0.6293909549713135,0.3055952787399292,0.6564134955406189,0.31098929047584534,0.6865894198417664,W
0.3223191499710083,0.7879679203033447,0.35574081540107727,0.764146089553833,0.37193939089775085,0.7158487439155579,0.34240034222602844,0.6826098561286926,0.3119824528694153,0.6641954779624939,0.3655813932418823,0.6264178156852722,0.37555310130119324,0.5630161166191101,0.38095977902412415,0.5231989026069641,0.383125364780426,0.4861268997192383,0.33589765429496765,0.6216400861740112,0.33985137939453125,0.5509562492370605,0.3405438959598541,0.5074716806411743,0.3398146629333496,0.46866732835769653,0.31041690707206726,0.6352487206459045,0.3011713922023773,0.5734081864356995,0.29718440771102905,0.5337181091308594,0.29254794120788574,0.4987812936306,0.2884170711040497,0.662502646446228,0.2917618751525879,0.6260913610458374,0.30132439732551575,0.6498115062713623,0.3080112040042877,0.6773112416267395,W
